randomization,name,type,l1,l2,l3,ipr1,ipr2,ipr3,l1_cm,l1_er,l1_reg,l2_mp,l3_mp,l1_lap,l2_lap,l3_lap,alg_conn,clustering_c,clustering_r,deg_assort,Q,N.olap,N.temp,N.nodf,H2,H3,H4,H17,cent_between,cent_close,cent_eigen,diam,mean_path_length,deg_het_row,deg_het_col
empirical,HMP_763921366,microbiome,73.562616,45.608068,35.153013,0.035030203679664695,0.07403430555580076,0.1750587021989829,64.05332137528744,49.20898882406372,3.904379729419858,28.791024171027612,25.544714691798454,75.56261595709732,47.60806787173576,37.1530133901033,-43.60806787173571,NA,NA,-0.8063376353320182,NA,NA,NA,NA,11093972,50983299,5372776753,2073678610655,0.21693540999966615,0.2755363348705242,0.9845806377009709,6,3.6258554936528786,1.6110866193815303,1.2998877247423364
