randomization,name,type,l1,l2,l3,ipr1,ipr2,ipr3,l1_cm,l1_er,l1_reg,l2_mp,l3_mp,l1_lap,l2_lap,l3_lap,alg_conn,clustering_c,clustering_r,deg_assort,Q,N.olap,N.temp,N.nodf,H2,H3,H4,H17,cent_between,cent_close,cent_eigen,diam,mean_path_length,deg_het_row,deg_het_col
empirical,HMP_764508039,microbiome,52.547384,34.647892,28.228932,0.040956333460174396,0.05749936668774327,0.04805097700407408,49.529669254523434,37.052891416955916,3.465227319908657,22.398224823962387,19.42081964061849,54.54738366120345,36.64789178933685,30.228932142440854,-32.64789178933676,NA,NA,-0.8436769430543439,NA,NA,NA,NA,3802226,13129538,1255328721,326906871423,0.2683773777122451,0.31812192593222666,0.9783853446224813,6,3.6210452046565424,1.550947405378763,1.4181539387234208
