randomization,name,type,l1,l2,l3,ipr1,ipr2,ipr3,l1_cm,l1_er,l1_reg,l2_mp,l3_mp,l1_lap,l2_lap,l3_lap,alg_conn,clustering_c,clustering_r,deg_assort,Q,N.olap,N.temp,N.nodf,H2,H3,H4,H17,cent_between,cent_close,cent_eigen,diam,mean_path_length,deg_het_row,deg_het_col
empirical,HMP_765094712,microbiome,81.586525,58.727483,37.120476,0.01953648545504828,0.038803570613184124,0.029850734297032847,78.80175772198616,51.120994377351764,5.018401266323704,26.64601281247011,23.85661761071505,83.58652518478266,60.727483242840144,39.12047579901558,-56.72748324284031,NA,NA,-0.6529463607249446,NA,NA,NA,NA,15791709,120143718,8230336109,3841655850864,0.2385281457233869,0.3218917976383384,0.9813497607644343,6,3.5814570013009592,1.9862510264922493,1.4693729490723375
