randomization,name,type,l1,l2,l3,ipr1,ipr2,ipr3,l1_cm,l1_er,l1_reg,l2_mp,l3_mp,l1_lap,l2_lap,l3_lap,alg_conn,clustering_c,clustering_r,deg_assort,Q,N.olap,N.temp,N.nodf,H2,H3,H4,H17,cent_between,cent_close,cent_eigen,diam,mean_path_length,deg_het_row,deg_het_col
empirical,HMP_132902142,microbiome,56.866625,35.364117,34.809544,0.07262807868744411,0.11639416180055705,0.06714630071706885,51.27034652830202,39.52061158670922,3.3042121684867394,24.116695386069985,20.927831412189512,58.866625327451196,37.36411711674231,36.80954370646646,-33.36411711674222,NA,NA,-0.7864224140033471,NA,NA,NA,NA,5059048,12576473,2280470191,825259246556,0.3213999686577609,0.3970661059835463,0.9820970518485002,4,3.3808629758882573,1.3296041406408132,1.5504092635095916
