randomization,name,type,l1,l2,l3,ipr1,ipr2,ipr3,l1_cm,l1_er,l1_reg,l2_mp,l3_mp,l1_lap,l2_lap,l3_lap,alg_conn,clustering_c,clustering_r,deg_assort,Q,N.olap,N.temp,N.nodf,H2,H3,H4,H17,cent_between,cent_close,cent_eigen,diam,mean_path_length,deg_het_row,deg_het_col
empirical,HMP_160056975,microbiome,78.341385,40.297919,35.102479,0.019512650075261234,0.04875490236905924,0.08626482269270644,71.54922868347191,50.01256532761265,4.881540302404003,26.70111295825587,23.823610086894128,80.34138505308499,42.29791939453101,37.10247906089823,-38.297919394531085,NA,NA,-0.8284509914685764,NA,NA,NA,NA,11404151,95228158,4222077529,1275272695084,0.15884924176494422,0.3441749070429539,0.9809405805896924,6,3.6463135997543064,2.06349032682474,1.2195028090239584
