randomization,name,type,l1,l2,l3,ipr1,ipr2,ipr3,l1_cm,l1_er,l1_reg,l2_mp,l3_mp,l1_lap,l2_lap,l3_lap,alg_conn,clustering_c,clustering_r,deg_assort,Q,N.olap,N.temp,N.nodf,H2,H3,H4,H17,cent_between,cent_close,cent_eigen,diam,mean_path_length,deg_het_row,deg_het_col
empirical,HMP_650853796,microbiome,77.071072,52.715299,38.523621,0.029830412037009892,0.034028902727833495,0.0704194658284255,73.31780168074403,48.90847848367889,4.594658645520007,27.055169017831556,24.27424170041069,79.07107219671445,54.715299437450966,40.52362123157326,-50.715299437451,NA,NA,-0.6100581310962427,NA,NA,NA,NA,14752267,100483236,7536392025,3507876624207,0.19007348765546236,0.3801555947545623,0.9867587186416051,6,3.766336393443658,1.9978073256459952,1.3902874398581595
