randomization,name,type,l1,l2,l3,ipr1,ipr2,ipr3,l1_cm,l1_er,l1_reg,l2_mp,l3_mp,l1_lap,l2_lap,l3_lap,alg_conn,clustering_c,clustering_r,deg_assort,Q,N.olap,N.temp,N.nodf,H2,H3,H4,H17,cent_between,cent_close,cent_eigen,diam,mean_path_length,deg_het_row,deg_het_col
empirical,HMP_160825720,microbiome,65.947216,45.08947,42.853179,0.022378393257345433,0.18470843087379152,0.0548296673913544,63.22945743661294,45.066529531273005,4.0884249309180225,26.559596939164795,23.712792368931346,67.94721551275967,47.08947010004323,44.85317897269587,-43.08947010004316,NA,NA,-0.7844229200799854,NA,NA,NA,NA,10381767,55472198,4064666906,1333867959977,0.29473528685657796,0.28897157724049477,0.9840952488438047,6,3.661369412776743,1.8799175485656132,1.2987825145954985
