randomization,name,type,l1,l2,l3,ipr1,ipr2,ipr3,l1_cm,l1_er,l1_reg,l2_mp,l3_mp,l1_lap,l2_lap,l3_lap,alg_conn,clustering_c,clustering_r,deg_assort,Q,N.olap,N.temp,N.nodf,H2,H3,H4,H17,cent_between,cent_close,cent_eigen,diam,mean_path_length,deg_het_row,deg_het_col
empirical,HMP_892969023,microbiome,94.086898,47.12399,44.668993,0.07351756496399565,0.033775516179429574,0.12231652290281576,91.51930213312055,49.33073661153649,4.554941091608559,25.912065847889565,23.336917412245377,96.08689818332138,49.12399019042414,46.66899255931895,-45.123990190424465,NA,NA,-0.38972396766914336,NA,NA,NA,NA,28485530,152605530,33801856330,38377691179781,0.48214670015116645,0.3450277990067085,0.9909531741210175,6,3.5147219392820332,1.831487952400247,2.3257840483734893
