randomization,name,type,l1,l2,l3,ipr1,ipr2,ipr3,l1_cm,l1_er,l1_reg,l2_mp,l3_mp,l1_lap,l2_lap,l3_lap,alg_conn,clustering_c,clustering_r,deg_assort,Q,N.olap,N.temp,N.nodf,H2,H3,H4,H17,cent_between,cent_close,cent_eigen,diam,mean_path_length,deg_het_row,deg_het_col
empirical,HMP_763698834,microbiome,99.648589,56.558954,55.403086,0.018476354011052718,0.08629055025421994,0.02705689686808868,89.4212406261846,64.09606759629098,5.627272727272727,32.14907748828223,29.017414511224285,101.64858856450806,58.55895401709495,57.40308563654967,-54.55895401709508,NA,NA,-0.7934495867266947,NA,NA,NA,NA,28266207,239909544,16098250277,7341516888395,0.1884105391430877,0.336264955976908,0.9829942878672648,4,3.588311293096125,1.8666765522703104,1.2677773906472158
