randomization,name,type,l1,l2,l3,ipr1,ipr2,ipr3,l1_cm,l1_er,l1_reg,l2_mp,l3_mp,l1_lap,l2_lap,l3_lap,alg_conn,clustering_c,clustering_r,deg_assort,Q,N.olap,N.temp,N.nodf,H2,H3,H4,H17,cent_between,cent_close,cent_eigen,diam,mean_path_length,deg_het_row,deg_het_col
empirical,HMP_158924089,microbiome,101.461695,60.498091,43.731229,0.01920930513134445,0.04660346741003256,0.02517384286902967,93.58473095797382,64.17163106668559,5.481037924151696,31.9185926274261,28.780626383228505,103.46169463544148,62.49809060777981,45.73122947688225,-58.49809060777956,NA,NA,-0.7941732593580325,NA,NA,NA,NA,28679691,260961753,17232244104,8333048060353,0.13876567078957341,0.39366569292195036,0.9839695432375491,6,3.5668517681895917,1.9887743293545928,1.3025003035201073
