randomization,name,type,l1,l2,l3,ipr1,ipr2,ipr3,l1_cm,l1_er,l1_reg,l2_mp,l3_mp,l1_lap,l2_lap,l3_lap,alg_conn,clustering_c,clustering_r,deg_assort,Q,N.olap,N.temp,N.nodf,H2,H3,H4,H17,cent_between,cent_close,cent_eigen,diam,mean_path_length,deg_het_row,deg_het_col
empirical,HMP_160765029,microbiome,86.894626,50.662489,41.739126,0.02296910782777749,0.04040676649382054,0.027893121729510337,81.33867661591242,56.345785753779765,5.377125336802008,28.71909001081859,25.76750574776843,88.89462577357797,52.66248948495418,43.73912591651241,-48.662489484954264,NA,NA,-0.7639549400032515,NA,NA,NA,NA,17097818,156208752,7701607682,2891980472578,0.15101971147631896,0.4082122154300892,0.9838090079769607,4,3.597881838713069,2.082933974527919,1.2213892014845227
