randomization,name,type,l1,l2,l3,ipr1,ipr2,ipr3,l1_cm,l1_er,l1_reg,l2_mp,l3_mp,l1_lap,l2_lap,l3_lap,alg_conn,clustering_c,clustering_r,deg_assort,Q,N.olap,N.temp,N.nodf,H2,H3,H4,H17,cent_between,cent_close,cent_eigen,diam,mean_path_length,deg_het_row,deg_het_col
empirical,HMP_161331472,microbiome,75.35886,40.43391,39.899891,0.026767546961125606,0.052576069179892194,0.036867232339343,72.25518906800622,50.17820398526866,4.4152262963333,27.816672437859392,24.849232144571648,77.3588598849985,42.433910161500044,41.899890542100685,-38.433910161500286,NA,NA,-0.6595257992342788,NA,NA,NA,NA,12932435,87177326,6300227809,2846514975379,0.2662159305236299,0.3834302423003755,0.9864962789341252,6,3.7744800263296208,2.019728682286131,1.2687528740363294
