randomization,name,type,l1,l2,l3,ipr1,ipr2,ipr3,l1_cm,l1_er,l1_reg,l2_mp,l3_mp,l1_lap,l2_lap,l3_lap,alg_conn,clustering_c,clustering_r,deg_assort,Q,N.olap,N.temp,N.nodf,H2,H3,H4,H17,cent_between,cent_close,cent_eigen,diam,mean_path_length,deg_het_row,deg_het_col
empirical,HMP_160704339,microbiome,89.493238,47.950267,46.204551,0.026014868723857842,0.03312860129579522,0.07431314224747461,83.08739174397165,54.48935609818343,5.027517432706006,28.994451680363408,26.186741909381276,91.4932382181357,49.95026735166364,48.20455127065505,-45.95026735166361,NA,NA,-0.5781243455345514,NA,NA,NA,NA,22435456,178666228,13550641156,7912943096462,0.24286840384645447,0.3540498694365004,0.9887948888819341,6,3.6369450935485843,2.0514089897859793,1.3939253105951734
