randomization,name,type,l1,l2,l3,ipr1,ipr2,ipr3,l1_cm,l1_er,l1_reg,l2_mp,l3_mp,l1_lap,l2_lap,l3_lap,alg_conn,clustering_c,clustering_r,deg_assort,Q,N.olap,N.temp,N.nodf,H2,H3,H4,H17,cent_between,cent_close,cent_eigen,diam,mean_path_length,deg_het_row,deg_het_col
empirical,HMP_764750800,microbiome,66.080065,41.710448,36.247059,0.03674377623120095,0.04716038144379759,0.05336086439558248,61.325078004011225,52.0907304906905,3.621891891891892,30.74602332559059,27.058958191213005,68.08006453362178,43.71044786818068,38.2470587588295,-39.71044786818084,NA,NA,-0.9322612555605851,NA,NA,NA,NA,8606997,34779218,3803901283,1293466367080,0.23002222555199658,0.42576245679851715,0.9809832554909028,4,3.5053216468259043,1.6154545065926087,1.05362343973152
