randomization,name,type,l1,l2,l3,ipr1,ipr2,ipr3,l1_cm,l1_er,l1_reg,l2_mp,l3_mp,l1_lap,l2_lap,l3_lap,alg_conn,clustering_c,clustering_r,deg_assort,Q,N.olap,N.temp,N.nodf,H2,H3,H4,H17,cent_between,cent_close,cent_eigen,diam,mean_path_length,deg_het_row,deg_het_col
empirical,HMP_451588811,microbiome,54.215005,35.675433,34.644425,0.04599208927222801,0.118676719579821,0.17543749585382853,48.75961101740713,40.51910641710608,3.229467655863595,27.00026393580985,23.82462091629963,56.21500468507057,37.67543293153451,36.6444245760765,-33.67543293153462,NA,NA,-0.7895249050607375,NA,NA,NA,NA,6156895,17525492,2299114957,699654652462,0.25660902434574323,0.2825323082360924,0.9862220591062704,6,3.6931821635915987,1.4810995256958475,1.199626446398438
