randomization,name,type,l1,l2,l3,ipr1,ipr2,ipr3,l1_cm,l1_er,l1_reg,l2_mp,l3_mp,l1_lap,l2_lap,l3_lap,alg_conn,clustering_c,clustering_r,deg_assort,Q,N.olap,N.temp,N.nodf,H2,H3,H4,H17,cent_between,cent_close,cent_eigen,diam,mean_path_length,deg_het_row,deg_het_col
empirical,HMP_208027353,microbiome,61.243603,40.349714,30.483965,0.033196181100687686,0.07314002757523096,0.0533741851081544,55.77178106680863,41.84059413628704,3.8699110903135234,24.588047726748027,21.59735554862317,63.24360255566796,42.34971449123177,32.48396480948798,-38.34971449123185,NA,NA,-0.7887331559860842,NA,NA,NA,NA,6090985,27639128,2247142749,664804220882,0.2309069099177764,0.33108937753477874,0.9813673486414766,6,3.6091561622221557,1.6345658101937481,1.3441713459210598
