randomization,name,type,l1,l2,l3,ipr1,ipr2,ipr3,l1_cm,l1_er,l1_reg,l2_mp,l3_mp,l1_lap,l2_lap,l3_lap,alg_conn,clustering_c,clustering_r,deg_assort,Q,N.olap,N.temp,N.nodf,H2,H3,H4,H17,cent_between,cent_close,cent_eigen,diam,mean_path_length,deg_het_row,deg_het_col
empirical,HMP_160097436,microbiome,86.674198,50.074962,44.865111,0.027449719440114664,0.028652152340044926,0.05876927703674395,81.53173537698251,56.54502319367743,5.091906265580854,29.692417915964175,26.717979729870635,88.6741982885754,52.07496192036952,46.8651106019457,-48.07496192036957,NA,NA,-0.6067614860284576,NA,NA,NA,NA,20331074,157836893,11815433088,6537767312600,0.2703856785454945,0.3574427024303912,0.9879849653768622,6,3.6033902999646656,1.966882610984455,1.296586064311334
