randomization,name,type,l1,l2,l3,ipr1,ipr2,ipr3,l1_cm,l1_er,l1_reg,l2_mp,l3_mp,l1_lap,l2_lap,l3_lap,alg_conn,clustering_c,clustering_r,deg_assort,Q,N.olap,N.temp,N.nodf,H2,H3,H4,H17,cent_between,cent_close,cent_eigen,diam,mean_path_length,deg_het_row,deg_het_col
empirical,HMP_638754422,microbiome,76.130861,48.87722,48.560558,0.0331930825625952,0.025605056312986152,0.023847914596629913,68.45412760429654,49.17838951175389,4.524174174174174,28.34690573439157,25.59747399507539,78.13086136848172,50.87722021860507,50.56055821285064,-46.87722021860504,NA,NA,-0.6128333100587974,NA,NA,NA,NA,17403877,105060933,8755748976,4155247312817,0.21574179315899736,0.2784734606543777,0.9900344941909942,6,3.7726901125917567,1.7916836713992415,1.339493025312485
