randomization,name,type,l1,l2,l3,ipr1,ipr2,ipr3,l1_cm,l1_er,l1_reg,l2_mp,l3_mp,l1_lap,l2_lap,l3_lap,alg_conn,clustering_c,clustering_r,deg_assort,Q,N.olap,N.temp,N.nodf,H2,H3,H4,H17,cent_between,cent_close,cent_eigen,diam,mean_path_length,deg_het_row,deg_het_col
empirical,HMP_160643649,microbiome,76.168897,46.523796,43.896761,0.020596998058399377,0.045714311360863145,0.05075609058071597,66.98717530484086,48.94977654155177,4.678585874929213,27.826791083277502,25.08124723137555,78.1688971917784,48.52379563954877,45.896760988371874,-44.523795639548986,NA,NA,-0.7952871318873358,NA,NA,NA,NA,14967953,102710424,5782051792,1811526435866,0.1265898910502541,0.3614645785920104,0.9854380492492903,6,3.744915014835521,1.8518150350103249,1.2502575899652268
