randomization,name,type,l1,l2,l3,ipr1,ipr2,ipr3,l1_cm,l1_er,l1_reg,l2_mp,l3_mp,l1_lap,l2_lap,l3_lap,alg_conn,clustering_c,clustering_r,deg_assort,Q,N.olap,N.temp,N.nodf,H2,H3,H4,H17,cent_between,cent_close,cent_eigen,diam,mean_path_length,deg_het_row,deg_het_col
empirical,HMP_158721788,microbiome,74.38773,44.011673,34.490428,0.02046323185445657,0.05776945258739646,0.020944547318573294,68.34810634620627,47.98750898754845,4.642642642642643,26.42329005634048,23.58186129352112,76.3877296371441,46.01167336070299,36.490427710800894,-42.011673360703114,NA,NA,-0.7757337396809708,NA,NA,NA,NA,11132453,80635987,4330701021,1379641215909,0.16148527494174592,0.33199541355207246,0.9813423973021755,6,3.638738407428743,1.955482320369661,1.2800608755356795
