randomization,name,type,l1,l2,l3,ipr1,ipr2,ipr3,l1_cm,l1_er,l1_reg,l2_mp,l3_mp,l1_lap,l2_lap,l3_lap,alg_conn,clustering_c,clustering_r,deg_assort,Q,N.olap,N.temp,N.nodf,H2,H3,H4,H17,cent_between,cent_close,cent_eigen,diam,mean_path_length,deg_het_row,deg_het_col
empirical,HMP_158479027,microbiome,87.822301,50.10836,40.857462,0.01889827607901873,0.05589441381888479,0.10162729404531959,81.56152876846684,57.40152613750928,5.334010152284264,28.88178867823088,25.82166601113608,89.82230087017855,52.10836006900209,42.85746216920264,-48.10836006900196,NA,NA,-0.8083005878310373,NA,NA,NA,NA,15806774,145219321,7027402283,2522808243569,0.16733525761313536,0.3198188760730552,0.9812861097754024,6,3.6309252453159457,2.0733220665778016,1.1875324921472994
