randomization,name,type,l1,l2,l3,ipr1,ipr2,ipr3,l1_cm,l1_er,l1_reg,l2_mp,l3_mp,l1_lap,l2_lap,l3_lap,alg_conn,clustering_c,clustering_r,deg_assort,Q,N.olap,N.temp,N.nodf,H2,H3,H4,H17,cent_between,cent_close,cent_eigen,diam,mean_path_length,deg_het_row,deg_het_col
empirical,HMP_764184357,microbiome,68.935019,41.054742,36.767004,0.01999538010397732,0.03683214744972449,0.1243272248802193,62.600367258401505,41.6283175931774,4.613743172869301,23.136894351586335,20.560212780734663,70.93501852137278,43.05474215419961,38.767004203654324,-39.05474215419966,NA,NA,-0.8019988840325744,NA,NA,NA,NA,7896829,56532937,2545458478,653636434308,0.18366278344068004,0.3304815010849646,0.9805614389082463,6,3.6939722205871877,1.95170144663718,1.4322423301325766
