randomization,name,type,l1,l2,l3,ipr1,ipr2,ipr3,l1_cm,l1_er,l1_reg,l2_mp,l3_mp,l1_lap,l2_lap,l3_lap,alg_conn,clustering_c,clustering_r,deg_assort,Q,N.olap,N.temp,N.nodf,H2,H3,H4,H17,cent_between,cent_close,cent_eigen,diam,mean_path_length,deg_het_row,deg_het_col
empirical,HMP_161493313,microbiome,48.186626,31.857102,29.743377,0.056760248092791094,0.05877554738913837,0.04294955739649067,42.95643253105167,36.40421651036661,3.2636093698449358,24.314942804365455,21.288109337368887,50.18662590358286,33.85710223187534,31.743376895311364,-29.857102231875185,NA,NA,-0.7514882175535028,NA,NA,NA,NA,3819940,10793801,1139960441,288869115362,0.2782949313075136,0.3222766527339351,0.9848208059272765,6,3.726077140188791,1.4612665350279586,1.17055004808094
