randomization,name,type,l1,l2,l3,ipr1,ipr2,ipr3,l1_cm,l1_er,l1_reg,l2_mp,l3_mp,l1_lap,l2_lap,l3_lap,alg_conn,clustering_c,clustering_r,deg_assort,Q,N.olap,N.temp,N.nodf,H2,H3,H4,H17,cent_between,cent_close,cent_eigen,diam,mean_path_length,deg_het_row,deg_het_col
empirical,HMP_763860675,microbiome,78.062548,45.470524,42.264945,0.020170995092925,0.030017225553891243,0.1544352067940847,73.82262033284857,51.83465291677482,4.675884741829433,28.186847021553113,25.22432788038184,80.06254815337402,47.47052400156551,44.26494454593912,-43.47052400156546,NA,NA,-0.7960344996833566,NA,NA,NA,NA,14147527,101566790,6178397479,2182346634235,0.21887526422993422,0.417204782686006,0.9817801772820295,6,3.6103772964423317,1.9914566667640685,1.2554981090830646
