randomization,name,type,l1,l2,l3,ipr1,ipr2,ipr3,l1_cm,l1_er,l1_reg,l2_mp,l3_mp,l1_lap,l2_lap,l3_lap,alg_conn,clustering_c,clustering_r,deg_assort,Q,N.olap,N.temp,N.nodf,H2,H3,H4,H17,cent_between,cent_close,cent_eigen,diam,mean_path_length,deg_het_row,deg_het_col
empirical,HMP_764305738,microbiome,82.025354,47.26691,40.232529,0.01731213238870925,0.035453369866143294,0.0401465617934565,78.15469119069807,54.0542011226423,5.3663764233087745,27.184903273286707,24.243770641749414,84.02535423386153,49.266910333722045,42.23252861786065,-45.266910333722045,NA,NA,-0.7912844331456605,NA,NA,NA,NA,12922582,119463512,5187971972,1737910052859,0.18773662254695125,0.409210232248037,0.9810752638468202,6,3.5684591682276086,2.1180097988314586,1.2037092576312765
