randomization,name,type,l1,l2,l3,ipr1,ipr2,ipr3,l1_cm,l1_er,l1_reg,l2_mp,l3_mp,l1_lap,l2_lap,l3_lap,alg_conn,clustering_c,clustering_r,deg_assort,Q,N.olap,N.temp,N.nodf,H2,H3,H4,H17,cent_between,cent_close,cent_eigen,diam,mean_path_length,deg_het_row,deg_het_col
empirical,HMP_737052003,microbiome,66.088412,42.036922,32.164489,0.03244553330357327,0.04940741384519022,0.07312618906881273,59.109352347515795,46.347903997348006,3.8108815066701545,27.514346524794416,24.299440256865488,68.08841234135522,44.03692201741496,34.164488816128454,-40.03692201741505,NA,NA,-0.7955705764685825,NA,NA,NA,NA,8356961,36539116,3588268627,1232627408990,0.19752698463460247,0.3132211840835102,0.9826146574075065,6,3.5734127899924846,1.5964510381416688,1.2587568070767228
