randomization,name,type,l1,l2,l3,ipr1,ipr2,ipr3,l1_cm,l1_er,l1_reg,l2_mp,l3_mp,l1_lap,l2_lap,l3_lap,alg_conn,clustering_c,clustering_r,deg_assort,Q,N.olap,N.temp,N.nodf,H2,H3,H4,H17,cent_between,cent_close,cent_eigen,diam,mean_path_length,deg_het_row,deg_het_col
empirical,HMP_160987560,microbiome,72.124085,44.88053,40.140669,0.018869947470312138,0.05980267823690763,0.10087782606068596,68.71542475386191,47.79994284494971,4.349067377236391,27.226818218639036,24.377182744025546,74.12408450258492,46.88053009381851,42.1406692435609,-42.88053009381842,NA,NA,-0.824015874949524,NA,NA,NA,NA,12470717,81140575,4984924070,1616220634136,0.17413985474443794,0.3469222931817627,0.9819747078665954,6,3.7547046327155362,1.9884737738749048,1.287012247125914
