randomization,name,type,l1,l2,l3,ipr1,ipr2,ipr3,l1_cm,l1_er,l1_reg,l2_mp,l3_mp,l1_lap,l2_lap,l3_lap,alg_conn,clustering_c,clustering_r,deg_assort,Q,N.olap,N.temp,N.nodf,H2,H3,H4,H17,cent_between,cent_close,cent_eigen,diam,mean_path_length,deg_het_row,deg_het_col
empirical,HMP_159429842,microbiome,62.357961,41.530793,31.628025,0.03589254616343846,0.06489829302771455,0.06166231905341576,57.5988297252601,44.81691324438051,3.7749817117776154,26.461711988729167,23.27100386735751,64.35796083478265,43.53079273305633,33.62802517841478,-39.530792733056316,NA,NA,-0.7787123604250628,NA,NA,NA,NA,7259521,29289850,3095325790,1060364732153,0.2526507218704082,0.34134291523178156,0.982148713043753,6,3.519252825763176,1.5596984449277234,1.307421322170943
