randomization,name,type,l1,l2,l3,ipr1,ipr2,ipr3,l1_cm,l1_er,l1_reg,l2_mp,l3_mp,l1_lap,l2_lap,l3_lap,alg_conn,clustering_c,clustering_r,deg_assort,Q,N.olap,N.temp,N.nodf,H2,H3,H4,H17,cent_between,cent_close,cent_eigen,diam,mean_path_length,deg_het_row,deg_het_col
empirical,HMP_763435843,microbiome,77.123656,46.434325,40.715468,0.03251272523232163,0.05745008711103436,0.03952703753759127,71.28232036898648,57.95602547023559,3.9856598700425723,32.4581796016411,28.776406164837216,79.12365599704587,48.43432517339366,42.71546770460288,-44.43432517339377,NA,NA,-0.8640385513801304,NA,NA,NA,NA,14066022,63753679,7969352937,3566256586708,0.25783089826351385,0.42045940033353535,0.9823580686625196,4,3.4737282517757273,1.6110912390486782,1.1549323279265085
