randomization,name,type,l1,l2,l3,ipr1,ipr2,ipr3,l1_cm,l1_er,l1_reg,l2_mp,l3_mp,l1_lap,l2_lap,l3_lap,alg_conn,clustering_c,clustering_r,deg_assort,Q,N.olap,N.temp,N.nodf,H2,H3,H4,H17,cent_between,cent_close,cent_eigen,diam,mean_path_length,deg_het_row,deg_het_col
empirical,HMP_160158126,microbiome,73.266868,46.586125,42.206576,0.015936202031478726,0.036926902022642635,0.0747961277039807,68.03598982730539,47.549257615213904,5.076509124941507,25.26794163506927,22.518453504941053,75.26686796232207,48.586125180541686,44.20657614908007,-44.586125180541785,NA,NA,-0.8425191193308168,NA,NA,NA,NA,9665223,80722641,3103434603,793533044464,0.16113997428210855,0.3680583735107729,0.9780120159574023,6,3.639112454741842,2.047118185486391,1.2274223052885977
