randomization,name,type,l1,l2,l3,ipr1,ipr2,ipr3,l1_cm,l1_er,l1_reg,l2_mp,l3_mp,l1_lap,l2_lap,l3_lap,alg_conn,clustering_c,clustering_r,deg_assort,Q,N.olap,N.temp,N.nodf,H2,H3,H4,H17,cent_between,cent_close,cent_eigen,diam,mean_path_length,deg_het_row,deg_het_col
empirical,HMP_160421117,microbiome,77.66046,54.743951,46.331547,0.014570935848659967,0.040946667144896594,0.0685486271492597,75.06470932557271,55.458620235303584,4.854531126871552,30.373879403471626,27.369560366029404,79.66046038236706,56.74395140875077,48.331547001805,-52.74395140875092,NA,NA,-0.8353721806850303,NA,NA,NA,NA,17822439,134897918,7492514426,2554194829028,0.16541913983067585,0.42383217807153617,0.9795685896678195,4,3.660144273432043,2.006276837017807,1.1242887956687662
