randomization,name,type,l1,l2,l3,ipr1,ipr2,ipr3,l1_cm,l1_er,l1_reg,l2_mp,l3_mp,l1_lap,l2_lap,l3_lap,alg_conn,clustering_c,clustering_r,deg_assort,Q,N.olap,N.temp,N.nodf,H2,H3,H4,H17,cent_between,cent_close,cent_eigen,diam,mean_path_length,deg_het_row,deg_het_col
empirical,HMP_158883629,microbiome,80.920856,47.46826,38.893306,0.024862501400251757,0.04272058262439682,0.02939423268899433,74.51565156521575,49.68440239436927,5.2138777237148295,25.850357234079958,23.116270567467343,82.9208557684869,49.46825968882332,40.893306467146076,-45.46825968882324,NA,NA,-0.6512744219664018,NA,NA,NA,NA,13875708,109071299,6541889478,2721530995163,0.1993818137388327,0.35364102812756687,0.9853670427096227,6,3.5727998255137803,1.8901227159257878,1.45816004810705
