randomization,name,type,l1,l2,l3,ipr1,ipr2,ipr3,l1_cm,l1_er,l1_reg,l2_mp,l3_mp,l1_lap,l2_lap,l3_lap,alg_conn,clustering_c,clustering_r,deg_assort,Q,N.olap,N.temp,N.nodf,H2,H3,H4,H17,cent_between,cent_close,cent_eigen,diam,mean_path_length,deg_het_row,deg_het_col
empirical,HMP_370425937,microbiome,71.751752,43.444812,39.946619,0.01979549575264574,0.03563285015136078,0.03553402380346351,64.59165084576205,45.12080597547976,4.780856938337253,25.16976194879309,22.536440971403422,73.75175198001506,45.444812158005035,41.946618537080624,-41.44481215800506,NA,NA,-0.7766493338484832,NA,NA,NA,NA,10354130,78356665,3460054362,958510197117,0.15158559055352253,0.35951414649590197,0.9819237966302289,8,3.72858399301177,1.969375444039904,1.2845310713152975
