randomization,name,type,l1,l2,l3,ipr1,ipr2,ipr3,l1_cm,l1_er,l1_reg,l2_mp,l3_mp,l1_lap,l2_lap,l3_lap,alg_conn,clustering_c,clustering_r,deg_assort,Q,N.olap,N.temp,N.nodf,H2,H3,H4,H17,cent_between,cent_close,cent_eigen,diam,mean_path_length,deg_het_row,deg_het_col
empirical,HMP_158114885,microbiome,80.60971,41.610573,38.47299,0.040178862608415765,0.08714346068034992,0.1056761433938307,74.2247994255498,53.50726496452649,4.365568030906676,28.42605622538465,25.184141154663404,82.60971033639484,43.61057297801118,40.472989883703306,-39.61057297801116,NA,NA,-0.7133803791085656,NA,NA,NA,NA,13529988,74744757,8066586717,4115108778432,0.2774243925900706,0.3080071351880566,0.9858735665322536,6,3.5036271093827875,1.6848270469496431,1.4056921181180988
