randomization,name,type,l1,l2,l3,ipr1,ipr2,ipr3,l1_cm,l1_er,l1_reg,l2_mp,l3_mp,l1_lap,l2_lap,l3_lap,alg_conn,clustering_c,clustering_r,deg_assort,Q,N.olap,N.temp,N.nodf,H2,H3,H4,H17,cent_between,cent_close,cent_eigen,diam,mean_path_length,deg_het_row,deg_het_col
empirical,HMP_840279516,microbiome,59.35428,33.02623,29.063795,0.03684220710806165,0.04796304391585759,0.10610994495952134,57.191226937464656,47.243391199620426,3.7753381689864733,26.33294233270282,22.85809831193528,61.35427999402914,35.02622955723139,31.063795079650824,-31.026229557231492,NA,NA,-0.8837646827317048,NA,NA,NA,NA,4988404,21922237,1826229887,529731625827,0.26209404779808015,0.40444109303355935,0.978157516656757,4,3.394623122724879,1.670924964538302,1.074836988141232
