randomization,name,type,l1,l2,l3,ipr1,ipr2,ipr3,l1_cm,l1_er,l1_reg,l2_mp,l3_mp,l1_lap,l2_lap,l3_lap,alg_conn,clustering_c,clustering_r,deg_assort,Q,N.olap,N.temp,N.nodf,H2,H3,H4,H17,cent_between,cent_close,cent_eigen,diam,mean_path_length,deg_het_row,deg_het_col
empirical,HMP_764143897,microbiome,55.535214,35.397069,28.110728,0.034886844993659454,0.053217503286996155,0.1414500494798431,47.90784383944732,35.80810453094518,3.76274678111588,22.034933627332776,19.31623799022818,57.53521421114456,37.39706921172648,30.110728248830732,-33.3970692117265,NA,NA,-0.7924900896158674,NA,NA,NA,NA,4110303,18210760,1153270659,258347037162,0.22316988191016635,0.30219909708773346,0.9819871761937768,6,3.7957386926378343,1.623035909645755,1.3670219490424789
