randomization,name,type,l1,l2,l3,ipr1,ipr2,ipr3,l1_cm,l1_er,l1_reg,l2_mp,l3_mp,l1_lap,l2_lap,l3_lap,alg_conn,clustering_c,clustering_r,deg_assort,Q,N.olap,N.temp,N.nodf,H2,H3,H4,H17,cent_between,cent_close,cent_eigen,diam,mean_path_length,deg_het_row,deg_het_col
empirical,HMP_159672603,microbiome,70.785113,44.994492,41.069374,0.01783949885177986,0.026531679956409305,0.0385988972053463,65.79125573196802,49.143561000073575,4.725963908884726,27.413675060622907,24.542846422539828,72.7851131852901,46.994492387109254,43.069373779318255,-42.994492387109254,NA,NA,-0.8590313475273226,NA,NA,NA,NA,11660494,82300028,4057247830,1122924658319,0.11215871084283946,0.32157641478090176,0.9802475316690622,6,3.6574581633679126,1.8815906546964138,1.1747998632920031
