randomization,name,type,l1,l2,l3,ipr1,ipr2,ipr3,l1_cm,l1_er,l1_reg,l2_mp,l3_mp,l1_lap,l2_lap,l3_lap,alg_conn,clustering_c,clustering_r,deg_assort,Q,N.olap,N.temp,N.nodf,H2,H3,H4,H17,cent_between,cent_close,cent_eigen,diam,mean_path_length,deg_het_row,deg_het_col
empirical,HMP_160663879,microbiome,63.552648,38.094694,32.31935,0.03788909670447054,0.10694948799674685,0.04337028068658281,57.249684409289095,45.59688666682743,3.8370565045992118,26.84303949937893,23.612480828251364,65.55264767616845,40.09469378864103,34.31934979341862,-36.094693788641024,NA,NA,-0.8096464843837342,NA,NA,NA,NA,6813540,30325992,2617494596,810665411094,0.22173780109298893,0.3045422941441771,0.9821380129115266,4,3.549357007571881,1.6455309522320218,1.1825394591438878
