randomization,name,type,l1,l2,l3,ipr1,ipr2,ipr3,l1_cm,l1_er,l1_reg,l2_mp,l3_mp,l1_lap,l2_lap,l3_lap,alg_conn,clustering_c,clustering_r,deg_assort,Q,N.olap,N.temp,N.nodf,H2,H3,H4,H17,cent_between,cent_close,cent_eigen,diam,mean_path_length,deg_het_row,deg_het_col
empirical,HMP_764002286,microbiome,78.905333,52.168933,43.752559,0.01766258586786667,0.030698526617066006,0.11981510470967038,73.32757667665899,53.84084818408889,5.206436680260112,27.90805985405972,24.892855677737366,80.90533301608833,54.16893302040722,45.75255893387234,-50.16893302040727,NA,NA,-0.8770505635449288,NA,NA,NA,NA,12314142,102373263,4537107517,1305715499140,0.1654577697448553,0.43552278882694345,0.9791774292618519,4,3.6020963414328344,1.9812002646318991,1.1443561661118482
