randomization,name,type,l1,l2,l3,ipr1,ipr2,ipr3,l1_cm,l1_er,l1_reg,l2_mp,l3_mp,l1_lap,l2_lap,l3_lap,alg_conn,clustering_c,clustering_r,deg_assort,Q,N.olap,N.temp,N.nodf,H2,H3,H4,H17,cent_between,cent_close,cent_eigen,diam,mean_path_length,deg_het_row,deg_het_col
empirical,HMP_159389382,microbiome,79.028882,44.852252,43.749983,0.02219599226584262,0.04300801645036946,0.05726362768852521,73.497530884096,54.09685700760576,5.066781559672555,28.319568584356368,25.26721291863618,81.02888169184074,46.85225248196879,45.74998280547277,-42.85225248196882,NA,NA,-0.7518437795706413,NA,NA,NA,NA,12951990,101834656,5490182116,2008648423550,0.21072800462871985,0.3404557832230599,0.9835563649582494,6,3.6354342923597835,1.9359545899567312,1.1675615665058543
