randomization,name,type,l1,l2,l3,ipr1,ipr2,ipr3,l1_cm,l1_er,l1_reg,l2_mp,l3_mp,l1_lap,l2_lap,l3_lap,alg_conn,clustering_c,clustering_r,deg_assort,Q,N.olap,N.temp,N.nodf,H2,H3,H4,H17,cent_between,cent_close,cent_eigen,diam,mean_path_length,deg_het_row,deg_het_col
empirical,HMP_161351702,microbiome,70.031156,47.811783,44.189853,0.022888782740542655,0.04189871236589721,0.050669635559090445,63.59317279360481,47.88263404628098,4.50996015936255,27.451901097719574,24.600526686862334,72.03115643757523,49.81178335921221,46.18985288142306,-45.81178335921215,NA,NA,-0.853925458910537,NA,NA,NA,NA,11477369,73534326,3977706595,1106560056267,0.16126833710231078,0.2921869991815446,0.9842939251813576,6,3.7331162157987103,1.8563712559403516,1.1753017172024238
