randomization,name,type,l1,l2,l3,ipr1,ipr2,ipr3,l1_cm,l1_er,l1_reg,l2_mp,l3_mp,l1_lap,l2_lap,l3_lap,alg_conn,clustering_c,clustering_r,deg_assort,Q,N.olap,N.temp,N.nodf,H2,H3,H4,H17,cent_between,cent_close,cent_eigen,diam,mean_path_length,deg_het_row,deg_het_col
empirical,HMP_158337416,microbiome,57.007028,38.646146,33.659833,0.041050478887529766,0.10332004775945035,0.06109200443895701,53.28628990543763,39.31358969597579,3.62889019377569,24.182048289677063,21.28665972927581,59.00702755719278,40.64614607495005,35.65983257666783,-36.64614607495005,NA,NA,-0.6573603597111611,NA,NA,NA,NA,5925747,22023368,2374448106,860971307643,0.3492346887214482,0.3108502518464163,0.9842299025950311,6,3.689990105294939,1.6293724144070547,1.3949919879347725
