randomization,name,type,l1,l2,l3,ipr1,ipr2,ipr3,l1_cm,l1_er,l1_reg,l2_mp,l3_mp,l1_lap,l2_lap,l3_lap,alg_conn,clustering_c,clustering_r,deg_assort,Q,N.olap,N.temp,N.nodf,H2,H3,H4,H17,cent_between,cent_close,cent_eigen,diam,mean_path_length,deg_het_row,deg_het_col
empirical,HMP_160137896,microbiome,49.477026,34.40122,27.753161,0.03157629304408433,0.07115362331423204,0.24961633091577884,44.08170411559083,34.087071713620915,3.4093959731543624,22.20519772728609,19.43993064730432,51.477025605373136,36.40121992058151,29.753161333759387,-32.4012199205815,NA,NA,-0.7979243333623607,NA,NA,NA,NA,3442672,12554283,892238927,186478366676,0.2616166265529475,0.30880775780455505,0.9805469256533276,6,4.1043366326134985,1.6367942854228903,1.261542937287058
