randomization,name,type,l1,l2,l3,ipr1,ipr2,ipr3,l1_cm,l1_er,l1_reg,l2_mp,l3_mp,l1_lap,l2_lap,l3_lap,alg_conn,clustering_c,clustering_r,deg_assort,Q,N.olap,N.temp,N.nodf,H2,H3,H4,H17,cent_between,cent_close,cent_eigen,diam,mean_path_length,deg_het_row,deg_het_col
empirical,HMP_161412393,microbiome,72.253614,43.146789,42.931237,0.02357553828470316,0.03213244968781536,0.07437675299514807,67.84336799166755,46.299064145448426,4.458713775307662,26.150055095005417,23.39898647432075,74.25361425246258,45.14678867588511,44.931237026598815,-41.14678867588501,NA,NA,-0.6910055781371857,NA,NA,NA,NA,11504490,77200401,4765206213,1780131381334,0.21121116897582534,0.3597382675199405,0.9859841059317163,7,3.801419031735978,2.014730792301684,1.319157531582071
