randomization,name,type,l1,l2,l3,ipr1,ipr2,ipr3,l1_cm,l1_er,l1_reg,l2_mp,l3_mp,l1_lap,l2_lap,l3_lap,alg_conn,clustering_c,clustering_r,deg_assort,Q,N.olap,N.temp,N.nodf,H2,H3,H4,H17,cent_between,cent_close,cent_eigen,diam,mean_path_length,deg_het_row,deg_het_col
empirical,HMP_159207311,microbiome,75.473128,46.72628,43.757024,0.0204154384904676,0.028991834950574686,0.019883170910564598,71.79584132367391,52.1802272136383,4.7806186304308955,28.671881035086383,25.73943642745889,77.47312832049487,48.726280191645394,45.75702365624461,-44.72628019164524,NA,NA,-0.7241081621609254,NA,NA,NA,NA,14782748,105584307,6433129667,2455369329422,0.2138975507025655,0.36951845468375155,0.9839107194840981,6,3.648302938862607,1.9498982631140809,1.1963939790777673
