randomization,name,type,l1,l2,l3,ipr1,ipr2,ipr3,l1_cm,l1_er,l1_reg,l2_mp,l3_mp,l1_lap,l2_lap,l3_lap,alg_conn,clustering_c,clustering_r,deg_assort,Q,N.olap,N.temp,N.nodf,H2,H3,H4,H17,cent_between,cent_close,cent_eigen,diam,mean_path_length,deg_het_row,deg_het_col
empirical,HMP_158357646,microbiome,52.094287,32.537428,26.649006,0.03310057664629455,0.06609369533316742,0.25000621876631424,49.05315326791461,38.03481647529111,3.5988087640927464,22.714021486795556,19.685073950724462,54.09428743905294,34.53742774882484,28.649006387712667,-30.537427748824648,NA,NA,-0.8512538138595257,NA,NA,NA,NA,3218966,13953054,881435537,190653115543,0.27566356628327565,0.3074826894959788,0.97756417984422594,6,3.5803945742644165,1.7548548640724149,1.1678459582539398
