randomization,name,type,l1,l2,l3,ipr1,ipr2,ipr3,l1_cm,l1_er,l1_reg,l2_mp,l3_mp,l1_lap,l2_lap,l3_lap,alg_conn,clustering_c,clustering_r,deg_assort,Q,N.olap,N.temp,N.nodf,H2,H3,H4,H17,cent_between,cent_close,cent_eigen,diam,mean_path_length,deg_het_row,deg_het_col
empirical,HMP_159915365,microbiome,81.336655,51.046348,37.963355,0.01572843279129563,0.03554636031824776,0.016537888602784816,73.3246370892576,48.992477495853684,4.893420150788211,26.787246499292852,24.112370964204594,83.33665521456828,53.04634775151099,39.963354789032834,-49.04634775151101,NA,NA,-0.7729119739304615,NA,NA,NA,NA,15683626,125719044,6526239770,2190855964147,0.12985919535272564,0.32836070993326316,0.9804761451439176,6,3.7722376083282647,1.9997624992017136,1.3809312549319217
