randomization,name,type,l1,l2,l3,ipr1,ipr2,ipr3,l1_cm,l1_er,l1_reg,l2_mp,l3_mp,l1_lap,l2_lap,l3_lap,alg_conn,clustering_c,clustering_r,deg_assort,Q,N.olap,N.temp,N.nodf,H2,H3,H4,H17,cent_between,cent_close,cent_eigen,diam,mean_path_length,deg_het_row,deg_het_col
empirical,HMP_763721271,microbiome,63.798756,38.421217,36.704878,0.03894733466897257,0.07658300947770755,0.19696422992509263,57.25266515741473,43.873146937151326,3.567463026166098,27.436889916609196,24.350181596485786,65.79875595260104,40.42121746273128,38.704877786712565,-36.421217462731306,NA,NA,-0.7645783491042148,NA,NA,NA,NA,9046944,33222621,3998402592,1448047695890,0.25753699727181273,0.3302893133376384,0.9860460599126732,6,3.645491190184856,1.5902862486759757,1.3238857903221424
