randomization,name,type,l1,l2,l3,ipr1,ipr2,ipr3,l1_cm,l1_er,l1_reg,l2_mp,l3_mp,l1_lap,l2_lap,l3_lap,alg_conn,clustering_c,clustering_r,deg_assort,Q,N.olap,N.temp,N.nodf,H2,H3,H4,H17,cent_between,cent_close,cent_eigen,diam,mean_path_length,deg_het_row,deg_het_col
empirical,HMP_764588959,microbiome,47.078782,31.144679,26.003089,0.036455066372138877,0.0500270369189276,0.2443800046139986,42.61851430594168,32.17579700185965,3.3165719282903368,20.73551827446198,17.965417304960432,49.078781955211,33.14467852897189,28.003089180709807,-29.144678528972015,NA,NA,-0.85648383779313,NA,NA,NA,NA,2663785,8850211,671584876,130692095143,0.27054961706890496,0.34497444994653964,0.9758916405316866,6,3.621103641447476,1.5556104252877407,1.387859325795239
