randomization,name,type,l1,l2,l3,ipr1,ipr2,ipr3,l1_cm,l1_er,l1_reg,l2_mp,l3_mp,l1_lap,l2_lap,l3_lap,alg_conn,clustering_c,clustering_r,deg_assort,Q,N.olap,N.temp,N.nodf,H2,H3,H4,H17,cent_between,cent_close,cent_eigen,diam,mean_path_length,deg_het_row,deg_het_col
empirical,HMP_160239046,microbiome,56.889809,30.507571,27.895486,0.036043340101760836,0.059751655197296805,0.07113003401288402,51.41316786240399,40.135447950833246,3.649744338933528,24.072390800578628,20.99420845926753,58.889809106166084,32.50757081093017,29.895485771029698,-28.50757081093018,NA,NA,-0.8585978582929013,NA,NA,NA,NA,4399547,18875282,1388842611,343075293403,0.1790108847025464,0.4042822288949599,0.9783669928275264,6,3.539571796898713,1.6427014370882196,1.2321910436875512
