randomization,name,type,l1,l2,l3,ipr1,ipr2,ipr3,l1_cm,l1_er,l1_reg,l2_mp,l3_mp,l1_lap,l2_lap,l3_lap,alg_conn,clustering_c,clustering_r,deg_assort,Q,N.olap,N.temp,N.nodf,H2,H3,H4,H17,cent_between,cent_close,cent_eigen,diam,mean_path_length,deg_het_row,deg_het_col
empirical,HMP_970836795,microbiome,74.421236,50.134104,41.020228,0.020068214657053052,0.06349915712436299,0.04294742692098038,70.12111203954058,50.00624209692238,4.741017533774073,27.525606756844816,24.66112136554571,76.42123593589396,52.134104348282534,43.020227771044425,-48.134104348282364,NA,NA,-0.7193951400937385,NA,NA,NA,NA,13088275,92762055,5468786010,1989623219590,0.23391659620201238,0.3455295319975257,0.983919341058998,6,3.6682544297525097,1.9599514361534376,1.2370380610241456
