randomization,name,type,l1,l2,l3,ipr1,ipr2,ipr3,l1_cm,l1_er,l1_reg,l2_mp,l3_mp,l1_lap,l2_lap,l3_lap,alg_conn,clustering_c,clustering_r,deg_assort,Q,N.olap,N.temp,N.nodf,H2,H3,H4,H17,cent_between,cent_close,cent_eigen,diam,mean_path_length,deg_het_row,deg_het_col
empirical,HMP_604812005,microbiome,80.039076,49.980387,49.003797,0.022749183239801168,0.03523418542407656,0.15727962756615121,75.72326512255073,51.72301955991029,4.4532699167657555,29.097128515364027,26.19833980768709,82.03907609631621,51.98038747965229,51.00379710044078,-47.98038747965231,NA,NA,-0.7036118319997687,NA,NA,NA,NA,18779970,115625182,10072703310,4613875056066,0.26861801895973003,0.3374666334730515,0.9859364199021992,6,3.648449372794235,1.9247205979945647,1.378174275373854
