randomization,name,type,l1,l2,l3,ipr1,ipr2,ipr3,l1_cm,l1_er,l1_reg,l2_mp,l3_mp,l1_lap,l2_lap,l3_lap,alg_conn,clustering_c,clustering_r,deg_assort,Q,N.olap,N.temp,N.nodf,H2,H3,H4,H17,cent_between,cent_close,cent_eigen,diam,mean_path_length,deg_het_row,deg_het_col
empirical,HMP_553359145,microbiome,57.635031,36.458797,29.462157,0.03627688719817853,0.05193627734436675,0.11140437620457141,51.75656026461294,39.95924941233345,3.8069959571102125,23.768309356899238,20.78294185974471,59.6350306299532,38.45879710936365,31.4621572330927,-34.45879710936356,NA,NA,-0.7873372274693139,NA,NA,NA,NA,4931076,20090100,1688952989,460499899368,0.19994689771272534,0.3435608802339212,0.9789218160113269,6,3.5621965453107496,1.5424904982628527,1.3442014893144796
