randomization,name,type,l1,l2,l3,ipr1,ipr2,ipr3,l1_cm,l1_er,l1_reg,l2_mp,l3_mp,l1_lap,l2_lap,l3_lap,alg_conn,clustering_c,clustering_r,deg_assort,Q,N.olap,N.temp,N.nodf,H2,H3,H4,H17,cent_between,cent_close,cent_eigen,diam,mean_path_length,deg_het_row,deg_het_col
empirical,HMP_159470302,microbiome,103.273687,49.948092,49.152616,0.03235680594807275,0.05950395508960677,0.0925788416364734,92.26471039192049,64.96092801083884,4.6253217879709805,33.791300445346636,30.3637386449694,105.27368663972742,51.94809169384577,51.15261561576753,-47.94809169384602,NA,NA,-0.777255588889178,NA,NA,NA,NA,32712129,198364773,27415653744,18278695594577,0.17099143913220965,0.3118526040516495,0.9859465580916609,6,3.47130173530862,1.6667666637861995,1.4875455263608022
