randomization,name,type,l1,l2,l3,ipr1,ipr2,ipr3,l1_cm,l1_er,l1_reg,l2_mp,l3_mp,l1_lap,l2_lap,l3_lap,alg_conn,clustering_c,clustering_r,deg_assort,Q,N.olap,N.temp,N.nodf,H2,H3,H4,H17,cent_between,cent_close,cent_eigen,diam,mean_path_length,deg_het_row,deg_het_col
erdos-renyi,American_Naturalist-2006,authorship,19.146851,8.644329,8.461922,0.0015608890925280783,0.005059963039233355,0.007249040518791341,19.114059286162046,19.036804615754633,16.997752808988764,8.429160047703405,7.152881810604532,21.1468507070159,10.644328932118201,10.461922345594909,-6.644328932118207,NA,NA,-0.7013567809074897,NA,1.3122748362937851e-5,22.82650576485305,4.6460623520199835,145223,2463532,1035273,5979693,0.0066647910753849,0.07492329595044778,0.5295728885626128,5,2.996152728099999,1.0354486069307116,1.0787386031582147
