randomization,name,type,l1,l2,l3,ipr1,ipr2,ipr3,l1_cm,l1_er,l1_reg,l2_mp,l3_mp,l1_lap,l2_lap,l3_lap,alg_conn,clustering_c,clustering_r,deg_assort,Q,N.olap,N.temp,N.nodf,H2,H3,H4,H17,cent_between,cent_close,cent_eigen,diam,mean_path_length,deg_het_row,deg_het_col
erdos-renyi,American_Naturalist-2015,authorship,19.164482,8.544111,8.465775,0.0013132314427936906,0.00813029796264605,0.004687246513639709,19.073464103995097,18.95830736415139,17.713444553483807,8.357577978539057,7.157058493605464,21.164482218889685,10.544110682336866,10.46577456342147,-6.544110682336938,NA,NA,-0.3668834895253503,NA,NA,NA,NA,165988,2946651,1058781,5275542,0.0064254843424113965,0.06975409802997909,0.5816402406803776,5,3.0095031339712457,1.0501389031698654,1.0653043484933356
