randomization,name,type,l1,l2,l3,ipr1,ipr2,ipr3,l1_cm,l1_er,l1_reg,l2_mp,l3_mp,l1_lap,l2_lap,l3_lap,alg_conn,clustering_c,clustering_r,deg_assort,Q,N.olap,N.temp,N.nodf,H2,H3,H4,H17,cent_between,cent_close,cent_eigen,diam,mean_path_length,deg_het_row,deg_het_col
erdos-renyi,American_Naturalist-2013,authorship,19.988223,8.738643,8.584447,0.0012879780846967214,0.007919793098398648,0.004128672061835596,19.930619175548806,19.860947201684485,18.501492537313432,8.563485513297577,7.327622667673985,21.988222648311066,10.738642809418492,10.584447427618972,-6.738642809418442,NA,NA,-0.46615399569165145,NA,NA,NA,NA,179868,3324557,1211077,6355065,0.004813849171989892,0.06990191538359478,0.5010586384799935,5,2.9741452102039605,1.0410723837363975,1.0646024770123135
