randomization,name,type,l1,l2,l3,ipr1,ipr2,ipr3,l1_cm,l1_er,l1_reg,l2_mp,l3_mp,l1_lap,l2_lap,l3_lap,alg_conn,clustering_c,clustering_r,deg_assort,Q,N.olap,N.temp,N.nodf,H2,H3,H4,H17,cent_between,cent_close,cent_eigen,diam,mean_path_length,deg_het_row,deg_het_col
erdos-renyi,Ecography-2011,authorship,18.661969,8.449921,8.397083,0.0015928133658398146,0.0051447413796612395,0.005640336568227554,18.614398119815913,18.551446256674506,16.25195094760312,8.352594845681153,7.085413892138464,20.66196920099929,10.449920945312602,10.397083213989275,-6.449920945312712,NA,NA,-0.7587590465059552,NA,NA,NA,NA,138250,2241247,995325,5835475,0.006662031915870826,0.07724579489471,0.49857805802001226,5,3.036062669214843,1.0333136826134757,1.0839303444877662
