randomization,name,type,l1,l2,l3,ipr1,ipr2,ipr3,l1_cm,l1_er,l1_reg,l2_mp,l3_mp,l1_lap,l2_lap,l3_lap,alg_conn,clustering_c,clustering_r,deg_assort,Q,N.olap,N.temp,N.nodf,H2,H3,H4,H17,cent_between,cent_close,cent_eigen,diam,mean_path_length,deg_het_row,deg_het_col
erdos-renyi,Ecography-2013,authorship,21.091931,8.867268,8.807357,0.0012127564669071754,0.003938313150028097,0.0038288556531294485,21.04966983901435,21.023043795830592,19.60882070949185,8.82177353704256,7.564445978849142,23.091930573630965,10.867267708162279,10.807356704431077,-6.867267708162181,NA,NA,-0.5112898244463683,NA,NA,NA,NA,209884,4101217,1500627,8361277,0.004931566517214947,0.07103207863692002,0.4862841967586054,5,2.9457952937322762,1.0381907134626789,1.0573913383085012
