randomization,name,type,l1,l2,l3,ipr1,ipr2,ipr3,l1_cm,l1_er,l1_reg,l2_mp,l3_mp,l1_lap,l2_lap,l3_lap,alg_conn,clustering_c,clustering_r,deg_assort,Q,N.olap,N.temp,N.nodf,H2,H3,H4,H17,cent_between,cent_close,cent_eigen,diam,mean_path_length,deg_het_row,deg_het_col
erdos-renyi,Ecography-2012,authorship,18.715069,8.447575,8.308995,0.001504241952409946,0.004890134994871568,0.004396794310132085,18.656183360888086,18.572258435500125,16.5580404685836,8.335515491575471,7.0937869877014865,20.715068877415124,10.447574860853999,10.308994598331038,-6.447574860853922,NA,NA,-0.6892553487207443,NA,5.585740755215909e-5,21.155809304044666,4.301956744129291,145555,2407599,1013536,5733856,0.009296616614550857,0.0842608734187836,0.5510847512260367,5,3.0351210628736736,1.0383327721801823,1.0797395208041105
