randomization,name,type,l1,l2,l3,ipr1,ipr2,ipr3,l1_cm,l1_er,l1_reg,l2_mp,l3_mp,l1_lap,l2_lap,l3_lap,alg_conn,clustering_c,clustering_r,deg_assort,Q,N.olap,N.temp,N.nodf,H2,H3,H4,H17,cent_between,cent_close,cent_eigen,diam,mean_path_length,deg_het_row,deg_het_col
erdos-renyi,Ecography-2016,authorship,18.8115,8.395602,8.337004,0.0013524365557142884,0.005650427788576551,0.004438777359039764,18.741835166698955,18.629483729498048,17.038728897715988,8.316734496295956,7.111714481757337,20.81149979258625,10.39560249018077,10.337004127044848,-6.395602490180898,NA,NA,-0.5581715608973837,NA,NA,NA,NA,157643,2691629,1035542,5398801,0.004985193222604051,0.07145043087470872,0.5104555560809555,5,3.0372363633491997,1.0419257448592438,1.0771168007017897
