randomization,name,type,l1,l2,l3,ipr1,ipr2,ipr3,l1_cm,l1_er,l1_reg,l2_mp,l3_mp,l1_lap,l2_lap,l3_lap,alg_conn,clustering_c,clustering_r,deg_assort,Q,N.olap,N.temp,N.nodf,H2,H3,H4,H17,cent_between,cent_close,cent_eigen,diam,mean_path_length,deg_het_row,deg_het_col
erdos-renyi,Ecology_Letters-2007,authorship,20.771123,8.892282,8.880362,0.001410534601480136,0.005660710723748227,0.004620218380162357,20.724058768507174,20.633500155588383,18.40612244897959,8.804784975984788,7.512119104483633,22.77112291807592,10.89228199561055,10.880362028183779,-6.892281995610616,NA,NA,-0.7299234906598965,NA,NA,NA,NA,189350,3486099,1485403,9461314,0.006122287034993589,0.06816336245469364,0.4927211668907101,5,2.973898813866711,1.032004972169421,1.0752856681895429
