randomization,name,type,l1,l2,l3,ipr1,ipr2,ipr3,l1_cm,l1_er,l1_reg,l2_mp,l3_mp,l1_lap,l2_lap,l3_lap,alg_conn,clustering_c,clustering_r,deg_assort,Q,N.olap,N.temp,N.nodf,H2,H3,H4,H17,cent_between,cent_close,cent_eigen,diam,mean_path_length,deg_het_row,deg_het_col
erdos-renyi,Ecology-2007,authorship,21.709327,9.224531,9.039673,0.001154191725287064,0.004093041131078412,0.0036303096625627993,21.659171010522687,21.614157928139974,20.235078053259876,8.948539209662696,7.691740697422608,23.709326601496628,11.224530654026346,11.0396731335832,-7.2245306540262355,NA,NA,-0.4858259434220794,NA,NA,NA,NA,232419,4694843,1699434,9639135,0.004063330793647745,0.06230614747173014,0.47289421137513615,5,2.938556689893588,1.0374078872437686,1.0572500037151042
