randomization,name,type,l1,l2,l3,ipr1,ipr2,ipr3,l1_cm,l1_er,l1_reg,l2_mp,l3_mp,l1_lap,l2_lap,l3_lap,alg_conn,clustering_c,clustering_r,deg_assort,Q,N.olap,N.temp,N.nodf,H2,H3,H4,H17,cent_between,cent_close,cent_eigen,diam,mean_path_length,deg_het_row,deg_het_col
erdos-renyi,Ecology-2014,authorship,21.549159,9.095155,8.900975,0.001077117484259703,0.004512924143459398,0.004567773788036265,21.498147475553605,21.368713497036758,20.272027373823782,8.883442861540747,7.666926531172561,23.549159019906917,11.09515499881144,10.900974678829776,-7.095154998811405,NA,NA,-0.2503131006745562,NA,NA,NA,NA,244899,4974034,1722263,9285511,0.005542762643296461,0.07247943207422242,0.5601205625766105,5,2.9606764943693826,1.0472401897506234,1.0559761119327509
