randomization,name,type,l1,l2,l3,ipr1,ipr2,ipr3,l1_cm,l1_er,l1_reg,l2_mp,l3_mp,l1_lap,l2_lap,l3_lap,alg_conn,clustering_c,clustering_r,deg_assort,Q,N.olap,N.temp,N.nodf,H2,H3,H4,H17,cent_between,cent_close,cent_eigen,diam,mean_path_length,deg_het_row,deg_het_col
erdos-renyi,Ecology_Letters-2011,authorship,26.460285,9.879918,9.838321,9.530200764663359e-4,0.0035184955238903204,0.002704111961636401,26.427701242305382,26.372343844989015,25.349514563106798,9.87097646586264,8.54946640822114,28.460285222553285,11.879917832745125,11.838321051985341,NA,NA,NA,-0.16853780065120436,NA,NA,NA,NA,399808,10124184,3424533,22150069,0.002858386772525904,0.05929448306589956,0.43771920046633256,4,2.8109822727094063,1.034695887138071,1.0424090831770036
