randomization,name,type,l1,l2,l3,ipr1,ipr2,ipr3,l1_cm,l1_er,l1_reg,l2_mp,l3_mp,l1_lap,l2_lap,l3_lap,alg_conn,clustering_c,clustering_r,deg_assort,Q,N.olap,N.temp,N.nodf,H2,H3,H4,H17,cent_between,cent_close,cent_eigen,diam,mean_path_length,deg_het_row,deg_het_col
erdos-renyi,Ecological_Applications-2015,authorship,14.989562,7.701396,7.583545,0.0016539121426571645,0.007379705306627657,0.0066484115652103454,14.925781106333833,14.784752938383097,13.050218340611353,7.412364092711457,6.295613394560304,16.98956174352388,9.70139601128827,9.58354491164267,-5.701396011288275,NA,NA,-0.6147829457958962,NA,NA,NA,NA,87954,1149017,480869,2139022,0.00864293292350204,0.085086574483018,0.5980030186596561,6,3.1948481160665283,1.0529447428124246,1.1036797993893777
