randomization,name,type,l1,l2,l3,ipr1,ipr2,ipr3,l1_cm,l1_er,l1_reg,l2_mp,l3_mp,l1_lap,l2_lap,l3_lap,alg_conn,clustering_c,clustering_r,deg_assort,Q,N.olap,N.temp,N.nodf,H2,H3,H4,H17,cent_between,cent_close,cent_eigen,diam,mean_path_length,deg_het_row,deg_het_col
erdos-renyi,Ecological_Applications-2007,authorship,21.216359,8.984068,8.902296,0.0011057926742447232,0.0032709905517050147,0.003506909512307519,21.15837181242895,21.07623803007587,19.879159369527144,8.82825525594684,7.608601393845798,23.21635873025358,10.984067693910092,10.902295792094131,-6.984067693910047,NA,NA,-0.34398653297234943,NA,NA,NA,NA,231732,4608382,1618363,8683959,0.0040751947131578235,0.06589993407669784,0.4570458177067786,5,2.9687050563996618,1.0410326264305334,1.0593217204884486
