randomization,name,type,l1,l2,l3,ipr1,ipr2,ipr3,l1_cm,l1_er,l1_reg,l2_mp,l3_mp,l1_lap,l2_lap,l3_lap,alg_conn,clustering_c,clustering_r,deg_assort,Q,N.olap,N.temp,N.nodf,H2,H3,H4,H17,cent_between,cent_close,cent_eigen,diam,mean_path_length,deg_het_row,deg_het_col
erdos-renyi,Ecological_Applications-2006,authorship,21.805737,9.210248,8.972493,0.0011162771897848377,0.003403306885561153,0.0040243701356022805,21.758720884002543,21.65328763046637,20.359929078014183,8.95423745027783,7.711748603207946,23.80573652963364,11.21024762049456,10.972492539286483,-7.210247620494577,NA,NA,-0.423874433950923,NA,NA,NA,NA,242491,4940089,1768188,9974436,0.003933222686499,0.06731592034232277,0.5041800026040836,5,2.9460832436582405,1.042648523609133,1.0574427486864426
