randomization,name,type,l1,l2,l3,ipr1,ipr2,ipr3,l1_cm,l1_er,l1_reg,l2_mp,l3_mp,l1_lap,l2_lap,l3_lap,alg_conn,clustering_c,clustering_r,deg_assort,Q,N.olap,N.temp,N.nodf,H2,H3,H4,H17,cent_between,cent_close,cent_eigen,diam,mean_path_length,deg_het_row,deg_het_col
erdos-renyi,Ecology-2016,authorship,21.159914,9.032617,8.825424,9.941886327855913e-4,0.0027928575821179755,0.003673909120931634,21.122048550429135,21.019611646538067,20.019386106623585,8.81125825179362,7.627315069185911,23.159913634359796,11.03261707530279,10.825424426498342,-7.032617075302729,NA,NA,-0.1402712889485704,NA,NA,NA,NA,250242,5012760,1697480,8697392,0.0034035762334320417,0.0582887189624696,0.44404142376539635,5,2.9915058449555505,1.0457758519730551,1.0563653959884158
