randomization,name,type,l1,l2,l3,ipr1,ipr2,ipr3,l1_cm,l1_er,l1_reg,l2_mp,l3_mp,l1_lap,l2_lap,l3_lap,alg_conn,clustering_c,clustering_r,deg_assort,Q,N.olap,N.temp,N.nodf,H2,H3,H4,H17,cent_between,cent_close,cent_eigen,diam,mean_path_length,deg_het_row,deg_het_col
erdos-renyi,Ecology_Letters-2013,authorship,24.884259,9.703542,9.62362,8.488844694233433e-4,0.004427861531987331,0.002659955980256908,24.860201107817556,24.781935134247842,23.849246231155778,9.585497972693805,8.349290564439798,26.884259274382014,11.703541838031235,11.623620351636793,-7.703541838031368,NA,NA,-0.02775456417522098,NA,NA,NA,NA,396448,9450578,3157346,18879626,0.0034469394483580694,0.07255470095406832,0.49219509482603513,5,2.9067835070260992,1.0416927846937252,1.0425698662139093
