randomization,name,type,l1,l2,l3,ipr1,ipr2,ipr3,l1_cm,l1_er,l1_reg,l2_mp,l3_mp,l1_lap,l2_lap,l3_lap,alg_conn,clustering_c,clustering_r,deg_assort,Q,N.olap,N.temp,N.nodf,H2,H3,H4,H17,cent_between,cent_close,cent_eigen,diam,mean_path_length,deg_het_row,deg_het_col
erdos-renyi,Ecology-2008,authorship,21.488575,9.003514,8.941154,0.0011472590850221131,0.004388396111962589,0.0037134480025285393,21.444840726374373,21.379759037325258,20.0090661831369,8.901450956684808,7.656075989402616,23.488575218687412,11.003513555107785,10.94115372689613,-7.0035135551077845,NA,NA,-0.47218365251778344,NA,NA,NA,NA,230404,4603128,1673292,9474336,0.0038996308088817652,0.06902371825698532,0.45780983262379993,5,2.9515115515678243,1.0406540789911574,1.0570373665864001
