randomization,name,type,l1,l2,l3,ipr1,ipr2,ipr3,l1_cm,l1_er,l1_reg,l2_mp,l3_mp,l1_lap,l2_lap,l3_lap,alg_conn,clustering_c,clustering_r,deg_assort,Q,N.olap,N.temp,N.nodf,H2,H3,H4,H17,cent_between,cent_close,cent_eigen,diam,mean_path_length,deg_het_row,deg_het_col
erdos-renyi,Ecology-2012,authorship,22.98935,9.363019,9.215304,9.97421312765478e-4,0.00578325100990294,0.0035980985044398103,22.953863185221056,22.89671357410953,21.846913580246913,9.199749288213688,7.957537908892201,24.989350108297508,11.363019395118206,11.215304292567689,-7.363019395118256,NA,NA,-0.20957715642897426,NA,NA,NA,NA,292961,6391021,2178296,12281707,0.003969352602765138,0.06322061621881053,0.4767297953234665,5,2.9194459698578314,1.0400683106121795,1.0494121058133234
