randomization,name,type,l1,l2,l3,ipr1,ipr2,ipr3,l1_cm,l1_er,l1_reg,l2_mp,l3_mp,l1_lap,l2_lap,l3_lap,alg_conn,clustering_c,clustering_r,deg_assort,Q,N.olap,N.temp,N.nodf,H2,H3,H4,H17,cent_between,cent_close,cent_eigen,diam,mean_path_length,deg_het_row,deg_het_col
erdos-renyi,Ecological_Monographs-2009,authorship,12.367836,7.103479,6.898107,0.004060027638614094,0.01409440991612411,0.01838399239453915,12.330452409264094,12.385373306583034,8.39572192513369,7.060674261785948,5.746472668587416,14.367835648757424,9.103479141123984,8.898106649667152,-5.103479141123928,0.7564441027466619,0.2965586462407831,-0.902920359857815,0.28659841958880433,-4.985893943888144e-4,26.318652100075326,5.819219502722918,35451,284088,258206,1562545,0.02620101353708246,0.12037037457060887,0.6757359294928319,6,3.3270562770562773,1.0287331917905165,1.1498312755532116
