randomization,name,type,l1,l2,l3,ipr1,ipr2,ipr3,l1_cm,l1_er,l1_reg,l2_mp,l3_mp,l1_lap,l2_lap,l3_lap,alg_conn,clustering_c,clustering_r,deg_assort,Q,N.olap,N.temp,N.nodf,H2,H3,H4,H17,cent_between,cent_close,cent_eigen,diam,mean_path_length,deg_het_row,deg_het_col
erdos-renyi,Ecology_Letters-2008,authorship,23.702826,9.381941,9.276956,0.0011319630245346295,0.0034328169564294365,0.003487982473560307,23.67121108101086,23.575204470317015,22.138433515482696,9.347072325072917,8.039779950027569,25.702826498424876,11.381941425524076,11.276955565983632,-7.381941425524059,NA,NA,-0.5058709480476743,NA,NA,NA,NA,281457,6233160,2266396,14196871,0.004668284016806498,0.06946998360309073,0.4931668091893088,5,2.8708599209966574,1.0348504867149892,1.056288843663902
