randomization,name,type,l1,l2,l3,ipr1,ipr2,ipr3,l1_cm,l1_er,l1_reg,l2_mp,l3_mp,l1_lap,l2_lap,l3_lap,alg_conn,clustering_c,clustering_r,deg_assort,Q,N.olap,N.temp,N.nodf,H2,H3,H4,H17,cent_between,cent_close,cent_eigen,diam,mean_path_length,deg_het_row,deg_het_col
erdos-renyi,Journal_Ecology-2009,authorship,20.345312,8.893251,8.688496,0.0014606026349052313,0.005022187675775392,0.00567365189257168,20.303489802909446,20.19334314523216,18.31135135135135,8.666951450314071,7.375639343744476,22.34531235073178,10.893251294936322,10.68849625924185,-6.893251294936361,NA,NA,-0.6592365261343998,NA,1.6302221799288145e-4,23.212111644563784,4.703871930362467,171429,3138867,1267003,7526191,0.006458397093578503,0.07402460010041724,0.5112127307694193,5,2.950813150813151,1.0385550234739547,1.0714032511394622
