randomization,name,type,l1,l2,l3,ipr1,ipr2,ipr3,l1_cm,l1_er,l1_reg,l2_mp,l3_mp,l1_lap,l2_lap,l3_lap,alg_conn,clustering_c,clustering_r,deg_assort,Q,N.olap,N.temp,N.nodf,H2,H3,H4,H17,cent_between,cent_close,cent_eigen,diam,mean_path_length,deg_het_row,deg_het_col
erdos-renyi,Journal_Ecology-2013,authorship,22.746197,9.2511,9.166736,0.0010377732796376501,0.0033541659121254243,0.0033522593545347334,22.68392575520698,22.623102113392925,21.622033898305084,9.135076411115747,7.890482717882543,24.746196513341285,11.25109966813429,11.166735712899152,-7.2510996681342,NA,NA,-0.11894594251563892,NA,NA,NA,NA,277524,6000147,2024469,11150250,0.004502636514436923,0.07492863769176625,0.5433491894479635,5,2.9171518523310476,1.0390768711340923,1.0516358414280589
