randomization,name,type,l1,l2,l3,ipr1,ipr2,ipr3,l1_cm,l1_er,l1_reg,l2_mp,l3_mp,l1_lap,l2_lap,l3_lap,alg_conn,clustering_c,clustering_r,deg_assort,Q,N.olap,N.temp,N.nodf,H2,H3,H4,H17,cent_between,cent_close,cent_eigen,diam,mean_path_length,deg_het_row,deg_het_col
erdos-renyi,Journal_Animal_Ecology-2015,authorship,20.784641,8.955158,8.80752,0.0011477922046063494,0.004461046902910905,0.0037149976337622426,20.726583126798545,20.66830313732445,19.593376264949402,8.72321037742274,7.500306373039427,22.78464101323838,10.95515795027141,10.807519681932083,-6.955157950271475,NA,NA,-0.2305751521563935,NA,NA,NA,NA,211637,4143262,1422240,7272753,0.0050873075599787935,0.07085214334742063,0.5266325199039301,5,2.960292490694479,1.0436924032224313,1.0556341021467668
