randomization,name,type,l1,l2,l3,ipr1,ipr2,ipr3,l1_cm,l1_er,l1_reg,l2_mp,l3_mp,l1_lap,l2_lap,l3_lap,alg_conn,clustering_c,clustering_r,deg_assort,Q,N.olap,N.temp,N.nodf,H2,H3,H4,H17,cent_between,cent_close,cent_eigen,diam,mean_path_length,deg_het_row,deg_het_col
erdos-renyi,Journal_Animal_Ecology-2012,authorship,19.876206,8.698463,8.573277,0.001402878496603751,0.005883108209909412,0.004593223343497004,19.82313116639306,19.733892006787414,18.177777777777777,8.543075698262664,7.282808565837838,21.876206417970124,10.698462807443732,10.573277311204107,-6.698462807443777,NA,NA,-0.5559178320699019,NA,-2.297456098948704e-6,22.024771360574572,4.393848029705488,166797,3033006,1147743,6232801,0.006673709976511436,0.07970246446651426,0.5480898398471694,5,2.9652138821630345,1.0376880071756185,1.0714942951573017
