randomization,name,type,l1,l2,l3,ipr1,ipr2,ipr3,l1_cm,l1_er,l1_reg,l2_mp,l3_mp,l1_lap,l2_lap,l3_lap,alg_conn,clustering_c,clustering_r,deg_assort,Q,N.olap,N.temp,N.nodf,H2,H3,H4,H17,cent_between,cent_close,cent_eigen,diam,mean_path_length,deg_het_row,deg_het_col
erdos-renyi,Journal_Animal_Ecology-2009,authorship,20.802838,8.989997,8.811519,0.0013878669318684086,0.005359003108644012,0.0037375329603555464,20.744955795487424,20.579597103692837,18.89968976215098,8.7365089086269,7.456668201647833,22.802838377887127,10.989996742264077,10.811518859647038,-6.989996742264025,NA,NA,-0.5856955694378801,NA,3.8058197720767834e-4,22.292081536676022,4.562004635660066,187364,3549480,1384403,8178119,0.005735564792734039,0.07177485929934876,0.5125249004999348,5,2.943272934370457,1.0464515281622546,1.0661575403167338
