randomization,name,type,l1,l2,l3,ipr1,ipr2,ipr3,l1_cm,l1_er,l1_reg,l2_mp,l3_mp,l1_lap,l2_lap,l3_lap,alg_conn,clustering_c,clustering_r,deg_assort,Q,N.olap,N.temp,N.nodf,H2,H3,H4,H17,cent_between,cent_close,cent_eigen,diam,mean_path_length,deg_het_row,deg_het_col
erdos-renyi,Journal_Ecology-2016,authorship,19.504767,8.602128,8.468033,0.0011366340877325578,0.0033702530223980987,0.004840668714049243,19.457339902369622,19.430714081806066,18.357664233576642,8.458438225839393,7.274325075726621,21.50476705681458,10.602128408419778,10.468033005934833,-6.602128408419775,NA,NA,-0.24719797650320977,NA,NA,NA,NA,187111,3424394,1172900,5558471,0.0032686567116792875,0.05572013419038257,0.48418812571582914,5,3.009965670099657,1.0432309522586154,1.059270500258884
