randomization,name,type,l1,l2,l3,ipr1,ipr2,ipr3,l1_cm,l1_er,l1_reg,l2_mp,l3_mp,l1_lap,l2_lap,l3_lap,alg_conn,clustering_c,clustering_r,deg_assort,Q,N.olap,N.temp,N.nodf,H2,H3,H4,H17,cent_between,cent_close,cent_eigen,diam,mean_path_length,deg_het_row,deg_het_col
erdos-renyi,Journal_Animal_Ecology-2011,authorship,20.001213,8.715274,8.598748,0.0013762017576564927,0.004207845752385516,0.0048860521770926054,19.970337129901427,19.89808009745965,18.249214659685865,8.589362699190882,7.325335000662431,22.001213387341156,10.715274334111115,10.598747740027564,-6.715274334111066,NA,NA,-0.60575113024420435,NA,NA,NA,NA,171465,3121083,1206607,6740022,0.005458036686599803,0.06442954185127597,0.46515878030546254,5,2.9647074319207087,1.0397773344559254,1.0669971773833091
