randomization,name,type,l1,l2,l3,ipr1,ipr2,ipr3,l1_cm,l1_er,l1_reg,l2_mp,l3_mp,l1_lap,l2_lap,l3_lap,alg_conn,clustering_c,clustering_r,deg_assort,Q,N.olap,N.temp,N.nodf,H2,H3,H4,H17,cent_between,cent_close,cent_eigen,diam,mean_path_length,deg_het_row,deg_het_col
erdos-renyi,Journal_Animal_Ecology-2016,authorship,18.203632,8.332102,8.223353,0.0014000581367486652,0.005333963041588788,0.004659650209072414,18.16511441825362,18.03963024807797,16.577685088633995,8.163487921155863,6.963263023874017,20.20363216914443,10.332101707242247,10.223353355886863,-6.332101707242263,NA,NA,-0.5210265415729547,NA,1.7394110534679316e-4,19.32870905085321,3.9797600162258373,140514,2332110,878197,4313285,0.005282001901711697,0.07337349474744731,0.5148006881227931,5,3.0379679598398646,1.0454137420685123,1.0783791012907942
