randomization,name,type,l1,l2,l3,ipr1,ipr2,ipr3,l1_cm,l1_er,l1_reg,l2_mp,l3_mp,l1_lap,l2_lap,l3_lap,alg_conn,clustering_c,clustering_r,deg_assort,Q,N.olap,N.temp,N.nodf,H2,H3,H4,H17,cent_between,cent_close,cent_eigen,diam,mean_path_length,deg_het_row,deg_het_col
erdos-renyi,Journal_Applied_Ecology-2007,authorship,18.353082,8.444573,8.263936,0.0013854727660170339,0.0044625427533398114,0.004396806206384247,18.32426895313221,18.26877218218597,16.460285132382893,8.255438443319532,7.045566712252939,20.353082313308505,10.444572979162203,10.263936310382507,-6.444572979162195,NA,NA,-0.6623162456505424,NA,-5.8641772366160154e-5,19.72052512254731,3.973510818256993,146832,2408676,970578,5133120,0.006159668444705625,0.07127127205315793,0.5262290684702641,5,3.0565967226592425,1.0368088635656754,1.0792436178024545
