randomization,name,type,l1,l2,l3,ipr1,ipr2,ipr3,l1_cm,l1_er,l1_reg,l2_mp,l3_mp,l1_lap,l2_lap,l3_lap,alg_conn,clustering_c,clustering_r,deg_assort,Q,N.olap,N.temp,N.nodf,H2,H3,H4,H17,cent_between,cent_close,cent_eigen,diam,mean_path_length,deg_het_row,deg_het_col
erdos-renyi,Oikos-2006,authorship,21.228579,9.048001,8.992384,0.0013177854812523654,0.003665622536699896,0.004199555619468223,21.1906002261016,21.181940046074725,19.281124497991968,8.891312470675306,7.598702991088944,23.228579086490985,11.048001490922614,10.992384057001539,-7.048001490922662,NA,NA,-0.6906308710866638,NA,-1.5955784120185888e-4,23.17122510259651,4.512011238393027,202875,3895381,1549922,9425552,0.004987868954036439,0.07735778095575764,0.5063465974396302,5,2.9441767068273093,1.0300207148922014,1.0648570879816965
