randomization,name,type,l1,l2,l3,ipr1,ipr2,ipr3,l1_cm,l1_er,l1_reg,l2_mp,l3_mp,l1_lap,l2_lap,l3_lap,alg_conn,clustering_c,clustering_r,deg_assort,Q,N.olap,N.temp,N.nodf,H2,H3,H4,H17,cent_between,cent_close,cent_eigen,diam,mean_path_length,deg_het_row,deg_het_col
erdos-renyi,Oikos-2009,authorship,21.52858,9.022011,8.919384,0.0012064543236168504,0.0036677717562829094,0.004236007370550547,21.47554184066742,21.342306462446206,19.867041198501873,8.896012566950791,7.637139930908706,23.528580019931702,11.022011148541418,10.919384483652513,-7.022011148541264,NA,NA,-0.5136670800410514,NA,NA,NA,NA,222674,4438167,1636559,9384874,0.004483312748613848,0.06784603614158681,0.4796509536898107,5,2.944571394472935,1.0374375301424783,1.0675260018622155
