randomization,name,type,l1,l2,l3,ipr1,ipr2,ipr3,l1_cm,l1_er,l1_reg,l2_mp,l3_mp,l1_lap,l2_lap,l3_lap,alg_conn,clustering_c,clustering_r,deg_assort,Q,N.olap,N.temp,N.nodf,H2,H3,H4,H17,cent_between,cent_close,cent_eigen,diam,mean_path_length,deg_het_row,deg_het_col
erdos-renyi,Oikos-2016,authorship,20.130855,8.783436,8.69012,0.0011422360786725893,0.004203463450384261,0.004024565701815162,20.089215610542205,19.9470157798597,18.727758007117437,8.586538532203127,7.392581508501747,22.130854549801843,10.783436004132609,10.690120436681743,-6.783436004132559,NA,NA,-0.3586064145527286,NA,NA,NA,NA,203835,3827364,1359710,7013182,0.004810816111312245,0.06804550371557196,0.47410478052537536,5,3.0051622021593154,1.045599408714688,1.067034196376685
