randomization,name,type,l1,l2,l3,ipr1,ipr2,ipr3,l1_cm,l1_er,l1_reg,l2_mp,l3_mp,l1_lap,l2_lap,l3_lap,alg_conn,clustering_c,clustering_r,deg_assort,Q,N.olap,N.temp,N.nodf,H2,H3,H4,H17,cent_between,cent_close,cent_eigen,diam,mean_path_length,deg_het_row,deg_het_col
erdos-renyi,Oikos-2013,authorship,21.296404,8.956249,8.882373,0.0011303791777812382,0.003539641755995692,0.00384602107632275,21.257175972798798,21.160360184125555,19.875111507582517,8.850409676576891,7.619373687051688,23.29640387367641,10.956248856067301,10.882373106228771,-6.95624885606726,NA,NA,-0.4149437069641426,NA,NA,NA,NA,229477,4561351,1632337,8992912,0.004155419058963991,0.0637778213414187,0.45703664967061985,5,2.961650949407417,1.0408959255307833,1.0607668356707032
