randomization,name,type,l1,l2,l3,ipr1,ipr2,ipr3,l1_cm,l1_er,l1_reg,l2_mp,l3_mp,l1_lap,l2_lap,l3_lap,alg_conn,clustering_c,clustering_r,deg_assort,Q,N.olap,N.temp,N.nodf,H2,H3,H4,H17,cent_between,cent_close,cent_eigen,diam,mean_path_length,deg_het_row,deg_het_col
erdos-renyi,EP_1979,legislature,24.422688,10.755259,10.253018,0.027039626146948728,0.04567060886554305,0.052488099425516924,24.392620906052038,24.379647405117705,7.188775510204081,10.481951993792093,8.063360974171747,26.42268818194203,12.755258676080217,12.253017864099368,-8.755258676080178,NA,NA,-0.985432439200083,0.23231774242537975,0.009747288111966615,68.60561496167551,37.23939615441771,101564,634134,4668364,164300815,0.13593034304887744,0.15015859004279292,0.8487421038552484,4,2.4081371679106427,1.1362169889300306,1.0076205836856342
