randomization,name,type,l1,l2,l3,ipr1,ipr2,ipr3,l1_cm,l1_er,l1_reg,l2_mp,l3_mp,l1_lap,l2_lap,l3_lap,alg_conn,clustering_c,clustering_r,deg_assort,Q,N.olap,N.temp,N.nodf,H2,H3,H4,H17,cent_between,cent_close,cent_eigen,diam,mean_path_length,deg_het_row,deg_het_col
erdos-renyi,EP_1984,legislature,59.381907,14.500904,14.298269,0.0019885339659086103,0.004734344541025167,0.006222627419063553,59.36390292236388,59.27637606291145,47.666666666666664,14.519401171085399,12.28821570801251,61.38190663331871,16.500903511338016,16.298269295369487,-12.500903511338164,NA,NA,-0.9629207227842588,NA,2.0199067789029125e-4,74.06581736939596,18.703796810509868,1343862,63819925,42471089,1131979756,0.006106929310206854,0.052695259736174546,0.49899952322975344,4,2.2191127456614184,1.028422116325948,1.0082016848473532
