randomization,name,type,l1,l2,l3,ipr1,ipr2,ipr3,l1_cm,l1_er,l1_reg,l2_mp,l3_mp,l1_lap,l2_lap,l3_lap,alg_conn,clustering_c,clustering_r,deg_assort,Q,N.olap,N.temp,N.nodf,H2,H3,H4,H17,cent_between,cent_close,cent_eigen,diam,mean_path_length,deg_het_row,deg_het_col
erdos-renyi,EP_1993,legislature,136.658,20.000485,19.871669,9.638455219119588e-4,0.002773935942964787,0.002751166738465742,136.6532075797859,136.69807859761366,135.9452313503305,20.069176636739662,17.474078232198565,138.65800006307845,22.000485273019176,21.871669057569942,-18.00048527301939,NA,NA,-0.03548839738974624,NA,NA,NA,NA,9765663,1324623931,440687025,14882285003,5.02323170378562e-4,0.02210456525906732,0.16260157555557134,3,2.2433868667341414,1.004750954854255,1.0054630983962267
