randomization,name,type,l1,l2,l3,ipr1,ipr2,ipr3,l1_cm,l1_er,l1_reg,l2_mp,l3_mp,l1_lap,l2_lap,l3_lap,alg_conn,clustering_c,clustering_r,deg_assort,Q,N.olap,N.temp,N.nodf,H2,H3,H4,H17,cent_between,cent_close,cent_eigen,diam,mean_path_length,deg_het_row,deg_het_col
erdos-renyi,EP_1980,legislature,43.290805,12.306442,12.104704,0.0033121667267264525,0.009513299246876161,0.010094113927445237,43.26943568126109,43.30985547052847,33.37087378640777,12.25873260806259,10.086623131794537,45.29080480087147,14.306441917792542,14.10470403379249,-10.306441917792581,NA,NA,-0.9641767979085651,0.12557146635407113,-1.4154530771303596e-4,77.91386937764949,21.530325308499812,459472,15163912,11287473,233185698,0.011833746271636225,0.055178710334492315,0.5450082500008289,4,2.1965018321937215,1.0351767517204749,1.0087576797663274
