randomization,name,type,l1,l2,l3,ipr1,ipr2,ipr3,l1_cm,l1_er,l1_reg,l2_mp,l3_mp,l1_lap,l2_lap,l3_lap,alg_conn,clustering_c,clustering_r,deg_assort,Q,N.olap,N.temp,N.nodf,H2,H3,H4,H17,cent_between,cent_close,cent_eigen,diam,mean_path_length,deg_het_row,deg_het_col
erdos-renyi,EP_1996,legislature,214.113505,24.131434,23.991686,7.349314886989451e-4,0.0023483710747075745,0.0021298120339513144,214.11079451265925,214.1488179512052,213.17740767559738,24.25509884769635,21.424487746457118,216.11350488997866,26.131434470094355,25.991685851262794,NA,NA,NA,-0.4652988728692026,NA,NA,NA,NA,31411251,6685156102,2236587494,119559709477,3.9796025014705904e-4,0.027766791657510368,0.15653321170249015,3,2.1900869984993023,1.0029386352830412,1.0031617536319775
