randomization,name,type,l1,l2,l3,ipr1,ipr2,ipr3,l1_cm,l1_er,l1_reg,l2_mp,l3_mp,l1_lap,l2_lap,l3_lap,alg_conn,clustering_c,clustering_r,deg_assort,Q,N.olap,N.temp,N.nodf,H2,H3,H4,H17,cent_between,cent_close,cent_eigen,diam,mean_path_length,deg_het_row,deg_het_col
erdos-renyi,EP_1983,legislature,64.5182,14.779315,14.221563,0.0017415726758615005,0.004866821641355966,0.004650227772001875,64.50402256301213,64.36753017578982,60.544095665171895,14.385370950764436,12.148683729745386,66.51820023135807,16.779314598071185,16.22156300413771,-12.779314598071066,NA,NA,-0.8695592225813199,0.10400043541833168,3.963218322024005e-4,78.58657294649944,20.663858945174496,1348698,81549981,32658919,633977867,0.003674080271345308,0.06458574349062991,0.36770894007062643,4,2.2734441431039265,1.020167926394855,1.010202653362029
