randomization,name,type,l1,l2,l3,ipr1,ipr2,ipr3,l1_cm,l1_er,l1_reg,l2_mp,l3_mp,l1_lap,l2_lap,l3_lap,alg_conn,clustering_c,clustering_r,deg_assort,Q,N.olap,N.temp,N.nodf,H2,H3,H4,H17,cent_between,cent_close,cent_eigen,diam,mean_path_length,deg_het_row,deg_het_col
erdos-renyi,EP_1992,legislature,114.498148,18.392582,18.23043,0.0010550548654251998,0.0035762852381930276,0.0031605403764109414,114.49676497274528,114.54914934592776,113.467758444217,18.65434117067125,16.156783051778426,116.49814792037142,20.392582020633895,20.230430389798283,-16.39258202063381,NA,NA,-0.4771823985237865,NA,NA,NA,NA,6308743,713952495,240099041,6874754641,8.425462589321521e-4,0.028291800398688907,0.19681135409296074,3,2.265202107488632,1.006373730456864,1.0061223388653153
