randomization,name,type,l1,l2,l3,ipr1,ipr2,ipr3,l1_cm,l1_er,l1_reg,l2_mp,l3_mp,l1_lap,l2_lap,l3_lap,alg_conn,clustering_c,clustering_r,deg_assort,Q,N.olap,N.temp,N.nodf,H2,H3,H4,H17,cent_between,cent_close,cent_eigen,diam,mean_path_length,deg_het_row,deg_het_col
erdos-renyi,EP_1988,legislature,141.858595,19.714312,19.526042,0.0010717571155802468,0.003137958339594074,0.0028180410805770835,141.85522416149718,141.83434294511022,140.3950103950104,19.933282446559332,17.296394848984654,143.85859456347117,21.714311575193538,21.52604162444696,-17.71431157519351,NA,NA,-0.6737465548489537,NA,3.9101643858158904e-5,91.7784510015082,29.886363826952028,9561297,1339709415,455005288,16369225222,9.298504542647612e-4,0.032406309622155335,0.2150524951702856,3,2.2031407858671126,1.0059191839731454,1.0043699142747355
