randomization,name,type,l1,l2,l3,ipr1,ipr2,ipr3,l1_cm,l1_er,l1_reg,l2_mp,l3_mp,l1_lap,l2_lap,l3_lap,alg_conn,clustering_c,clustering_r,deg_assort,Q,N.olap,N.temp,N.nodf,H2,H3,H4,H17,cent_between,cent_close,cent_eigen,diam,mean_path_length,deg_het_row,deg_het_col
erdos-renyi,EP_2004,legislature,255.548327,24.616856,24.566451,7.750531756405202e-4,0.0024981318620428254,0.0022160366638090912,255.54586800167567,255.57656840698712,254.58039816232773,24.894022112634538,21.98017188565215,257.54832677012774,26.61685615753094,26.566451492849634,NA,NA,NA,-0.572880209028626,NA,NA,NA,NA,42380733,10771265697,3606576563,230517443583,3.676930117914705e-4,0.025013299883826536,0.1437885327859169,3,2.108700779778564,1.0022944231149418,1.002237187408296
