randomization,name,type,l1,l2,l3,ipr1,ipr2,ipr3,l1_cm,l1_er,l1_reg,l2_mp,l3_mp,l1_lap,l2_lap,l3_lap,alg_conn,clustering_c,clustering_r,deg_assort,Q,N.olap,N.temp,N.nodf,H2,H3,H4,H17,cent_between,cent_close,cent_eigen,diam,mean_path_length,deg_het_row,deg_het_col
erdos-renyi,EP_2001,legislature,362.722838,28.89345,28.739624,6.176694052594671e-4,0.001665981136007809,0.0017497625781968307,362.72234007831116,362.7503785060768,348.2680295286769,29.044577906101527,25.952171255703,364.7228381936129,30.893450240950674,30.739624290141602,NA,NA,NA,-0.9805420704906654,NA,NA,NA,NA,115347188,40114126466,15537260106,1662938232681,6.640317016036576e-4,0.026878804016295093,0.2306206570260285,3,2.066889938567962,1.0012286510477608,1.0018970951134305
