randomization,name,type,l1,l2,l3,ipr1,ipr2,ipr3,l1_cm,l1_er,l1_reg,l2_mp,l3_mp,l1_lap,l2_lap,l3_lap,alg_conn,clustering_c,clustering_r,deg_assort,Q,N.olap,N.temp,N.nodf,H2,H3,H4,H17,cent_between,cent_close,cent_eigen,diam,mean_path_length,deg_het_row,deg_het_col
erdos-renyi,UN_1991,legislature,86.834822,8.833999,8.61764,0.00486789376519181,0.014551691728840802,0.016247129216318556,86.83609488996377,86.83917855031939,80,8.992552422565643,7.035070766809131,88.83482210319576,10.83399889420006,10.617640076705314,-6.833998894199918,NA,NA,-0.9835061925933362,0.04132242925367098,-0.10222594398735838,74.38127889723006,73.99719061078687,903543,71475350,31937489,923125679,0.006281544475976982,0.18790566228687353,0.303639531066468,3,1.7673706764615855,1.003788548493624,1.0018353401412388
