randomization,name,type,l1,l2,l3,ipr1,ipr2,ipr3,l1_cm,l1_er,l1_reg,l2_mp,l3_mp,l1_lap,l2_lap,l3_lap,alg_conn,clustering_c,clustering_r,deg_assort,Q,N.olap,N.temp,N.nodf,H2,H3,H4,H17,cent_between,cent_close,cent_eigen,diam,mean_path_length,deg_het_row,deg_het_col
erdos-renyi,UN_1971,legislature,81.008403,10.604148,10.10263,0.003999675407354645,0.009936508067559535,0.011218008528707225,81.01084404280321,80.98858720383785,80.57254901960785,10.793917571743025,8.603909120184607,83.00840283162005,12.604147738775524,12.102629915810892,-8.604147738775502,NA,NA,-0.2176122468911748,0.05475191915624123,-0.02179255163806734,85.37431707440012,62.56956156311022,822464,65760478,21807523,430827160,0.0015610899258018216,0.06752397945436009,0.15576385973970072,3,1.8669136946117029,1.0050268571341234,1.0045998594450543
