randomization,name,type,l1,l2,l3,ipr1,ipr2,ipr3,l1_cm,l1_er,l1_reg,l2_mp,l3_mp,l1_lap,l2_lap,l3_lap,alg_conn,clustering_c,clustering_r,deg_assort,Q,N.olap,N.temp,N.nodf,H2,H3,H4,H17,cent_between,cent_close,cent_eigen,diam,mean_path_length,deg_het_row,deg_het_col
erdos-renyi,UN_1976,legislature,88.109008,8.781829,8.619688,0.0045851495091580865,0.015481298645430153,0.011779772906823775,88.11182327875295,88.12971533474341,85.41630901287553,8.85485443583113,6.921782193941594,90.10900821261463,10.781828843736672,10.619687875033291,-6.7818288437366,NA,NA,-0.9609514365348141,0.04080435294636005,-0.09990603657843547,76.04867975186764,74.16845624694793,892256,75459037,27947197,683086404,0.0034096562956508255,0.12255224029610721,0.20569089633149068,3,1.7378274382122243,1.0028407208587073,1.0019717154707248
