randomization,name,type,l1,l2,l3,ipr1,ipr2,ipr3,l1_cm,l1_er,l1_reg,l2_mp,l3_mp,l1_lap,l2_lap,l3_lap,alg_conn,clustering_c,clustering_r,deg_assort,Q,N.olap,N.temp,N.nodf,H2,H3,H4,H17,cent_between,cent_close,cent_eigen,diam,mean_path_length,deg_het_row,deg_het_col
erdos-renyi,UN_1957,legislature,30.109827,6.698015,6.45921,0.011331161503874415,0.027683112762362967,0.024874924645801787,30.108018989420714,30.15057758795985,26.684210526315788,7.1196780061209655,5.187272011203859,32.10982744333038,8.698015022398568,8.459209950194673,-4.698015022398605,NA,NA,-0.9501535575432141,0.09615028003739877,-0.017254955272667703,77.97093907777581,56.56902179470698,49285,1278599,627595,6569716,0.020367470024137007,0.09660668967390264,0.3661791863748044,3,1.935103244837758,1.0209233777736282,1.0071093232980655
