randomization,name,type,l1,l2,l3,ipr1,ipr2,ipr3,l1_cm,l1_er,l1_reg,l2_mp,l3_mp,l1_lap,l2_lap,l3_lap,alg_conn,clustering_c,clustering_r,deg_assort,Q,N.olap,N.temp,N.nodf,H2,H3,H4,H17,cent_between,cent_close,cent_eigen,diam,mean_path_length,deg_het_row,deg_het_col
erdos-renyi,UN_1975,legislature,73.895788,8.832949,8.372632,0.005388883325757428,0.013818715554340997,0.013921440130013216,73.89729717143203,73.90308435887177,69.16431924882629,8.867059689031745,6.879720715768343,75.89578775877159,10.832948843056757,10.372632311132117,-6.832948843056722,NA,NA,-0.9729289984924424,0.04836428043843024,-0.07805493232935226,77.40898285170294,70.90468796924229,571806,39072050,16426694,381163597,0.006463568957776808,0.15489641120245376,0.2828682169019357,3,1.7908583576933297,1.0049752334938675,1.0024723378816556
