randomization,name,type,l1,l2,l3,ipr1,ipr2,ipr3,l1_cm,l1_er,l1_reg,l2_mp,l3_mp,l1_lap,l2_lap,l3_lap,alg_conn,clustering_c,clustering_r,deg_assort,Q,N.olap,N.temp,N.nodf,H2,H3,H4,H17,cent_between,cent_close,cent_eigen,diam,mean_path_length,deg_het_row,deg_het_col
erdos-renyi,UN_1987,legislature,127.224015,8.981984,8.812731,0.0033119926006636075,0.012072979616236431,0.010322067209287971,127.22477816413692,127.21635929379683,126.95394736842105,9.053200156987554,7.218677442809827,129.22401495996303,10.981984431408387,10.81273050585458,-6.981984431408338,NA,NA,-0.5409237084693741,0.027738467784163907,-0.13380951539582908,64.35880853380995,80.51883960004487,2437651,307447024,102129253,3192929014,6.150246139172326e-4,0.05958173166029776,0.088464148854772,3,1.6628886572867814,1.0015954730097862,1.0011090805700777
