randomization,name,type,l1,l2,l3,ipr1,ipr2,ipr3,l1_cm,l1_er,l1_reg,l2_mp,l3_mp,l1_lap,l2_lap,l3_lap,alg_conn,clustering_c,clustering_r,deg_assort,Q,N.olap,N.temp,N.nodf,H2,H3,H4,H17,cent_between,cent_close,cent_eigen,diam,mean_path_length,deg_het_row,deg_het_col
erdos-renyi,UN_1981,legislature,112.374147,9.882568,9.639164,0.003506361250706493,0.010471037369788463,0.009886414073130692,112.37614908167427,112.36620818728996,111.8477508650519,9.90985324870704,7.908715785076162,114.3741474611044,11.882567732425322,11.639163966038348,-7.882567732425289,NA,NA,-0.7259226138642825,0.03688804792816645,-0.08297011505550343,76.31245938666605,75.37355477125739,1804826,200469839,67075061,1866474973,0.0010590000352829968,0.0719408746120986,0.12205625681370776,3,1.722366397539408,1.0024427679030843,1.0016938233096249
