randomization,name,type,l1,l2,l3,ipr1,ipr2,ipr3,l1_cm,l1_er,l1_reg,l2_mp,l3_mp,l1_lap,l2_lap,l3_lap,alg_conn,clustering_c,clustering_r,deg_assort,Q,N.olap,N.temp,N.nodf,H2,H3,H4,H17,cent_between,cent_close,cent_eigen,diam,mean_path_length,deg_het_row,deg_het_col
erdos-renyi,UN_1956,legislature,47.389956,8.013652,7.667284,0.006993836781976477,0.018391405430674822,0.016740460288199286,47.39420626203146,47.422295474977744,46.851351351351354,8.15077457904243,6.161712627866805,49.38995577930578,10.013651528174059,9.667284334949846,-6.013651528174012,NA,NA,-0.5839160979429302,0.07212875046099908,-0.032788074320979396,81.84117336173523,62.140141047994945,161573,7459904,2495981,28746480,0.003932144967725612,0.07838510380650941,0.19006670755845995,3,1.8614635043206471,1.0080786423461592,1.0060237490754023
