randomization,name,type,l1,l2,l3,ipr1,ipr2,ipr3,l1_cm,l1_er,l1_reg,l2_mp,l3_mp,l1_lap,l2_lap,l3_lap,alg_conn,clustering_c,clustering_r,deg_assort,Q,N.olap,N.temp,N.nodf,H2,H3,H4,H17,cent_between,cent_close,cent_eigen,diam,mean_path_length,deg_het_row,deg_het_col
erdos-renyi,UN_1986,legislature,126.212706,9.567472,9.431952,0.0032155474169212423,0.010037868934748395,0.008762019683717209,126.21284381751731,126.20665727616225,126.00638977635782,9.842957590694239,7.890927281799234,128.2127055531078,11.56747238832686,11.431951890214279,-7.567472388326737,NA,NA,-0.05728982358311709,0.03134770149229186,-0.09798752580008731,71.94849018777111,77.9478226931481,2469313,309173896,102421241,3166067236,5.147223570085316e-4,0.06964171676817629,0.10464895698110221,3,1.6938232161874334,1.001534299667968,1.0016505673753031
