randomization,name,type,l1,l2,l3,ipr1,ipr2,ipr3,l1_cm,l1_er,l1_reg,l2_mp,l3_mp,l1_lap,l2_lap,l3_lap,alg_conn,clustering_c,clustering_r,deg_assort,Q,N.olap,N.temp,N.nodf,H2,H3,H4,H17,cent_between,cent_close,cent_eigen,diam,mean_path_length,deg_het_row,deg_het_col
erdos-renyi,UN_2011,legislature,83.220714,9.467613,9.067126,0.005195214781292445,0.013759163873861838,0.01756562406383226,83.22282268659848,83.23163095212071,72.0077519379845,9.52841266202573,7.483361671342054,85.22071417522422,11.467613034414011,11.06712581924181,-7.467613034413986,NA,NA,-0.9893108244467483,0.04556472458455721,-0.08609001973272425,78.50158664517802,71.05673710548835,880327,62563875,34546676,1134016647,0.009619840658075711,0.22509592867631664,0.39088357141726626,3,1.818025518052665,1.0051753294738757,1.0017879477137304
