randomization,name,type,l1,l2,l3,ipr1,ipr2,ipr3,l1_cm,l1_er,l1_reg,l2_mp,l3_mp,l1_lap,l2_lap,l3_lap,alg_conn,clustering_c,clustering_r,deg_assort,Q,N.olap,N.temp,N.nodf,H2,H3,H4,H17,cent_between,cent_close,cent_eigen,diam,mean_path_length,deg_het_row,deg_het_col
erdos-renyi,UN_2015,legislature,89.593789,9.587117,9.315063,0.004768614389160708,0.012983596741807458,0.01198251450295452,89.59767156610306,89.57094200783541,79.69172932330827,9.584882165593884,7.554915257860769,91.59378866917218,11.58711667571849,11.31506346168518,-7.587116675718456,NA,NA,-0.9872215669380043,0.0401823231138101,-0.08785230285406759,77.48050968511468,72.84347295397222,1052753,82965528,41797381,1378828056,0.00720456483966826,0.1868242491839879,0.34105347220015103,3,1.7982976308696268,1.0049146866005807,1.0018775347264033
