randomization,name,type,l1,l2,l3,ipr1,ipr2,ipr3,l1_cm,l1_er,l1_reg,l2_mp,l3_mp,l1_lap,l2_lap,l3_lap,alg_conn,clustering_c,clustering_r,deg_assort,Q,N.olap,N.temp,N.nodf,H2,H3,H4,H17,cent_between,cent_close,cent_eigen,diam,mean_path_length,deg_het_row,deg_het_col
erdos-renyi,UN_2006,legislature,97.373172,10.020055,9.729735,0.00421498465739138,0.013365740910390108,0.012494193897677933,97.37517405133728,97.37069642934527,89.96415770609319,9.93589811218567,7.8852428802141885,99.37317156833534,12.020054733455115,11.729735168884764,-8.020054733454677,NA,NA,-0.9835611592833684,0.04073259154616599,-0.0805260869560697,79.08016418476245,72.67674990212107,1305951,116370544,51481323,1657430927,0.005064121179781866,0.15726874997514875,0.29308818363966394,3,1.7835022304736856,1.0038795320709197,1.0017236424818652
