randomization,name,type,l1,l2,l3,ipr1,ipr2,ipr3,l1_cm,l1_er,l1_reg,l2_mp,l3_mp,l1_lap,l2_lap,l3_lap,alg_conn,clustering_c,clustering_r,deg_assort,Q,N.olap,N.temp,N.nodf,H2,H3,H4,H17,cent_between,cent_close,cent_eigen,diam,mean_path_length,deg_het_row,deg_het_col
erdos-renyi,UN_2012,legislature,88.74003,9.050406,8.898192,0.005012378993116111,0.013506044789277687,0.014594267257137096,88.74101500811926,88.77052405910551,77.70114942528735,9.197193459652523,7.217138815087333,90.74003001871075,11.050406170683864,10.898192382637944,-7.050406170683928,NA,NA,-0.9907615266861073,0.0397220568840963,-0.11157805759621675,75.91270760160984,73.49192888297317,1014381,77811936,41448924,1413603806,0.00792244516192378,0.20784476627764487,0.3562061805714921,3,1.7890951959917478,1.0036376916463396,1.0015257791316052
