randomization,name,type,l1,l2,l3,ipr1,ipr2,ipr3,l1_cm,l1_er,l1_reg,l2_mp,l3_mp,l1_lap,l2_lap,l3_lap,alg_conn,clustering_c,clustering_r,deg_assort,Q,N.olap,N.temp,N.nodf,H2,H3,H4,H17,cent_between,cent_close,cent_eigen,diam,mean_path_length,deg_het_row,deg_het_col
erdos-renyi,US_House_2016,legislature,73.603569,10.766452,10.666681,0.004017659094170437,0.011154070333084399,0.010453950989460527,73.60381064473547,73.5912750514986,72.56370656370656,11.155155540973139,8.917940224478816,75.6035689433855,12.766451746489622,12.666680621496932,-8.766451746489526,NA,NA,-0.7342605859063117,0.06644351308449928,-0.007676750910576676,86.06567397546547,56.54611439019613,687898,49521581,16935534,315372915,0.0032274385480668562,0.08121258669850041,0.22623397863044167,3,1.931280117326629,1.0065602414959052,1.005573158397184
