randomization,name,type,l1,l2,l3,ipr1,ipr2,ipr3,l1_cm,l1_er,l1_reg,l2_mp,l3_mp,l1_lap,l2_lap,l3_lap,alg_conn,clustering_c,clustering_r,deg_assort,Q,N.olap,N.temp,N.nodf,H2,H3,H4,H17,cent_between,cent_close,cent_eigen,diam,mean_path_length,deg_het_row,deg_het_col
erdos-renyi,US_House_1981,legislature,70.838127,10.382864,10.153376,0.005330314327939898,0.013466234766706114,0.0131228998400214,70.84143018709939,70.82439238158105,59.2,10.70623969407534,8.485546705235745,72.83812699219607,12.382864386244986,12.153375615334994,-8.382864386245052,NA,NA,-0.9844403415996247,0.0623863509405302,-0.024510352698454512,83.77633840223288,61.23347586654284,663774,38769394,23694885,710418015,0.011951254538091557,0.14012228083739134,0.42753340401417855,3,1.9149662673826242,1.0101823545266988,1.0030415801186572
