randomization,name,type,l1,l2,l3,ipr1,ipr2,ipr3,l1_cm,l1_er,l1_reg,l2_mp,l3_mp,l1_lap,l2_lap,l3_lap,alg_conn,clustering_c,clustering_r,deg_assort,Q,N.olap,N.temp,N.nodf,H2,H3,H4,H17,cent_between,cent_close,cent_eigen,diam,mean_path_length,deg_het_row,deg_het_col
erdos-renyi,US_House_1996,legislature,100.97514,12.604154,12.38145,0.0029310224916876413,0.007419542944176083,0.008410956195138836,100.97604756127743,100.9898454706065,100.09142857142857,12.980950053444529,10.628327599170728,102.97513983266919,14.604153634628585,14.381450046052839,-10.604153634628528,NA,NA,-0.7014698637472068,0.05471475829673725,-0.008866176210290268,88.54373633478333,57.19550512739916,1759539,175054686,59136885,1496133776,0.001677554475184077,0.060830537463500506,0.17934250096777743,3,1.9231109291854278,1.0037968874156542,1.004336699878768
