randomization,name,type,l1,l2,l3,ipr1,ipr2,ipr3,l1_cm,l1_er,l1_reg,l2_mp,l3_mp,l1_lap,l2_lap,l3_lap,alg_conn,clustering_c,clustering_r,deg_assort,Q,N.olap,N.temp,N.nodf,H2,H3,H4,H17,cent_between,cent_close,cent_eigen,diam,mean_path_length,deg_het_row,deg_het_col
erdos-renyi,US_House_1961,legislature,64.212734,9.337412,9.225194,0.00723843215156858,0.019249006121315727,0.01748419146963171,64.21898545011445,64.25932417127714,47.501976284584984,9.688045176079452,7.548716049080856,66.21273411591476,11.337411845420057,11.225193966483552,-7.337411845419929,NA,NA,-0.9910291569626271,0.05992475756327188,-0.06107828372171325,80.09271502879321,64.9789206517448,511342,23749886,20981337,718986987,0.020471839141560134,0.22233657024773767,0.5198047890923712,3,1.9009975531714662,1.0095638978986448,1.0025831613704421
