randomization,name,type,l1,l2,l3,ipr1,ipr2,ipr3,l1_cm,l1_er,l1_reg,l2_mp,l3_mp,l1_lap,l2_lap,l3_lap,alg_conn,clustering_c,clustering_r,deg_assort,Q,N.olap,N.temp,N.nodf,H2,H3,H4,H17,cent_between,cent_close,cent_eigen,diam,mean_path_length,deg_het_row,deg_het_col
erdos-renyi,US_House_1945,legislature,38.018732,7.246136,7.015018,0.01253515100027973,0.027843250905015687,0.026869623765265718,38.03313124978975,37.99702947852528,26.8,7.655518129072033,5.667983479815529,40.01873173148257,9.246135765744818,9.015017510831782,-5.246135765744789,NA,NA,-0.9880814000049525,0.086526613666741,-0.06573396145863912,73.51749370038314,63.49080289569971,111271,2875227,2866046,61109124,0.040353188323391555,0.2298229602452311,0.561150399601022,3,1.919496855345912,1.0233278569837378,1.0037139396302073
