randomization,name,type,l1,l2,l3,ipr1,ipr2,ipr3,l1_cm,l1_er,l1_reg,l2_mp,l3_mp,l1_lap,l2_lap,l3_lap,alg_conn,clustering_c,clustering_r,deg_assort,Q,N.olap,N.temp,N.nodf,H2,H3,H4,H17,cent_between,cent_close,cent_eigen,diam,mean_path_length,deg_het_row,deg_het_col
erdos-renyi,US_House_2002,legislature,98.764217,13.059187,12.550123,0.0030215308114089835,0.007794200747688532,0.007424288125923883,98.76229858091737,98.83297199555889,97.05507246376811,12.86248024429628,10.515012553438906,100.76421656942367,15.059186959107631,14.550123134342988,-11.059186959107665,NA,NA,-0.8880523149801773,0.05712811826061657,-0.010411063214857607,89.72961839316548,57.05018883288157,1659591,159966140,55989694,1443935992,0.0022517009684218307,0.06447055016311061,0.20789556092835015,3,1.9234917425008426,1.004279440824261,1.0029324435988705
