randomization,name,type,l1,l2,l3,ipr1,ipr2,ipr3,l1_cm,l1_er,l1_reg,l2_mp,l3_mp,l1_lap,l2_lap,l3_lap,alg_conn,clustering_c,clustering_r,deg_assort,Q,N.olap,N.temp,N.nodf,H2,H3,H4,H17,cent_between,cent_close,cent_eigen,diam,mean_path_length,deg_het_row,deg_het_col
erdos-renyi,US_House_1967,legislature,61.997964,8.777811,8.679492,0.006094885456668736,0.015303869023000198,0.01537160294554269,62.00077968815963,61.98955479982823,56.656565656565654,8.999757549977796,6.951293575470454,63.997964227526744,10.777810961222764,10.67949201702465,-6.777810961222756,NA,NA,-0.9694315843903173,0.059771498452316225,-0.04822191767055923,79.83899942193997,66.13436548602655,372419,20809508,9465462,197093263,0.009229684343786241,0.1489112529274537,0.33040602341409664,3,1.8493565092549864,1.0080692273048553,1.003606351646669
