randomization,name,type,l1,l2,l3,ipr1,ipr2,ipr3,l1_cm,l1_er,l1_reg,l2_mp,l3_mp,l1_lap,l2_lap,l3_lap,alg_conn,clustering_c,clustering_r,deg_assort,Q,N.olap,N.temp,N.nodf,H2,H3,H4,H17,cent_between,cent_close,cent_eigen,diam,mean_path_length,deg_het_row,deg_het_col
erdos-renyi,US_House_1947,legislature,51.367051,8.755322,8.310072,0.008171925222271545,0.021183923567218113,0.02283137870806848,51.372733021139936,51.345607240090274,40.653061224489804,8.798985856031077,6.727935576693419,53.367051336557566,10.755322345367386,10.310072365220282,-6.755322345367347,NA,NA,-0.9856074476774488,0.06931037402622539,-0.04537665212591307,79.15581644335712,63.615850948872954,251503,10005788,7194113,172589032,0.020930934581473635,0.1866777793235911,0.478238527982623,3,1.903453689167975,1.0145486564732824,1.0035015816277157
