randomization,name,type,l1,l2,l3,ipr1,ipr2,ipr3,l1_cm,l1_er,l1_reg,l2_mp,l3_mp,l1_lap,l2_lap,l3_lap,alg_conn,clustering_c,clustering_r,deg_assort,Q,N.olap,N.temp,N.nodf,H2,H3,H4,H17,cent_between,cent_close,cent_eigen,diam,mean_path_length,deg_het_row,deg_het_col
erdos-renyi,US_House_1971,legislature,48.865086,8.448225,8.347955,0.009020240273460597,0.024820924249513245,0.02521160802489798,48.86619491199239,48.86831988492515,36.288557213930346,8.831222605365134,6.741520468803058,50.86508601711135,10.448224767721934,10.347954883228741,-6.448224767721944,NA,NA,-0.9902152088973376,0.07215180898859604,-0.04576793576615808,79.64659503437134,62.90437496185228,232931,8238616,7116096,181267363,0.023888278110298478,0.1586216938587191,0.5054491967529393,3,1.9196019900497512,1.016857874703331,1.0024913896799763
