randomization,name,type,l1,l2,l3,ipr1,ipr2,ipr3,l1_cm,l1_er,l1_reg,l2_mp,l3_mp,l1_lap,l2_lap,l3_lap,alg_conn,clustering_c,clustering_r,deg_assort,Q,N.olap,N.temp,N.nodf,H2,H3,H4,H17,cent_between,cent_close,cent_eigen,diam,mean_path_length,deg_het_row,deg_het_col
erdos-renyi,US_House_1984,legislature,87.059802,11.152339,10.659007,0.0038324570248025086,0.010126911051450627,0.010987508487964556,87.06018115314025,87.01761124185992,85.47252747252747,11.058221128719081,8.853516778296662,89.05980173323968,13.152339447835823,12.659007425476513,-9.152339447835852,NA,NA,-0.8597058152639809,0.05391462605898896,-0.023914691599583822,84.86302876810024,63.938896660237475,1018016,86380186,30219103,685456898,0.002855462882066914,0.0892022155833345,0.21169657109464762,3,1.8597285067873304,1.0054425804195333,1.0038421779948559
