randomization,name,type,l1,l2,l3,ipr1,ipr2,ipr3,l1_cm,l1_er,l1_reg,l2_mp,l3_mp,l1_lap,l2_lap,l3_lap,alg_conn,clustering_c,clustering_r,deg_assort,Q,N.olap,N.temp,N.nodf,H2,H3,H4,H17,cent_between,cent_close,cent_eigen,diam,mean_path_length,deg_het_row,deg_het_col
erdos-renyi,US_House_2006,legislature,110.969971,13.676158,13.291219,0.0026843180153269266,0.00763874543432332,0.00799110912837737,110.97205044989165,110.97227721792201,107.435,13.83647944527395,11.426035509628683,112.96997102402773,15.67615799266212,15.291218600223045,-11.676157992661976,NA,NA,-0.9399182054492248,0.053102733268870314,-0.007405762606433457,89.15812805807212,56.63662480239002,2430908,259716379,96289005,2981649037,0.0029566658401391356,0.07932211901981225,0.25391961992495,3,1.9350501253132832,1.0026675797214564,1.005326348358203
