randomization,name,type,l1,l2,l3,ipr1,ipr2,ipr3,l1_cm,l1_er,l1_reg,l2_mp,l3_mp,l1_lap,l2_lap,l3_lap,alg_conn,clustering_c,clustering_r,deg_assort,Q,N.olap,N.temp,N.nodf,H2,H3,H4,H17,cent_between,cent_close,cent_eigen,diam,mean_path_length,deg_het_row,deg_het_col
erdos-renyi,US_House_1946,legislature,43.824934,9.16827,8.804501,0.011843001495709547,0.02150294873979959,0.02365467769316262,43.828676594384895,43.75924670544819,26.223175965665234,9.20339737757166,7.032141998301597,45.824934492678125,11.168269877862649,10.804500682286223,-7.168269877862648,NA,NA,-0.993046885742466,0.09010540526785242,-0.034136385904020496,75.4803725526162,60.02802743270243,214844,5434588,8212091,254358148,0.044804704184606324,0.17224345084447432,0.6346224414090675,3,1.9595234571555424,1.0299487036625317,1.0023888289166696
