randomization,name,type,l1,l2,l3,ipr1,ipr2,ipr3,l1_cm,l1_er,l1_reg,l2_mp,l3_mp,l1_lap,l2_lap,l3_lap,alg_conn,clustering_c,clustering_r,deg_assort,Q,N.olap,N.temp,N.nodf,H2,H3,H4,H17,cent_between,cent_close,cent_eigen,diam,mean_path_length,deg_het_row,deg_het_col
erdos-renyi,US_House_1957,legislature,56.135731,10.360417,10.308158,0.007187998851256993,0.015905429196226686,0.017093795241186205,56.137690125946875,56.1400815187828,39.89855072463768,10.65948624717439,8.3934308895302,58.135730696736594,12.360416661502125,12.3081579702376,-8.36041666150224,NA,NA,-0.9867965981364331,0.07696326129181244,-0.008228707578370305,82.17260145665547,55.007774676922665,422753,16499136,16069988,508282470,0.024856431863932524,0.14475676579164112,0.5723003296608651,3,1.9688010540184453,1.0176008499264215,1.0039783565371143
