randomization,name,type,l1,l2,l3,ipr1,ipr2,ipr3,l1_cm,l1_er,l1_reg,l2_mp,l3_mp,l1_lap,l2_lap,l3_lap,alg_conn,clustering_c,clustering_r,deg_assort,Q,N.olap,N.temp,N.nodf,H2,H3,H4,H17,cent_between,cent_close,cent_eigen,diam,mean_path_length,deg_het_row,deg_het_col
erdos-renyi,US_House_2005,legislature,114.382766,13.118622,12.9405,0.002707675511041176,0.007056230750880252,0.0068822299985029116,114.38471740550742,114.37219048758104,113.13684210526316,13.381721907531949,11.013025417514967,116.38276552158997,15.11862184856163,14.940499639013927,-11.118621848561522,NA,NA,-0.8100022863498867,0.050817730311584555,-0.013138843866400166,88.59496278874008,60.018994435598074,2455326,276310218,94371015,2744725654,0.0015384426977191246,0.05855435661669617,0.16787463663472463,3,1.8969448687682267,1.004292305479428,1.0028977098101115
