randomization,name,type,l1,l2,l3,ipr1,ipr2,ipr3,l1_cm,l1_er,l1_reg,l2_mp,l3_mp,l1_lap,l2_lap,l3_lap,alg_conn,clustering_c,clustering_r,deg_assort,Q,N.olap,N.temp,N.nodf,H2,H3,H4,H17,cent_between,cent_close,cent_eigen,diam,mean_path_length,deg_het_row,deg_het_col
erdos-renyi,US_House_1951,legislature,50.672004,10.745821,10.181354,0.009698235830255891,0.023080116872565056,0.020352805477377847,50.677526790485494,50.69470176405924,29.04823151125402,10.826337346402681,8.50147994062029,52.672003905993805,12.745821366468364,12.181353700115825,-8.745821366468356,NA,NA,-0.9916281429896581,0.0908268760002368,-0.007872068320231516,79.53840465670662,54.05401345546869,385508,10822984,18260353,698110878,0.037092697981473,0.11039256628235489,0.6594487515595868,3,1.9822425059641116,1.0261072124205073,1.0031941908973596
