randomization,name,type,l1,l2,l3,ipr1,ipr2,ipr3,l1_cm,l1_er,l1_reg,l2_mp,l3_mp,l1_lap,l2_lap,l3_lap,alg_conn,clustering_c,clustering_r,deg_assort,Q,N.olap,N.temp,N.nodf,H2,H3,H4,H17,cent_between,cent_close,cent_eigen,diam,mean_path_length,deg_het_row,deg_het_col
erdos-renyi,US_House_1983,legislature,52.647003,9.777028,9.222505,0.006112542567756404,0.013166605377983523,0.014575398397011056,52.642473146789655,52.63257416632111,45.80733944954128,9.958080152096496,7.779967095977645,54.64700263187356,11.777028479820311,11.222504977818213,-7.777028479820253,NA,NA,-0.9710691515802728,0.08021869511768713,-0.005307097234956445,83.74106181406718,54.23601098848039,293271,13245456,7010413,139541172,0.013305541612666973,0.10422601763699393,0.4204749188610395,3,1.9657971504671712,1.00427949419594,1.0157704463396762
