randomization,name,type,l1,l2,l3,ipr1,ipr2,ipr3,l1_cm,l1_er,l1_reg,l2_mp,l3_mp,l1_lap,l2_lap,l3_lap,alg_conn,clustering_c,clustering_r,deg_assort,Q,N.olap,N.temp,N.nodf,H2,H3,H4,H17,cent_between,cent_close,cent_eigen,diam,mean_path_length,deg_het_row,deg_het_col
erdos-renyi,US_House_1953,legislature,45.289029,8.664321,8.358594,0.008710147758621743,0.0167954343035411,0.02561606900257902,45.287489007464735,45.334858975204284,34.56565656565657,9.080430260591774,6.9540204278775,47.289029068411665,10.664320609512501,10.358593875109147,-6.664320609512459,NA,NA,-0.9839585757833487,0.08174091663219486,-0.017711750190448426,82.1667639399611,57.434856617175264,196653,6621364,5286833,118935943,0.02365379346177208,0.11870969234753419,0.49369419048340246,3,1.9481105470953186,1.0172586294000967,1.0041130362514905
