randomization,name,type,l1,l2,l3,ipr1,ipr2,ipr3,l1_cm,l1_er,l1_reg,l2_mp,l3_mp,l1_lap,l2_lap,l3_lap,alg_conn,clustering_c,clustering_r,deg_assort,Q,N.olap,N.temp,N.nodf,H2,H3,H4,H17,cent_between,cent_close,cent_eigen,diam,mean_path_length,deg_het_row,deg_het_col
erdos-renyi,US_House_1989,legislature,90.524365,11.827054,11.653564,0.003319195665635412,0.009176354494600187,0.008839447218899477,90.52523404589901,90.5403650816932,89.30128205128206,12.211239180048558,9.907285298052287,92.52436481769843,13.827053732831954,13.653564090709592,-9.827053732831892,NA,NA,-0.8149686537016788,0.05890825142638136,-0.010858722161771184,88.23557272665064,57.75416842227779,1258519,111627544,38323647,884211175,0.0019718029632417263,0.05419470024329278,0.17911452501834205,3,1.918233160194575,1.0030586157322718,1.005901487638443
