randomization,name,type,l1,l2,l3,ipr1,ipr2,ipr3,l1_cm,l1_er,l1_reg,l2_mp,l3_mp,l1_lap,l2_lap,l3_lap,alg_conn,clustering_c,clustering_r,deg_assort,Q,N.olap,N.temp,N.nodf,H2,H3,H4,H17,cent_between,cent_close,cent_eigen,diam,mean_path_length,deg_het_row,deg_het_col
erdos-renyi,US_House_1986,legislature,84.112917,11.514729,11.111425,0.0036521663336061714,0.009509211206787854,0.008561926389971438,84.11256411409242,84.15315622488667,82.2076124567474,11.69279367486444,9.422372817500818,86.11291719721535,13.514728571757042,13.11142456795103,-9.514728571757194,NA,NA,-0.8945171128066505,0.05885991971363828,-0.012989702702861995,87.70930833494604,58.28781566484826,1005730,82018197,29214888,653159956,0.0034025026654432504,0.08816009078915209,0.24804195091794776,3,1.912677816224529,1.0036143270017461,1.005331837448035
