randomization,name,type,l1,l2,l3,ipr1,ipr2,ipr3,l1_cm,l1_er,l1_reg,l2_mp,l3_mp,l1_lap,l2_lap,l3_lap,alg_conn,clustering_c,clustering_r,deg_assort,Q,N.olap,N.temp,N.nodf,H2,H3,H4,H17,cent_between,cent_close,cent_eigen,diam,mean_path_length,deg_het_row,deg_het_col
erdos-renyi,US_House_1994,legislature,101.540862,12.603563,12.314528,0.00306591795866168,0.008037062369575403,0.007740727900583923,101.5398094892189,101.60303694477678,97.91501416430594,12.884021351505144,10.535675209993602,103.54086234718471,14.603562737651803,14.314528238545305,-10.603562737651774,NA,NA,-0.9494743653193453,0.05418185339762657,-0.01294924954528786,89.3685935472595,58.199210021428875,1795788,174573785,65824785,1896719493,0.003377308237120337,0.0845458382472076,0.2537140520601196,3,1.9132114344578934,1.002808782115862,1.0042290101819038
