randomization,name,type,l1,l2,l3,ipr1,ipr2,ipr3,l1_cm,l1_er,l1_reg,l2_mp,l3_mp,l1_lap,l2_lap,l3_lap,alg_conn,clustering_c,clustering_r,deg_assort,Q,N.olap,N.temp,N.nodf,H2,H3,H4,H17,cent_between,cent_close,cent_eigen,diam,mean_path_length,deg_het_row,deg_het_col
erdos-renyi,US_House_1991,legislature,95.064369,12.510291,12.183661,0.0030954835158721796,0.008061639123849848,0.008279785102696098,95.06350480732549,95.06737059781159,94.3262839879154,12.636625211739418,10.304716603029856,97.06436949424248,14.510291095790496,14.183660732889646,-10.510291095790594,NA,NA,-0.6027425934214465,0.05708609116574142,-0.008217285211511728,88.33943539809914,56.82616155711119,1473383,138113614,46385118,1095983426,0.0017326031715553275,0.07287081064526127,0.17214052278223674,3,1.92650370777259,1.0044936195186278,1.0044206496471995
