randomization,name,type,l1,l2,l3,ipr1,ipr2,ipr3,l1_cm,l1_er,l1_reg,l2_mp,l3_mp,l1_lap,l2_lap,l3_lap,alg_conn,clustering_c,clustering_r,deg_assort,Q,N.olap,N.temp,N.nodf,H2,H3,H4,H17,cent_between,cent_close,cent_eigen,diam,mean_path_length,deg_het_row,deg_het_col
erdos-renyi,US_Senate_2008,legislature,57.197664,8.854763,8.555354,0.006242665315077112,0.01623981306087978,0.015192591595070607,57.202599952016726,57.184072072356024,52.33160621761658,9.13185329999631,7.052465076877707,59.19766420126288,10.854763032321216,10.55535367797821,-6.854763032321147,NA,NA,-0.9637586652713056,0.06727348299186385,-0.03251811131585555,81.3322689970418,62.55269187471618,308089,15900985,7163800,136211440,0.009952259640316315,0.13671337692916857,0.34396952953533894,3,1.881584628670121,1.0040676796392511,1.0102819723556515
