randomization,name,type,l1,l2,l3,ipr1,ipr2,ipr3,l1_cm,l1_er,l1_reg,l2_mp,l3_mp,l1_lap,l2_lap,l3_lap,alg_conn,clustering_c,clustering_r,deg_assort,Q,N.olap,N.temp,N.nodf,H2,H3,H4,H17,cent_between,cent_close,cent_eigen,diam,mean_path_length,deg_het_row,deg_het_col
erdos-renyi,US_Senate_1953,legislature,16.577484,5.546244,4.960313,0.017187248597079,0.03301943414014661,0.03522529769176468,16.575268836442373,16.59718432076572,16.06153846153846,5.528819692490035,3.7666027420732866,18.57748407609633,7.546243905482889,6.960313250176228,-3.546243905482892,1,1,-0.17865561998557597,0.1579395487441466,-0.0027937396492175317,74.36770997332422,48.72077545101607,8151,126513,41135,150644,0.014697533153073462,0.1253598159931942,0.31044782326281906,3,2.0028846153846156,1.0370884162005842,1.0208305808781435
