randomization,name,type,l1,l2,l3,ipr1,ipr2,ipr3,l1_cm,l1_er,l1_reg,l2_mp,l3_mp,l1_lap,l2_lap,l3_lap,alg_conn,clustering_c,clustering_r,deg_assort,Q,N.olap,N.temp,N.nodf,H2,H3,H4,H17,cent_between,cent_close,cent_eigen,diam,mean_path_length,deg_het_row,deg_het_col
erdos-renyi,US_Senate_2007,legislature,63.158347,11.098927,10.802323,0.007931213169698621,0.017482018482990812,0.02075941603968143,63.160420488814694,63.13840221802333,39.41614906832298,10.961694850532199,8.66338245887263,65.15834664325341,13.09892743460627,12.802323198173163,-9.098927434606292,NA,NA,-0.9941897266875472,0.07007436683353635,-0.0307000341915262,81.54362709903886,59.896953925463,625758,24055922,32982061,1419004937,0.026990434877375312,0.1648106470015111,0.6155573750150712,3,1.9536386679824307,1.0019856119366755,1.0178808372605725
