randomization,name,type,l1,l2,l3,ipr1,ipr2,ipr3,l1_cm,l1_er,l1_reg,l2_mp,l3_mp,l1_lap,l2_lap,l3_lap,alg_conn,clustering_c,clustering_r,deg_assort,Q,N.olap,N.temp,N.nodf,H2,H3,H4,H17,cent_between,cent_close,cent_eigen,diam,mean_path_length,deg_het_row,deg_het_col
erdos-renyi,US_Senate_1994,legislature,68.856288,9.531002,9.3537960000000009,0.005223112372760551,0.011919541745077504,0.013003740117440652,68.85692732922801,68.81970367620636,64.47272727272727,9.673567964721586,7.568382471082224,70.85628789084103,11.531002256705168,11.353796061990577,-7.5310022567051735,NA,NA,-0.960588780925798,0.05952324998433303,-0.036572109059730774,82.51543304223287,65.12673705175484,511046,32594855,13573042,290516423,0.006391973261232994,0.11559230495593355,0.2902617751858286,3,1.8566625155666252,1.003401113843709,1.0081460199667316
