randomization,name,type,l1,l2,l3,ipr1,ipr2,ipr3,l1_cm,l1_er,l1_reg,l2_mp,l3_mp,l1_lap,l2_lap,l3_lap,alg_conn,clustering_c,clustering_r,deg_assort,Q,N.olap,N.temp,N.nodf,H2,H3,H4,H17,cent_between,cent_close,cent_eigen,diam,mean_path_length,deg_het_row,deg_het_col
erdos-renyi,US_Senate_1977,legislature,35.387088,7.385732,6.984796,0.008935393339517216,0.019448405887922647,0.020967631651694334,35.39209575350603,35.49152058755268,33.296875,7.701817176946962,5.7224113519271596,37.38708780745963,9.385732406996802,8.984796150368604,-5.385732406996813,NA,NA,-0.9254057461651496,0.09156050622296814,-0.01908632685660124,82.17684644955037,55.48481882850053,77175,2512190,1007757,10456728,0.014419151791402662,0.11899276664824007,0.33076018735255364,3,1.9303641732283465,1.005976225022632,1.0134210172244498
