randomization,name,type,l1,l2,l3,ipr1,ipr2,ipr3,l1_cm,l1_er,l1_reg,l2_mp,l3_mp,l1_lap,l2_lap,l3_lap,alg_conn,clustering_c,clustering_r,deg_assort,Q,N.olap,N.temp,N.nodf,H2,H3,H4,H17,cent_between,cent_close,cent_eigen,diam,mean_path_length,deg_het_row,deg_het_col
erdos-renyi,US_Senate_1969,legislature,23.654768,6.408805,6.273277,0.011223813602950251,0.02606615079073593,0.026234102977092444,23.657605158194816,23.742596876163375,23.242105263157896,6.770604929411387,4.877603504174486,25.654767788136905,8.408804915613997,8.273277007930284,-4.408804915614027,1,1,-0.0428847760569508,0.12494092627599242,-0.004404810605736045,79.10321979599965,48.03647689171913,25015,566381,183874,984739,0.0069772481928299214,0.06750234010742566,0.2096174806814527,3,2.0107502799552073,1.0160319523209411,1.0196124763705103
