randomization,name,type,l1,l2,l3,ipr1,ipr2,ipr3,l1_cm,l1_er,l1_reg,l2_mp,l3_mp,l1_lap,l2_lap,l3_lap,alg_conn,clustering_c,clustering_r,deg_assort,Q,N.olap,N.temp,N.nodf,H2,H3,H4,H17,cent_between,cent_close,cent_eigen,diam,mean_path_length,deg_het_row,deg_het_col
erdos-renyi,US_Senate_1990,legislature,67.323893,9.101773,8.879403,0.005272122206666644,0.01508174418707699,0.013554699966134757,67.32543392983303,67.3589702809967,64.21904761904761,9.474965141981315,7.388804300462292,69.32389317885891,11.10177318063536,10.87940255264975,-7.101773180635364,NA,NA,-0.95098384844035,0.05801445318227788,-0.0402389200104322,83.20548899132137,64.14395815918326,466809,29622357,11560948,226960232,0.005739395939720192,0.10747453408370443,0.2522694154261928,3,1.846844383686489,1.0034018613818243,1.0059401273188562
