randomization,name,type,l1,l2,l3,ipr1,ipr2,ipr3,l1_cm,l1_er,l1_reg,l2_mp,l3_mp,l1_lap,l2_lap,l3_lap,alg_conn,clustering_c,clustering_r,deg_assort,Q,N.olap,N.temp,N.nodf,H2,H3,H4,H17,cent_between,cent_close,cent_eigen,diam,mean_path_length,deg_het_row,deg_het_col
erdos-renyi,US_Senate_2000,legislature,67.031051,9.90853,9.740374,0.005600066993137355,0.016559863058041056,0.014109954289667385,67.03294154145641,67.04281110173294,58.18487394957983,10.018028360483555,7.862854526757449,69.03105070324794,11.908530249408923,11.740374400995982,-7.908530249409053,NA,NA,-0.9841804614498474,0.05812041673216283,-0.034982613183976136,83.89852577335672,62.54703078142403,523715,30056363,16266219,421596057,0.010968591000609403,0.13609826449220047,0.37753889322012113,3,1.8918200191468992,1.0024369143103917,1.009505029600906
