randomization,name,type,l1,l2,l3,ipr1,ipr2,ipr3,l1_cm,l1_er,l1_reg,l2_mp,l3_mp,l1_lap,l2_lap,l3_lap,alg_conn,clustering_c,clustering_r,deg_assort,Q,N.olap,N.temp,N.nodf,H2,H3,H4,H17,cent_between,cent_close,cent_eigen,diam,mean_path_length,deg_het_row,deg_het_col
erdos-renyi,US_Senate_1972,legislature,32.098841,7.145461,6.991753,0.009535543919939523,0.026256328689747754,0.020945652393470435,32.099547598809174,32.101800202066194,31.309734513274336,7.293700764157995,5.357796715284309,34.098841033167325,9.14546063616594,8.991753378859764,-5.145460636165877,NA,NA,-0.6350457170145518,0.0990285237145859,-0.009630591798678824,78.90089423292409,55.59192995891712,55661,1709313,587299,4678049,0.011487527659749058,0.13924281629929297,0.32317461988838386,3,1.933944374209861,1.0126386824658453,1.0144770769495755
