randomization,name,type,l1,l2,l3,ipr1,ipr2,ipr3,l1_cm,l1_er,l1_reg,l2_mp,l3_mp,l1_lap,l2_lap,l3_lap,alg_conn,clustering_c,clustering_r,deg_assort,Q,N.olap,N.temp,N.nodf,H2,H3,H4,H17,cent_between,cent_close,cent_eigen,diam,mean_path_length,deg_het_row,deg_het_col
erdos-renyi,US_Senate_1943,legislature,13.186358,4.115289,3.7631,0.02537618315903539,0.0459994671375914,0.056898577662432524,13.196826328934876,13.274680279156083,12.883720930232558,4.375098914651145,2.76235618017584,15.186358399172159,6.11528896685555,5.763100322639815,-2.1152889668555312,1,0.9999715183177905,-0.09716624704980711,0.13856560101135165,-0.043316578207748944,69.10454542606051,58.03861904402121,3380,41132,13003,35429,0.02172656455721441,0.14884117265739633,0.2831732634076058,3,1.8981173864894796,1.0293500501765958,1.0187282513782272
