randomization,name,type,l1,l2,l3,ipr1,ipr2,ipr3,l1_cm,l1_er,l1_reg,l2_mp,l3_mp,l1_lap,l2_lap,l3_lap,alg_conn,clustering_c,clustering_r,deg_assort,Q,N.olap,N.temp,N.nodf,H2,H3,H4,H17,cent_between,cent_close,cent_eigen,diam,mean_path_length,deg_het_row,deg_het_col
erdos-renyi,US_Senate_1982,legislature,45.328163,8.531162,8.37117,0.006688368955480043,0.01676907689528831,0.01688674410611834,45.32867601113208,45.419292297244425,43.1497005988024,8.883851741335969,6.804399105646901,47.32816263234457,10.53116227874542,10.371170260955349,-6.5311622787453905,NA,NA,-0.9207188989565548,0.08517842433861597,-0.011357458441915,84.24018963679922,54.843336962444475,166440,7066014,2732833,35372594,0.008394556812270939,0.08126851165149389,0.28376196469362003,3,1.9432941346223216,1.0047460218529154,1.0113378857736357
