randomization,name,type,l1,l2,l3,ipr1,ipr2,ipr3,l1_cm,l1_er,l1_reg,l2_mp,l3_mp,l1_lap,l2_lap,l3_lap,alg_conn,clustering_c,clustering_r,deg_assort,Q,N.olap,N.temp,N.nodf,H2,H3,H4,H17,cent_between,cent_close,cent_eigen,diam,mean_path_length,deg_het_row,deg_het_col
erdos-renyi,US_Senate_1976,legislature,30.314075,7.130862,6.790052,0.011718602506597049,0.025453071992066808,0.02594768915844891,30.314846757549105,30.428061721751092,25.491803278688522,7.298208665511066,5.337941049119122,32.31407488400235,9.1308620620123655,8.79005237671293,-5.130862062012332,NA,NA,-0.96587641981655,0.10317966108704418,-0.01915621481221847,80.38565280341511,54.391564178016786,53671,1319875,783397,9548314,0.025061787351116215,0.0969887400580362,0.4225758681427738,3,1.944045522286953,1.0073977729758792,1.017489480050868
