randomization,name,type,l1,l2,l3,ipr1,ipr2,ipr3,l1_cm,l1_er,l1_reg,l2_mp,l3_mp,l1_lap,l2_lap,l3_lap,alg_conn,clustering_c,clustering_r,deg_assort,Q,N.olap,N.temp,N.nodf,H2,H3,H4,H17,cent_between,cent_close,cent_eigen,diam,mean_path_length,deg_het_row,deg_het_col
erdos-renyi,US_Senate_1993,legislature,71.754227,10.184637,10.060332,0.005259258820191152,0.013498359803798834,0.014302749611933903,71.75305455258581,71.73852787105811,61.282442748091604,10.52113934680404,8.323494203812182,73.75422692156197,12.184636971521977,12.060332151931311,-8.184636971521636,NA,NA,-0.9839577326780338,0.06128346812563612,-0.028981232123979416,84.43111324946014,62.46747576404672,661209,40001097,22830512,660341003,0.010267375187710944,0.12285636090345783,0.3862869751932584,3,1.9010265859436695,1.0028855160401475,1.0093920158369474
