randomization,name,type,l1,l2,l3,ipr1,ipr2,ipr3,l1_cm,l1_er,l1_reg,l2_mp,l3_mp,l1_lap,l2_lap,l3_lap,alg_conn,clustering_c,clustering_r,deg_assort,Q,N.olap,N.temp,N.nodf,H2,H3,H4,H17,cent_between,cent_close,cent_eigen,diam,mean_path_length,deg_het_row,deg_het_col
erdos-renyi,US_Senate_2002,legislature,62.596113,8.315478,8.149827,0.005999795101773798,0.017477113754053104,0.0145225032891934,62.5969250110207,62.58194256235978,59.3048128342246,8.65393627036129,6.653742786086477,64.5961125004964,10.315478220144223,10.149826599046559,-6.315478220144172,NA,NA,-0.9567684482656604,0.05665471700107577,-0.058326995036133936,78.62938370074126,68.1110069342841,358628,21003730,8375277,155789149,0.006988712896520796,0.13935016887868745,0.27636947324893046,3,1.8182968201943535,1.0028324691575852,1.0077381470239803
