randomization,name,type,l1,l2,l3,ipr1,ipr2,ipr3,l1_cm,l1_er,l1_reg,l2_mp,l3_mp,l1_lap,l2_lap,l3_lap,alg_conn,clustering_c,clustering_r,deg_assort,Q,N.olap,N.temp,N.nodf,H2,H3,H4,H17,cent_between,cent_close,cent_eigen,diam,mean_path_length,deg_het_row,deg_het_col
empirical,Chicago_crimes_2016-04-15,crimes,14.670662,4.871551,4.592211,0.03764236448079736,0.07038578505835985,0.05514618382085034,15.305752129100902,9.75024247190138,7.623762376237623,3.9052456026301052,2.6805376822528655,16.67066229122464,6.87155111065687,6.59221099613716,-2.8715511106568656,0.9542503169701543,0.9770332222782733,-0.627383876723961,0.22044189576657136,0.46939421701819667,13.164910299001102,56.43712594470655,7386,69973,82877,840947,0.22710824601126728,0.3755156090924445,0.7735588281379467,6,2.472079207920792,1.405194805194805,2.078515769944341
