randomization,name,type,l1,l2,l3,ipr1,ipr2,ipr3,l1_cm,l1_er,l1_reg,l2_mp,l3_mp,l1_lap,l2_lap,l3_lap,alg_conn,clustering_c,clustering_r,deg_assort,Q,N.olap,N.temp,N.nodf,H2,H3,H4,H17,cent_between,cent_close,cent_eigen,diam,mean_path_length,deg_het_row,deg_het_col
empirical,Chicago_crimes_2016-12-16,crimes,14.003065,4.889115,4.471519,0.03731638238582665,0.07992408146379362,0.06161989530898362,14.788065678759803,9.903489721677527,7.595744680851063,3.942867406424312,2.6757494614279933,16.00306541637318,6.889115355547776,6.471518735705816,-2.889115355547768,0.9650239254508106,0.9805536064611287,-0.6347693027273951,0.22051173410540664,0.5056759935176032,11.319088017293499,59.783921999892094,6714,58731,75317,777356,0.3149297425865763,0.4147465447238577,0.7566229813245274,5,2.323724548158316,1.3557658357460634,1.9401878398418189
