randomization,name,type,l1,l2,l3,ipr1,ipr2,ipr3,l1_cm,l1_er,l1_reg,l2_mp,l3_mp,l1_lap,l2_lap,l3_lap,alg_conn,clustering_c,clustering_r,deg_assort,Q,N.olap,N.temp,N.nodf,H2,H3,H4,H17,cent_between,cent_close,cent_eigen,diam,mean_path_length,deg_het_row,deg_het_col
empirical,Chicago_crimes_2016-03-23,crimes,13.973707,5.30198,4.347285,0.03750142820711806,0.04642746744834244,0.06835131257889304,14.363174771821434,9.644402149473166,7.473684210526316,4.02704476830056,2.743066073524961,15.973707296262452,7.301979705145947,6.347285011640389,-3.3019797051459463,0.9519631381528031,0.9728721575740731,-0.6452068726247934,0.23067645308470514,0.42504189909791024,13.918906854503554,53.86311970656702,6414,57098,66862,631168,0.247303133343783,0.3756994250130063,0.7671043077515005,6,2.476595744680851,1.342122594723269,1.958833564768895
