randomization,name,type,l1,l2,l3,ipr1,ipr2,ipr3,l1_cm,l1_er,l1_reg,l2_mp,l3_mp,l1_lap,l2_lap,l3_lap,alg_conn,clustering_c,clustering_r,deg_assort,Q,N.olap,N.temp,N.nodf,H2,H3,H4,H17,cent_between,cent_close,cent_eigen,diam,mean_path_length,deg_het_row,deg_het_col
empirical,Chicago_crimes_2016-11-08,crimes,14.047179,5.069733,4.679425,0.03656396729816942,0.05476923809777301,0.07695744987352568,14.740808800575127,10.090367379471484,7.78494623655914,4.042737890364219,2.7440162201472984,16.047178717833418,7.06973295036974,6.679425245596111,-3.069732950369736,0.966340628871453,0.9809094971298938,-0.6556442242104653,0.21976588016238832,0.4665182536233632,14.415582340923084,57.18729250726587,6712,59864,72082,691799,0.22465250505773945,0.35970929244052036,0.7473161707122371,4,2.329593267882188,1.3351240804615245,1.8778272946491257
