randomization,name,type,l1,l2,l3,ipr1,ipr2,ipr3,l1_cm,l1_er,l1_reg,l2_mp,l3_mp,l1_lap,l2_lap,l3_lap,alg_conn,clustering_c,clustering_r,deg_assort,Q,N.olap,N.temp,N.nodf,H2,H3,H4,H17,cent_between,cent_close,cent_eigen,diam,mean_path_length,deg_het_row,deg_het_col
empirical,Chicago_crimes_2016-04-26,crimes,14.215967,5.408415,4.674136,0.03617496507747991,0.06733163244165913,0.053229674380038366,14.730433031810298,9.84872213907353,7.620000000000001,4.129875433719447,2.834694895400845,16.21596670319937,7.408414614434935,6.6741362794249985,-3.4084146144349283,0.9506194530015499,0.9758219086492235,-0.6391843259014421,0.2272166766555757,0.43493782458777724,14.379771284168823,54.49505804419238,7103,64258,77320,761355,0.26876122106348027,0.3642557022757408,0.766001528766317,5,2.424848484848485,1.3436184650147076,1.9702606071878812
