randomization,name,type,l1,l2,l3,ipr1,ipr2,ipr3,l1_cm,l1_er,l1_reg,l2_mp,l3_mp,l1_lap,l2_lap,l3_lap,alg_conn,clustering_c,clustering_r,deg_assort,Q,N.olap,N.temp,N.nodf,H2,H3,H4,H17,cent_between,cent_close,cent_eigen,diam,mean_path_length,deg_het_row,deg_het_col
empirical,Chicago_crimes_2016-06-19,crimes,14.797465,4.805875,4.525024,0.0416981572472799,0.05581633116971844,0.051073501677177814,15.355166366578182,10.89205644792674,8.27659574468085,4.20677287812088,2.859037179050472,16.79746548380076,6.805874915991637,6.5250244289515305,-2.8058749159916556,0.9780486418181719,0.9809777969978719,-0.5650004751078053,0.20482286001282074,0.49517774060325787,17.28558989584325,61.35598236924505,7732,71267,97276,1141358,0.2564397473769875,0.4254717982581224,0.7652336802584232,5,2.2823152596659804,1.2807607668466374,1.8005432160770813
