randomization,name,type,l1,l2,l3,ipr1,ipr2,ipr3,l1_cm,l1_er,l1_reg,l2_mp,l3_mp,l1_lap,l2_lap,l3_lap,alg_conn,clustering_c,clustering_r,deg_assort,Q,N.olap,N.temp,N.nodf,H2,H3,H4,H17,cent_between,cent_close,cent_eigen,diam,mean_path_length,deg_het_row,deg_het_col
empirical,Chicago_crimes_2016-12-10,crimes,13.038196,5.000522,4.538583,0.039905301308338754,0.047428424148159856,0.058258196547222564,13.407386658179732,9.51502242656495,7.032258064516129,4.194393694990984,2.8418535550761526,15.038196237259577,7.00052178744198,6.538582775640347,-3.0005217874419547,0.9413379703142302,0.9702929370941249,-0.6421180598160934,0.23666171010670606,0.3982965876378568,14.53267335846196,52.38213947574187,5714,44667,60022,573857,0.2984376800298048,0.3559865118609499,0.7644018461175744,5,2.4142122487143527,1.304510469563916,1.8118845215049242
