randomization,name,type,l1,l2,l3,ipr1,ipr2,ipr3,l1_cm,l1_er,l1_reg,l2_mp,l3_mp,l1_lap,l2_lap,l3_lap,alg_conn,clustering_c,clustering_r,deg_assort,Q,N.olap,N.temp,N.nodf,H2,H3,H4,H17,cent_between,cent_close,cent_eigen,diam,mean_path_length,deg_het_row,deg_het_col
empirical,Chicago_crimes_2016-06-23,crimes,15.121633,5.269079,4.78495,0.03699852647777165,0.04977088311802888,0.04550048909064569,15.641973073345069,10.37575109299571,8.277227722772277,4.1432659617449366,2.8551255443029815,17.12163271974094,7.269078662104551,6.7849501079857,-3.2690786621045578,0.9701723520020852,0.9698970972200891,-0.5955075541930367,0.20647993406744294,0.4548433548274819,15.92710090341074,56.00708601493415,8241,80660,97206,1063713,0.2737592259188207,0.4612064886162475,0.7759518890887244,5,2.3647524752475246,1.297085689430187,2.051235090771732
