randomization,name,type,l1,l2,l3,ipr1,ipr2,ipr3,l1_cm,l1_er,l1_reg,l2_mp,l3_mp,l1_lap,l2_lap,l3_lap,alg_conn,clustering_c,clustering_r,deg_assort,Q,N.olap,N.temp,N.nodf,H2,H3,H4,H17,cent_between,cent_close,cent_eigen,diam,mean_path_length,deg_het_row,deg_het_col
empirical,Chicago_crimes_2016-08-07,crimes,15.103573,4.538866,4.497293,0.03961630950456041,0.037112149045019145,0.052100833947111604,15.647541479651554,10.856225289903048,8.505263157894737,4.166213419396516,2.8426359666986167,17.103572833672875,6.538866071219909,6.497292637116849,-2.5388660712199425,0.9773851637828361,0.981594972285112,-0.5781505948183265,0.20186133712381168,0.4874146288555945,15.303649492621272,60.41152497376893,7997,77737,96547,1074732,0.23220011317274397,0.38480908100996664,0.7497466732122554,5,2.3045912653975362,1.282741888050191,1.878173708459955
