randomization,name,type,l1,l2,l3,ipr1,ipr2,ipr3,l1_cm,l1_er,l1_reg,l2_mp,l3_mp,l1_lap,l2_lap,l3_lap,alg_conn,clustering_c,clustering_r,deg_assort,Q,N.olap,N.temp,N.nodf,H2,H3,H4,H17,cent_between,cent_close,cent_eigen,diam,mean_path_length,deg_het_row,deg_het_col
empirical,Chicago_crimes_2016-03-10,crimes,14.388526,5.122684,4.559342,0.03841984438625659,0.07653665015414901,0.07613029399342501,14.819669869719766,10.59050925448799,7.872340425531915,4.229281202877371,2.8696501281102145,16.38852598012426,7.122684334091172,6.559342382064673,-3.122684334091175,0.9604795583571831,0.9840728724389357,-0.6762333199245452,0.21555149744338925,0.4503269809882583,16.385227193313384,57.42594832153106,7211,63330,82499,837742,0.22995755752417052,0.3631591176048695,0.7599290822720441,5,2.326012354152368,1.285244704163623,1.7786997808619431
