randomization,name,type,l1,l2,l3,ipr1,ipr2,ipr3,l1_cm,l1_er,l1_reg,l2_mp,l3_mp,l1_lap,l2_lap,l3_lap,alg_conn,clustering_c,clustering_r,deg_assort,Q,N.olap,N.temp,N.nodf,H2,H3,H4,H17,cent_between,cent_close,cent_eigen,diam,mean_path_length,deg_het_row,deg_het_col
empirical,Chicago_crimes_2016-09-03,crimes,15.57076,4.727254,4.56054,0.03519999310116455,0.05220964882779132,0.06737352818084713,16.16040342601345,10.988079863455944,8.583333333333334,4.046202040792859,2.759510309254564,17.570759774922834,6.727253662178108,6.56053951226039,-2.7272536621781067,0.9742000190471656,0.9814251068448545,-0.6631728705473162,0.18772975775285136,0.511077276474707,15.113069343138264,61.38123565683463,8384,85235,96988,1002214,0.19066250964297826,0.3454893224748279,0.7379728797054282,5,2.319736842105263,1.3287774531058534,1.8850032990856822
