randomization,name,type,l1,l2,l3,ipr1,ipr2,ipr3,l1_cm,l1_er,l1_reg,l2_mp,l3_mp,l1_lap,l2_lap,l3_lap,alg_conn,clustering_c,clustering_r,deg_assort,Q,N.olap,N.temp,N.nodf,H2,H3,H4,H17,cent_between,cent_close,cent_eigen,diam,mean_path_length,deg_het_row,deg_het_col
empirical,Chicago_crimes_2016-04-03,crimes,14.20274,4.681759,4.499781,0.04256026919713372,0.06321967430549984,0.06037004425335722,14.638551940804364,10.004131701936313,7.479166666666667,4.0698114770006315,2.7666507439205335,16.202740272320725,6.681758546075328,6.499780568924617,-2.681758546075392,0.9664427279535877,0.9741170652019153,-0.5830778764910921,0.22184806138996405,0.48264780760291065,12.647279734652813,59.185102389437596,6946,59251,85439,982778,0.35685677608287103,0.46573776981150533,0.7769229888957442,5,2.3714912280701754,1.3156012135225517,1.9209968886026647
