randomization,name,type,l1,l2,l3,ipr1,ipr2,ipr3,l1_cm,l1_er,l1_reg,l2_mp,l3_mp,l1_lap,l2_lap,l3_lap,alg_conn,clustering_c,clustering_r,deg_assort,Q,N.olap,N.temp,N.nodf,H2,H3,H4,H17,cent_between,cent_close,cent_eigen,diam,mean_path_length,deg_het_row,deg_het_col
empirical,Chicago_crimes_2016-11-07,crimes,14.840379,4.847163,4.599933,0.03744329882290732,0.04284333741920618,0.04963563519252679,15.31766691886224,11.206746985551584,8.236559139784946,4.27751924084145,2.8954268992175494,16.840378793465963,6.84716347941353,6.599933335379274,-2.8471634794135414,0.9714548064865481,0.9851342881133437,-0.667645119090647,0.19370232260087675,0.4740034874713529,15.875448863668094,61.21270041243366,7717,70328,91775,981328,0.27841504289042057,0.4187424077633764,0.7560510214597707,5,2.2767648433847594,1.2858837404304344,1.6792670207036655
