randomization,name,type,l1,l2,l3,ipr1,ipr2,ipr3,l1_cm,l1_er,l1_reg,l2_mp,l3_mp,l1_lap,l2_lap,l3_lap,alg_conn,clustering_c,clustering_r,deg_assort,Q,N.olap,N.temp,N.nodf,H2,H3,H4,H17,cent_between,cent_close,cent_eigen,diam,mean_path_length,deg_het_row,deg_het_col
empirical,Chicago_crimes_2016-09-25,crimes,15.025136,4.752801,4.483776,0.039319511495495646,0.061781796369926485,0.06779140939077516,15.453885921454642,10.279598810490452,7.918367346938775,4.005016559547932,2.735512396969655,17.025135688740313,6.752800602167714,6.483776310255583,-2.7528006021677203,0.975062815767433,0.9780570368121703,-0.6286517210595464,0.19958284621107408,0.5167536723447187,12.612006267969722,60.613564610250286,7964,72714,99955,1135947,0.277081542199459,0.4098807678687215,0.7642631632584121,5,2.3353671365453397,1.2812732490168983,2.0701721755765754
