randomization,name,type,l1,l2,l3,ipr1,ipr2,ipr3,l1_cm,l1_er,l1_reg,l2_mp,l3_mp,l1_lap,l2_lap,l3_lap,alg_conn,clustering_c,clustering_r,deg_assort,Q,N.olap,N.temp,N.nodf,H2,H3,H4,H17,cent_between,cent_close,cent_eigen,diam,mean_path_length,deg_het_row,deg_het_col
empirical,Chicago_crimes_2016-01-10,crimes,13.471006,4.960715,4.766676,0.03930248602443446,0.06079804794640957,0.0629331354066623,13.792460705702194,10.227805382158143,7.555555555555555,4.3267774914140915,2.922093309730295,15.471006428403532,6.9607152674572115,6.766675572692713,-2.9607152674572124,0.9474539996265388,0.977729968084066,-0.6521903958080567,0.23041522491349464,0.37864846951432135,18.932180117057484,53.49486422070277,5970,50281,60830,556407,0.2139859223962489,0.32065888862193054,0.7549288552004513,5,2.381523096129838,1.300484429065744,1.6399307958477507
