randomization,name,type,l1,l2,l3,ipr1,ipr2,ipr3,l1_cm,l1_er,l1_reg,l2_mp,l3_mp,l1_lap,l2_lap,l3_lap,alg_conn,clustering_c,clustering_r,deg_assort,Q,N.olap,N.temp,N.nodf,H2,H3,H4,H17,cent_between,cent_close,cent_eigen,diam,mean_path_length,deg_het_row,deg_het_col
empirical,Chicago_crimes_2016-04-01,crimes,15.458151,5.191269,4.475251,0.037814132874707654,0.03528367225632049,0.07199564636142244,16.12469117131248,10.470836894097438,8.303030303030305,3.9271655937165266,2.690972714774028,17.458150744834462,7.191269012377105,6.475251010803859,-3.191269012377119,0.976380620236519,0.9727656154040678,-0.6078816502052126,0.21487559273269735,0.5452188729164595,10.85146316868403,63.64564548154784,8470,83072,105524,1190839,0.28908434840307135,0.4650140690383448,0.7636703749078106,5,2.3252937538651826,1.3182197595325624,2.10176354627311
