randomization,name,type,l1,l2,l3,ipr1,ipr2,ipr3,l1_cm,l1_er,l1_reg,l2_mp,l3_mp,l1_lap,l2_lap,l3_lap,alg_conn,clustering_c,clustering_r,deg_assort,Q,N.olap,N.temp,N.nodf,H2,H3,H4,H17,cent_between,cent_close,cent_eigen,diam,mean_path_length,deg_het_row,deg_het_col
empirical,Chicago_crimes_2016-10-10,crimes,14.339444,4.954917,4.84864,0.04246748290140527,0.08556299048403396,0.07068197804267783,14.775653488086407,10.66024022814759,7.894736842105263,4.3074607491262364,2.9285558350493544,16.33944390347982,6.95491704416264,6.848639998448788,-2.9549170441626136,0.9732549508867542,0.9813796231978565,-0.5823123898117596,0.22166044444444405,0.4459841800906613,18.819167505779323,57.552249651330094,7404,63146,93794,1118775,0.36172005792715434,0.5178595193977743,0.7860456835792207,5,2.2745800671892495,1.2532906666666668,1.788736
