randomization,name,type,l1,l2,l3,ipr1,ipr2,ipr3,l1_cm,l1_er,l1_reg,l2_mp,l3_mp,l1_lap,l2_lap,l3_lap,alg_conn,clustering_c,clustering_r,deg_assort,Q,N.olap,N.temp,N.nodf,H2,H3,H4,H17,cent_between,cent_close,cent_eigen,diam,mean_path_length,deg_het_row,deg_het_col
empirical,Chicago_crimes_2016-11-21,crimes,14.011072,4.605442,4.467284,0.03762264522108772,0.060570220446976256,0.05492541722862344,14.38561696518194,9.411251832022662,7.3061224489795915,3.981899921703007,2.7233551952314796,16.011072436608945,6.605441744423961,6.467284413280244,-2.605441744423918,0.9475710077757791,0.9660535166830372,-0.655443997243649,0.21662089198214812,0.44790727010394665,12.919160216427983,55.11849764425741,6574,57644,70126,663178,0.25702706668481234,0.378832937046648,0.7747526897989446,5,2.453818640858405,1.3412502730876064,2.07668299990637
