randomization,name,type,l1,l2,l3,ipr1,ipr2,ipr3,l1_cm,l1_er,l1_reg,l2_mp,l3_mp,l1_lap,l2_lap,l3_lap,alg_conn,clustering_c,clustering_r,deg_assort,Q,N.olap,N.temp,N.nodf,H2,H3,H4,H17,cent_between,cent_close,cent_eigen,diam,mean_path_length,deg_het_row,deg_het_col
empirical,Chicago_crimes_2016-08-31,crimes,14.834251,5.04228,4.661903,0.03993104788868825,0.05945269141996339,0.06757280486204591,15.379926531811666,10.522239362575823,8.1875,4.120842692139291,2.812908889742896,16.834250550030074,7.04227992304261,6.661902504634164,-3.0422799230425883,0.9776542447573975,0.978484156820623,-0.5888383639925406,0.2097520864492487,0.4887763092831681,14.290538547351769,58.72712619871983,7798,72075,95767,1098879,0.317121768102666,0.5220295971086993,0.7776120384620452,5,2.3035087719298244,1.2759033726343325,1.9541596255074491
