randomization,name,type,l1,l2,l3,ipr1,ipr2,ipr3,l1_cm,l1_er,l1_reg,l2_mp,l3_mp,l1_lap,l2_lap,l3_lap,alg_conn,clustering_c,clustering_r,deg_assort,Q,N.olap,N.temp,N.nodf,H2,H3,H4,H17,cent_between,cent_close,cent_eigen,diam,mean_path_length,deg_het_row,deg_het_col
empirical,Chicago_crimes_2016-02-06,crimes,13.941205,4.921278,4.519998,0.03669267287529474,0.05063653914659195,0.0793791457006851,14.408140683600092,9.575895597494455,7.587628865979381,4.06759972522217,2.7860240005830135,15.941205465673084,6.9212778427638275,6.519998488407198,-2.9212778427638466,0.9506714339933648,0.9678144630520392,-0.6341370183816942,0.2155895557655952,0.4276280114659793,13.769435214185574,53.78080915926108,6540,59245,66515,600568,0.20979440221785056,0.30197027972335583,0.7477432687927982,5,2.4282646048109964,1.3368383742911154,2.008979206049149
