randomization,name,type,l1,l2,l3,ipr1,ipr2,ipr3,l1_cm,l1_er,l1_reg,l2_mp,l3_mp,l1_lap,l2_lap,l3_lap,alg_conn,clustering_c,clustering_r,deg_assort,Q,N.olap,N.temp,N.nodf,H2,H3,H4,H17,cent_between,cent_close,cent_eigen,diam,mean_path_length,deg_het_row,deg_het_col
empirical,Chicago_crimes_2016-06-10,crimes,14.424769,4.706108,4.464116,0.03724570111934051,0.062311069752396045,0.05752473851316732,14.847986033171077,10.486979186114644,8.043956043956044,4.129286288284354,2.7950185583537626,16.42476891727454,6.706107526241651,6.464115831491978,-2.706107526241708,0.9649129177751978,0.9764533401325854,-0.6591555574904738,0.2050822658186272,0.4694306906892732,13.325543706802751,59.70599793273158,6886,63449,74319,723049,0.24100584564694585,0.38527822015365626,0.7517125681600991,5,2.367765567765568,1.2985607214309176,1.799695422377497
