randomization,name,type,l1,l2,l3,ipr1,ipr2,ipr3,l1_cm,l1_er,l1_reg,l2_mp,l3_mp,l1_lap,l2_lap,l3_lap,alg_conn,clustering_c,clustering_r,deg_assort,Q,N.olap,N.temp,N.nodf,H2,H3,H4,H17,cent_between,cent_close,cent_eigen,diam,mean_path_length,deg_het_row,deg_het_col
empirical,Chicago_crimes_2016-12-24,crimes,13.301329,4.78689,4.466211,0.039562919212958486,0.04286029919345194,0.06621246907710986,13.489377511508465,9.908960661591227,7.48314606741573,4.288350197998019,2.897484236621146,15.301328957221207,6.7868902646794975,6.466210892806539,-2.786890264679515,0.9522336590208474,0.977364949906862,-0.6657005468002409,0.20987654320987645,0.38765262798421146,20.860524401529574,52.04605140526406,5844,47169,59974,546498,0.22086261635798857,0.29786369464993984,0.7464133874016601,6,2.3529111338100104,1.222754285817349,1.784874965055145
