randomization,name,type,l1,l2,l3,ipr1,ipr2,ipr3,l1_cm,l1_er,l1_reg,l2_mp,l3_mp,l1_lap,l2_lap,l3_lap,alg_conn,clustering_c,clustering_r,deg_assort,Q,N.olap,N.temp,N.nodf,H2,H3,H4,H17,cent_between,cent_close,cent_eigen,diam,mean_path_length,deg_het_row,deg_het_col
empirical,Chicago_crimes_2016-02-18,crimes,13.946418,5.019407,4.52436,0.03808725467149139,0.0663651948339637,0.07011101319471186,14.524992313457888,9.47742308036132,7.244897959183675,3.9352390681282636,2.685744247299637,15.946417922290033,7.019406904776268,6.5243604430730135,-3.0194069047762726,0.950838693218335,0.9705782287768294,-0.6335091741169389,0.22216226939099334,0.4638439363797224,12.50028212348289,55.74197767183916,6565,57384,71967,716197,0.2805278579457565,0.37791035636752235,0.7636250422656167,5,2.4275194613928046,1.3900416584011106,2.0136480856972825
