randomization,name,type,l1,l2,l3,ipr1,ipr2,ipr3,l1_cm,l1_er,l1_reg,l2_mp,l3_mp,l1_lap,l2_lap,l3_lap,alg_conn,clustering_c,clustering_r,deg_assort,Q,N.olap,N.temp,N.nodf,H2,H3,H4,H17,cent_between,cent_close,cent_eigen,diam,mean_path_length,deg_het_row,deg_het_col
empirical,Chicago_crimes_2016-07-26,crimes,15.661153,4.992023,4.692918,0.03592789236420571,0.05586825307109514,0.04867669904511033,16.328105405826815,10.764263001855973,8.326530612244898,3.8991208797179824,2.6600284364776337,17.66115283728351,6.992022753436531,6.692917956851596,-2.99202275343655,0.984703547424554,0.9807100294634481,-0.6292667829426797,0.19509323337178025,0.5528040390116221,10.880858211152646,64.60284617521053,8643,85050,110084,1323033,0.37809360030790823,0.5505692569857512,0.7711488002405145,6,2.308015989901115,1.334967320261438,2.005935217224144
