randomization,name,type,l1,l2,l3,ipr1,ipr2,ipr3,l1_cm,l1_er,l1_reg,l2_mp,l3_mp,l1_lap,l2_lap,l3_lap,alg_conn,clustering_c,clustering_r,deg_assort,Q,N.olap,N.temp,N.nodf,H2,H3,H4,H17,cent_between,cent_close,cent_eigen,diam,mean_path_length,deg_het_row,deg_het_col
empirical,Chicago_crimes_2016-06-01,crimes,16.481284,4.88763,4.596721,0.03421310284383673,0.05667591057365521,0.05090374699580661,16.8928403186888,11.746800109239858,9.34020618556701,4.204783808367573,2.8803905037696165,18.48128425664822,6.8876301311356105,6.596721163009102,-2.8876301311356225,0.9765004065122981,0.9845209567725507,-0.6292259049768365,0.19119044486352949,0.4635843775068022,16.98137509232466,59.943646778363316,9514,105153,113581,1207235,0.17012017889487838,0.3188777603643016,0.7227259849212428,6,2.3462199312714778,1.291337124590052,1.8328582079733347
