randomization,name,type,l1,l2,l3,ipr1,ipr2,ipr3,l1_cm,l1_er,l1_reg,l2_mp,l3_mp,l1_lap,l2_lap,l3_lap,alg_conn,clustering_c,clustering_r,deg_assort,Q,N.olap,N.temp,N.nodf,H2,H3,H4,H17,cent_between,cent_close,cent_eigen,diam,mean_path_length,deg_het_row,deg_het_col
empirical,Chicago_crimes_2016-12-30,crimes,14.350304,5.06819,4.742284,0.03643154502445417,0.09896297749462499,0.08079625619070578,14.666296151470423,9.948127915357837,7.670103092783505,4.116918013156658,2.8128507083263568,16.35030426010855,7.068189994641096,6.7422841112887895,-3.0681899946410938,0.9485576182865767,0.981955424538836,-0.6700027533008247,0.22121054457162667,0.3948244012944693,15.530737185794653,52.44463546123575,6854,63118,71235,652419,0.20232378770118273,0.3313178109765574,0.7593741476004583,6,2.486683848797251,1.348421782865071,1.9020117932708984
