randomization,name,type,l1,l2,l3,ipr1,ipr2,ipr3,l1_cm,l1_er,l1_reg,l2_mp,l3_mp,l1_lap,l2_lap,l3_lap,alg_conn,clustering_c,clustering_r,deg_assort,Q,N.olap,N.temp,N.nodf,H2,H3,H4,H17,cent_between,cent_close,cent_eigen,diam,mean_path_length,deg_het_row,deg_het_col
empirical,Chicago_crimes_2016-02-20,crimes,14.320772,5.153631,4.895846,0.037583887895365535,0.055537103815960734,0.0710670717846002,14.723369814678325,10.465091723574208,7.956989247311828,4.216643425762767,2.8632695815630975,16.3207715451203,7.1536307277182765,6.895845638560365,-3.1536307277183115,0.9639087851101985,0.973872947376204,-0.6686016691613262,0.21019722425127813,0.42980330623207513,16.67796707440062,56.31455294438986,7021,62614,77274,756495,0.1863766376343417,0.3380807685135083,0.7591015639619432,5,2.3394109396914446,1.2776333089846603,1.8094959824689554
