randomization,name,type,l1,l2,l3,ipr1,ipr2,ipr3,l1_cm,l1_er,l1_reg,l2_mp,l3_mp,l1_lap,l2_lap,l3_lap,alg_conn,clustering_c,clustering_r,deg_assort,Q,N.olap,N.temp,N.nodf,H2,H3,H4,H17,cent_between,cent_close,cent_eigen,diam,mean_path_length,deg_het_row,deg_het_col
empirical,Chicago_crimes_2016-10-25,crimes,14.432997,5.049597,4.744462,0.03673949658658889,0.06134198084934549,0.05444806136706778,14.863870369863768,10.16457951074274,7.91578947368421,4.112344780178845,2.804036157728493,16.432997036390173,7.049596727036728,6.744461722930919,-3.049596727036765,0.9680350103602721,0.9702904888038807,-0.642211328404701,0.20860683567224964,0.4511411955574144,14.970336804529031,56.990552141980345,7133,64814,79323,798762,0.2677851937509681,0.37010776112412713,0.7534780095624971,5,2.3565509518477046,1.287785762788592,1.94890221819828
