randomization,name,type,l1,l2,l3,ipr1,ipr2,ipr3,l1_cm,l1_er,l1_reg,l2_mp,l3_mp,l1_lap,l2_lap,l3_lap,alg_conn,clustering_c,clustering_r,deg_assort,Q,N.olap,N.temp,N.nodf,H2,H3,H4,H17,cent_between,cent_close,cent_eigen,diam,mean_path_length,deg_het_row,deg_het_col
empirical,Chicago_crimes_2016-07-21,crimes,15.250459,4.838553,4.592931,0.03633206623699713,0.05136399901082258,0.05976291043036414,15.76661574674829,10.399900188870985,8.148936170212766,3.838115053887855,2.605932909458576,17.25045933803489,6.838553475257714,6.5929310843561835,-2.8385534752577057,0.9693880913971452,0.9852909587471743,-0.6819338569606637,0.19991274055995994,0.5380481350008547,11.365516390257817,62.60912478959714,7686,74842,87663,890777,0.2592560763595607,0.41480785439376816,0.7538191052382225,5,2.3573552962708764,1.3335969295584535,2.0128434988308594
