randomization,name,type,l1,l2,l3,ipr1,ipr2,ipr3,l1_cm,l1_er,l1_reg,l2_mp,l3_mp,l1_lap,l2_lap,l3_lap,alg_conn,clustering_c,clustering_r,deg_assort,Q,N.olap,N.temp,N.nodf,H2,H3,H4,H17,cent_between,cent_close,cent_eigen,diam,mean_path_length,deg_het_row,deg_het_col
empirical,Chicago_crimes_2016-12-11,crimes,12.312661,4.354268,4.158255,0.04814834250469398,0.04093197373422197,0.057759674438279424,12.555232768949816,8.956740127972427,6.541176470588235,3.991342047366949,2.662118419706943,14.312660537240872,6.354268464905669,6.158255333361483,-2.3542684649056618,0.9375044248622982,0.9799955046077771,-0.6110964581098626,0.23601262874592405,0.3754338869043015,18.88332043576706,51.8202569340686,4498,32906,44508,399891,0.24529078038092914,0.3552837086717892,0.7812352618697901,6,2.511484593837535,1.3338854096578854,1.7676621292893746
