randomization,name,type,l1,l2,l3,ipr1,ipr2,ipr3,l1_cm,l1_er,l1_reg,l2_mp,l3_mp,l1_lap,l2_lap,l3_lap,alg_conn,clustering_c,clustering_r,deg_assort,Q,N.olap,N.temp,N.nodf,H2,H3,H4,H17,cent_between,cent_close,cent_eigen,diam,mean_path_length,deg_het_row,deg_het_col
empirical,Chicago_crimes_2016-05-12,crimes,14.002908,4.63326,4.563831,0.039378367740091014,0.048962792814536145,0.06463171179451542,14.5003893127703,9.836689668859544,7.698924731182796,4.033915249045652,2.742336444623907,16.002907675062307,6.6332603345178125,6.56383053213525,-2.6332603345177987,0.9613846843530522,0.9795462061627389,-0.6195934757151873,0.21826722012421565,0.4460269872885339,15.410519925888824,55.689558663336726,6539,58136,70612,696935,0.23461848534789648,0.37431338302162787,0.7626049113713972,5,2.4025245441795233,1.3051714990168843,1.9633906557223555
