randomization,name,type,l1,l2,l3,ipr1,ipr2,ipr3,l1_cm,l1_er,l1_reg,l2_mp,l3_mp,l1_lap,l2_lap,l3_lap,alg_conn,clustering_c,clustering_r,deg_assort,Q,N.olap,N.temp,N.nodf,H2,H3,H4,H17,cent_between,cent_close,cent_eigen,diam,mean_path_length,deg_het_row,deg_het_col
empirical,Chicago_crimes_2016-12-23,crimes,14.443227,4.849488,4.516495,0.03801235267459085,0.05145961811015498,0.08739915702937223,14.956165359471209,10.3005936632653,7.787234042553192,4.054295601044254,2.7500821726639275,16.44322651070237,6.849488059889314,6.516494665464047,-2.8494880598893184,0.9654288252326549,0.9843702012311555,-0.6667642852044776,0.20809071635462398,0.4966507794020264,12.978198500060527,60.36502419990742,7119,63505,81261,833789,0.2638198169404999,0.39147056851274614,0.7618828966369913,5,2.3358499199267904,1.314760070470901,1.8797216996625756
