randomization,name,type,l1,l2,l3,ipr1,ipr2,ipr3,l1_cm,l1_er,l1_reg,l2_mp,l3_mp,l1_lap,l2_lap,l3_lap,alg_conn,clustering_c,clustering_r,deg_assort,Q,N.olap,N.temp,N.nodf,H2,H3,H4,H17,cent_between,cent_close,cent_eigen,diam,mean_path_length,deg_het_row,deg_het_col
empirical,Chicago_crimes_2016-07-12,crimes,14.5753,5.237467,4.701192,0.038430679631287906,0.04478125671014222,0.07768984136123899,14.801848224983075,10.248865143006377,8.020408163265305,4.272485383291301,2.9319349819439506,16.57530014862662,7.237467363363157,6.701192141433885,-3.2374673633631788,0.9735354896591334,0.9652380122491659,-0.6176294727602122,0.22852203640036578,0.40004151352070993,18.88060134700025,50.813468662921686,7627,68168,89892,953410,0.21364936705045814,0.3654705878315919,0.7670946765326891,5,2.3734483484115296,1.2135073713653048,2.0164779312264893
