randomization,name,type,l1,l2,l3,ipr1,ipr2,ipr3,l1_cm,l1_er,l1_reg,l2_mp,l3_mp,l1_lap,l2_lap,l3_lap,alg_conn,clustering_c,clustering_r,deg_assort,Q,N.olap,N.temp,N.nodf,H2,H3,H4,H17,cent_between,cent_close,cent_eigen,diam,mean_path_length,deg_het_row,deg_het_col
empirical,Chicago_crimes_2016-08-30,crimes,14.960054,4.93017,4.596502,0.03683196618616977,0.07085417927720536,0.04392324389918134,15.559863909781603,10.669440291195205,8.3125,4.126538050313487,2.8169891804634744,16.960054136482146,6.930169709627226,6.596501503429467,-2.9301697096272403,0.9730232566215564,0.9825344997535732,-0.6373808901258049,0.2022411919523118,0.480462929354865,14.596979179105151,59.473207177152176,7878,75268,91206,949697,0.23878882514604358,0.3965085871383068,0.7573591353238291,5,2.3210526315789473,1.302893826043806,1.9002518828399315
