randomization,name,type,l1,l2,l3,ipr1,ipr2,ipr3,l1_cm,l1_er,l1_reg,l2_mp,l3_mp,l1_lap,l2_lap,l3_lap,alg_conn,clustering_c,clustering_r,deg_assort,Q,N.olap,N.temp,N.nodf,H2,H3,H4,H17,cent_between,cent_close,cent_eigen,diam,mean_path_length,deg_het_row,deg_het_col
empirical,Chicago_crimes_2016-02-13,crimes,13.332879,4.884815,4.583161,0.04198692100541278,0.045327589323814234,0.09328209439651003,13.810891148081016,9.44169617171201,7.178947368421053,4.09988830013504,2.7904248484073637,15.332878909684247,6.884815152470154,6.583161225716844,-2.8848151524701353,0.9438055739536427,0.9737083290902526,-0.6103126486864741,0.23505989800569224,0.4108909093726447,15.282050593744252,52.54746265223764,6004,49322,64035,628365,0.2749461580410857,0.36276805759320174,0.7782806378870147,6,2.455543113101904,1.3319630894127157,1.9137864311452433
