randomization,name,type,l1,l2,l3,ipr1,ipr2,ipr3,l1_cm,l1_er,l1_reg,l2_mp,l3_mp,l1_lap,l2_lap,l3_lap,alg_conn,clustering_c,clustering_r,deg_assort,Q,N.olap,N.temp,N.nodf,H2,H3,H4,H17,cent_between,cent_close,cent_eigen,diam,mean_path_length,deg_het_row,deg_het_col
empirical,Chicago_crimes_2016-02-04,crimes,14.179398,4.919741,4.342824,0.03773237931167094,0.05776986843308616,0.04547534876843419,14.63630247290937,10.189691342307489,7.663157894736842,4.149761123873014,2.8210179416455397,16.179397517809843,6.919741491643034,6.342824261886863,-2.9197414916430593,0.9513942621034285,0.9811839819079401,-0.6603384032016141,0.21923680714889468,0.41864772249210846,16.802070806530903,54.77536005049746,6765,60588,72537,686426,0.1859039510714054,0.2837892947839377,0.7490430443865002,5,2.41030235162374,1.3540031397174255,1.791148412027533
