randomization,name,type,l1,l2,l3,ipr1,ipr2,ipr3,l1_cm,l1_er,l1_reg,l2_mp,l3_mp,l1_lap,l2_lap,l3_lap,alg_conn,clustering_c,clustering_r,deg_assort,Q,N.olap,N.temp,N.nodf,H2,H3,H4,H17,cent_between,cent_close,cent_eigen,diam,mean_path_length,deg_het_row,deg_het_col
empirical,Chicago_crimes_2016-09-09,crimes,15.526297,4.71955,4.669202,0.03482004618270836,0.04158626307572937,0.048534214524425516,15.905054435716906,10.93292831918803,8.639175257731958,4.1846348954777834,2.865899760070409,17.52629669452009,6.719550235553131,6.669201654454806,-2.719550235553176,0.9734754145544897,0.9771101511503594,-0.6560910785641215,0.188566936848161,0.47451382302750644,15.087508273002115,59.353421954236985,8481,85012,98419,1025878,0.2210578116541205,0.36554348105789053,0.7473022616433238,6,2.341494845360825,1.2649392518839606,1.9387962018899416
