randomization,name,type,l1,l2,l3,ipr1,ipr2,ipr3,l1_cm,l1_er,l1_reg,l2_mp,l3_mp,l1_lap,l2_lap,l3_lap,alg_conn,clustering_c,clustering_r,deg_assort,Q,N.olap,N.temp,N.nodf,H2,H3,H4,H17,cent_between,cent_close,cent_eigen,diam,mean_path_length,deg_het_row,deg_het_col
empirical,Chicago_crimes_2016-01-16,crimes,13.817244,4.587144,4.422605,0.039490517048060475,0.0739084577944584,0.05654661001577528,14.167331531761192,9.402553086703659,7.297872340425532,3.9489187175017735,2.6846117029829926,15.817243810686202,6.587143504901761,6.422605399020573,-2.587143504901767,0.9629806640482566,0.9661733267554679,-0.6368290705696252,0.21740941274469033,0.43801228957146526,13.616680562750025,53.96028982605834,6238,53500,67115,652630,0.26039396749054033,0.3490653596677736,0.770084967061746,6,2.4589338824067717,1.3114943603430542,2.060519001436476
