randomization,name,type,l1,l2,l3,ipr1,ipr2,ipr3,l1_cm,l1_er,l1_reg,l2_mp,l3_mp,l1_lap,l2_lap,l3_lap,alg_conn,clustering_c,clustering_r,deg_assort,Q,N.olap,N.temp,N.nodf,H2,H3,H4,H17,cent_between,cent_close,cent_eigen,diam,mean_path_length,deg_het_row,deg_het_col
empirical,Chicago_crimes_2016-11-20,crimes,14.029651,4.751977,4.453688,0.0396669553335437,0.03618766099128914,0.07774124953661547,14.359493813365232,9.813224437874288,7.458333333333333,4.111340673405675,2.8013796339180717,16.029650750215783,6.751977089904753,6.453687861615203,-2.751977089904759,0.9532295567061763,0.970925934308001,-0.6338766344399644,0.22443119752816715,0.41817516429994844,15.411605645192912,54.1041069816672,6627,57583,72911,716682,0.2422148627964975,0.3330862104600189,0.7609822323137126,5,2.4401315789473683,1.3201835148715708,1.9193689335538844
