randomization,name,type,l1,l2,l3,ipr1,ipr2,ipr3,l1_cm,l1_er,l1_reg,l2_mp,l3_mp,l1_lap,l2_lap,l3_lap,alg_conn,clustering_c,clustering_r,deg_assort,Q,N.olap,N.temp,N.nodf,H2,H3,H4,H17,cent_between,cent_close,cent_eigen,diam,mean_path_length,deg_het_row,deg_het_col
empirical,Chicago_crimes_2016-08-02,crimes,15.032902,4.96707,4.520926,0.037207134662427435,0.05543775082656479,0.047740886334190664,15.532360489137641,10.283860608308125,8.141414141414142,4.064577081268554,2.789307615265134,17.032902397772613,6.967070386255482,6.5209260742839765,-2.9670703862554824,0.9795218685097096,0.9705780127651508,-0.6241200027699271,0.20464998860900555,0.5054451973620786,12.722566192233618,59.68854910253102,8166,76145,100140,1122813,0.3076327697848291,0.4637120097829973,0.7678538777093707,5,2.3228200371057515,1.254702633474746,2.1310641651632607
