randomization,name,type,l1,l2,l3,ipr1,ipr2,ipr3,l1_cm,l1_er,l1_reg,l2_mp,l3_mp,l1_lap,l2_lap,l3_lap,alg_conn,clustering_c,clustering_r,deg_assort,Q,N.olap,N.temp,N.nodf,H2,H3,H4,H17,cent_between,cent_close,cent_eigen,diam,mean_path_length,deg_het_row,deg_het_col
empirical,Chicago_crimes_2016-07-23,crimes,14.869912,5.121718,4.531679,0.04055232996572939,0.05027049285446792,0.040524643190745904,15.50921687051285,10.86821221018929,8.1875,4.17738739162864,2.843555499643601,16.869912391641464,7.121718415288335,6.531678788476623,-3.121718415288321,0.9759143250399607,0.9840484551766738,-0.607991659675426,0.21833744472285363,0.4813122654984877,16.45590896195177,58.61529262466229,8009,72654,101387,1168685,0.2470034005456586,0.4190332573326681,0.7689790141642079,5,2.286842105263158,1.28873608764058,1.836852294284845
