randomization,name,type,l1,l2,l3,ipr1,ipr2,ipr3,l1_cm,l1_er,l1_reg,l2_mp,l3_mp,l1_lap,l2_lap,l3_lap,alg_conn,clustering_c,clustering_r,deg_assort,Q,N.olap,N.temp,N.nodf,H2,H3,H4,H17,cent_between,cent_close,cent_eigen,diam,mean_path_length,deg_het_row,deg_het_col
empirical,Chicago_crimes_2016-07-08,crimes,15.12442,4.684653,4.522712,0.03870202830209195,0.09456467195345938,0.04620874284526622,15.552353455891241,10.837272383350808,8.3125,4.182752783053384,2.852531241376012,17.124419918613754,6.684653392389375,6.522712374948383,-2.6846533923893734,0.9711707465233115,0.9811136571481417,-0.6216055824858059,0.19807664524720317,0.4694360410317726,15.117825885401867,59.35139728688312,8004,76364,96003,1047858,0.22988583369197932,0.4251915990110379,0.7650258723329089,5,2.330921052631579,1.289407729850943,1.855823769951194
