randomization,name,type,l1,l2,l3,ipr1,ipr2,ipr3,l1_cm,l1_er,l1_reg,l2_mp,l3_mp,l1_lap,l2_lap,l3_lap,alg_conn,clustering_c,clustering_r,deg_assort,Q,N.olap,N.temp,N.nodf,H2,H3,H4,H17,cent_between,cent_close,cent_eigen,diam,mean_path_length,deg_het_row,deg_het_col
empirical,Chicago_crimes_2016-09-16,crimes,15.820269,5.023003,4.569639,0.03626323768557047,0.05460448948659683,0.04416411782713538,16.284218565743423,10.774377466543259,8.565656565656566,4.027701356161833,2.762875428811398,17.820268948420033,7.02300327853087,6.569639242771019,-3.023003278530849,0.9803949565286498,0.9730923265433672,-0.6320155881452065,0.1927843538625845,0.5171342351002971,13.078235128466417,61.12433125734682,8912,89756,110926,1236015,0.24351696451684574,0.39787225351691635,0.7433281499660137,5,2.3384869099154812,1.2732511569953722,2.085261658953364
