randomization,name,type,l1,l2,l3,ipr1,ipr2,ipr3,l1_cm,l1_er,l1_reg,l2_mp,l3_mp,l1_lap,l2_lap,l3_lap,alg_conn,clustering_c,clustering_r,deg_assort,Q,N.olap,N.temp,N.nodf,H2,H3,H4,H17,cent_between,cent_close,cent_eigen,diam,mean_path_length,deg_het_row,deg_het_col
empirical,Chicago_crimes_2016-11-03,crimes,15.032322,5.194131,4.516711,0.0415885254152325,0.06147562420593624,0.06629222114656441,15.464986805325406,10.532224876092469,7.9787234042553195,3.9609328630802345,2.683671050724242,17.03232178228291,7.194131291801494,6.516711416014671,-3.1941312918015106,0.9820061732550625,0.9867678820988438,-0.6584994423693591,0.20734577777777824,0.5206594322986486,15.794194806567639,61.03476651540042,7908,69676,102098,1170387,0.2381828185597339,0.4026873951623757,0.7635507581631451,6,2.333104552733928,1.2466204444444446,2.019128888888889
