randomization,name,type,l1,l2,l3,ipr1,ipr2,ipr3,l1_cm,l1_er,l1_reg,l2_mp,l3_mp,l1_lap,l2_lap,l3_lap,alg_conn,clustering_c,clustering_r,deg_assort,Q,N.olap,N.temp,N.nodf,H2,H3,H4,H17,cent_between,cent_close,cent_eigen,diam,mean_path_length,deg_het_row,deg_het_col
empirical,Chicago_crimes_2016-12-28,crimes,15.443938,4.577282,4.502616,0.033757498458736324,0.04949490199503645,0.09450376835516298,15.801677668674563,11.31042577120855,8.494623655913978,4.166741955419746,2.8220861682674814,17.443938461298007,6.577282067649527,6.502616126434726,-2.577282067649575,0.9689952237415912,0.9879112543851332,-0.7284170301774435,0.18928376862682286,0.4532178654275741,14.624340769264148,60.12264565363451,7948,79035,87676,844056,0.22740654151177023,0.31355060086233494,0.7213194634189816,5,2.3426834969611967,1.331312289697164,1.6901201730491908
