randomization,name,type,l1,l2,l3,ipr1,ipr2,ipr3,l1_cm,l1_er,l1_reg,l2_mp,l3_mp,l1_lap,l2_lap,l3_lap,alg_conn,clustering_c,clustering_r,deg_assort,Q,N.olap,N.temp,N.nodf,H2,H3,H4,H17,cent_between,cent_close,cent_eigen,diam,mean_path_length,deg_het_row,deg_het_col
empirical,Chicago_crimes_2016-06-27,crimes,15.495019,5.161782,4.288575,0.03555693427697083,0.04950679945922489,0.05209005504098794,16.169794636979713,10.17469926319405,8.16161616161616,3.7756543404071867,2.5867054611744096,17.495018824199683,7.161781809377703,6.28857490248273,-3.161781809377707,0.9742926711474222,0.9796278423854421,-0.6504796861911902,0.2157692873247724,0.5250569497501937,11.094819763641942,60.655833359531954,8201,82813,95631,1004590,0.20091526093181458,0.3706298313204099,0.7561175849279754,6,2.4258915687487117,1.3619743162435054,2.1759508871679247
