randomization,name,type,l1,l2,l3,ipr1,ipr2,ipr3,l1_cm,l1_er,l1_reg,l2_mp,l3_mp,l1_lap,l2_lap,l3_lap,alg_conn,clustering_c,clustering_r,deg_assort,Q,N.olap,N.temp,N.nodf,H2,H3,H4,H17,cent_between,cent_close,cent_eigen,diam,mean_path_length,deg_het_row,deg_het_col
empirical,Chicago_crimes_2016-02-22,crimes,13.703263,4.552648,4.456463,0.0403311033997774,0.07055680197258718,0.0715825792422864,13.96523968649066,10.052720841719465,7.636363636363637,4.15325245093142,2.7978743754366224,15.70326341059452,6.552647791341503,6.456463055162519,-2.5526477913415118,0.958097848920552,0.9845632403771939,-0.6435147002879206,0.21150439342403646,0.39519634015212307,17.423816074948615,53.676107188250924,5913,51453,59964,548753,0.20581647355684365,0.3748107357283874,0.7596271560822528,5,2.408307210031348,1.2969281462585032,1.746244331065759
