randomization,name,type,l1,l2,l3,ipr1,ipr2,ipr3,l1_cm,l1_er,l1_reg,l2_mp,l3_mp,l1_lap,l2_lap,l3_lap,alg_conn,clustering_c,clustering_r,deg_assort,Q,N.olap,N.temp,N.nodf,H2,H3,H4,H17,cent_between,cent_close,cent_eigen,diam,mean_path_length,deg_het_row,deg_het_col
empirical,Chicago_crimes_2016-10-05,crimes,15.443435,4.573501,4.387232,0.03661908704322292,0.06456506110541026,0.0616395222032682,16.114753363093644,10.636077510219756,8.416666666666666,3.9109335784106043,2.667344213526202,17.443434553334484,6.573501186580204,6.387231955264393,-2.5735011865801667,0.9774815117486215,0.9807603676617651,-0.6162255120483258,0.19115772963434938,0.5508453756786075,11.815460582396137,64.30211633456939,8127,82547,95568,1021601,0.26019595277645347,0.4432185111689451,0.7591266235634619,5,2.330921052631579,1.3498308989314771,1.9790461719439272
