randomization,name,type,l1,l2,l3,ipr1,ipr2,ipr3,l1_cm,l1_er,l1_reg,l2_mp,l3_mp,l1_lap,l2_lap,l3_lap,alg_conn,clustering_c,clustering_r,deg_assort,Q,N.olap,N.temp,N.nodf,H2,H3,H4,H17,cent_between,cent_close,cent_eigen,diam,mean_path_length,deg_het_row,deg_het_col
empirical,Chicago_crimes_2016-04-14,crimes,14.272964,4.758472,4.693022,0.03853544986991152,0.05826702514770273,0.04363533130546245,14.84387951170226,10.055478338160155,7.791666666666667,4.083820880939092,2.786405633933766,16.272964099361143,6.7584720344356874,6.693022247994677,-2.758472034435688,0.9666485371645818,0.9720998819008098,-0.6100564898399823,0.22447739426349056,0.4773356841000034,14.18897987204757,58.19551229996318,7104,63476,81658,850693,0.22698799786377327,0.3403804588819269,0.7560240421410102,5,2.3469298245614034,1.305670736938431,1.9641396665618118
