randomization,name,type,l1,l2,l3,ipr1,ipr2,ipr3,l1_cm,l1_er,l1_reg,l2_mp,l3_mp,l1_lap,l2_lap,l3_lap,alg_conn,clustering_c,clustering_r,deg_assort,Q,N.olap,N.temp,N.nodf,H2,H3,H4,H17,cent_between,cent_close,cent_eigen,diam,mean_path_length,deg_het_row,deg_het_col
empirical,Chicago_crimes_2016-07-17,crimes,14.847102,4.943839,4.59018,0.035306371592380134,0.06236610497257593,0.05146943297219215,15.15875092645627,10.609437098131231,8.294736842105262,4.231895443262786,2.8898032460334844,16.847102155363615,6.943838631628968,6.590180344803136,-2.94383863162898,0.9665449686209941,0.976523111468881,-0.6553173272549169,0.2069558607539489,0.4225529959168593,17.593857937467217,55.30302714298084,7508,72438,81116,780713,0.20124958091022274,0.33642120262578373,0.7472906364945548,5,2.350727883538634,1.2828467623489395,1.8531268520188615
