randomization,name,type,l1,l2,l3,ipr1,ipr2,ipr3,l1_cm,l1_er,l1_reg,l2_mp,l3_mp,l1_lap,l2_lap,l3_lap,alg_conn,clustering_c,clustering_r,deg_assort,Q,N.olap,N.temp,N.nodf,H2,H3,H4,H17,cent_between,cent_close,cent_eigen,diam,mean_path_length,deg_het_row,deg_het_col
empirical,Chicago_crimes_2016-07-27,crimes,14.606666,4.894181,4.520983,0.039245776513051424,0.059215661437081506,0.06640906210365063,15.009285320538527,11.021028237299177,8.258064516129032,4.3548283654918025,2.9569717291102693,16.606666177765447,6.894180507197609,6.520982667507917,-2.8941805071975963,0.9708225862569694,0.9834118582879521,-0.6206954049069969,0.20233832465277757,0.4364891869267862,18.073810859342522,57.633949207020024,7484,67843,88023,948172,0.247056847885656,0.4129798412050367,0.7668246156451193,5,2.28424497428705,1.2606336805555554,1.7039388020833335
