randomization,name,type,l1,l2,l3,ipr1,ipr2,ipr3,l1_cm,l1_er,l1_reg,l2_mp,l3_mp,l1_lap,l2_lap,l3_lap,alg_conn,clustering_c,clustering_r,deg_assort,Q,N.olap,N.temp,N.nodf,H2,H3,H4,H17,cent_between,cent_close,cent_eigen,diam,mean_path_length,deg_het_row,deg_het_col
empirical,Chicago_crimes_2016-08-01,crimes,15.856432,4.622203,4.498633,0.03816398915280395,0.03989733192702572,0.05807061371692068,16.41592890263235,10.982045259283948,8.510204081632653,3.9826691527904137,2.7195607003485107,17.85643163599701,6.622202751748087,6.498632919505948,-2.6222027517480675,0.9769148414760701,0.9829864959159381,-0.6065751461694707,0.201525110846574,0.5346393204259158,13.730592721811629,63.13665288424372,8792,89178,111720,1282361,0.24068102647752718,0.4115898581763526,0.7594879131128539,5,2.3450452345886807,1.3325972315672645,1.9444473198419685
