randomization,name,type,l1,l2,l3,ipr1,ipr2,ipr3,l1_cm,l1_er,l1_reg,l2_mp,l3_mp,l1_lap,l2_lap,l3_lap,alg_conn,clustering_c,clustering_r,deg_assort,Q,N.olap,N.temp,N.nodf,H2,H3,H4,H17,cent_between,cent_close,cent_eigen,diam,mean_path_length,deg_het_row,deg_het_col
empirical,Chicago_crimes_2016-02-15,crimes,12.906411,5.038628,4.756642,0.03791731016498745,0.07226373566536873,0.09275189980404479,13.29829787578255,9.483974934494734,6.955555555555556,4.1254586655146195,2.7782029424955113,14.906410894275076,7.038628194553243,6.756642470314994,-3.0386281945532403,0.9264807808011002,0.9863469755134795,-0.6799995077074675,0.2357276281272649,0.36424986635472395,14.846918443398767,52.024304385912906,5202,42149,48804,406225,0.22662472091615601,0.2922178868312199,0.7591244063162622,5,2.473907615480649,1.394155294021578,1.67802059835254
