randomization,name,type,l1,l2,l3,ipr1,ipr2,ipr3,l1_cm,l1_er,l1_reg,l2_mp,l3_mp,l1_lap,l2_lap,l3_lap,alg_conn,clustering_c,clustering_r,deg_assort,Q,N.olap,N.temp,N.nodf,H2,H3,H4,H17,cent_between,cent_close,cent_eigen,diam,mean_path_length,deg_het_row,deg_het_col
empirical,Chicago_crimes_2016-03-22,crimes,14.820447,4.905606,4.432283,0.037588869254197924,0.05345337348152657,0.051521877869574864,15.274858284004727,10.761972721152109,8.49438202247191,4.083417582436249,2.7613465164327176,16.82044661537189,6.905605741558793,6.432283400179703,-2.9056057415588246,0.9801614887417168,0.9822911117030723,-0.6310991565234434,0.19251280759217262,0.5103215442927541,14.01583709654657,62.39627152780879,7275,69699,81386,818961,0.22619443047964377,0.3673709236416191,0.7356458981801122,4,2.267620020429009,1.2516446907981302,1.8630217519106407
