randomization,name,type,l1,l2,l3,ipr1,ipr2,ipr3,l1_cm,l1_er,l1_reg,l2_mp,l3_mp,l1_lap,l2_lap,l3_lap,alg_conn,clustering_c,clustering_r,deg_assort,Q,N.olap,N.temp,N.nodf,H2,H3,H4,H17,cent_between,cent_close,cent_eigen,diam,mean_path_length,deg_het_row,deg_het_col
empirical,Chicago_crimes_2016-09-30,crimes,15.267713,4.608232,4.481169,0.03664678486309673,0.05136192741815125,0.04796697416736385,15.84932017469519,10.142495089966241,8.16326530612245,3.8673698757893185,2.6493818642028875,17.26771263054346,6.608231931985189,6.48116851578241,-2.6082319319851943,0.9744683617862556,0.9733156259634311,-0.6394278454292142,0.19829375000000035,0.5145514590736278,13.215947958585888,60.282429588052395,8041,79091,94236,991215,0.251712868396854,0.4153667916331933,0.7523249625973051,5,2.3780770039974755,1.3085250000000002,2.1896875
