randomization,name,type,l1,l2,l3,ipr1,ipr2,ipr3,l1_cm,l1_er,l1_reg,l2_mp,l3_mp,l1_lap,l2_lap,l3_lap,alg_conn,clustering_c,clustering_r,deg_assort,Q,N.olap,N.temp,N.nodf,H2,H3,H4,H17,cent_between,cent_close,cent_eigen,diam,mean_path_length,deg_het_row,deg_het_col
empirical,Chicago_crimes_2016-07-24,crimes,14.560336,5.059217,4.403164,0.040879310096542776,0.052296542903812714,0.045409961445569254,15.043314928228254,10.568652807234917,8.043010752688172,4.139940261176757,2.8083797236261043,16.560335864560983,7.059216983875222,6.403163555238483,-3.059216983875208,0.9705864809354428,0.9813116797232678,-0.6116467926563203,0.21283851411250004,0.47235322265177127,14.234803367805648,59.54604077421735,7294,65778,86663,943560,0.24946166071090972,0.4033168887385565,0.7621872753858173,5,2.338008415147265,1.2828076296148017,1.841345191455289
