randomization,name,type,l1,l2,l3,ipr1,ipr2,ipr3,l1_cm,l1_er,l1_reg,l2_mp,l3_mp,l1_lap,l2_lap,l3_lap,alg_conn,clustering_c,clustering_r,deg_assort,Q,N.olap,N.temp,N.nodf,H2,H3,H4,H17,cent_between,cent_close,cent_eigen,diam,mean_path_length,deg_het_row,deg_het_col
empirical,Chicago_crimes_2016-02-11,crimes,13.328198,5.208085,4.528394,0.040330650055157395,0.04077123711425929,0.08038567732073933,13.719866168660197,9.243199486836575,7.042553191489362,4.0058232491261725,2.720529606572613,15.32819774270354,7.208085411494444,6.528394487443624,-3.2080854114944506,0.937009747823754,0.9720917673606758,-0.6544164820310127,0.22439554220936245,0.41524031324850963,15.086048854911288,52.526222014735445,5798,47690,59361,546349,0.24445268200528142,0.362949349358145,0.7784662901509868,5,2.468771448181194,1.3412528180648224,1.9637005868876696
