randomization,name,type,l1,l2,l3,ipr1,ipr2,ipr3,l1_cm,l1_er,l1_reg,l2_mp,l3_mp,l1_lap,l2_lap,l3_lap,alg_conn,clustering_c,clustering_r,deg_assort,Q,N.olap,N.temp,N.nodf,H2,H3,H4,H17,cent_between,cent_close,cent_eigen,diam,mean_path_length,deg_het_row,deg_het_col
empirical,Chicago_crimes_2016-07-30,crimes,15.656322,4.683952,4.451881,0.0392760680799052,0.052530924089670375,0.04145143906781309,16.158035904822686,10.667410225330926,8.244897959183673,3.920090208120706,2.674954682423655,17.656321802215068,6.68395202684966,6.451880962730775,-2.6839520268497026,0.9733412322274881,0.9799444715140706,-0.6175861569817714,0.1956915988628567,0.517854372227517,12.636763848435033,61.12192508454969,8480,83204,107668,1237824,0.24232756753650217,0.4206329326832349,0.7622684014422173,5,2.3707132337471073,1.3308009018723654,2.0097294382903637
