randomization,name,type,l1,l2,l3,ipr1,ipr2,ipr3,l1_cm,l1_er,l1_reg,l2_mp,l3_mp,l1_lap,l2_lap,l3_lap,alg_conn,clustering_c,clustering_r,deg_assort,Q,N.olap,N.temp,N.nodf,H2,H3,H4,H17,cent_between,cent_close,cent_eigen,diam,mean_path_length,deg_het_row,deg_het_col
empirical,Chicago_crimes_2016-02-03,crimes,14.638328,4.848438,4.397266,0.03680660346382973,0.07506010939776356,0.05671566956088466,15.067545994409477,10.657273206604355,8.222222222222221,4.10278997499731,2.773192705830032,16.63832776531176,6.848438084249768,6.397266427307779,-2.8484380842497616,0.9749862060012009,0.9810298427127564,-0.650185845290271,0.19549306062819571,0.4806470802423049,15.582721875895926,59.97888537891424,7049,66212,77318,764794,0.26920857093903255,0.41255368478245474,0.7510439845531177,5,2.301123595505618,1.2905770635500364,1.7989773557341127
