randomization,name,type,l1,l2,l3,ipr1,ipr2,ipr3,l1_cm,l1_er,l1_reg,l2_mp,l3_mp,l1_lap,l2_lap,l3_lap,alg_conn,clustering_c,clustering_r,deg_assort,Q,N.olap,N.temp,N.nodf,H2,H3,H4,H17,cent_between,cent_close,cent_eigen,diam,mean_path_length,deg_het_row,deg_het_col
empirical,Chicago_crimes_2016-05-27,crimes,14.976236,4.892691,4.511655,0.0383929132470472,0.06673146313929922,0.05249167864229146,15.660870973916765,10.28198333783159,8.07920792079208,4.057757815439475,2.789728882894167,16.976235659744113,6.892691397133299,6.51165532915665,-2.8926913971333037,0.9684101483960319,0.9752770714854138,-0.5799011633863379,0.2105980872741256,0.48934406085732185,11.830787075591214,58.87512640832934,8043,77769,96606,1084057,0.28262839106951637,0.42753383778517534,0.7755921243606189,6,2.3956435643564356,1.3506824298346791,2.015859284890427
