randomization,name,type,l1,l2,l3,ipr1,ipr2,ipr3,l1_cm,l1_er,l1_reg,l2_mp,l3_mp,l1_lap,l2_lap,l3_lap,alg_conn,clustering_c,clustering_r,deg_assort,Q,N.olap,N.temp,N.nodf,H2,H3,H4,H17,cent_between,cent_close,cent_eigen,diam,mean_path_length,deg_het_row,deg_het_col
empirical,Chicago_crimes_2016-01-17,crimes,12.627381,4.645975,4.375002,0.045542330564413425,0.05368332816545794,0.069198959357216,12.867272905248438,8.753843428879234,6.774193548387097,4.056983998921531,2.7587974910963613,14.62738058947776,6.6459752653018604,6.3750017020468395,-2.645975265301887,0.9418227507257574,0.9557861868625469,-0.5847397135617771,0.24307382212144085,0.3818269532249033,17.07581815917714,48.95112684418809,5256,39672,54860,529469,0.3015798848936433,0.4123633677538142,0.7940163953553857,5,2.463768115942029,1.2514890400604688,2.0826001511715795
