randomization,name,type,l1,l2,l3,ipr1,ipr2,ipr3,l1_cm,l1_er,l1_reg,l2_mp,l3_mp,l1_lap,l2_lap,l3_lap,alg_conn,clustering_c,clustering_r,deg_assort,Q,N.olap,N.temp,N.nodf,H2,H3,H4,H17,cent_between,cent_close,cent_eigen,diam,mean_path_length,deg_het_row,deg_het_col
empirical,Chicago_crimes_2016-09-12,crimes,15.36061,5.057361,4.594402,0.03653264253784763,0.05602798489628494,0.0387381244406735,15.689670529264548,10.923613664812255,8.350515463917525,4.195845218178382,2.864678705980473,17.360609969629895,7.057360769601111,6.5944022746524835,-3.0573607696011096,0.9674263063773246,0.979218903967921,-0.66583986132868,0.20518213686937958,0.4648252709739348,16.170182816709076,58.729548850033886,8245,79688,97339,1018367,0.1911732012316787,0.29303220636328947,0.7463458035908969,5,2.347938144329897,1.2885596707818934,1.8588568815729312
