randomization,name,type,l1,l2,l3,ipr1,ipr2,ipr3,l1_cm,l1_er,l1_reg,l2_mp,l3_mp,l1_lap,l2_lap,l3_lap,alg_conn,clustering_c,clustering_r,deg_assort,Q,N.olap,N.temp,N.nodf,H2,H3,H4,H17,cent_between,cent_close,cent_eigen,diam,mean_path_length,deg_het_row,deg_het_col
empirical,Chicago_crimes_2016-01-04,crimes,14.383146,5.022791,4.488318,0.03765999992223042,0.06538225515237794,0.06259509073831855,14.803607064436278,10.051385036468217,7.851063829787234,4.05255624661673,2.758477347632363,16.383146262346774,7.022791141938823,6.488318238685057,-3.022791141938831,0.967820780779266,0.9784145316813593,-0.6802358268366575,0.22238379565367433,0.4322529133412346,15.196088667460588,54.10363481525503,7e3,62898,76180,734170,0.21085577706087263,0.32998422857230536,0.7475655560989627,5,2.396247998169755,1.2812479344305638,1.989776808337189
