randomization,name,type,l1,l2,l3,ipr1,ipr2,ipr3,l1_cm,l1_er,l1_reg,l2_mp,l3_mp,l1_lap,l2_lap,l3_lap,alg_conn,clustering_c,clustering_r,deg_assort,Q,N.olap,N.temp,N.nodf,H2,H3,H4,H17,cent_between,cent_close,cent_eigen,diam,mean_path_length,deg_het_row,deg_het_col
empirical,Chicago_crimes_2016-01-23,crimes,14.171078,4.889287,4.37614,0.03928183159870949,0.060208908121126885,0.04447049316551556,14.727317711197491,9.636953434824092,7.4375,3.8995625039590958,2.6550042153101145,16.17107810348245,6.889287497503732,6.376140117008077,-2.8892874975037492,0.9641049340453695,0.9733203505355404,-0.623579166570929,0.21281453757973753,0.5067082829296394,11.395481777798592,59.59116159881969,6796,59433,78244,827350,0.2595135981029813,0.36871411441075114,0.7709199895993063,5,2.3855263157894737,1.337178008458285,2.0719346562154275
