randomization,name,type,l1,l2,l3,ipr1,ipr2,ipr3,l1_cm,l1_er,l1_reg,l2_mp,l3_mp,l1_lap,l2_lap,l3_lap,alg_conn,clustering_c,clustering_r,deg_assort,Q,N.olap,N.temp,N.nodf,H2,H3,H4,H17,cent_between,cent_close,cent_eigen,diam,mean_path_length,deg_het_row,deg_het_col
empirical,Chicago_crimes_2016-09-20,crimes,14.950348,4.895773,4.779494,0.03749506228345412,0.08182709812534655,0.046792495437044515,15.44159447904415,10.587950446273792,8.104166666666668,4.094408998895008,2.7892709930034174,16.950347779343534,6.895773152356062,6.779493647852032,-2.895773152356028,0.9725730855300522,0.9774957783685275,-0.6473156793192776,0.20562248465183255,0.4844929948262356,15.371622759467787,59.20969104297674,7826,72604,93562,1011805,0.2646651363917053,0.4277042268345212,0.7613422015252483,5,2.3418859649122807,1.2941032639223902,1.9177708315435393
