randomization,name,type,l1,l2,l3,ipr1,ipr2,ipr3,l1_cm,l1_er,l1_reg,l2_mp,l3_mp,l1_lap,l2_lap,l3_lap,alg_conn,clustering_c,clustering_r,deg_assort,Q,N.olap,N.temp,N.nodf,H2,H3,H4,H17,cent_between,cent_close,cent_eigen,diam,mean_path_length,deg_het_row,deg_het_col
empirical,Chicago_crimes_2016-06-29,crimes,15.622781,5.051277,4.894385,0.03514494225765263,0.052476299990970816,0.05461710248120674,16.017321850013097,10.82811685491114,8.58,4.18685314326093,2.8798953746010225,17.62278133578547,7.051276602700733,6.894385406755578,-3.051276602700713,0.9714799194996042,0.975011508683825,-0.6626611510826871,0.19849924745029646,0.45939246774628334,16.219636793777944,57.009856952921346,8782,88375,102974,1072985,0.1843449224301937,0.36655636354664894,0.753291009642868,5,2.368888888888889,1.270651648274026,2.0010758472296932
