randomization,name,type,l1,l2,l3,ipr1,ipr2,ipr3,l1_cm,l1_er,l1_reg,l2_mp,l3_mp,l1_lap,l2_lap,l3_lap,alg_conn,clustering_c,clustering_r,deg_assort,Q,N.olap,N.temp,N.nodf,H2,H3,H4,H17,cent_between,cent_close,cent_eigen,diam,mean_path_length,deg_het_row,deg_het_col
empirical,Chicago_crimes_2016-11-15,crimes,14.753816,4.906608,4.358658,0.03531083073919606,0.0397878222221218,0.0718529568192706,15.033486769357415,10.532224876092469,7.9787234042553195,4.148372389672572,2.817232432793354,16.75381647284636,6.906607975787541,6.358657764184043,-2.906607975787557,0.9620981058204932,0.981134867642184,-0.6882468909745892,0.19417599999999985,0.44759064427503076,14.586905290903836,57.50117758218014,7201,67562,77942,739467,0.25508896871408093,0.3416467274035566,0.7354960339762048,5,2.384351407000686,1.323448888888889,1.7972622222222223
