randomization,name,type,l1,l2,l3,ipr1,ipr2,ipr3,l1_cm,l1_er,l1_reg,l2_mp,l3_mp,l1_lap,l2_lap,l3_lap,alg_conn,clustering_c,clustering_r,deg_assort,Q,N.olap,N.temp,N.nodf,H2,H3,H4,H17,cent_between,cent_close,cent_eigen,diam,mean_path_length,deg_het_row,deg_het_col
empirical,Chicago_crimes_2016-08-18,crimes,14.724488,5.020573,4.61857,0.037911907381247716,0.049688083348652164,0.04792622478719279,15.240280133182232,10.375024147164346,8.127659574468085,4.05094201715825,2.757324753464683,16.72448810012693,7.020573122671198,6.618570096073622,-3.0205731226712067,0.9777247376517879,0.9702577014388283,-0.6180949894378277,0.2098352567089715,0.494779847176973,14.21377715253017,59.97691028846025,7448,69337,86844,928563,0.25709630833934477,0.4373425818615496,0.7635778321376374,5,2.3148021047815144,1.2798991255722159,1.9698747293111483
