randomization,name,type,l1,l2,l3,ipr1,ipr2,ipr3,l1_cm,l1_er,l1_reg,l2_mp,l3_mp,l1_lap,l2_lap,l3_lap,alg_conn,clustering_c,clustering_r,deg_assort,Q,N.olap,N.temp,N.nodf,H2,H3,H4,H17,cent_between,cent_close,cent_eigen,diam,mean_path_length,deg_het_row,deg_het_col
empirical,Chicago_crimes_2016-06-13,crimes,14.519966,5.132795,4.941214,0.037580254695392404,0.04754380742999127,0.059098289829766705,14.85229048141662,10.917737514060844,8.297872340425531,4.423456718327503,3.0149746619858333,16.519965936622064,7.132794770856588,6.941213521598406,-3.1327947708565556,0.9730135261042953,0.9769879555569387,-0.6434940920519533,0.21304404996712645,0.4088652193509094,19.085128998204688,54.670074109243295,7566,67748,87344,910029,0.20543394857665007,0.3582977349816061,0.7567614762108985,5,2.290093800045756,1.217278106508876,1.7633136094674555
