randomization,name,type,l1,l2,l3,ipr1,ipr2,ipr3,l1_cm,l1_er,l1_reg,l2_mp,l3_mp,l1_lap,l2_lap,l3_lap,alg_conn,clustering_c,clustering_r,deg_assort,Q,N.olap,N.temp,N.nodf,H2,H3,H4,H17,cent_between,cent_close,cent_eigen,diam,mean_path_length,deg_het_row,deg_het_col
empirical,Chicago_crimes_2016-05-17,crimes,14.244421000000001,4.805581,4.266554,0.03594586932560247,0.04903302217821277,0.055737425191745855,14.643892418600972,10.50179217159877,8.021739130434783,4.2450295537213,2.8807409529659997,16.24442142230086,6.8055813152815565,6.266554377648427,-2.8055813152815388,0.9529555379280542,0.9848470978805466,-0.6392000322554886,0.21052283693568663,0.39047480558544406,16.368871801596327,54.54484482481727,6578,62485,65461,586379,0.22279569189259799,0.32797823503887374,0.7364409634734539,5,2.4194935499283323,1.36479608698526,1.6617093000198295
