randomization,name,type,l1,l2,l3,ipr1,ipr2,ipr3,l1_cm,l1_er,l1_reg,l2_mp,l3_mp,l1_lap,l2_lap,l3_lap,alg_conn,clustering_c,clustering_r,deg_assort,Q,N.olap,N.temp,N.nodf,H2,H3,H4,H17,cent_between,cent_close,cent_eigen,diam,mean_path_length,deg_het_row,deg_het_col
empirical,Chicago_crimes_2016-05-20,crimes,15.453638,5.344936,4.527914,0.0363397346803194,0.04968793783738051,0.05568561523940828,15.778060421206554,10.693121549639338,8.4329896907216515,4.108629013740313,2.811329634898271,17.453637669863557,7.3449360816406015,6.5279138784799295,-3.344936081640615,0.9733727495715461,0.9740802213001383,-0.641242098388842,0.19897059438908143,0.470219852162446,16.380505026371566,58.215816791384206,8275,81874,97519,1031358,0.1997652887788295,0.37243417157531383,0.7478924365916599,5,2.3642611683848798,1.2709273617446093,1.9929639349358264
