randomization,name,type,l1,l2,l3,ipr1,ipr2,ipr3,l1_cm,l1_er,l1_reg,l2_mp,l3_mp,l1_lap,l2_lap,l3_lap,alg_conn,clustering_c,clustering_r,deg_assort,Q,N.olap,N.temp,N.nodf,H2,H3,H4,H17,cent_between,cent_close,cent_eigen,diam,mean_path_length,deg_het_row,deg_het_col
empirical,Chicago_crimes_2016-09-23,crimes,15.008419,4.990984,4.431558,0.03850900278192808,0.058733830391525146,0.040362664304953104,15.273031652600741,10.379769768861477,8.1010101010101,4.186127919438421,2.872453791165743,17.008419042526707,6.990984066793518,6.431557873994771,-2.990984066793528,0.9679365530180779,0.9711335961870379,-0.5979191099962002,0.20313928395967648,0.4374880166830632,16.33226855766697,55.43070272509007,7848,74645,92595,988066,0.21917118234782543,0.3576663785134403,0.758565786993847,5,2.3772418058132345,1.286982046131554,1.9702924733055143
