randomization,name,type,l1,l2,l3,ipr1,ipr2,ipr3,l1_cm,l1_er,l1_reg,l2_mp,l3_mp,l1_lap,l2_lap,l3_lap,alg_conn,clustering_c,clustering_r,deg_assort,Q,N.olap,N.temp,N.nodf,H2,H3,H4,H17,cent_between,cent_close,cent_eigen,diam,mean_path_length,deg_het_row,deg_het_col
empirical,Chicago_crimes_2016-02-10,crimes,13.509784,4.708547,4.322953,0.04164858526063316,0.06619707161026062,0.0539117196119422,13.516942488304615,8.766150822644784,6.88659793814433,3.950362677486081,2.7021665323533997,15.509784359636209,6.708546813053454,6.322953054246215,-2.708546813053472,0.9423599415530688,0.9500255938726373,-0.6243337483803594,0.24082971780988913,0.3866256719535588,13.177887565718752,49.03411616886041,5778,48208,59021,531239,0.21795454668168207,0.31612964613237676,0.7725816064002805,6,2.5691580756013748,1.303524687152641,2.201298002796802
