randomization,name,type,l1,l2,l3,ipr1,ipr2,ipr3,l1_cm,l1_er,l1_reg,l2_mp,l3_mp,l1_lap,l2_lap,l3_lap,alg_conn,clustering_c,clustering_r,deg_assort,Q,N.olap,N.temp,N.nodf,H2,H3,H4,H17,cent_between,cent_close,cent_eigen,diam,mean_path_length,deg_het_row,deg_het_col
empirical,Chicago_crimes_2016-05-28,crimes,14.730304,4.994417,4.433038,0.04186896930075481,0.07758122984968835,0.060601486129966665,15.361179005292358,10.18993007388101,7.9393939393939394,4.050404395826589,2.775026360541065,16.730304245707273,6.994417461146715,6.433037860350847,-2.994417461146718,0.9769772175446095,0.9648260449591047,-0.5578752694817498,0.21125420041567147,0.5055957298111698,13.071763115999351,60.18281166189679,7840,71527,100233,1186372,0.26903272016084384,0.44270553450471906,0.7813043974128995,5,2.339723768295197,1.2966092367059674,2.059663707761138
