randomization,name,type,l1,l2,l3,ipr1,ipr2,ipr3,l1_cm,l1_er,l1_reg,l2_mp,l3_mp,l1_lap,l2_lap,l3_lap,alg_conn,clustering_c,clustering_r,deg_assort,Q,N.olap,N.temp,N.nodf,H2,H3,H4,H17,cent_between,cent_close,cent_eigen,diam,mean_path_length,deg_het_row,deg_het_col
empirical,Chicago_crimes_2016-12-26,crimes,13.154023,4.734551,4.522848,0.04313411803330038,0.05955158262273072,0.11108398959762208,13.551353528756835,9.410785108317304,6.978260869565218,4.06051037857668,2.7435203405990314,15.154023467691674,6.734550988288001,6.5228479188906805,-2.734550988288025,0.9343685182323228,0.9818228176226242,-0.6358256031477703,0.23911840917692903,0.39246148759170135,17.25050945360819,50.94457846273587,5598,44749,58396,546969,0.2158881379970134,0.29118250270737,0.7669206076539192,5,2.461299569995222,1.3496084083034907,1.831571898564649
