randomization,name,type,l1,l2,l3,ipr1,ipr2,ipr3,l1_cm,l1_er,l1_reg,l2_mp,l3_mp,l1_lap,l2_lap,l3_lap,alg_conn,clustering_c,clustering_r,deg_assort,Q,N.olap,N.temp,N.nodf,H2,H3,H4,H17,cent_between,cent_close,cent_eigen,diam,mean_path_length,deg_het_row,deg_het_col
empirical,Chicago_crimes_2016-03-28,crimes,15.027749,4.741616,4.56667,0.03655416753235558,0.07701297361750813,0.04959393417437299,15.336416806848096,11.245078854447925,8.478260869565217,4.310490587298561,2.9222080773102865,17.027748574808992,6.741615901536114,6.566670346070855,-2.741615901536109,0.9716824354072627,0.9878739964590734,-0.6848481326006169,0.19293228139381963,0.4357583274238415,19.241148341307508,57.87695637112446,7807,72952,90049,915957,0.2067205002392951,0.35816620824617973,0.7378119537474016,5,2.2978977544194934,1.2440236686390531,1.7241157133464826
