randomization,name,type,l1,l2,l3,ipr1,ipr2,ipr3,l1_cm,l1_er,l1_reg,l2_mp,l3_mp,l1_lap,l2_lap,l3_lap,alg_conn,clustering_c,clustering_r,deg_assort,Q,N.olap,N.temp,N.nodf,H2,H3,H4,H17,cent_between,cent_close,cent_eigen,diam,mean_path_length,deg_het_row,deg_het_col
empirical,Chicago_crimes_2016-05-01,crimes,15.376721,4.823202,4.674551,0.03627745214490926,0.09688780250651523,0.06011667102455585,15.967058072271037,10.997866721196534,8.412371134020617,4.118778145097361,2.80943621903811,17.376720569052278,6.8232020284820925,6.674551159883391,-2.823202028482084,0.9752455786591683,0.9809840523260087,-0.6415606987328859,0.2142685505574781,0.49205105300193586,14.560972454074308,60.988268943768915,8335,81886,99904,1068136,0.19740467629427677,0.3330011527541242,0.7447169840104814,5,2.3402061855670104,1.3294886582083816,1.8385596885813151
