randomization,name,type,l1,l2,l3,ipr1,ipr2,ipr3,l1_cm,l1_er,l1_reg,l2_mp,l3_mp,l1_lap,l2_lap,l3_lap,alg_conn,clustering_c,clustering_r,deg_assort,Q,N.olap,N.temp,N.nodf,H2,H3,H4,H17,cent_between,cent_close,cent_eigen,diam,mean_path_length,deg_het_row,deg_het_col
empirical,Chicago_crimes_2016-06-25,crimes,15.399666,5.131274,4.567615,0.036219840369121306,0.0507465933906673,0.049152186250552975,15.831570400118093,10.596171597026116,8.38,4.1369774795748615,2.8439930655434345,17.399665824610217,7.131273826616545,6.567615328194141,-3.1312738266165385,0.9713359544394025,0.9694869963834051,-0.6383720701226395,0.2072669898212021,0.48803426690279944,13.142171113012765,58.946102001375586,8557,83161,103226,1123314,0.24380275967101367,0.35881948869694125,0.756928233978057,5,2.3442424242424242,1.2679581456018134,2.053713524074254
