randomization,name,type,l1,l2,l3,ipr1,ipr2,ipr3,l1_cm,l1_er,l1_reg,l2_mp,l3_mp,l1_lap,l2_lap,l3_lap,alg_conn,clustering_c,clustering_r,deg_assort,Q,N.olap,N.temp,N.nodf,H2,H3,H4,H17,cent_between,cent_close,cent_eigen,diam,mean_path_length,deg_het_row,deg_het_col
empirical,Chicago_crimes_2016-07-31,crimes,14.256874,4.838437,4.297793,0.04371017836176924,0.04760899129530815,0.07614834754384456,14.85599402904456,10.257818850564796,7.78494623655914,4.049263099019902,2.743696145152265,16.256873790737615,6.838437138442716,6.297792752656139,-2.838437138442728,0.9680606177914399,0.9752857959416976,-0.5900460410741941,0.21434022160495714,0.4941466903325769,15.203724594863827,60.07531653795969,7018,60977,85427,945517,0.24345912766550518,0.363061579535045,0.7597162860726242,5,2.318840579710145,1.2957327309911173,1.8976832209029026
