randomization,name,type,l1,l2,l3,ipr1,ipr2,ipr3,l1_cm,l1_er,l1_reg,l2_mp,l3_mp,l1_lap,l2_lap,l3_lap,alg_conn,clustering_c,clustering_r,deg_assort,Q,N.olap,N.temp,N.nodf,H2,H3,H4,H17,cent_between,cent_close,cent_eigen,diam,mean_path_length,deg_het_row,deg_het_col
empirical,Chicago_crimes_2016-05-16,crimes,15.243254,4.93081,4.522509,0.035529393803216236,0.06374529185884617,0.08314258196000622,15.791521277377143,11.225704261392293,8.553191489361701,4.198651660602895,2.85321821962512,17.24325415818427,6.930810389437848,6.522509247591578,-2.930810389437856,0.9674920833457419,0.9888002949716551,-0.6514319839562528,0.19844805821638095,0.46950164881084927,15.011938855787193,60.48812182798423,7929,79341,88913,888412,0.18630054604539042,0.3242909425178705,0.7342297270392844,5,2.332646991535118,1.3444221677681247,1.6987203287047348
