randomization,name,type,l1,l2,l3,ipr1,ipr2,ipr3,l1_cm,l1_er,l1_reg,l2_mp,l3_mp,l1_lap,l2_lap,l3_lap,alg_conn,clustering_c,clustering_r,deg_assort,Q,N.olap,N.temp,N.nodf,H2,H3,H4,H17,cent_between,cent_close,cent_eigen,diam,mean_path_length,deg_het_row,deg_het_col
empirical,Chicago_crimes_2016-04-09,crimes,14.025402,4.731503,4.481447,0.03996110671247298,0.06635607595911058,0.04153589128582114,14.395204710621051,9.72794542734835,7.484536082474227,4.10217570091363,2.8022901557888558,16.025402498713767,6.731502987307431,6.481446514807503,-2.73150298730745,0.9520889092016334,0.9728853437392402,-0.6024830516806576,0.22013523666416215,0.4305510884963417,13.982265143369304,55.059208811979126,6604,58613,71891,708997,0.22763298692618084,0.33154019370624666,0.7666678114972846,5,2.439003436426117,1.3426906176718347,1.9325486267635028
