randomization,name,type,l1,l2,l3,ipr1,ipr2,ipr3,l1_cm,l1_er,l1_reg,l2_mp,l3_mp,l1_lap,l2_lap,l3_lap,alg_conn,clustering_c,clustering_r,deg_assort,Q,N.olap,N.temp,N.nodf,H2,H3,H4,H17,cent_between,cent_close,cent_eigen,diam,mean_path_length,deg_het_row,deg_het_col
empirical,Chicago_crimes_2016-06-08,crimes,14.890284,4.667192,4.584475,0.037182094477693196,0.0437702543571356,0.041603797998746785,15.286741925308828,10.649884890730881,8.189473684210526,4.168298327133983,2.8393852341062993,16.89028428341289,6.667192470752679,6.584475405656619,-2.667192470752668,0.9694048033731113,0.9792271997918384,-0.6302255347668279,0.19808222255998828,0.4518364981935265,14.673343692282732,58.11220147150388,7566,72029,86267,904054,0.2695873301693536,0.43328841948422914,0.7673018948818506,5,2.3722284434490484,1.3061901520608508,1.8372796901950155
