randomization,name,type,l1,l2,l3,ipr1,ipr2,ipr3,l1_cm,l1_er,l1_reg,l2_mp,l3_mp,l1_lap,l2_lap,l3_lap,alg_conn,clustering_c,clustering_r,deg_assort,Q,N.olap,N.temp,N.nodf,H2,H3,H4,H17,cent_between,cent_close,cent_eigen,diam,mean_path_length,deg_het_row,deg_het_col
empirical,Chicago_crimes_2016-02-28,crimes,13.834816,4.519058,4.253169,0.04675420221344212,0.06966548687544893,0.07522057769290456,14.399508672351631,10.030499264391466,7.516483516483516,4.029704651484179,2.718773376787353,15.834816090001814,6.5190579684035,6.253169231440374,-2.519057968403493,0.9739599333229255,0.9747314334984472,-0.5730238188672645,0.21324510105673514,0.49632591399221027,14.806294824191863,60.09490484810356,6565,53493,82009,949837,0.29630441364013044,0.44280055862378925,0.7754811366273932,5,2.29010989010989,1.270544783010157,1.9087069525666018
