randomization,name,type,l1,l2,l3,ipr1,ipr2,ipr3,l1_cm,l1_er,l1_reg,l2_mp,l3_mp,l1_lap,l2_lap,l3_lap,alg_conn,clustering_c,clustering_r,deg_assort,Q,N.olap,N.temp,N.nodf,H2,H3,H4,H17,cent_between,cent_close,cent_eigen,diam,mean_path_length,deg_het_row,deg_het_col
empirical,Chicago_crimes_2016-12-21,crimes,14.820987,4.760616,4.508154,0.03816423095275416,0.06511329840940154,0.04072143622005864,15.270942176763294,10.32338130325145,7.91578947368421,3.996804644847075,2.7168771411064396,16.820986518072168,6.760615648778382,6.508154273883245,-2.7606156487783675,0.9692416658191151,0.9776019167241442,-0.6692210139750296,0.21041760977818033,0.5006488311578547,13.442406804811235,60.04819575711185,7511,68641,88054,927880,0.25487844576019825,0.4257194989482139,0.7661663997711977,5,2.347144456886898,1.2980986871887736,1.9746916025350836
