randomization,name,type,l1,l2,l3,ipr1,ipr2,ipr3,l1_cm,l1_er,l1_reg,l2_mp,l3_mp,l1_lap,l2_lap,l3_lap,alg_conn,clustering_c,clustering_r,deg_assort,Q,N.olap,N.temp,N.nodf,H2,H3,H4,H17,cent_between,cent_close,cent_eigen,diam,mean_path_length,deg_het_row,deg_het_col
empirical,Chicago_crimes_2016-01-01,crimes,17.191592,4.628607,4.516749,0.03300147412855501,0.03409007945010858,0.051351621140445565,17.83081083501165,12.213049415521679,9.551020408163266,4.016875928889066,2.7439825442021863,19.191591931390793,6.628606678476499,6.516748583006343,-2.628606678476539,0.9863032202676382,0.9841511847962258,-0.6599596858518367,0.18292515888669708,0.5897185139155285,12.104542600192985,68.39102647162107,10568,120147,135871,1561818,0.20689693910506987,0.37954315155289037,0.72514325744191,5,2.254155270355565,1.323434874716926,1.8339360070129298
