randomization,name,type,l1,l2,l3,ipr1,ipr2,ipr3,l1_cm,l1_er,l1_reg,l2_mp,l3_mp,l1_lap,l2_lap,l3_lap,alg_conn,clustering_c,clustering_r,deg_assort,Q,N.olap,N.temp,N.nodf,H2,H3,H4,H17,cent_between,cent_close,cent_eigen,diam,mean_path_length,deg_het_row,deg_het_col
empirical,Chicago_crimes_2016-04-08,crimes,13.155906,4.828029,4.557747,0.039168066069407835,0.04373093859304786,0.05281492649557444,13.529698206686424,9.031372363731256,7.010309278350515,4.068573404509446,2.782628562831336,15.155905698713276,6.8280294816411455,6.5577472527734155,-2.828029481641141,0.9299182908948295,0.9666819584244093,-0.5992220760965415,0.2442387543252591,0.37587082295432045,16.26292520781861,49.701071682813016,5649,48069,54873,483737,0.23260317039728512,0.3106520014296149,0.7697901264419559,5,2.5231958762886597,1.3788581314878894,1.9546020761245675
