randomization,name,type,l1,l2,l3,ipr1,ipr2,ipr3,l1_cm,l1_er,l1_reg,l2_mp,l3_mp,l1_lap,l2_lap,l3_lap,alg_conn,clustering_c,clustering_r,deg_assort,Q,N.olap,N.temp,N.nodf,H2,H3,H4,H17,cent_between,cent_close,cent_eigen,diam,mean_path_length,deg_het_row,deg_het_col
empirical,Chicago_crimes_2016-12-06,crimes,13.643302,5.472237,4.735607,0.03742345442224834,0.05696436287726548,0.0656580338984665,14.061136164661601,9.45740931690781,7.431578947368421,4.066944876534292,2.775911654253316,15.6433016136728,7.472236543638626,6.735606715833429,-3.472236543638628,0.9534635940493692,0.9617069765202458,-0.6632606801378212,0.22759190748661787,0.42476451674296345,15.852982701269443,53.53014669426922,6288,54088,64349,585683,0.20455094973358762,0.30668584334195365,0.7579393940259816,5,2.413437849944009,1.2879326533396465,2.040133537705944
