randomization,name,type,l1,l2,l3,ipr1,ipr2,ipr3,l1_cm,l1_er,l1_reg,l2_mp,l3_mp,l1_lap,l2_lap,l3_lap,alg_conn,clustering_c,clustering_r,deg_assort,Q,N.olap,N.temp,N.nodf,H2,H3,H4,H17,cent_between,cent_close,cent_eigen,diam,mean_path_length,deg_het_row,deg_het_col
empirical,Chicago_crimes_2016-11-22,crimes,14.074914,4.818899,4.610864,0.03718128264846216,0.05670760038269969,0.039789091198439264,14.614696389855165,9.93969219921371,7.63265306122449,4.153071264126393,2.8415013286700743,16.074914176182066,6.818898522998342,6.610863837835155,-2.8188985229983468,0.952734923658696,0.9790378839912192,-0.630071946483389,0.2183576882381535,0.43894218996091916,13.394228812875362,55.427881260745295,6901,61593,74926,742286,0.2775611013575063,0.38542775287573167,0.7715591087898216,5,2.402272249105828,1.344219165546627,1.899339414910349
