randomization,name,type,l1,l2,l3,ipr1,ipr2,ipr3,l1_cm,l1_er,l1_reg,l2_mp,l3_mp,l1_lap,l2_lap,l3_lap,alg_conn,clustering_c,clustering_r,deg_assort,Q,N.olap,N.temp,N.nodf,H2,H3,H4,H17,cent_between,cent_close,cent_eigen,diam,mean_path_length,deg_het_row,deg_het_col
empirical,Chicago_crimes_2016-02-12,crimes,13.700757,4.883964,4.454476,0.03854325190250939,0.05862237680350744,0.04896651383870791,14.218257637701518,9.335844651783816,7.154639175257732,3.9555516917281035,2.6975490942429046,15.700756824883952,6.88396440213785,6.454476238316141,-2.8839644021378725,0.9522799631011193,0.967758589105201,-0.6559767900626862,0.21911152820802474,0.46518889263357865,11.547838916795591,55.93198612848648,6374,53716,69103,669249,0.25271669411003367,0.342101049866792,0.771051013826061,5,2.4256872852233675,1.3435457482414104,2.061889061448895
