randomization,name,type,l1,l2,l3,ipr1,ipr2,ipr3,l1_cm,l1_er,l1_reg,l2_mp,l3_mp,l1_lap,l2_lap,l3_lap,alg_conn,clustering_c,clustering_r,deg_assort,Q,N.olap,N.temp,N.nodf,H2,H3,H4,H17,cent_between,cent_close,cent_eigen,diam,mean_path_length,deg_het_row,deg_het_col
empirical,Chicago_crimes_2016-01-09,crimes,13.968083,4.588338,4.476581,0.03796403214104852,0.04236943728897234,0.07564716563836198,14.4286795069749,9.869418868680672,7.630434782608695,4.026058803302219,2.7292830034066546,15.968082622880043,6.588338251473223,6.476581289378427,-2.588338251473233,0.9575134076959155,0.9785788586391191,-0.6269500890723916,0.21918653257684576,0.4599758676939895,14.302550924521457,57.76268205920652,6294,56787,65336,613585,0.21795713211166384,0.3106053179630636,0.7425000238146705,5,2.3872431915910175,1.3502568972654443,1.8659507633866608
