randomization,name,type,l1,l2,l3,ipr1,ipr2,ipr3,l1_cm,l1_er,l1_reg,l2_mp,l3_mp,l1_lap,l2_lap,l3_lap,alg_conn,clustering_c,clustering_r,deg_assort,Q,N.olap,N.temp,N.nodf,H2,H3,H4,H17,cent_between,cent_close,cent_eigen,diam,mean_path_length,deg_het_row,deg_het_col
empirical,Chicago_crimes_2016-06-09,crimes,14.326277,4.829849,4.531691,0.036159246198565635,0.06263775516568627,0.046387240167596606,14.73353128624346,10.599556816949725,8.21505376344086,4.315878069913547,2.9396978150674906,16.326277409575532,6.829849233721442,6.531691380168799,-2.829849233721437,0.9685384317401862,0.9820394010639161,-0.6545863350790246,0.20603190702009266,0.40378403328456797,17.45824469041519,53.27796696641343,7108,65025,75956,720201,0.1768583665733678,0.30086528454903433,0.7363082129256859,5,2.346423562412342,1.2572023793207423,1.7890956936487488
