randomization,name,type,l1,l2,l3,ipr1,ipr2,ipr3,l1_cm,l1_er,l1_reg,l2_mp,l3_mp,l1_lap,l2_lap,l3_lap,alg_conn,clustering_c,clustering_r,deg_assort,Q,N.olap,N.temp,N.nodf,H2,H3,H4,H17,cent_between,cent_close,cent_eigen,diam,mean_path_length,deg_het_row,deg_het_col
empirical,Chicago_crimes_2016-05-26,crimes,14.823295,4.824513,4.716817,0.036296503858938664,0.0721598448043498,0.04725061416080296,15.356923323438533,10.26089751955246,8.061855670103093,4.045405208370864,2.7660457947955135,16.823295029174126,6.82451274950281,6.71681745009621,-2.824512749502824,0.9720396009315984,0.9745930902650887,-0.6664309009299092,0.20839738096951194,0.48873503164192467,14.302798331816124,58.86043377527403,7768,71956,90053,922963,0.21800646316719033,0.3332355653680856,0.7454946696013969,5,2.334621993127148,1.2754364505726674,2.05852264179329
