randomization,name,type,l1,l2,l3,ipr1,ipr2,ipr3,l1_cm,l1_er,l1_reg,l2_mp,l3_mp,l1_lap,l2_lap,l3_lap,alg_conn,clustering_c,clustering_r,deg_assort,Q,N.olap,N.temp,N.nodf,H2,H3,H4,H17,cent_between,cent_close,cent_eigen,diam,mean_path_length,deg_het_row,deg_het_col
empirical,Chicago_crimes_2016-04-10,crimes,14.187952,4.89203,4.534745,0.03992379688836289,0.05797079107383099,0.0632056395675658,14.825288341990355,9.793165038959476,7.6,3.9243354395446626,2.6698938533346803,16.18795199744402,6.892029634552057,6.534744787686164,-2.8920296345520393,0.9624215026682608,0.9695439042419369,-0.5822706507096439,0.2157672209390664,0.4952791718085197,12.473785722888614,59.689600913509956,6652,61307,73714,747974,0.2353577329693835,0.3549668734228085,0.7620686033011145,5,2.4071668533034716,1.3897453211684996,1.9489568066543377
