randomization,name,type,l1,l2,l3,ipr1,ipr2,ipr3,l1_cm,l1_er,l1_reg,l2_mp,l3_mp,l1_lap,l2_lap,l3_lap,alg_conn,clustering_c,clustering_r,deg_assort,Q,N.olap,N.temp,N.nodf,H2,H3,H4,H17,cent_between,cent_close,cent_eigen,diam,mean_path_length,deg_het_row,deg_het_col
empirical,Chicago_crimes_2016-06-18,crimes,13.690031,4.648138,4.12236,0.04118562388827542,0.05197399677727091,0.06840934314957257,14.230406608985465,9.59314728784105,7.305263157894737,4.020486123233719,2.7337493726433872,15.690030707290465,6.648138359105364,6.122359709882918,-2.648138359105376,0.945199873171781,0.9776184981698977,-0.5716271870851403,0.2302070443239294,0.43283002735838266,13.297069520839717,54.62344533736304,6084,54068,64204,624016,0.2460056503042852,0.3377134092177733,0.7619802759227683,5,2.4680851063829787,1.4202758929980315,1.8401531446984858
