randomization,name,type,l1,l2,l3,ipr1,ipr2,ipr3,l1_cm,l1_er,l1_reg,l2_mp,l3_mp,l1_lap,l2_lap,l3_lap,alg_conn,clustering_c,clustering_r,deg_assort,Q,N.olap,N.temp,N.nodf,H2,H3,H4,H17,cent_between,cent_close,cent_eigen,diam,mean_path_length,deg_het_row,deg_het_col
empirical,Chicago_crimes_2016-09-02,crimes,14.66236,4.900371,4.442589,0.03798591224756458,0.05239138837739201,0.05623479106939824,14.954179710498961,10.438227937338686,7.979166666666667,4.212570880053232,2.873928976915404,16.662359574672024,6.900370812169332,6.442589224766797,-2.900370812169336,0.9684344867814765,0.9800522217778928,-0.6119619150263994,0.20758884442596245,0.4086598210167781,15.455926410776533,55.13566031229484,7290,67917,82409,867648,0.29595147126453203,0.4419530721579508,0.7710161841186067,7,2.4467105263157896,1.3124706010675646,1.829441880440933
