randomization,name,type,l1,l2,l3,ipr1,ipr2,ipr3,l1_cm,l1_er,l1_reg,l2_mp,l3_mp,l1_lap,l2_lap,l3_lap,alg_conn,clustering_c,clustering_r,deg_assort,Q,N.olap,N.temp,N.nodf,H2,H3,H4,H17,cent_between,cent_close,cent_eigen,diam,mean_path_length,deg_het_row,deg_het_col
empirical,Chicago_crimes_2016-03-19,crimes,14.163774,4.867276,4.624388,0.04028454534214674,0.05146981212296594,0.04808899538358838,14.73949210130128,9.87476195635989,7.608247422680412,4.048756634391976,2.764069124276266,16.163774304770037,6.867276131348836,6.624387971165505,-2.8672761313488286,0.9619029460071518,0.9751213050848621,-0.6090508915928726,0.2198279977379719,0.43736330560044134,14.473844765341758,55.15735502092498,6963,61543,79704,842714,0.24636163218072027,0.3870104857465238,0.7732338247669057,6,2.4299828178694156,1.3302267169013156,1.979112961861326
