randomization,name,type,l1,l2,l3,ipr1,ipr2,ipr3,l1_cm,l1_er,l1_reg,l2_mp,l3_mp,l1_lap,l2_lap,l3_lap,alg_conn,clustering_c,clustering_r,deg_assort,Q,N.olap,N.temp,N.nodf,H2,H3,H4,H17,cent_between,cent_close,cent_eigen,diam,mean_path_length,deg_het_row,deg_het_col
empirical,Chicago_crimes_2016-08-21,crimes,14.748972,4.595517,4.441677,0.04265863847205578,0.04019389209157412,0.0661740921800877,15.46553709091643,10.247965240234274,7.852631578947369,3.869076110857534,2.626115656297415,16.748972338134173,6.59551669587614,6.441677124088324,-2.595516695876118,0.9758040491144513,0.9796975550934528,-0.5920413379699838,0.22140603324971775,0.549465051764459,12.253170658820098,62.97211357526285,7552,67928,96293,1115754,0.2753171115897126,0.44965483097256354,0.7712472241792793,5,2.30996640537514,1.324914288178597,2.0163948565719583
