randomization,name,type,l1,l2,l3,ipr1,ipr2,ipr3,l1_cm,l1_er,l1_reg,l2_mp,l3_mp,l1_lap,l2_lap,l3_lap,alg_conn,clustering_c,clustering_r,deg_assort,Q,N.olap,N.temp,N.nodf,H2,H3,H4,H17,cent_between,cent_close,cent_eigen,diam,mean_path_length,deg_het_row,deg_het_col
empirical,Chicago_crimes_2016-03-31,crimes,15.094419,4.583067,4.420636,0.03650496363606943,0.06805149254875145,0.07325712649097067,15.467573451000993,10.803258352736584,8.16842105263158,4.1355446942333165,2.810851308652617,17.09441855737381,6.583067408082934,6.420636257330929,-2.5830674080829237,0.9750792416721488,0.9803055312813542,-0.6448042949515113,0.19310633436071845,0.4715676517935993,15.168686070526405,60.097726289323354,7787,73536,92274,994649,0.27291671168108195,0.40147610682419427,0.7525380256997944,6,2.361030235162374,1.3072590073334043,1.8235200340099906
