randomization,name,type,l1,l2,l3,ipr1,ipr2,ipr3,l1_cm,l1_er,l1_reg,l2_mp,l3_mp,l1_lap,l2_lap,l3_lap,alg_conn,clustering_c,clustering_r,deg_assort,Q,N.olap,N.temp,N.nodf,H2,H3,H4,H17,cent_between,cent_close,cent_eigen,diam,mean_path_length,deg_het_row,deg_het_col
empirical,Chicago_crimes_2016-07-16,crimes,14.838531,4.752952,4.65082,0.04054405889856654,0.035780727898427546,0.0440943744232186,15.602414406595086,10.398770798956543,7.978947368421053,3.894257068024334,2.6439770333795596,16.838530583644502,6.752952319576203,6.650819563575455,-2.7529523195762144,0.9791297150832197,0.9782193329240373,-0.6025113307398102,0.20558893352176644,0.5585071755905328,12.820671483730385,64.13555189459137,7677,70641,96226,1111118,0.253569599289037,0.40900849178541676,0.7613865116521048,5,2.300111982082867,1.3317228367945084,1.9776178110706553
