randomization,name,type,l1,l2,l3,ipr1,ipr2,ipr3,l1_cm,l1_er,l1_reg,l2_mp,l3_mp,l1_lap,l2_lap,l3_lap,alg_conn,clustering_c,clustering_r,deg_assort,Q,N.olap,N.temp,N.nodf,H2,H3,H4,H17,cent_between,cent_close,cent_eigen,diam,mean_path_length,deg_het_row,deg_het_col
empirical,Chicago_crimes_2016-02-14,crimes,12.554411,4.816901,4.479491,0.04399950102175552,0.05398074260280438,0.05362320134894841,12.976248199169273,8.983356193947317,6.602150537634408,4.069692385548351,2.7528755471007185,14.554411132282885,6.816901382145814,6.47949086825978,-2.8169013821458075,0.9278406085795285,0.971854663083761,-0.6000701652258409,0.24184871988031703,0.36396204138171545,15.678586666470485,49.27519757300549,5059,38722,50902,473123,0.25506395727104925,0.33416326442315286,0.7821361742154488,5,2.538569424964937,1.3905081221020916,1.806480705365574
