randomization,name,type,l1,l2,l3,ipr1,ipr2,ipr3,l1_cm,l1_er,l1_reg,l2_mp,l3_mp,l1_lap,l2_lap,l3_lap,alg_conn,clustering_c,clustering_r,deg_assort,Q,N.olap,N.temp,N.nodf,H2,H3,H4,H17,cent_between,cent_close,cent_eigen,diam,mean_path_length,deg_het_row,deg_het_col
empirical,Chicago_crimes_2016-11-10,crimes,14.459045,4.876263,4.679216,0.03840683518053932,0.0902602189808539,0.07431707755822653,15.010749810192886,10.156811521884636,7.8085106382978715,3.9905317246338687,2.709643599738326,16.459045072534863,6.876262633684755,6.679216053490831,-2.876262633684742,0.9660466351670745,0.9844270329570461,-0.6589427345719906,0.20746311874020906,0.47262172500138216,13.167836763774448,58.546390899440595,7074,63894,79747,804426,0.2387638729186904,0.34772196825536583,0.75035963505148,6,2.380919698009609,1.3219119601452234,1.9400470714015252
