randomization,name,type,l1,l2,l3,ipr1,ipr2,ipr3,l1_cm,l1_er,l1_reg,l2_mp,l3_mp,l1_lap,l2_lap,l3_lap,alg_conn,clustering_c,clustering_r,deg_assort,Q,N.olap,N.temp,N.nodf,H2,H3,H4,H17,cent_between,cent_close,cent_eigen,diam,mean_path_length,deg_het_row,deg_het_col
empirical,Denver_crimes_2016-07-06,crimes,5.079566,3.776816,3.635624,0.03687811328503589,0.06101582374260346,0.05766533928017522,5.094444107866488,3.7355062119165967,3.085714285714286,3.220529332060321,2.245635250427804,7.079566097009976,5.776816090852621,5.635623738086729,-1.776816090852639,0.35265057951738554,0.3860519404727167,-0.24735322425409068,0.5302545343697599,0.04981788368828783,6.593391605675058,11.593848686420749,677,2431,1254,1906,0.16357955600518395,0.16667091050601207,0.7633670526407992,9,3.9604395604395606,1.4156378600823045,1.9238683127572016
