randomization,name,type,l1,l2,l3,ipr1,ipr2,ipr3,l1_cm,l1_er,l1_reg,l2_mp,l3_mp,l1_lap,l2_lap,l3_lap,alg_conn,clustering_c,clustering_r,deg_assort,Q,N.olap,N.temp,N.nodf,H2,H3,H4,H17,cent_between,cent_close,cent_eigen,diam,mean_path_length,deg_het_row,deg_het_col
empirical,Denver_crimes_2016-02-05,crimes,5.567235,3.799897,3.509328,0.0747450234771519,0.07050999957970772,0.11173016599732535,5.39692581463669,3.708660152265584,3.0535714285714284,3.1894762812231776,2.2420722111053317,7.56723537125668,5.799897045683518,5.509327833959338,-1.7998970456835346,0.4364949577541564,0.38899534629071997,-0.22353765290761657,0.5409185732362077,0.06318460782508731,5.642348132009312,12.068298572659039,790,2823,2186,6470,0.36786939581203754,0.27419930529973885,0.8819848464960347,8,3.9787644787644787,1.4219759926131117,2.185561369310215
