randomization,name,type,l1,l2,l3,ipr1,ipr2,ipr3,l1_cm,l1_er,l1_reg,l2_mp,l3_mp,l1_lap,l2_lap,l3_lap,alg_conn,clustering_c,clustering_r,deg_assort,Q,N.olap,N.temp,N.nodf,H2,H3,H4,H17,cent_between,cent_close,cent_eigen,diam,mean_path_length,deg_het_row,deg_het_col
empirical,Denver_crimes_2016-03-23,crimes,3.685379,3.023215,2.732765,0.14813003531131305,0.10452452876054158,0.06713927120219342,3.5829276077273087,2.937892220502627,2.3859649122807016,2.7827883809131295,1.7603311101945605,5.685378841043117,5.023215248341438,4.7327649735643265,-1.023215248341428,0.19796954314720813,0.21359223300970873,-0.22571907648652137,0.5960207612456742,0.027354642909281888,13.135059830645872,11.760204081632653,178,363,248,368,0.45811455020319836,0.23552489030688448,0.8787817644760254,9,4.286967418546366,1.2837370242214534,1.7560553633217997
