randomization,name,type,l1,l2,l3,ipr1,ipr2,ipr3,l1_cm,l1_er,l1_reg,l2_mp,l3_mp,l1_lap,l2_lap,l3_lap,alg_conn,clustering_c,clustering_r,deg_assort,Q,N.olap,N.temp,N.nodf,H2,H3,H4,H17,cent_between,cent_close,cent_eigen,diam,mean_path_length,deg_het_row,deg_het_col
empirical,Denver_crimes_2016-02-21,crimes,5.413095,4.207537,3.40304,0.050934001858502116,0.05590596072905029,0.09911024069091612,5.550127125671187,3.7410933565011115,3.0927835051546393,3.136505048210791,2.162291673414259,7.4130946555651525,6.207537065639026,5.403040463785855,-2.2075370656390305,0.45074780814853016,0.45342789598108746,-0.24467562998733663,0.5172444444444446,0.07674995425855848,5.484519072693162,14.500532834227545,692,2654,1567,3206,0.23215023001833301,0.20773680015650275,0.829478656938705,8,3.7981099656357387,1.5911111111111111,2.0220444444444445
