randomization,name,type,l1,l2,l3,ipr1,ipr2,ipr3,l1_cm,l1_er,l1_reg,l2_mp,l3_mp,l1_lap,l2_lap,l3_lap,alg_conn,clustering_c,clustering_r,deg_assort,Q,N.olap,N.temp,N.nodf,H2,H3,H4,H17,cent_between,cent_close,cent_eigen,diam,mean_path_length,deg_het_row,deg_het_col
empirical,Denver_crimes_2016-07-29,crimes,5.859216,3.919474,3.802098,0.035173659823137575,0.06098479447781633,0.05888943978332994,5.787561469962547,4.170918229428743,3.462962962962963,3.3935561153952,2.3760575506455783,7.859215889933381,5.919474347832396,5.802097783797597,-1.919474347832406,0.46865968208092484,0.5292101573453809,-0.24620963120280473,0.4831422116731971,0.0555195303789229,7.955306273198978,12.952263965661423,922,3921,2054,3785,0.1841302004892468,0.1959838338212446,0.775436490396719,9,3.7917964693665627,1.5123966942148759,1.815808287340216
