randomization,name,type,l1,l2,l3,ipr1,ipr2,ipr3,l1_cm,l1_er,l1_reg,l2_mp,l3_mp,l1_lap,l2_lap,l3_lap,alg_conn,clustering_c,clustering_r,deg_assort,Q,N.olap,N.temp,N.nodf,H2,H3,H4,H17,cent_between,cent_close,cent_eigen,diam,mean_path_length,deg_het_row,deg_het_col
empirical,Denver_crimes_2016-11-04,crimes,5.43421,3.739605,3.550389,0.04288489075053419,0.05086736142415723,0.05661932625433025,5.2956706243502865,3.8206605299195937,3.1636363636363636,3.2584666892063305,2.2867459742161205,7.434210495479445,5.739604777117029,5.5503890587700715,-1.739604777117025,0.40874671611806523,0.40377847749583257,-0.10771639912386498,0.507035275465716,0.043303192323409095,6.9709946518574775,11.071820770575398,751,3054,1410,2093,0.24829210645729244,0.23856681397154383,0.7891399742449365,9,3.935613010842369,1.561104505218655,1.7942925089179547
