randomization,name,type,l1,l2,l3,ipr1,ipr2,ipr3,l1_cm,l1_er,l1_reg,l2_mp,l3_mp,l1_lap,l2_lap,l3_lap,alg_conn,clustering_c,clustering_r,deg_assort,Q,N.olap,N.temp,N.nodf,H2,H3,H4,H17,cent_between,cent_close,cent_eigen,diam,mean_path_length,deg_het_row,deg_het_col
empirical,Denver_crimes_2016-12-09,crimes,5.310859,3.363885,3.244236,0.062265019261636946,0.06043419185957196,0.07530842958264705,4.923342488662603,3.6387478578007073,2.9887640449438204,3.138778601148593,2.1368387779510667,7.310859253175303,5.363885469612491,5.244236009091136,-1.3638854696124993,0.4564287322675073,0.5639494026704146,-0.12237998647734963,0.5243371586861894,0.04238875985419195,9.606689724331957,11.878672055052423,532,1947,1025,1764,0.30433012948628024,0.2546673676284551,0.8341541251250515,11,4.230847803881511,1.5207756232686978,1.7660693086098702
