randomization,name,type,l1,l2,l3,ipr1,ipr2,ipr3,l1_cm,l1_er,l1_reg,l2_mp,l3_mp,l1_lap,l2_lap,l3_lap,alg_conn,clustering_c,clustering_r,deg_assort,Q,N.olap,N.temp,N.nodf,H2,H3,H4,H17,cent_between,cent_close,cent_eigen,diam,mean_path_length,deg_het_row,deg_het_col
empirical,Denver_crimes_2016-06-08,crimes,5.859653,4.160123,3.689173,0.044138834771253174,0.057980335515382356,0.047213876646056814,5.757360892275882,3.926994536973141,3.25,3.2705322100561327,2.2999103813544606,7.859652728435262,6.1601230768361965,5.689173270265638,-2.1601230768362116,0.44771273979340875,0.489792663476874,-0.15411618163288435,0.49704142011834207,0.05614235185411759,8.333547747289742,12.244966341584698,891,3846,2273,5445,0.2963154330314542,0.23411852307609055,0.8269935414502719,9,3.866312741312741,1.550597753894457,2.0077285352010623
