randomization,name,type,l1,l2,l3,ipr1,ipr2,ipr3,l1_cm,l1_er,l1_reg,l2_mp,l3_mp,l1_lap,l2_lap,l3_lap,alg_conn,clustering_c,clustering_r,deg_assort,Q,N.olap,N.temp,N.nodf,H2,H3,H4,H17,cent_between,cent_close,cent_eigen,diam,mean_path_length,deg_het_row,deg_het_col
empirical,Denver_crimes_2016-11-18,crimes,4.954996,3.973766,3.473618,0.052211520556487416,0.08789854724872719,0.05317709917104429,4.961079287041046,3.689418269145395,3.0232558139534884,3.1542455845429997,2.13602573052056,6.954995913940142,5.973766111111066,5.473618332383705,-1.9737661111110547,0.3755263157894737,0.3853820598006645,-0.2283210369053057,0.5172189349112412,0.05952065293079572,10.936691558511338,13.484193602271779,538,1788,1203,2591,0.28594637148920893,0.2415390303032772,0.8055388357030059,8,3.7518467852257182,1.4323076923076923,1.8434319526627219
