randomization,name,type,l1,l2,l3,ipr1,ipr2,ipr3,l1_cm,l1_er,l1_reg,l2_mp,l3_mp,l1_lap,l2_lap,l3_lap,alg_conn,clustering_c,clustering_r,deg_assort,Q,N.olap,N.temp,N.nodf,H2,H3,H4,H17,cent_between,cent_close,cent_eigen,diam,mean_path_length,deg_het_row,deg_het_col
empirical,Denver_crimes_2016-02-16,crimes,5.253832,4.130602,3.641116,0.03958442932778366,0.051588874471048395,0.07124121988991665,5.330782990824404,3.6662149043489234,3.017857142857143,3.172269856032922,2.2299868054675067,7.253831594078525,6.130602113842261,5.641116057160983,-2.1306021138422304,0.39514088071537035,0.3691998996739403,-0.2483454924439812,0.5494905640558788,0.05824289705867027,5.1866926814036916,11.488290404606365,746,2729,1606,3105,0.28244308266245993,0.21731851934964186,0.8164976638034177,9,4.0703024453024454,1.5596442701586082,1.9948531213893075
