randomization,name,type,l1,l2,l3,ipr1,ipr2,ipr3,l1_cm,l1_er,l1_reg,l2_mp,l3_mp,l1_lap,l2_lap,l3_lap,alg_conn,clustering_c,clustering_r,deg_assort,Q,N.olap,N.temp,N.nodf,H2,H3,H4,H17,cent_between,cent_close,cent_eigen,diam,mean_path_length,deg_het_row,deg_het_col
empirical,Denver_crimes_2016-09-14,crimes,5.073442,3.912194,3.606382,0.062438000160235596,0.03668978463555972,0.04403882776119991,5.017543508575317,3.6832883009793513,3.024390243902439,3.2439670033310652,2.308387477634735,7.0734423246311895,5.912194381728592,5.606382021686702,-1.9121943817286091,0.3023391812865497,0.27263240281763634,-0.1906411425098753,0.543241993294023,0.03838138538552844,6.168012101694238,9.30057131470088,756,2668,1480,2657,0.31108835823725384,0.22489721744950683,0.8719841340983111,10,4.070904971344795,1.576425020233553,1.731992137819401
