randomization,name,type,l1,l2,l3,ipr1,ipr2,ipr3,l1_cm,l1_er,l1_reg,l2_mp,l3_mp,l1_lap,l2_lap,l3_lap,alg_conn,clustering_c,clustering_r,deg_assort,Q,N.olap,N.temp,N.nodf,H2,H3,H4,H17,cent_between,cent_close,cent_eigen,diam,mean_path_length,deg_het_row,deg_het_col
empirical,Denver_crimes_2016-05-09,crimes,6.553568,4.044027,3.642322,0.052294946965255225,0.07694847876992528,0.04058865226286514,6.330293784586818,4.169143808274708,3.4774774774774775,3.3281326417902717,2.338741265208001,8.553567640601143,6.044026755616943,5.642321983030447,-2.0440267556169447,0.5545123231824078,0.5757643135075041,-0.14700876638158375,0.48063035249268743,0.07027458075739382,7.818722491096613,13.980289050486094,1066,5140,3303,9983,0.27093767607635755,0.2532893128760582,0.8302301980776867,8,3.741195741195741,1.5382963301028214,2.140003758490161
