randomization,name,type,l1,l2,l3,ipr1,ipr2,ipr3,l1_cm,l1_er,l1_reg,l2_mp,l3_mp,l1_lap,l2_lap,l3_lap,alg_conn,clustering_c,clustering_r,deg_assort,Q,N.olap,N.temp,N.nodf,H2,H3,H4,H17,cent_between,cent_close,cent_eigen,diam,mean_path_length,deg_het_row,deg_het_col
empirical,Denver_crimes_2016-12-07,crimes,4.713981,3.202361,3.168271,0.0533918744926516,0.10546876111581584,0.08764848617874084,4.606317847267597,3.509323933982621,2.883116883116883,3.0590188701492083,2.0379136422382693,6.7139806932424575,5.202361107980674,5.16827066273339,-1.2023611079806433,0.38038916444105303,0.4044213263979194,-0.25132420431378727,0.5403782160538916,0.04987642382514029,9.26628388939825,12.77824302134647,412,1286,695,980,0.2874070351365812,0.2143508794584141,0.7636166647463946,7,3.8619275461380727,1.3743202662121579,1.8495252008765521
