randomization,name,type,l1,l2,l3,ipr1,ipr2,ipr3,l1_cm,l1_er,l1_reg,l2_mp,l3_mp,l1_lap,l2_lap,l3_lap,alg_conn,clustering_c,clustering_r,deg_assort,Q,N.olap,N.temp,N.nodf,H2,H3,H4,H17,cent_between,cent_close,cent_eigen,diam,mean_path_length,deg_het_row,deg_het_col
empirical,Denver_crimes_2016-12-19,crimes,5.162523,3.700468,3.361412,0.11382418478363132,0.04302381328715661,0.08952765917028822,4.775152420357716,3.5586080341705015,2.865979381443299,3.152041231932968,2.1678133804431603,7.162522747312466,5.70046810090174,5.361412218486963,-1.7004681009017208,0.37698042870456666,0.38153846153846155,-0.22369723251880355,0.5791625692251948,0.05413636944934789,8.077529710075193,11.56195640868383,581,1713,1682,5548,0.43260283061324606,0.25247458512479626,0.8984701836316605,11,4.255154639175258,1.3466694270482895,1.9648051343098185
