randomization,name,type,l1,l2,l3,ipr1,ipr2,ipr3,l1_cm,l1_er,l1_reg,l2_mp,l3_mp,l1_lap,l2_lap,l3_lap,alg_conn,clustering_c,clustering_r,deg_assort,Q,N.olap,N.temp,N.nodf,H2,H3,H4,H17,cent_between,cent_close,cent_eigen,diam,mean_path_length,deg_het_row,deg_het_col
empirical,Denver_crimes_2016-07-28,crimes,5.395867,3.755689,3.694215,0.04119179829179698,0.06957356376796306,0.07709280995271767,5.308803161114585,3.7939278884126644,3.1192660550458715,3.243619556489113,2.271765707488451,7.395867189900386,5.755689082690225,5.694215232794657,-1.7556890826902025,0.36214165261382797,0.4411764705882353,-0.19655066843555502,0.5317301038062268,0.04945054927978033,7.359639247689936,11.460490152173723,748,2906,1501,2452,0.2499470973243072,0.20076984142208856,0.7951862104944607,7,3.858987427794767,1.5830449826989619,1.8037370242214534
