randomization,name,type,l1,l2,l3,ipr1,ipr2,ipr3,l1_cm,l1_er,l1_reg,l2_mp,l3_mp,l1_lap,l2_lap,l3_lap,alg_conn,clustering_c,clustering_r,deg_assort,Q,N.olap,N.temp,N.nodf,H2,H3,H4,H17,cent_between,cent_close,cent_eigen,diam,mean_path_length,deg_het_row,deg_het_col
empirical,Denver_crimes_2016-01-21,crimes,5.53662,4.253751,3.686335,0.05352540327990489,0.062029023122106,0.0432219463574224,5.7414240931396066,3.9076225278201036,3.2432432432432434,3.256225154832471,2.28779718689494,7.536619632586556,6.253750620019908,5.686334991867667,-2.2537506200199036,0.40540164276764584,0.40523854069223575,-0.23142792332993073,0.5139814814814808,0.06747010788839095,6.444913944849914,12.918403679057793,864,3331,2270,6028,0.3035583838343268,0.2471973046744705,0.8498023737388772,10,3.8515970515970515,1.576296296296296,1.9866666666666664
