randomization,name,type,l1,l2,l3,ipr1,ipr2,ipr3,l1_cm,l1_er,l1_reg,l2_mp,l3_mp,l1_lap,l2_lap,l3_lap,alg_conn,clustering_c,clustering_r,deg_assort,Q,N.olap,N.temp,N.nodf,H2,H3,H4,H17,cent_between,cent_close,cent_eigen,diam,mean_path_length,deg_het_row,deg_het_col
empirical,Denver_crimes_2016-07-11,crimes,5.505268,3.932609,3.437091,0.08683480571196593,0.05428493653525752,0.06261614828385206,5.335497396450725,3.6069648046615197,2.9615384615384617,3.114390953864572,2.1666667793090237,7.505268143047449,5.932608975454681,5.43709084054544,-1.9326089754546734,0.45221156820290753,0.4400953029271613,-0.21656965813894014,0.5348709731826615,0.05808970674699755,7.002432418209563,11.66810939768211,702,2452,1984,6035,0.32489381496689784,0.24710233710218196,0.8877711781100485,9,4.0567587752053775,1.4545454545454546,2.2182492831843477
