randomization,name,type,l1,l2,l3,ipr1,ipr2,ipr3,l1_cm,l1_er,l1_reg,l2_mp,l3_mp,l1_lap,l2_lap,l3_lap,alg_conn,clustering_c,clustering_r,deg_assort,Q,N.olap,N.temp,N.nodf,H2,H3,H4,H17,cent_between,cent_close,cent_eigen,diam,mean_path_length,deg_het_row,deg_het_col
empirical,Denver_crimes_2016-04-01,crimes,5.321215,3.797112,3.381083,0.05700335589946559,0.09712839802139046,0.04798693127088454,5.2787461127796895,3.7645609455625704,3.0851063829787235,3.1840564690668174,2.1838315184183994,7.3212145668843425,5.797111962234687,5.381082803778859,-1.797111962234684,0.36266924564796904,0.5230171935662784,-0.17922064256213074,0.5171938168846604,0.05975515760667383,8.12043571169502,13.095851582961489,628,2391,1309,2389,0.2614797759031616,0.24827845166565649,0.8367396534467129,8,3.821093571265157,1.7079667063020214,1.6760998810939356
