randomization,name,type,l1,l2,l3,ipr1,ipr2,ipr3,l1_cm,l1_er,l1_reg,l2_mp,l3_mp,l1_lap,l2_lap,l3_lap,alg_conn,clustering_c,clustering_r,deg_assort,Q,N.olap,N.temp,N.nodf,H2,H3,H4,H17,cent_between,cent_close,cent_eigen,diam,mean_path_length,deg_het_row,deg_het_col
empirical,Denver_crimes_2016-03-30,crimes,5.112913,4.008792,3.307097,0.049571141586189034,0.06845627116368545,0.07642563695012539,4.939707751073821,3.6021332560039196,2.94,3.1551164047719653,2.1823775773783294,7.112913155183255,6.008792136756259,5.3070970852404065,-2.00879213675626,0.4176855895196507,0.4051789794364052,-0.20685727626128803,0.5486140034244997,0.04313785941651067,9.180872535520813,10.701395998514846,599,2043,1255,2437,0.21197290871325766,0.19476791056401924,0.8293248357294086,11,4.36949494949495,1.5167291406358463,1.824748947197927
