randomization,name,type,l1,l2,l3,ipr1,ipr2,ipr3,l1_cm,l1_er,l1_reg,l2_mp,l3_mp,l1_lap,l2_lap,l3_lap,alg_conn,clustering_c,clustering_r,deg_assort,Q,N.olap,N.temp,N.nodf,H2,H3,H4,H17,cent_between,cent_close,cent_eigen,diam,mean_path_length,deg_het_row,deg_het_col
empirical,Denver_crimes_2016-11-11,crimes,4.427707,3.35407,3.092658,0.05685206608717788,0.06841160884162129,0.0631340178503637,4.133297023035766,3.250633046785695,2.6464646464646466,3.0369348654601955,2.097829749404373,6.427707404072099,5.354069864664446,5.092657644307944,-1.3540698646644274,0.2627281460134486,0.3076923076923077,-0.12707662559981583,0.569722044169922,0.024127935982768155,9.242043914569209,8.765109699883277,414,1199,585,714,0.17099993396888824,0.18438642347618925,0.8250118440401568,12,4.587507730364873,1.463551075112173,1.6624322591923548
