randomization,name,type,l1,l2,l3,ipr1,ipr2,ipr3,l1_cm,l1_er,l1_reg,l2_mp,l3_mp,l1_lap,l2_lap,l3_lap,alg_conn,clustering_c,clustering_r,deg_assort,Q,N.olap,N.temp,N.nodf,H2,H3,H4,H17,cent_between,cent_close,cent_eigen,diam,mean_path_length,deg_het_row,deg_het_col
empirical,Denver_crimes_2016-08-28,crimes,5.240291,3.78518,3.316746,0.08817052118023962,0.10246879763563323,0.05989496730374706,5.02181303715547,3.434618857300855,2.810810810810811,3.0709694426071783,2.1551089441846947,7.240291172130134,5.785180498510366,5.316745999217335,-1.7851804985103787,0.4203173099692162,0.3514869222500896,-0.21388720629961394,0.5593359631821164,0.05316694174929809,4.966639178381439,10.579270690767222,637,2042,1526,3938,0.2767610612904342,0.21896084772233496,0.8977195019793182,10,4.422604422604422,1.5692800788954635,2.032544378698225
