randomization,name,type,l1,l2,l3,ipr1,ipr2,ipr3,l1_cm,l1_er,l1_reg,l2_mp,l3_mp,l1_lap,l2_lap,l3_lap,alg_conn,clustering_c,clustering_r,deg_assort,Q,N.olap,N.temp,N.nodf,H2,H3,H4,H17,cent_between,cent_close,cent_eigen,diam,mean_path_length,deg_het_row,deg_het_col
empirical,Denver_crimes_2016-08-18,crimes,5.537965,3.800134,3.681803,0.04353865396115648,0.049246456702162635,0.05784258099287969,5.529624032371397,3.828902581011324,3.1652173913043478,3.250102033775003,2.2935756166232184,7.537965232034489,5.800134419866054,5.681803340924136,-1.8001344198660507,0.4468923256492559,0.37229505607329016,-0.1737898220412045,0.5305518657166992,0.05389940190201286,5.915012656781158,11.555090706424654,825,3362,1696,2867,0.20219881059139924,0.22082326755314058,0.8183113157278245,8,3.9032799389778794,1.5845912329428815,1.9189107595701
