randomization,name,type,l1,l2,l3,ipr1,ipr2,ipr3,l1_cm,l1_er,l1_reg,l2_mp,l3_mp,l1_lap,l2_lap,l3_lap,alg_conn,clustering_c,clustering_r,deg_assort,Q,N.olap,N.temp,N.nodf,H2,H3,H4,H17,cent_between,cent_close,cent_eigen,diam,mean_path_length,deg_het_row,deg_het_col
empirical,Denver_crimes_2016-01-02,crimes,5.582439,4.215107,3.295845,0.0974075877394931,0.06969378917421207,0.04551349001639562,5.630728494051361,3.523166414424982,2.8932038834951457,3.018431270948663,2.0964242010809975,7.582438559894051,6.215107482881419,5.295845157513204,-2.2151074828814212,0.4866188560433794,0.35406960811181143,-0.18234697979181913,0.5240304490788688,0.07854785613728646,5.898763129646423,13.457334668407333,722,2710,2367,8544,0.4828272163692999,0.3237670022607121,0.8906602229393907,8,3.878545592994479,1.4920048646457365,2.538399171208505
