randomization,name,type,l1,l2,l3,ipr1,ipr2,ipr3,l1_cm,l1_er,l1_reg,l2_mp,l3_mp,l1_lap,l2_lap,l3_lap,alg_conn,clustering_c,clustering_r,deg_assort,Q,N.olap,N.temp,N.nodf,H2,H3,H4,H17,cent_between,cent_close,cent_eigen,diam,mean_path_length,deg_het_row,deg_het_col
empirical,Denver_crimes_2016-10-31,crimes,4.91177,3.719124,3.575868,0.05420061210961959,0.06944632482766439,0.06659705547576476,4.870867168029756,3.4840479142949765,2.8461538461538463,3.102651015167967,2.1579488513877507,6.911770280621624,5.719123969510007,5.575868085638474,-1.7191239695100018,0.29980420949583947,0.312579415501906,-0.22087301696690717,0.5506300219138036,0.05090152565782093,7.1236759669695395,11.255314228792002,596,1967,1255,2396,0.24177951210740342,0.22459166626798324,0.8387909214172447,9,4.052091112770724,1.4572680788897006,1.991234477720964
