randomization,name,type,l1,l2,l3,ipr1,ipr2,ipr3,l1_cm,l1_er,l1_reg,l2_mp,l3_mp,l1_lap,l2_lap,l3_lap,alg_conn,clustering_c,clustering_r,deg_assort,Q,N.olap,N.temp,N.nodf,H2,H3,H4,H17,cent_between,cent_close,cent_eigen,diam,mean_path_length,deg_het_row,deg_het_col
empirical,Denver_crimes_2016-07-26,crimes,5.429053,4.17392,3.648448,0.04203436364932844,0.06637887110257325,0.04393415021619361,5.542292252792698,3.914133079764994,3.2477064220183487,3.279229035344815,2.298678149687543,7.429052700557991,6.173919858501544,5.648447740886463,-2.1739198585015322,0.3829062159214831,0.3932742650020137,-0.2248307180797147,0.5080915445753136,0.05711573434685792,7.8553206129839275,12.123538109164391,816,3198,1818,3548,0.19024656236951437,0.20709088293082292,0.8127767655681358,8,3.762827047230717,1.5264770659772096,1.90379520571994
