randomization,name,type,l1,l2,l3,ipr1,ipr2,ipr3,l1_cm,l1_er,l1_reg,l2_mp,l3_mp,l1_lap,l2_lap,l3_lap,alg_conn,clustering_c,clustering_r,deg_assort,Q,N.olap,N.temp,N.nodf,H2,H3,H4,H17,cent_between,cent_close,cent_eigen,diam,mean_path_length,deg_het_row,deg_het_col
empirical,Denver_crimes_2016-10-10,crimes,6.441942,4.16831,4.051982,0.039651234645447134,0.045400714197718975,0.05731388587857439,6.342314462482982,4.1714738549177754,3.4789915966386555,3.3556101376893692,2.3796985339947487,8.44194237009159,6.168309557788219,6.051982242864585,-2.1683095577882456,0.5436985433818873,0.5220789002918745,-0.1541493587216883,0.48962636234217916,0.06598356569998359,6.953849622607884,13.379299379727827,1125,5451,3097,7700,0.21357562765400903,0.23251375531552348,0.8142366706026242,9,3.792337273892608,1.6534341524889729,1.9985297206469228
