randomization,name,type,l1,l2,l3,ipr1,ipr2,ipr3,l1_cm,l1_er,l1_reg,l2_mp,l3_mp,l1_lap,l2_lap,l3_lap,alg_conn,clustering_c,clustering_r,deg_assort,Q,N.olap,N.temp,N.nodf,H2,H3,H4,H17,cent_between,cent_close,cent_eigen,diam,mean_path_length,deg_het_row,deg_het_col
empirical,Denver_crimes_2016-02-12,crimes,5.296604,4.087563,3.704397,0.033382462981760716,0.09127785649002522,0.04752239447999618,5.317638364891863,3.851367884265684,3.150943396226415,3.271424762465062,2.2814931618061287,7.296604054130025,6.087563470815001,5.704397061759683,-2.087563470815015,0.38123081420844906,0.4692523602959939,-0.2543283053921352,0.5247947219333773,0.05564361863870392,7.327572071910642,12.297838651381126,746,2816,1539,2665,0.18766548943240674,0.18585951112290236,0.7353937375715186,9,3.900449236298293,1.558392197640647,1.7748933271182186
