randomization,name,type,l1,l2,l3,ipr1,ipr2,ipr3,l1_cm,l1_er,l1_reg,l2_mp,l3_mp,l1_lap,l2_lap,l3_lap,alg_conn,clustering_c,clustering_r,deg_assort,Q,N.olap,N.temp,N.nodf,H2,H3,H4,H17,cent_between,cent_close,cent_eigen,diam,mean_path_length,deg_het_row,deg_het_col
empirical,Denver_crimes_2016-08-06,crimes,5.126121,3.82553,3.430823,0.05503305744280322,0.09021781522066953,0.04979481454137481,5.164126368881663,3.6381632844663447,2.977272727272727,3.1014965533497976,2.1063628070861107,7.126121362658614,5.825530358167759,5.430823249867836,-1.8255303581677544,0.3830049261083744,0.429349941611522,-0.189831623720728,0.5369733698502448,0.06443888438164429,9.171661898240012,13.858262530461701,552,1956,1241,2557,0.3199210087243146,0.26253279852949657,0.7985117091758955,9,3.8056426332288402,1.7161004603461334,1.720529106695414
