randomization,name,type,l1,l2,l3,ipr1,ipr2,ipr3,l1_cm,l1_er,l1_reg,l2_mp,l3_mp,l1_lap,l2_lap,l3_lap,alg_conn,clustering_c,clustering_r,deg_assort,Q,N.olap,N.temp,N.nodf,H2,H3,H4,H17,cent_between,cent_close,cent_eigen,diam,mean_path_length,deg_het_row,deg_het_col
empirical,Denver_crimes_2016-05-07,crimes,5.592215,4.0459,3.533961,0.046295132185913544,0.04719986371266821,0.04944926284953443,5.647136981463168,3.7637744002258704,3.1,3.1501328622919957,2.1799689484414544,7.592214921608084,6.0458996449409135,5.533961135836061,-2.0458996449409312,0.43114826220853497,0.5347418862992812,-0.22937315382619047,0.5248283038501578,0.07314061978477995,6.023175842097887,13.816517265002114,726,2893,1629,3005,0.2182287969118614,0.23604715468224377,0.8032872772135292,10,3.9105050505050505,1.7879292403746094,1.8374609781477624
