randomization,name,type,l1,l2,l3,ipr1,ipr2,ipr3,l1_cm,l1_er,l1_reg,l2_mp,l3_mp,l1_lap,l2_lap,l3_lap,alg_conn,clustering_c,clustering_r,deg_assort,Q,N.olap,N.temp,N.nodf,H2,H3,H4,H17,cent_between,cent_close,cent_eigen,diam,mean_path_length,deg_het_row,deg_het_col
empirical,Denver_crimes_2016-10-08,crimes,5.178255,3.848655,3.592576,0.05123237190748093,0.062030513735912444,0.05667460280814434,5.363207551806795,3.6713432636646215,3.0208333333333335,3.1204337322278284,2.1471689425998743,7.178255432636943,5.848654992304185,5.592575707105273,-1.8486549923041966,0.3842094977525894,0.41832669322709165,-0.33741493316769733,0.5258501783590945,0.07360820563527003,5.700632290340591,14.187899834906876,653,2169,1525,3206,0.24533790134410433,0.2111783898597956,0.8297415058207567,10,3.930701754385965,1.5309393579072534,2.0446135552913196
