randomization,name,type,l1,l2,l3,ipr1,ipr2,ipr3,l1_cm,l1_er,l1_reg,l2_mp,l3_mp,l1_lap,l2_lap,l3_lap,alg_conn,clustering_c,clustering_r,deg_assort,Q,N.olap,N.temp,N.nodf,H2,H3,H4,H17,cent_between,cent_close,cent_eigen,diam,mean_path_length,deg_het_row,deg_het_col
empirical,Denver_crimes_2016-09-20,crimes,6.003079,3.912473,3.756841,0.04449904296662716,0.0818163018646256,0.03539885573138797,6.132640340301751,3.8183518720072462,3.1587301587301586,3.20109824860755,2.2851356264670173,8.003079490501039,5.912472742193514,5.756841497257266,-1.9124727421934893,0.46637744034707157,0.4472955974842767,-0.20906912988712958,0.5012499684351396,0.0655542630262223,4.9265185249851084,11.989182234957964,1038,4521,2883,7233,0.24140973432312193,0.24039216900416627,0.8512156775323639,9,3.866285714285714,1.6465493295623848,2.2892603722128233
