randomization,name,type,l1,l2,l3,ipr1,ipr2,ipr3,l1_cm,l1_er,l1_reg,l2_mp,l3_mp,l1_lap,l2_lap,l3_lap,alg_conn,clustering_c,clustering_r,deg_assort,Q,N.olap,N.temp,N.nodf,H2,H3,H4,H17,cent_between,cent_close,cent_eigen,diam,mean_path_length,deg_het_row,deg_het_col
empirical,Denver_crimes_2016-04-14,crimes,5.437806,4.023791,3.797927,0.041854783252968736,0.07065326819063669,0.03859246354321591,5.373704684927924,3.935423215020922,3.2710280373831777,3.3054231389649535,2.3120615110490164,7.437806396027163,6.023791046992923,5.797926571520577,-2.0237910469929257,0.4006648725660915,0.4413855970829535,-0.16546208129995213,0.5016816326530608,0.04288285278283101,7.708280567280372,11.211539439556528,768,3049,1515,2508,0.2203256944586968,0.18575596327250896,0.7719988643509085,10,3.905484041615235,1.539330612244898,1.7531102040816327
