randomization,name,type,l1,l2,l3,ipr1,ipr2,ipr3,l1_cm,l1_er,l1_reg,l2_mp,l3_mp,l1_lap,l2_lap,l3_lap,alg_conn,clustering_c,clustering_r,deg_assort,Q,N.olap,N.temp,N.nodf,H2,H3,H4,H17,cent_between,cent_close,cent_eigen,diam,mean_path_length,deg_het_row,deg_het_col
empirical,Denver_crimes_2016-07-20,crimes,5.854576,4.001311,3.645314,0.05195760700683041,0.04020660490692151,0.05491144418387723,5.738997956560467,3.9450762831449686,3.2777777777777777,3.268393001427085,2.2882265437968456,7.854575727349004,6.001311320736516,5.645313864075471,-2.0013113207365048,0.47282157676348546,0.4943466172381835,-0.24314595584242324,0.5184014810558913,0.06563028853736219,6.255430806648744,13.343308819582372,867,3450,2219,5455,0.25642755243320364,0.19796186628071913,0.8350286846934124,8,3.935271720318449,1.4353474416674648,2.1328481598518945
