randomization,name,type,l1,l2,l3,ipr1,ipr2,ipr3,l1_cm,l1_er,l1_reg,l2_mp,l3_mp,l1_lap,l2_lap,l3_lap,alg_conn,clustering_c,clustering_r,deg_assort,Q,N.olap,N.temp,N.nodf,H2,H3,H4,H17,cent_between,cent_close,cent_eigen,diam,mean_path_length,deg_het_row,deg_het_col
empirical,Denver_crimes_2016-06-09,crimes,5.448439,4.010288,3.502013,0.07595742951509786,0.06320990247880331,0.061099573829062406,5.547854100560618,3.6833828611623063,3.0357142857142856,3.1549808064304554,2.2177719589543234,7.448438755668716,6.010287514172954,5.5020126207743365,-2.010287514172944,0.3964833649370798,0.35216240070609,-0.20996871444823653,0.5301038062283729,0.0663701829905124,5.092861435610664,12.4601501863175,780,2884,2036,5489,0.3700878757577924,0.2845928243292305,0.8792746174103935,9,3.9687902187902186,1.677785467128028,1.9880968858131483
