randomization,name,type,l1,l2,l3,ipr1,ipr2,ipr3,l1_cm,l1_er,l1_reg,l2_mp,l3_mp,l1_lap,l2_lap,l3_lap,alg_conn,clustering_c,clustering_r,deg_assort,Q,N.olap,N.temp,N.nodf,H2,H3,H4,H17,cent_between,cent_close,cent_eigen,diam,mean_path_length,deg_het_row,deg_het_col
empirical,Denver_crimes_2016-08-05,crimes,5.402806,3.900101,3.558932,0.04307850831614643,0.04894092837284351,0.05678627910352881,5.224238820084059,4.088341776786898,3.3529411764705883,3.407060093886298,2.365131898868249,7.402806122703992,5.900100701013212,5.558931634602259,-1.9001007010132245,0.39572122325764536,0.4682459677419355,-0.21046764394403908,0.5013166444376039,0.040521555714665015,11.13588411751687,11.836058700209643,750,2892,1476,2493,0.149192854005421,0.19708214240912653,0.7910046352609682,9,3.8378955542613085,1.4540200403542973,1.6054512499572517
