randomization,name,type,l1,l2,l3,ipr1,ipr2,ipr3,l1_cm,l1_er,l1_reg,l2_mp,l3_mp,l1_lap,l2_lap,l3_lap,alg_conn,clustering_c,clustering_r,deg_assort,Q,N.olap,N.temp,N.nodf,H2,H3,H4,H17,cent_between,cent_close,cent_eigen,diam,mean_path_length,deg_het_row,deg_het_col
empirical,Denver_crimes_2016-06-21,crimes,5.481235,3.594933,3.439173,0.0602025275864959,0.03309124332983824,0.08523443506017672,5.445964459587927,3.5924283761300826,2.9504950495049505,3.0800965789521024,2.133910303950251,7.481235391491305,5.5949332811526,5.439172726605284,-1.5949332811525925,0.399644128113879,0.51027900146842875,-0.19283694745882776,0.5406513220125218,0.06845803069699331,5.20721918224462,12.426344886535968,666,2564,1484,2759,0.2726787200664791,0.2678287067999243,0.8291554412252676,8,3.902970297029703,1.7974865997027163,1.8862663843970995
