randomization,name,type,l1,l2,l3,ipr1,ipr2,ipr3,l1_cm,l1_er,l1_reg,l2_mp,l3_mp,l1_lap,l2_lap,l3_lap,alg_conn,clustering_c,clustering_r,deg_assort,Q,N.olap,N.temp,N.nodf,H2,H3,H4,H17,cent_between,cent_close,cent_eigen,diam,mean_path_length,deg_het_row,deg_het_col
empirical,Denver_crimes_2016-10-13,crimes,5.237971,3.841057,3.475239,0.052831686818699604,0.06935111888859567,0.06892463890077649,4.894632937535778,3.6699030468543827,3.0185185185185186,3.2159055307304616,2.2502072316033748,7.237971312279929,5.84105651188736,5.4752389071012235,-1.8410565118873494,0.3896505116817919,0.42944275020792905,-0.07108984812582417,0.526139485866988,0.0253201127597067,10.500640715443952,9.040780083170633,646,2415,1319,2722,0.25290424226036945,0.21127268473497635,0.8479543446399064,10,4.211491865697473,1.4735217734954271,1.7746245624600099
