randomization,name,type,l1,l2,l3,ipr1,ipr2,ipr3,l1_cm,l1_er,l1_reg,l2_mp,l3_mp,l1_lap,l2_lap,l3_lap,alg_conn,clustering_c,clustering_r,deg_assort,Q,N.olap,N.temp,N.nodf,H2,H3,H4,H17,cent_between,cent_close,cent_eigen,diam,mean_path_length,deg_het_row,deg_het_col
empirical,Denver_crimes_2016-02-25,crimes,5.715212,4.10582,3.977191,0.04282446361929154,0.0867240880973448,0.07851957415777192,5.989725189959859,3.7740686352480166,3.1150442477876106,3.1541841798040173,2.219494790073904,7.715211608300279,6.105819599154898,5.977190677906775,-2.1058195991549153,0.4188332276474318,0.40301134141572154,-0.27812195004671997,0.496190599173555,0.08279452983334198,4.914210375283206,13.987752461783595,915,3541,2738,7513,0.2704015571994035,0.23179746421292297,0.7964740276432657,9,3.77275600505689,1.5689566115702482,2.347494834710744
