randomization,name,type,l1,l2,l3,ipr1,ipr2,ipr3,l1_cm,l1_er,l1_reg,l2_mp,l3_mp,l1_lap,l2_lap,l3_lap,alg_conn,clustering_c,clustering_r,deg_assort,Q,N.olap,N.temp,N.nodf,H2,H3,H4,H17,cent_between,cent_close,cent_eigen,diam,mean_path_length,deg_het_row,deg_het_col
empirical,Denver_crimes_2016-11-13,crimes,5.07068,3.465864,3.424817,0.04140430632699891,0.07701566382570525,0.08083735025067838,5.010559329631556,3.5747994734821744,2.943820224719101,3.085367029212713,2.1006802890254477,7.070679704884399,5.465864421788865,5.424816516006917,-1.4658644217888739,0.4707259953161593,0.45270952541231907,-0.1939064101399823,0.5259600256395327,0.054616024780527156,6.842577723879541,12.935278105732651,529,1908,928,1253,0.15630436479216572,0.1782120308399771,0.7485952882276832,9,3.962717058222676,1.5497348639356683,1.8691218460462677
