randomization,name,type,l1,l2,l3,ipr1,ipr2,ipr3,l1_cm,l1_er,l1_reg,l2_mp,l3_mp,l1_lap,l2_lap,l3_lap,alg_conn,clustering_c,clustering_r,deg_assort,Q,N.olap,N.temp,N.nodf,H2,H3,H4,H17,cent_between,cent_close,cent_eigen,diam,mean_path_length,deg_het_row,deg_het_col
empirical,Denver_crimes_2016-04-20,crimes,5.525302,4.00599,3.489164,0.04420028228034058,0.04537563551466561,0.07042518193932955,5.403774902497995,3.8356658104551666,3.18,3.2228952307084544,2.232666165146875,7.525302272258876,6.005989598241857,5.489164185714809,-2.0059895982418503,0.46965098634294383,0.4756959787892179,-0.173380750848849,0.5250583442110677,0.05028989753276312,8.259714335894603,12.259605732677949,706,2796,1461,2497,0.18621221348944667,0.19126894359220456,0.7958394284379474,9,3.99010101010101,1.543253826984692,1.870376962936593
