randomization,name,type,l1,l2,l3,ipr1,ipr2,ipr3,l1_cm,l1_er,l1_reg,l2_mp,l3_mp,l1_lap,l2_lap,l3_lap,alg_conn,clustering_c,clustering_r,deg_assort,Q,N.olap,N.temp,N.nodf,H2,H3,H4,H17,cent_between,cent_close,cent_eigen,diam,mean_path_length,deg_het_row,deg_het_col
empirical,Denver_crimes_2016-01-12,crimes,5.610647,3.922599,3.611071,0.05111874325989474,0.04596589320507246,0.04250064299259477,5.4332310828824495,4.043817619330949,3.366336633663366,3.341764877031056,2.3196915842603136,7.610646698895726,5.9225988152497155,5.611071396324868,-1.9225988152496971,0.4741589468551926,0.4429619746497665,-0.21532155178270806,0.4953979238754318,0.05249160568228825,8.680269217050421,12.976604075330188,777,3048,1704,3516,0.1951008053640379,0.204470366684957,0.8316763620424423,8,3.7976237623762374,1.3789619377162627,1.8799999999999997
