randomization,name,type,l1,l2,l3,ipr1,ipr2,ipr3,l1_cm,l1_er,l1_reg,l2_mp,l3_mp,l1_lap,l2_lap,l3_lap,alg_conn,clustering_c,clustering_r,deg_assort,Q,N.olap,N.temp,N.nodf,H2,H3,H4,H17,cent_between,cent_close,cent_eigen,diam,mean_path_length,deg_het_row,deg_het_col
empirical,Denver_crimes_2016-12-02,crimes,5.034408,4.022051,3.808822,0.044408074116365895,0.07239297550606172,0.05610145781186285,5.265187278016032,3.533258322377189,2.877551020408163,3.064540147135589,2.112314769006632,7.034407574984696,6.022050910204926,5.808821814782214,-2.0220509102049373,0.33364750235626767,0.4232397075798384,-0.2665575143981862,0.5389567929178619,0.07336411593707337,5.720985386455593,13.002933481900577,616,2100,1431,3054,0.32101755492690137,0.22708221970753642,0.7989549566316417,8,3.8771302335367137,1.7154066696846235,1.9118756601780593
