randomization,name,type,l1,l2,l3,ipr1,ipr2,ipr3,l1_cm,l1_er,l1_reg,l2_mp,l3_mp,l1_lap,l2_lap,l3_lap,alg_conn,clustering_c,clustering_r,deg_assort,Q,N.olap,N.temp,N.nodf,H2,H3,H4,H17,cent_between,cent_close,cent_eigen,diam,mean_path_length,deg_het_row,deg_het_col
empirical,Denver_crimes_2016-07-13,crimes,5.479857,4.042274,3.658133,0.04048730070207938,0.04438836674140887,0.0498802972789499,5.417991042909059,3.7844453019569224,3.1228070175438596,3.235731176438731,2.2805156930926858,7.479857456730081,6.042274370303825,5.658132748269631,-2.042274370303829,0.3970323117459437,0.46516896356428167,-0.15891286056219514,0.5105415982830472,0.049741430472733224,6.440345181493427,11.257313966166834,793,3205,1601,2657,0.20118148731439842,0.2030591126843934,0.81757213370894255,10,4.012265176214873,1.6518747632874635,1.8132811513697764
