randomization,name,type,l1,l2,l3,ipr1,ipr2,ipr3,l1_cm,l1_er,l1_reg,l2_mp,l3_mp,l1_lap,l2_lap,l3_lap,alg_conn,clustering_c,clustering_r,deg_assort,Q,N.olap,N.temp,N.nodf,H2,H3,H4,H17,cent_between,cent_close,cent_eigen,diam,mean_path_length,deg_het_row,deg_het_col
empirical,Denver_crimes_2016-12-08,crimes,5.552912,4.081884,3.547393,0.0964622067690937,0.0816274910344518,0.0624750163012364,5.549281083883317,3.5887071359890057,2.92,3.0655587728294726,2.118350184877029,7.552911640516674,6.081883657951359,5.547393420194935,-2.0818836579513555,0.46532156368221944,0.39425872093023256,-0.24593919492565997,0.5301651341715157,0.08595762099724563,5.501733573723141,14.594704001028584,708,2473,2210,7269,0.3387844579314404,0.21042715360933992,0.8912301941652908,9,3.941010101010101,1.589041095890411,2.214674422968662
