randomization,name,type,l1,l2,l3,ipr1,ipr2,ipr3,l1_cm,l1_er,l1_reg,l2_mp,l3_mp,l1_lap,l2_lap,l3_lap,alg_conn,clustering_c,clustering_r,deg_assort,Q,N.olap,N.temp,N.nodf,H2,H3,H4,H17,cent_between,cent_close,cent_eigen,diam,mean_path_length,deg_het_row,deg_het_col
empirical,Denver_crimes_2016-10-05,crimes,5.282024,3.822018,3.362582,0.05661401310795431,0.08898052760644923,0.09097162463564872,5.18463713221871,3.6318229895681804,2.9908256880733943,3.1608630937454945,2.214196063386128,7.282024043849035,5.822017968279066,5.362582013988473,-1.8220179682790685,0.36974299065420563,0.3862520458265139,-0.1813330651006003,0.5316346117655917,0.05453257923140742,6.500749279475639,11.368403829823585,691,2498,1539,3296,0.21902984988008967,0.20526153427260133,0.8494045542845327,8,3.978933061501869,1.4857164364484923,2.0224697956264817
