randomization,name,type,l1,l2,l3,ipr1,ipr2,ipr3,l1_cm,l1_er,l1_reg,l2_mp,l3_mp,l1_lap,l2_lap,l3_lap,alg_conn,clustering_c,clustering_r,deg_assort,Q,N.olap,N.temp,N.nodf,H2,H3,H4,H17,cent_between,cent_close,cent_eigen,diam,mean_path_length,deg_het_row,deg_het_col
empirical,Denver_crimes_2016-12-18,crimes,4.261712,3.245709,2.712935,0.06890047971666656,0.08373729748554225,0.09441868358677798,4.239410400608142,3.082041958747922,2.507936507936508,2.7861654539551974,1.7924765809493985,6.261712406830942,5.245709030843271,4.712935055322697,-1.2457090308432825,0.3330197554092192,0.38317757009345793,-0.18553377112918146,0.5862842493190203,0.06629799664407891,8.311705545441228,14.522820550857935,257,737,371,396,0.28324519704208734,0.262947621874545,0.7786922148659992,8,3.9027137736815156,1.6338727767985899,1.7449126742509213
