randomization,name,type,l1,l2,l3,ipr1,ipr2,ipr3,l1_cm,l1_er,l1_reg,l2_mp,l3_mp,l1_lap,l2_lap,l3_lap,alg_conn,clustering_c,clustering_r,deg_assort,Q,N.olap,N.temp,N.nodf,H2,H3,H4,H17,cent_between,cent_close,cent_eigen,diam,mean_path_length,deg_het_row,deg_het_col
empirical,Denver_crimes_2016-01-11,crimes,5.679277,4.254227,3.691575,0.041885978322998604,0.05638210451139784,0.0712092209471063,5.659785883135398,3.86427643833372,3.1964285714285716,3.246226818786241,2.282790496649598,7.679277065807417,6.254226612972598,5.691575211205547,-2.254226612972595,0.4102173913043478,0.4876961829102887,-0.21780747540665105,0.5039792765519185,0.0630922137670053,6.248665534861317,12.7693369650734,861,3440,2167,5144,0.20861831687035834,0.20053063461239345,0.7962093168967042,8,3.854890604890605,1.5074435879029993,2.0692238069972846
