randomization,name,type,l1,l2,l3,ipr1,ipr2,ipr3,l1_cm,l1_er,l1_reg,l2_mp,l3_mp,l1_lap,l2_lap,l3_lap,alg_conn,clustering_c,clustering_r,deg_assort,Q,N.olap,N.temp,N.nodf,H2,H3,H4,H17,cent_between,cent_close,cent_eigen,diam,mean_path_length,deg_het_row,deg_het_col
empirical,Denver_crimes_2016-02-29,crimes,5.668524,4.30557,3.581188,0.055238438651282,0.07561393084506907,0.04997632912096954,5.699874970112483,3.838830362685202,3.1785714285714284,3.225465517460787,2.2683261277857163,7.668524006064764,6.305570150602963,5.581188329659793,-2.3055701506029656,0.42649434571890144,0.42092242445661776,-0.1477026588277257,0.5221247317257937,0.06225505291107578,6.887044536707855,12.55432661804257,845,3467,2284,6319,0.2817717581383627,0.2538210208797642,0.8526502990293693,8,3.8175675675675675,1.6328746370407776,1.9667971215755586
