randomization,name,type,l1,l2,l3,ipr1,ipr2,ipr3,l1_cm,l1_er,l1_reg,l2_mp,l3_mp,l1_lap,l2_lap,l3_lap,alg_conn,clustering_c,clustering_r,deg_assort,Q,N.olap,N.temp,N.nodf,H2,H3,H4,H17,cent_between,cent_close,cent_eigen,diam,mean_path_length,deg_het_row,deg_het_col
empirical,Denver_crimes_2016-08-27,crimes,5.096869,3.907444,3.415913,0.055253310410594815,0.0578131708479038,0.12232347733396542,5.12569143689874,3.8477542973229037,3.191919191919192,3.2627356480915823,2.2579080854140745,7.096868517451718,5.907444190885001,5.415912837288642,-1.9074441908850193,0.3749144811858609,0.378698224852071,-0.23470010119072374,0.5224723601986866,0.04971147930697466,8.067288283034058,12.452004125265267,656,2295,1298,2421,0.22466106182561724,0.20312139317782288,0.8366174125073583,8,3.804988662131519,1.4661112001281844,1.7586925172248034
