randomization,name,type,l1,l2,l3,ipr1,ipr2,ipr3,l1_cm,l1_er,l1_reg,l2_mp,l3_mp,l1_lap,l2_lap,l3_lap,alg_conn,clustering_c,clustering_r,deg_assort,Q,N.olap,N.temp,N.nodf,H2,H3,H4,H17,cent_between,cent_close,cent_eigen,diam,mean_path_length,deg_het_row,deg_het_col
empirical,Denver_crimes_2016-10-01,crimes,5.158142,3.533739,3.260457,0.06995784909524565,0.12265283591221131,0.05379291029396696,4.917804806572953,3.395038182810556,2.7708333333333335,3.0191827471815165,2.0758907162289124,7.158141866597839,5.533739498859733,5.260457188009064,-1.5337394988597264,0.3404255319148936,0.47096774193548385,-0.09050324486790583,0.5779863191814116,0.0519895506767187,6.623068221440763,10.944032249049854,524,1918,1053,1901,0.37555057757336174,0.3064388428210877,0.8631795253928688,9,4.033333333333333,1.7491096161456274,1.7884561026626713
