randomization,name,type,l1,l2,l3,ipr1,ipr2,ipr3,l1_cm,l1_er,l1_reg,l2_mp,l3_mp,l1_lap,l2_lap,l3_lap,alg_conn,clustering_c,clustering_r,deg_assort,Q,N.olap,N.temp,N.nodf,H2,H3,H4,H17,cent_between,cent_close,cent_eigen,diam,mean_path_length,deg_het_row,deg_het_col
empirical,Denver_crimes_2016-01-24,crimes,4.661592,3.957557,3.291993,0.04896948398984033,0.0673856075019015,0.06126028721132918,4.560428161066915,3.475599663796547,2.8210526315789473,3.116931208932138,2.139467640710284,6.661591686262931,5.957556735382011,5.291993196616407,-1.9575567353820011,0.329933169187478,0.42493638676844786,-0.31900042354934355,0.5887725551347736,0.04312373572652505,7.840446330033662,10.80004555170118,495,1407,885,1398,0.2564008641347331,0.169642120414772,0.8001208055825301,10,4.378051511758119,1.4702606371129425,1.733125417687681
