randomization,name,type,l1,l2,l3,ipr1,ipr2,ipr3,l1_cm,l1_er,l1_reg,l2_mp,l3_mp,l1_lap,l2_lap,l3_lap,alg_conn,clustering_c,clustering_r,deg_assort,Q,N.olap,N.temp,N.nodf,H2,H3,H4,H17,cent_between,cent_close,cent_eigen,diam,mean_path_length,deg_het_row,deg_het_col
empirical,Denver_crimes_2016-08-24,crimes,6.166101,4.154331,4.024541,0.04276886794660852,0.051768464906439285,0.06671152312797159,6.450342128929823,4.1303033752073075,3.4285714285714284,3.2660659279241044,2.276408861430997,8.166101464479587,6.154330748334677,6.024541393362622,-2.15433074833468,0.479429107477888,0.528808821245535,-0.350986728579048,0.4739814814814816,0.11031755234118641,5.516949921357992,17.648997387253033,1053,4482,3296,9221,0.21151735309224012,0.22144439402380886,0.7934212994348909,7,3.471794871794872,1.489567901234568,2.339753086419753
