randomization,name,type,l1,l2,l3,ipr1,ipr2,ipr3,l1_cm,l1_er,l1_reg,l2_mp,l3_mp,l1_lap,l2_lap,l3_lap,alg_conn,clustering_c,clustering_r,deg_assort,Q,N.olap,N.temp,N.nodf,H2,H3,H4,H17,cent_between,cent_close,cent_eigen,diam,mean_path_length,deg_het_row,deg_het_col
empirical,Denver_crimes_2016-04-29,crimes,5.228923,3.651045,3.354159,0.0513751224128867,0.07941163593023765,0.06059883838787582,5.031769213454334,3.654160551605392,3,3.192202640382816,2.2329136312821958,7.2289226915497755,5.651045236181652,5.354158552317113,-1.6510452361816408,0.362305907549527,0.41877476379152695,-0.21770673342508395,0.5428288370675203,0.051115346744399603,5.76909668849568,11.003177056173245,673,2375,1352,2466,0.21862594936253119,0.18690677388531268,0.8309570465200675,9,4.081516095534787,1.4702789208962053,1.89696692577351
