randomization,name,type,l1,l2,l3,ipr1,ipr2,ipr3,l1_cm,l1_er,l1_reg,l2_mp,l3_mp,l1_lap,l2_lap,l3_lap,alg_conn,clustering_c,clustering_r,deg_assort,Q,N.olap,N.temp,N.nodf,H2,H3,H4,H17,cent_between,cent_close,cent_eigen,diam,mean_path_length,deg_het_row,deg_het_col
empirical,Denver_crimes_2016-12-27,crimes,5.42709,3.977328,3.693344,0.043699750343822424,0.04328771873171801,0.04793149782067446,5.523415684942763,3.534350179259338,2.900900900900901,3.0675684112762056,2.1526772752554835,7.427089875833737,5.977327669701179,5.693343731532904,-1.9773276697011848,0.40825206301575395,0.4130596092010883,-0.29400451982752013,0.5394467806025997,0.07049272624469873,4.10251688780594,11.899400108022506,744,2744,1685,3103,0.20405379447241714,0.20467408549216737,0.7867996230186308,9,4.064864864864865,1.6206550673199338,2.235330427066857
