randomization,name,type,l1,l2,l3,ipr1,ipr2,ipr3,l1_cm,l1_er,l1_reg,l2_mp,l3_mp,l1_lap,l2_lap,l3_lap,alg_conn,clustering_c,clustering_r,deg_assort,Q,N.olap,N.temp,N.nodf,H2,H3,H4,H17,cent_between,cent_close,cent_eigen,diam,mean_path_length,deg_het_row,deg_het_col
empirical,Denver_crimes_2016-03-05,crimes,5.200138,3.773325,3.274632,0.0983928217053218,0.056356261688408196,0.07941611412995911,5.057769815721907,3.5952204908824026,2.9583333333333335,3.1167663975955926,2.1451857371799785,7.200138063742758,5.773324968474564,5.27463182199192,-1.7733249684745658,0.456282722513089,0.35703648548026806,-0.17171675719407045,0.5449315611981747,0.055764502126065284,8.018160180756881,12.51692653462565,587,2014,1414,3705,0.34001073286235706,0.26279062783109813,0.8894514700966635,9,4.010964912280702,1.4977187066058322,1.9482245586193216
