randomization,name,type,l1,l2,l3,ipr1,ipr2,ipr3,l1_cm,l1_er,l1_reg,l2_mp,l3_mp,l1_lap,l2_lap,l3_lap,alg_conn,clustering_c,clustering_r,deg_assort,Q,N.olap,N.temp,N.nodf,H2,H3,H4,H17,cent_between,cent_close,cent_eigen,diam,mean_path_length,deg_het_row,deg_het_col
empirical,Denver_crimes_2016-03-25,crimes,5.255297,3.451274,3.440145,0.07829067682316576,0.05556101360298934,0.05725022843399048,5.07348883755549,3.4897182082239135,2.8627450980392157,3.071620894254934,2.131273886175551,7.25529702023759,5.451273965983281,5.440144893552358,-1.451273965983272,0.41097503532736696,0.3385113268608414,-0.14908526753418794,0.5517920810658674,0.05879334523958482,5.8993824016757195,11.798734389875118,603,2139,1415,3407,0.317330088763803,0.25296133714388924,0.8721473949604615,10,4.085808580858086,1.5563895665228002,2.0172640270219557
