randomization,name,type,l1,l2,l3,ipr1,ipr2,ipr3,l1_cm,l1_er,l1_reg,l2_mp,l3_mp,l1_lap,l2_lap,l3_lap,alg_conn,clustering_c,clustering_r,deg_assort,Q,N.olap,N.temp,N.nodf,H2,H3,H4,H17,cent_between,cent_close,cent_eigen,diam,mean_path_length,deg_het_row,deg_het_col
empirical,Denver_crimes_2016-11-12,crimes,4.435753,3.337631,3.289238,0.07753832240555579,0.09579640571313891,0.0581531649477337,4.170111570266985,3.3270459173470286,2.6818181818181817,3.0627185002892143,2.0775980173182584,6.435753362669286,5.337630899387838,5.289237813941817,-1.337630899387813,0.25988960441582337,0.27699530516431925,-0.2702232072186163,0.5682275208273487,0.035592505652340956,9.05113037913148,9.821683088554256,401,1030,731,1257,0.2734349855089554,0.22050113816185782,0.8537689318042299,10,4.233542319749216,1.322033898305085,1.7684573398448724
