randomization,name,type,l1,l2,l3,ipr1,ipr2,ipr3,l1_cm,l1_er,l1_reg,l2_mp,l3_mp,l1_lap,l2_lap,l3_lap,alg_conn,clustering_c,clustering_r,deg_assort,Q,N.olap,N.temp,N.nodf,H2,H3,H4,H17,cent_between,cent_close,cent_eigen,diam,mean_path_length,deg_het_row,deg_het_col
empirical,Denver_crimes_2016-06-18,crimes,5.210385,3.437523,3.18256,0.05779388113863185,0.05839129549013497,0.0554793514409465,4.830965384097955,3.5064768264098842,2.8686868686868685,3.1062387096511674,2.1461337918926606,7.210385362234716,5.437523206964975,5.1825603301263055,-1.4375232069649626,0.4148692060578247,0.4611681643132221,-0.08248184510415096,0.5492461813132312,0.03439845049249587,8.427270271880761,10.245618693574084,549,2018,947,1270,0.24087816225570532,0.2664854074248616,0.839205503903731,10,4.174397031539889,1.6282483634199563,1.7273358460622894
