randomization,name,type,l1,l2,l3,ipr1,ipr2,ipr3,l1_cm,l1_er,l1_reg,l2_mp,l3_mp,l1_lap,l2_lap,l3_lap,alg_conn,clustering_c,clustering_r,deg_assort,Q,N.olap,N.temp,N.nodf,H2,H3,H4,H17,cent_between,cent_close,cent_eigen,diam,mean_path_length,deg_het_row,deg_het_col
empirical,Denver_crimes_2016-03-04,crimes,5.984201,3.914378,3.609423,0.05988646522487609,0.06483546063094159,0.051206732869427535,5.785801304403551,4.077213246093178,3.386138613861386,3.315268033410593,2.2999793358340295,7.984201132702347,5.914377650231557,5.609423460558713,-1.9143776502315666,0.5100812836482634,0.5325619834710744,-0.15179535534500319,0.5038131390855295,0.06330792388370281,8.508424929766601,13.631626827279002,840,3601,2249,6348,0.31325028437682395,0.2784807036422917,0.850914585317081,8,3.666930693069307,1.5378407031223282,1.875961834410588
