randomization,name,type,l1,l2,l3,ipr1,ipr2,ipr3,l1_cm,l1_er,l1_reg,l2_mp,l3_mp,l1_lap,l2_lap,l3_lap,alg_conn,clustering_c,clustering_r,deg_assort,Q,N.olap,N.temp,N.nodf,H2,H3,H4,H17,cent_between,cent_close,cent_eigen,diam,mean_path_length,deg_het_row,deg_het_col
empirical,Denver_crimes_2016-01-10,crimes,4.886618,3.926271,3.47634,0.046286728394431244,0.054625981927244924,0.05474669853920532,4.925941327216929,3.9202687324284704,3.218390804597701,3.2994289837625286,2.239817913395554,6.886617740227058,5.926271461305751,5.476339971832474,-1.9262714613057557,0.35081967213114756,0.3934634974533107,-0.27345368908725326,0.4928061224489787,0.050417105128915216,10.854736746407985,13.714643624092444,571,1949,1049,1791,0.222610533092454,0.1933633690206905,0.800326071798868,8,3.6744186046511627,1.3998979591836733,1.6236734693877553
