randomization,name,type,l1,l2,l3,ipr1,ipr2,ipr3,l1_cm,l1_er,l1_reg,l2_mp,l3_mp,l1_lap,l2_lap,l3_lap,alg_conn,clustering_c,clustering_r,deg_assort,Q,N.olap,N.temp,N.nodf,H2,H3,H4,H17,cent_between,cent_close,cent_eigen,diam,mean_path_length,deg_het_row,deg_het_col
empirical,Denver_crimes_2016-09-22,crimes,5.425163,3.9162689999999998,3.745203,0.043918209753507034,0.09845885190066118,0.04847499563942153,5.256151446417965,3.7416899526441796,3.090909090909091,3.218222905795242,2.257906242350455,7.425163292918438,5.916269489167175,5.745203317574733,-1.916269489167176,0.4158415841584158,0.4445534838076546,-0.12507198134805264,0.5293771626297568,0.04095923566066175,7.797988096598682,10.636043805851951,725,2830,1487,2664,0.2433308971819641,0.21489585474666495,0.8050255414037887,10,4.173144286905755,1.577024221453287,1.8330795847750867
