randomization,name,type,l1,l2,l3,ipr1,ipr2,ipr3,l1_cm,l1_er,l1_reg,l2_mp,l3_mp,l1_lap,l2_lap,l3_lap,alg_conn,clustering_c,clustering_r,deg_assort,Q,N.olap,N.temp,N.nodf,H2,H3,H4,H17,cent_between,cent_close,cent_eigen,diam,mean_path_length,deg_het_row,deg_het_col
empirical,Denver_crimes_2016-11-10,crimes,5.082548,3.863992,3.630602,0.05483851009379937,0.055154929072977206,0.07663923777431401,4.897696251446038,3.503343546352161,2.8688524590163933,3.1496772804553976,2.2384177339120095,7.082548454249143,5.863991999407547,5.630601971367426,-1.863991999407541,0.338410181514709,0.30168776371308015,-0.1645952582047911,0.5736163265306116,0.03273845521221477,5.878057537350641,8.316947656686004,689,2353,1403,2680,0.2720891085742785,0.22622373557223474,0.8588091750741694,10,4.315404416745698,1.4298775510204083,2.0333714285714284
