randomization,name,type,l1,l2,l3,ipr1,ipr2,ipr3,l1_cm,l1_er,l1_reg,l2_mp,l3_mp,l1_lap,l2_lap,l3_lap,alg_conn,clustering_c,clustering_r,deg_assort,Q,N.olap,N.temp,N.nodf,H2,H3,H4,H17,cent_between,cent_close,cent_eigen,diam,mean_path_length,deg_het_row,deg_het_col
empirical,Denver_crimes_2016-05-02,crimes,5.803405,3.707428,3.661356,0.05552681298410896,0.06351768779374796,0.036683457926896874,5.567312765470557,3.8482152555539386,3.1818181818181817,3.24265964898758,2.2748444534951155,7.803405075222546,5.707428232107715,5.661356443510341,-1.7074282321076932,0.47323481116584565,0.43936731107205623,-0.16734654234654261,0.5002448979591823,0.05304652101137342,7.353432182257219,11.588215498128426,820,3350,1988,4422,0.2960514374044079,0.27225084941898836,0.8472149466438326,9,3.918765638031693,1.5277387755102043,1.9933714285714288
