randomization,name,type,l1,l2,l3,ipr1,ipr2,ipr3,l1_cm,l1_er,l1_reg,l2_mp,l3_mp,l1_lap,l2_lap,l3_lap,alg_conn,clustering_c,clustering_r,deg_assort,Q,N.olap,N.temp,N.nodf,H2,H3,H4,H17,cent_between,cent_close,cent_eigen,diam,mean_path_length,deg_het_row,deg_het_col
empirical,Denver_crimes_2016-04-27,crimes,5.805742,3.951547,3.823227,0.049470966162352754,0.05899560709923072,0.06675191221861049,5.798272482776046,4.003991871729024,3.327433628318584,3.3107592962292784,2.331974832162261,7.805741719236182,5.951546676961737,5.823226605512764,-1.9515466769617276,0.45896976719688193,0.4297624665722825,-0.20035088888148622,0.5120246717971928,0.05895340902618405,7.237371080296928,12.586019885098663,917,3801,2303,5377,0.19471430616591087,0.20520246299173178,0.8420005532614917,9,3.843552465233881,1.5685830692621097,1.9284178361249433
