randomization,name,type,l1,l2,l3,ipr1,ipr2,ipr3,l1_cm,l1_er,l1_reg,l2_mp,l3_mp,l1_lap,l2_lap,l3_lap,alg_conn,clustering_c,clustering_r,deg_assort,Q,N.olap,N.temp,N.nodf,H2,H3,H4,H17,cent_between,cent_close,cent_eigen,diam,mean_path_length,deg_het_row,deg_het_col
empirical,Denver_crimes_2016-01-30,crimes,4.811082,3.914542,3.541479,0.04689707873389906,0.049732919519630076,0.0819411132604665,4.845565708797309,3.4969584669717664,2.860215053763441,3.0802376835749956,2.109160320827862,6.811082271710616,5.914542142348882,5.541479253015423,-1.9145421423488802,0.35278080697928027,0.37771587743732593,-0.30469226081657524,0.5456498388829221,0.057197202926513036,6.636825704880867,12.2454885938032,532,1628,1079,1938,0.2164722393252375,0.19586668743073668,0.7894562104744187,9,4.122487143525012,1.444457007179603,1.9683419074000792
