randomization,name,type,l1,l2,l3,ipr1,ipr2,ipr3,l1_cm,l1_er,l1_reg,l2_mp,l3_mp,l1_lap,l2_lap,l3_lap,alg_conn,clustering_c,clustering_r,deg_assort,Q,N.olap,N.temp,N.nodf,H2,H3,H4,H17,cent_between,cent_close,cent_eigen,diam,mean_path_length,deg_het_row,deg_het_col
empirical,Denver_crimes_2016-03-15,crimes,5.093468,3.968807,3.479918,0.042675631732446796,0.07456309916563968,0.0557693074981822,4.974742485972151,3.612606223662486,2.9622641509433962,3.1699292181166823,2.2114540154377478,7.0934684565059785,5.968806965890819,5.4799175789412224,-1.9688069658908256,0.3554791905307369,0.39515240543518176,-0.23287185268695962,0.5378311493366875,0.042328160856236405,7.866728629922393,10.408951590181365,651,2206,1389,2655,0.22389584564007822,0.20746165854550544,0.7949071828867549,11,4.250494159928122,1.414175017242079,1.9765507728508254
