randomization,name,type,l1,l2,l3,ipr1,ipr2,ipr3,l1_cm,l1_er,l1_reg,l2_mp,l3_mp,l1_lap,l2_lap,l3_lap,alg_conn,clustering_c,clustering_r,deg_assort,Q,N.olap,N.temp,N.nodf,H2,H3,H4,H17,cent_between,cent_close,cent_eigen,diam,mean_path_length,deg_het_row,deg_het_col
empirical,Denver_crimes_2016-06-01,crimes,6.043657,3.95124,3.580579,0.0546780342357645,0.061766830595250816,0.050816389173710216,5.703046004356851,3.954553255572884,3.277310924369748,3.3120706355127507,2.348204238114956,8.043657050926875,5.9512397820534675,5.580579316930731,-1.951239782053454,0.454152622936652,0.47785513257295215,-0.13267569210744887,0.5150558842866512,0.05069558629399284,7.540303257971973,11.286285202309196,948,4132,2418,5957,0.2349055548294517,0.23081093854390575,0.8494871130580572,8,3.921663580686512,1.479447731755424,2.0351084812623275
