randomization,name,type,l1,l2,l3,ipr1,ipr2,ipr3,l1_cm,l1_er,l1_reg,l2_mp,l3_mp,l1_lap,l2_lap,l3_lap,alg_conn,clustering_c,clustering_r,deg_assort,Q,N.olap,N.temp,N.nodf,H2,H3,H4,H17,cent_between,cent_close,cent_eigen,diam,mean_path_length,deg_het_row,deg_het_col
empirical,Denver_crimes_2016-09-17,crimes,4.835962,3.621505,3.520254,0.04167941170607311,0.052921520982151506,0.0833465004081556,4.758051319768549,3.661830822881538,3,3.1934719925881203,2.191167342036757,6.835962335782009,5.621504761487427,5.520253556932352,-1.6215047614874283,0.3487284419760304,0.4260603744745892,-0.21352609272211928,0.5675770836477051,0.03697421323186045,9.436215328957456,11.223189912907838,535,1797,862,1062,0.1557276599185108,0.18860804821381577,0.7915569758311105,11,4.112331274307938,1.5808560937578593,1.5652633167345709
