randomization,name,type,l1,l2,l3,ipr1,ipr2,ipr3,l1_cm,l1_er,l1_reg,l2_mp,l3_mp,l1_lap,l2_lap,l3_lap,alg_conn,clustering_c,clustering_r,deg_assort,Q,N.olap,N.temp,N.nodf,H2,H3,H4,H17,cent_between,cent_close,cent_eigen,diam,mean_path_length,deg_het_row,deg_het_col
empirical,Denver_crimes_2016-05-30,crimes,5.916865,3.953673,3.863243,0.03480765681801813,0.08736490927864879,0.09151099922624224,6.268347865653745,4.27731417162264,3.5833333333333335,3.3342094371585893,2.298219142301731,7.916865352557659,5.953673383367696,5.863243118685403,-1.9536733833676976,0.49422759758108853,0.5633501451933364,-0.3416604903285811,0.43976473769605323,0.09182515724365985,7.429653283038391,17.316949360303234,930,3935,2433,5548,0.16148584149535583,0.21446075746913112,0.7475246937424973,7,3.4399122807017544,1.5362358031368306,1.9780962682531098
