randomization,name,type,l1,l2,l3,ipr1,ipr2,ipr3,l1_cm,l1_er,l1_reg,l2_mp,l3_mp,l1_lap,l2_lap,l3_lap,alg_conn,clustering_c,clustering_r,deg_assort,Q,N.olap,N.temp,N.nodf,H2,H3,H4,H17,cent_between,cent_close,cent_eigen,diam,mean_path_length,deg_het_row,deg_het_col
empirical,Denver_crimes_2016-04-03,crimes,5.2680110000000004,4.111827,3.5482,0.051970489551833934,0.07439940797863834,0.049460500481943837,5.386804180567398,3.859377978252677,3.2,3.221487001582015,2.2157679786280466,7.2680110526793875,6.111827201508481,5.548199868996079,-2.1118272015084814,0.38430211032950756,0.4100055897149245,-0.2057959746464068,0.5258829639889206,0.06314053409474342,8.451469028162581,13.619585080081693,673,2534,1491,3090,0.30175736884913507,0.2599349512967381,0.8046961279916406,7,3.6595744680851063,1.5668282548476455,1.8035837950138507
