randomization,name,type,l1,l2,l3,ipr1,ipr2,ipr3,l1_cm,l1_er,l1_reg,l2_mp,l3_mp,l1_lap,l2_lap,l3_lap,alg_conn,clustering_c,clustering_r,deg_assort,Q,N.olap,N.temp,N.nodf,H2,H3,H4,H17,cent_between,cent_close,cent_eigen,diam,mean_path_length,deg_het_row,deg_het_col
empirical,Denver_crimes_2016-01-22,crimes,5.809606,4.050024,3.968778,0.09189367406622187,0.07567439865602076,0.045891997439068695,5.796534032214421,3.939640043464667,3.25,3.275063180209086,2.3022713654569995,7.809605925798595,6.050023645504423,5.968777855793867,-2.0500236455044236,0.4253604749787956,0.3910628629134057,-0.2654154614177201,0.5126494384736128,0.07297900070394309,6.591819079334357,13.118509894636452,934,3197,3291,13063,0.3540752953844806,0.236825653050086,0.8919453930556284,9,3.8733912483912483,1.430262045646661,2.1893491124260356
