randomization,name,type,l1,l2,l3,ipr1,ipr2,ipr3,l1_cm,l1_er,l1_reg,l2_mp,l3_mp,l1_lap,l2_lap,l3_lap,alg_conn,clustering_c,clustering_r,deg_assort,Q,N.olap,N.temp,N.nodf,H2,H3,H4,H17,cent_between,cent_close,cent_eigen,diam,mean_path_length,deg_het_row,deg_het_col
empirical,Denver_crimes_2016-11-24,crimes,3.483803,3.073922,2.783181,0.1427634618604271,0.08984149935917693,0.10518502293038892,3.469836841423198,2.817532894922861,2.2531645569620253,2.8205944965087655,1.8793431517803794,5.483802658629305,5.0739224648263965,4.783181088665671,-1.0739224648263925,0.12529002320185614,0.1285140562248996,-0.44461178045515376,0.6836258048226244,0.028218963176231817,6.239107344374445,8.047558114736619,227,370,274,298,0.27071484373349175,0.17066765379002785,0.9048632934475486,12,5.39565076273937,1.4460295417245297,1.5956318646635528
