randomization,name,type,l1,l2,l3,ipr1,ipr2,ipr3,l1_cm,l1_er,l1_reg,l2_mp,l3_mp,l1_lap,l2_lap,l3_lap,alg_conn,clustering_c,clustering_r,deg_assort,Q,N.olap,N.temp,N.nodf,H2,H3,H4,H17,cent_between,cent_close,cent_eigen,diam,mean_path_length,deg_het_row,deg_het_col
empirical,Denver_crimes_2016-12-05,crimes,5.409485,3.870396,3.832114,0.05006948323971638,0.06303367938018949,0.06886314058975296,5.206994190837094,3.9011438269340735,3.2233009708737863,3.298576550773154,2.294188000358297,7.409484791308394,5.8703955268944235,5.83211381780853,-1.8703955268944386,0.4100941937297905,0.4221736755871109,-0.19021913468864013,0.4978951952387866,0.03954999931121201,11.120666031373375,11.086106659082713,730,2753,1628,3500,0.31054388786486925,0.23692590006266426,0.8231496762950873,9,3.8671235484485056,1.3652199158078093,1.8896791987226011
