randomization,name,type,l1,l2,l3,ipr1,ipr2,ipr3,l1_cm,l1_er,l1_reg,l2_mp,l3_mp,l1_lap,l2_lap,l3_lap,alg_conn,clustering_c,clustering_r,deg_assort,Q,N.olap,N.temp,N.nodf,H2,H3,H4,H17,cent_between,cent_close,cent_eigen,diam,mean_path_length,deg_het_row,deg_het_col
empirical,Denver_crimes_2016-07-27,crimes,5.380262,3.913382,3.661537,0.04728981723054472,0.10876989517489953,0.07107541281353076,5.44946655318534,3.8306917703858456,3.1531531531531534,3.2529087634964724,2.2839147636868486,7.380261589738438,5.913381674910307,5.6615372682094085,-1.9133816749103028,0.37503337783711616,0.40154337413517827,-0.3558194981670513,0.5236897959183661,0.06032703016092944,5.9152148197100765,12.323052359733156,806,2827,1798,3455,0.15864642884775484,0.17635861300336556,0.836588457390585,9,3.9135135135135135,1.5203918367346938,1.9376
