randomization,name,type,l1,l2,l3,ipr1,ipr2,ipr3,l1_cm,l1_er,l1_reg,l2_mp,l3_mp,l1_lap,l2_lap,l3_lap,alg_conn,clustering_c,clustering_r,deg_assort,Q,N.olap,N.temp,N.nodf,H2,H3,H4,H17,cent_between,cent_close,cent_eigen,diam,mean_path_length,deg_het_row,deg_het_col
empirical,Denver_crimes_2016-12-30,crimes,5.368465,4.005292,3.467875,0.0558248674156164,0.06102864822991382,0.05556022793757672,5.344139693143235,3.6255127319352347,2.9714285714285715,3.1289716359618,2.179262233752261,7.368465422111209,6.005292013447223,5.467875048423101,-2.0052920134472183,0.3729277321744729,0.42032267195018397,-0.20953394607516312,0.5281476002629842,0.06513301443076285,6.6687087362262405,12.695205002264256,703,2614,1703,3922,0.255699067374877,0.23152896369374673,0.8467503296410966,8,3.8582417582417583,1.5539119000657462,2.058760683760684
