randomization,name,type,l1,l2,l3,ipr1,ipr2,ipr3,l1_cm,l1_er,l1_reg,l2_mp,l3_mp,l1_lap,l2_lap,l3_lap,alg_conn,clustering_c,clustering_r,deg_assort,Q,N.olap,N.temp,N.nodf,H2,H3,H4,H17,cent_between,cent_close,cent_eigen,diam,mean_path_length,deg_het_row,deg_het_col
empirical,Denver_crimes_2016-09-26,crimes,5.489041,3.934792,3.5322,0.047424257037456743,0.07481758632511308,0.05741612426750224,5.493500296471324,3.72288822824713,3.074074074074074,3.1722920674880886,2.219628766381966,7.4890414096047575,5.934792058493402,5.532199820220079,-1.9347920584934035,0.46786056923568914,0.41379310344827586,-0.2703420271747619,0.5280156771664979,0.06295665297139395,5.350617093656326,12.353338534791556,749,2806,1584,2704,0.21475130070673185,0.18267088382360266,0.8042074207171896,12,4.135514018691588,1.6765858615183629,1.9041225141529974
