randomization,name,type,l1,l2,l3,ipr1,ipr2,ipr3,l1_cm,l1_er,l1_reg,l2_mp,l3_mp,l1_lap,l2_lap,l3_lap,alg_conn,clustering_c,clustering_r,deg_assort,Q,N.olap,N.temp,N.nodf,H2,H3,H4,H17,cent_between,cent_close,cent_eigen,diam,mean_path_length,deg_het_row,deg_het_col
empirical,Denver_crimes_2016-01-16,crimes,5.219675,3.738537,3.499302,0.06368556865219654,0.06836900795256544,0.054332133396618416,5.191784989766256,3.5108165034782863,2.875,3.049964974986716,2.0975432907054627,7.219674838878753,5.738536687602642,5.499302342805511,-1.7385366876026547,0.3750559785042544,0.4224376731301939,-0.19863914018402498,0.548256668767067,0.07356314210124386,5.916729144288116,13.632664039794323,594,2110,1404,3271,0.2743667096212179,0.22802612435125263,0.8500992385393309,10,4.0399122807017545,1.589161940768746,2.0378071833648392
