randomization,name,type,l1,l2,l3,ipr1,ipr2,ipr3,l1_cm,l1_er,l1_reg,l2_mp,l3_mp,l1_lap,l2_lap,l3_lap,alg_conn,clustering_c,clustering_r,deg_assort,Q,N.olap,N.temp,N.nodf,H2,H3,H4,H17,cent_between,cent_close,cent_eigen,diam,mean_path_length,deg_het_row,deg_het_col
empirical,Denver_crimes_2016-05-22,crimes,5.818385,4.145678,3.928224,0.04015615597511325,0.09407415856432352,0.07989431410019725,5.925845615479989,4.041522519342314,3.3267326732673266,3.2794980807300473,2.2725509347535184,7.818385196104163,6.145678179751112,5.928223960261041,-2.1456781797511044,0.4308500829799004,0.5556244830438379,-0.3370272601343405,0.4883786848072571,0.08738342763572564,7.00839142673165,15.850994952861205,892,3508,2496,6473,0.24253787922923198,0.21311794546076443,0.7812949157914097,8,3.640792079207921,1.454931972789116,2.119047619047619
