randomization,name,type,l1,l2,l3,ipr1,ipr2,ipr3,l1_cm,l1_er,l1_reg,l2_mp,l3_mp,l1_lap,l2_lap,l3_lap,alg_conn,clustering_c,clustering_r,deg_assort,Q,N.olap,N.temp,N.nodf,H2,H3,H4,H17,cent_between,cent_close,cent_eigen,diam,mean_path_length,deg_het_row,deg_het_col
empirical,Denver_crimes_2016-10-15,crimes,4.540729,3.56821,3.325149,0.06154529768041533,0.04830692323432805,0.11470168858677789,4.243848167772635,3.293451442245047,2.68,3.0535198036634763,2.1120310201593098,6.5407287328130765,5.568209593220003,5.325148919045759,-1.5682095932200144,0.2637931034482759,0.3107311320754717,-0.08572772361895005,0.5750167075072398,0.02533294890579392,8.034005946517516,8.650520089084566,440,1355,684,953,0.30970404131191354,0.23340965282858825,0.8426236993826665,9,4.368888888888889,1.4916462463800402,1.6703051904655826
