randomization,name,type,l1,l2,l3,ipr1,ipr2,ipr3,l1_cm,l1_er,l1_reg,l2_mp,l3_mp,l1_lap,l2_lap,l3_lap,alg_conn,clustering_c,clustering_r,deg_assort,Q,N.olap,N.temp,N.nodf,H2,H3,H4,H17,cent_between,cent_close,cent_eigen,diam,mean_path_length,deg_het_row,deg_het_col
empirical,Denver_crimes_2016-02-26,crimes,5.754829,3.766467,3.631793,0.07264084140209458,0.07533312475994182,0.039237208805454865,5.71410892410635,3.7730525832313884,3.1171171171171173,3.1828701327493736,2.2350547227081465,7.754829187922649,5.766466643616903,5.631792713825912,-1.7664666436169145,0.440951821386604,0.4368673415023974,-0.15179249660831076,0.5233719803535044,0.06963969432884183,6.255417664408001,12.993969720297667,820,3293,2326,7003,0.31585558912118883,0.25071987212790886,0.8752814720125942,10,3.947911547911548,1.7421898493100336,1.9249223161482174
