randomization,name,type,l1,l2,l3,ipr1,ipr2,ipr3,l1_cm,l1_er,l1_reg,l2_mp,l3_mp,l1_lap,l2_lap,l3_lap,alg_conn,clustering_c,clustering_r,deg_assort,Q,N.olap,N.temp,N.nodf,H2,H3,H4,H17,cent_between,cent_close,cent_eigen,diam,mean_path_length,deg_het_row,deg_het_col
empirical,Denver_crimes_2016-03-28,crimes,5.274017,3.768164,3.611052,0.05182138254356052,0.04538414466102782,0.05790805406822302,5.23231508590433,3.58847608117854,2.9444444444444446,3.1289245047685963,2.1880839295145345,7.274017233415317,5.768164454955721,5.611052255979609,-1.768164454955723,0.3708634461772537,0.41426573426573426,-0.1973730297723295,0.5636644120090177,0.057661081559964675,6.160424653665247,11.563195028274945,686,2499,1536,3118,0.24471100865051057,0.22725866150597637,0.8343496928209957,9,4.139494634821737,1.5990664926229188,1.9639254776314226
