randomization,name,type,l1,l2,l3,ipr1,ipr2,ipr3,l1_cm,l1_er,l1_reg,l2_mp,l3_mp,l1_lap,l2_lap,l3_lap,alg_conn,clustering_c,clustering_r,deg_assort,Q,N.olap,N.temp,N.nodf,H2,H3,H4,H17,cent_between,cent_close,cent_eigen,diam,mean_path_length,deg_het_row,deg_het_col
empirical,Denver_crimes_2016-04-19,crimes,5.158771,3.964744,3.769793,0.051992178648400424,0.04915630126410867,0.07261449186876004,5.347663284225813,3.562789648189748,2.9245283018867925,3.0923781678742555,2.1568638135669804,7.158771307414485,5.964743604845782,5.769793287267821,-1.9647436048457878,0.3581973581973582,0.36161122978333843,-0.3086636075281411,0.5416441207075975,0.07268590050378841,4.57633912849868,13.252629528398064,689,2374,1535,3063,0.2230224449255263,0.20636549460555456,0.8438852574674758,8,3.920934411500449,1.5966701352757546,2.087408949011446
