randomization,name,type,l1,l2,l3,ipr1,ipr2,ipr3,l1_cm,l1_er,l1_reg,l2_mp,l3_mp,l1_lap,l2_lap,l3_lap,alg_conn,clustering_c,clustering_r,deg_assort,Q,N.olap,N.temp,N.nodf,H2,H3,H4,H17,cent_between,cent_close,cent_eigen,diam,mean_path_length,deg_het_row,deg_het_col
empirical,Denver_crimes_2016-08-20,crimes,4.434896,3.583711,3.174273,0.07029285976566212,0.061745957979691075,0.042794525011853296,4.444210381739343,3.27346113948449,2.6530612244897958,3.0170409358827674,2.079459208855406,6.434896420856169,5.583710715391062,5.1742728651110275,-1.5837107153910674,0.2441643323996265,0.2287681713848508,-0.26458192217957377,0.6069822485207076,0.0450834185882985,6.3480922929472126,10.22583153864561,456,1275,790,1174,0.3134205915021255,0.25127536030930814,0.8567362248257506,9,4.222385861561119,1.5881656804733726,1.740355029585799
