randomization,name,type,l1,l2,l3,ipr1,ipr2,ipr3,l1_cm,l1_er,l1_reg,l2_mp,l3_mp,l1_lap,l2_lap,l3_lap,alg_conn,clustering_c,clustering_r,deg_assort,Q,N.olap,N.temp,N.nodf,H2,H3,H4,H17,cent_between,cent_close,cent_eigen,diam,mean_path_length,deg_het_row,deg_het_col
empirical,Denver_crimes_2016-12-03,crimes,4.920091,3.695511,3.464451,0.04208227923315266,0.05175237279728683,0.05931164963825304,4.99997704310616,3.5993891894317134,2.966292134831461,3.1014365944108317,2.111913389519446,6.9200908399893875,5.695511294214911,5.464450863358746,-1.6955112942148904,0.43656343656343655,0.3745583038869258,-0.28666666666666685,0.5408631772268128,0.06276263237638627,6.85023242950277,13.843692607897154,528,1811,878,1073,0.15045548021045235,0.19635662045690278,0.7679041482164032,8,3.947906026557712,1.6616161616161618,1.709710743801653
