randomization,name,type,l1,l2,l3,ipr1,ipr2,ipr3,l1_cm,l1_er,l1_reg,l2_mp,l3_mp,l1_lap,l2_lap,l3_lap,alg_conn,clustering_c,clustering_r,deg_assort,Q,N.olap,N.temp,N.nodf,H2,H3,H4,H17,cent_between,cent_close,cent_eigen,diam,mean_path_length,deg_het_row,deg_het_col
empirical,Denver_crimes_2016-05-17,crimes,5.442075,3.712831,3.571792,0.06984138262905704,0.054125537226195654,0.04912958171811297,5.129549807732145,3.492181949162207,2.8596491228070176,3.100338623543823,2.183523835659866,7.442074673791848,5.712830534620532,5.571792357480911,-1.7128305346205157,0.4216431415128484,0.3703985783193704,-0.11338201143265456,0.565659226918588,0.04715366353898772,5.768211678955283,10.092158700406124,687,2584,1652,4118,0.4140037456799219,0.28058120426687505,0.877258103239288,10,4.196242819437975,1.5740148293123564,2.038541156987466
