randomization,name,type,l1,l2,l3,ipr1,ipr2,ipr3,l1_cm,l1_er,l1_reg,l2_mp,l3_mp,l1_lap,l2_lap,l3_lap,alg_conn,clustering_c,clustering_r,deg_assort,Q,N.olap,N.temp,N.nodf,H2,H3,H4,H17,cent_between,cent_close,cent_eigen,diam,mean_path_length,deg_het_row,deg_het_col
empirical,Denver_crimes_2016-12-14,crimes,5.494681,3.959668,3.63245,0.06489030965997296,0.06593625629815816,0.04339889929494433,5.400766861192298,3.8074006054795553,3.14,3.2099760539042244,2.222374795343985,7.494680997453503,5.9596683314613,5.632449635603109,-1.9596683314613061,0.4413730255164034,0.42635862431084276,-0.2011322775610132,0.5077690778530579,0.06534287388742055,7.604937599248465,13.384711472590258,718,2731,1771,4394,0.32038999231755316,0.26220657644183537,0.8607742378958739,9,3.8648484848484848,1.4704450484806686,1.991764371779788
