randomization,name,type,l1,l2,l3,ipr1,ipr2,ipr3,l1_cm,l1_er,l1_reg,l2_mp,l3_mp,l1_lap,l2_lap,l3_lap,alg_conn,clustering_c,clustering_r,deg_assort,Q,N.olap,N.temp,N.nodf,H2,H3,H4,H17,cent_between,cent_close,cent_eigen,diam,mean_path_length,deg_het_row,deg_het_col
empirical,Denver_crimes_2016-11-07,crimes,5.522196,3.961306,3.436748,0.05543257588823264,0.07445608217721289,0.061856383297763044,5.401347629343787,3.7809090411768884,3.089108910891089,3.2038608982375547,2.21886765620497,7.522195964845617,5.96130569343101,5.436748296602399,-1.9613056934309907,0.3937769837725175,0.5150778210116731,-0.18201269956772947,0.513395792241946,0.06136888160577086,8.636653190504415,13.075604411140958,705,2782,1567,2963,0.22705242972875447,0.23947456668630576,0.8381313625377075,8,3.871287128712871,1.658284023668639,1.7914201183431953
