randomization,name,type,l1,l2,l3,ipr1,ipr2,ipr3,l1_cm,l1_er,l1_reg,l2_mp,l3_mp,l1_lap,l2_lap,l3_lap,alg_conn,clustering_c,clustering_r,deg_assort,Q,N.olap,N.temp,N.nodf,H2,H3,H4,H17,cent_between,cent_close,cent_eigen,diam,mean_path_length,deg_het_row,deg_het_col
empirical,Denver_crimes_2016-09-07,crimes,6.182772,3.890466,3.810229,0.046806310791501105,0.06690930271976413,0.03703541892890561,6.031661614203406,3.9733992926403623,3.3043478260869565,3.2691205639010574,2.3076847215236556,8.182771699408043,5.8904663711511205,5.810228769124231,-1.8904663711511183,0.4598444463864371,0.5398779811425403,-0.11621993015746118,0.48110803324099705,0.06777158891975188,5.907623457700393,13.288000173965088,961,4521,2274,4499,0.18211470888275383,0.23414136955945075,0.8280999245390733,8,3.824561403508772,1.6773407202216066,1.9863157894736838
