randomization,name,type,l1,l2,l3,ipr1,ipr2,ipr3,l1_cm,l1_er,l1_reg,l2_mp,l3_mp,l1_lap,l2_lap,l3_lap,alg_conn,clustering_c,clustering_r,deg_assort,Q,N.olap,N.temp,N.nodf,H2,H3,H4,H17,cent_between,cent_close,cent_eigen,diam,mean_path_length,deg_het_row,deg_het_col
empirical,Denver_crimes_2016-05-12,crimes,5.043024,3.840333,3.505032,0.048388739736214076,0.06940005898734697,0.04929236122581509,4.840096262089616,3.5681030399189817,2.9285714285714284,3.1721651009201506,2.229911701858067,7.0430239353222,5.840333053205262,5.505032319248874,-1.8403330532052657,0.3277893277893278,0.3573415765069552,-0.10798519155308432,0.5536511005353949,0.03488978179175397,8.166159050892063,9.464523372746099,634,2261,1192,2029,0.228920408022678,0.2112357270703569,0.8294451764581824,10,4.182271557271557,1.57064247471743,1.7340868530636522
