randomization,name,type,l1,l2,l3,ipr1,ipr2,ipr3,l1_cm,l1_er,l1_reg,l2_mp,l3_mp,l1_lap,l2_lap,l3_lap,alg_conn,clustering_c,clustering_r,deg_assort,Q,N.olap,N.temp,N.nodf,H2,H3,H4,H17,cent_between,cent_close,cent_eigen,diam,mean_path_length,deg_het_row,deg_het_col
empirical,Denver_crimes_2016-12-22,crimes,5.153142,4.139852,3.853902,0.04135754961076555,0.052621027103835795,0.08805296305198214,5.217815775709012,3.568694255958247,2.920353982300885,3.134305213366076,2.204608572439243,7.153141855263343,6.139851675255433,5.853902212796037,-2.1398516752554086,0.3597009051554506,0.4389257868899798,-0.2764599001327481,0.5492011019283747,0.054128545099404485,5.430969230574899,11.203792960741794,706,2391,1531,2885,0.2091837378892812,0.16608804163777344,0.8071540972581117,11,4.311946902654867,1.6829384756657486,1.8788980716253443
