randomization,name,type,l1,l2,l3,ipr1,ipr2,ipr3,l1_cm,l1_er,l1_reg,l2_mp,l3_mp,l1_lap,l2_lap,l3_lap,alg_conn,clustering_c,clustering_r,deg_assort,Q,N.olap,N.temp,N.nodf,H2,H3,H4,H17,cent_between,cent_close,cent_eigen,diam,mean_path_length,deg_het_row,deg_het_col
empirical,Denver_crimes_2016-05-16,crimes,4.517214,3.535038,3.195929,0.04388820834988918,0.06865390936442943,0.07275401185821082,4.365394382336632,3.389312220254964,2.760869565217391,3.0774114085620474,2.1036744109095467,6.5172137428092345,5.535037589519886,5.195929300095449,-1.5350375895199044,0.29856115107913667,0.3427835051546392,-0.18137449583873902,0.5614111228222451,0.03540841521552069,8.992857759301168,10.47016706443914,436,1335,651,782,0.21420769341193593,0.19541017664538435,0.7720163542175931,9,4.204252269469661,1.4703329406658812,1.680265360530721
