randomization,name,type,l1,l2,l3,ipr1,ipr2,ipr3,l1_cm,l1_er,l1_reg,l2_mp,l3_mp,l1_lap,l2_lap,l3_lap,alg_conn,clustering_c,clustering_r,deg_assort,Q,N.olap,N.temp,N.nodf,H2,H3,H4,H17,cent_between,cent_close,cent_eigen,diam,mean_path_length,deg_het_row,deg_het_col
empirical,Denver_crimes_2016-11-01,crimes,5.802763,4.36674,3.791506,0.036644032116947556,0.05160090219466053,0.053571304108516356,5.92976612638656,4.198135555062246,3.504424778761062,3.4034560895167587,2.398426444586641,7.802763097874585,6.3667395463215595,5.791505705340283,-2.366739546321552,0.4329859537834164,0.4557477110885046,-0.27156124431198264,0.48030813182328147,0.06088005552732852,7.1455823020839375,13.1064412456998,1002,4143,2495,5629,0.17643075252578042,0.18628203670560453,0.7986977585395958,8,3.7133375474083437,1.48127742067136,1.9206203448627694
