randomization,name,type,l1,l2,l3,ipr1,ipr2,ipr3,l1_cm,l1_er,l1_reg,l2_mp,l3_mp,l1_lap,l2_lap,l3_lap,alg_conn,clustering_c,clustering_r,deg_assort,Q,N.olap,N.temp,N.nodf,H2,H3,H4,H17,cent_between,cent_close,cent_eigen,diam,mean_path_length,deg_het_row,deg_het_col
empirical,Denver_crimes_2016-10-07,crimes,5.415091,3.612568,3.504559,0.05624916890160601,0.04839035896195701,0.05066784697020617,5.102985638598806,3.7730525832313884,3.1171171171171173,3.2569658815283478,2.2881791277443537,7.415090547021526,5.612568156495732,5.504558647100268,-1.6125681564957117,0.40796318527410963,0.4034649044472227,-0.07848237139790239,0.5156871261986707,0.040951363467359565,6.929783423076396,10.797133326001687,710,2793,1248,1818,0.18811595465847683,0.20088106409688392,0.8456393717830887,9,4.046191646191646,1.5955427845901968,1.676300578034682
