randomization,name,type,l1,l2,l3,ipr1,ipr2,ipr3,l1_cm,l1_er,l1_reg,l2_mp,l3_mp,l1_lap,l2_lap,l3_lap,alg_conn,clustering_c,clustering_r,deg_assort,Q,N.olap,N.temp,N.nodf,H2,H3,H4,H17,cent_between,cent_close,cent_eigen,diam,mean_path_length,deg_het_row,deg_het_col
empirical,Denver_crimes_2016-09-24,crimes,5.097343,4.115499,3.447708,0.047996226109913796,0.06485128804047313,0.07267423308214958,5.163915751392462,3.6486582691826883,2.970873786407767,3.165116270541918,2.197382177228974,7.097342513144426,6.115498880439118,5.447707884101352,-2.1154988804391346,0.3304953560371517,0.3754116355653128,-0.26603598155365904,0.5406040411807401,0.05882270011132624,6.935184993592397,12.257765512535434,664,2229,1557,3467,0.22990925741165463,0.2244061600099365,0.8215904447515843,8,3.8941557205406436,1.5609381007304886,1.8828228459139646
