randomization,name,type,l1,l2,l3,ipr1,ipr2,ipr3,l1_cm,l1_er,l1_reg,l2_mp,l3_mp,l1_lap,l2_lap,l3_lap,alg_conn,clustering_c,clustering_r,deg_assort,Q,N.olap,N.temp,N.nodf,H2,H3,H4,H17,cent_between,cent_close,cent_eigen,diam,mean_path_length,deg_het_row,deg_het_col
empirical,Denver_crimes_2016-08-09,crimes,5.725024,3.668557,3.323696,0.05630461718515296,0.06865684243074509,0.06077622020193364,5.543003653124545,3.841560994114956,3.176470588235294,3.216186976853916,2.2332128822354123,7.725024372777634,5.668556688213766,5.323696335525361,-1.6685566882137617,0.49685857161174507,0.4860759493670886,-0.18589802037716752,0.5148224356043282,0.06650679239539732,7.081924412539383,13.270867004304261,751,3041,1700,3359,0.20463515562383713,0.2303308745646032,0.8372791588023446,8,3.788196466705494,1.5675964029873497,1.9305746075293404
