randomization,name,type,l1,l2,l3,ipr1,ipr2,ipr3,l1_cm,l1_er,l1_reg,l2_mp,l3_mp,l1_lap,l2_lap,l3_lap,alg_conn,clustering_c,clustering_r,deg_assort,Q,N.olap,N.temp,N.nodf,H2,H3,H4,H17,cent_between,cent_close,cent_eigen,diam,mean_path_length,deg_het_row,deg_het_col
empirical,Denver_crimes_2016-06-26,crimes,5.527755,3.744955,3.4683,0.057073921739137605,0.06315501453364143,0.10599776374476298,5.209260502758313,3.670321533927162,3.019230769230769,3.167661920216262,2.2045421100277203,7.527755354851799,5.744954750315121,5.46830027938462,-1.7449547503151248,0.4163221558719951,0.47882986913010006,-0.12637791706028748,0.5188851474704864,0.05047711552945826,7.725529265825906,11.465703836393493,680,2670,1481,2824,0.2302783275168888,0.2726048954803557,0.8403118254826886,8,4.018670649738611,1.4971804129984991,1.9765507728508254
