randomization,name,type,l1,l2,l3,ipr1,ipr2,ipr3,l1_cm,l1_er,l1_reg,l2_mp,l3_mp,l1_lap,l2_lap,l3_lap,alg_conn,clustering_c,clustering_r,deg_assort,Q,N.olap,N.temp,N.nodf,H2,H3,H4,H17,cent_between,cent_close,cent_eigen,diam,mean_path_length,deg_het_row,deg_het_col
empirical,Denver_crimes_2016-11-30,crimes,5.438783,3.679644,3.514526,0.045501649942112754,0.06009299058371892,0.06883996073279212,5.34052867846867,3.7617968068840058,3.104761904761905,3.2062896519111965,2.2350648956476125,7.438783217456505,5.679644255743707,5.514525798870238,-1.6796442557437097,0.3989593587399803,0.43134328358208956,-0.2264366492527364,0.5124393089690992,0.05732318929747516,6.645703947952388,12.328889303300203,728,2793,1516,2615,0.1851811535817963,0.20328642253885043,0.7919926536650563,8,3.9164835164835163,1.477511385449208,1.9936392035831234
