randomization,name,type,l1,l2,l3,ipr1,ipr2,ipr3,l1_cm,l1_er,l1_reg,l2_mp,l3_mp,l1_lap,l2_lap,l3_lap,alg_conn,clustering_c,clustering_r,deg_assort,Q,N.olap,N.temp,N.nodf,H2,H3,H4,H17,cent_between,cent_close,cent_eigen,diam,mean_path_length,deg_het_row,deg_het_col
empirical,Denver_crimes_2016-10-18,crimes,4.981117,3.899013,3.66783,0.033268472837520595,0.06022299743943574,0.05413347904068187,5.272021844859511,3.7756446565802753,3.12,3.2069061419547693,2.220948974873226,6.981117282431132,5.899013496129717,5.667830003679146,-1.8990134961297225,0.3362573099415205,0.38001215066828675,-0.3566342237009853,0.5184911242603542,0.05764500965471241,7.007472499481108,12.927734910248125,675,2259,1367,2376,0.20772467913772558,0.18104119114265244,0.7726266397833783,9,3.8923232323232324,1.5506245890861277,1.8347304404996714
