randomization,name,type,l1,l2,l3,ipr1,ipr2,ipr3,l1_cm,l1_er,l1_reg,l2_mp,l3_mp,l1_lap,l2_lap,l3_lap,alg_conn,clustering_c,clustering_r,deg_assort,Q,N.olap,N.temp,N.nodf,H2,H3,H4,H17,cent_between,cent_close,cent_eigen,diam,mean_path_length,deg_het_row,deg_het_col
empirical,Denver_crimes_2016-04-24,crimes,4.537252,3.688797,3.414839,0.04690847630440969,0.07138737606665431,0.05300699365632793,4.5290015073910785,3.514879823224176,2.8842105263157896,3.135276673876199,2.1549786319319297,6.537252334666966,5.6887965342681754,5.414839345646526,-1.6887965342681714,0.3049115913555992,0.29380053908355797,-0.2299131591300266,0.5624167510256293,0.039024752125633,8.233369241615947,10.63509978859866,489,1488,792,1122,0.27755298559993086,0.194312183274669,0.8074238839502222,10,4.141993281075028,1.446534178698918,1.6998774575097237
