randomization,name,type,l1,l2,l3,ipr1,ipr2,ipr3,l1_cm,l1_er,l1_reg,l2_mp,l3_mp,l1_lap,l2_lap,l3_lap,alg_conn,clustering_c,clustering_r,deg_assort,Q,N.olap,N.temp,N.nodf,H2,H3,H4,H17,cent_between,cent_close,cent_eigen,diam,mean_path_length,deg_het_row,deg_het_col
empirical,Denver_crimes_2016-12-28,crimes,5.157535,3.83485,3.479783,0.043427072049435016,0.08702245292533878,0.06761521165366355,5.040376933585417,3.720037015704258,3.06,3.206997556011723,2.22026284323849,7.157534521203385,5.834850075526595,5.479782566211429,-1.8348500755265658,0.40242057488653554,0.40135823429541595,-0.2617615534495524,0.5564526464180418,0.04503215431125179,8.194553142055142,11.474559447286719,641,2221,1273,2124,0.17286159842920779,0.18131999394755866,0.7686017062015716,9,4.015555555555555,1.4214618309197318,1.8896578239138795
