randomization,name,type,l1,l2,l3,ipr1,ipr2,ipr3,l1_cm,l1_er,l1_reg,l2_mp,l3_mp,l1_lap,l2_lap,l3_lap,alg_conn,clustering_c,clustering_r,deg_assort,Q,N.olap,N.temp,N.nodf,H2,H3,H4,H17,cent_between,cent_close,cent_eigen,diam,mean_path_length,deg_het_row,deg_het_col
empirical,Denver_crimes_2016-08-11,crimes,5.584951,4.032775,3.521309,0.037976395846576465,0.07947199280991325,0.047552854012263196,5.55573333048898,3.9466277941181436,3.272727272727273,3.2998987904166364,2.315881764792877,7.584950915270231,6.032775140696205,5.521308757792835,-2.0327751406962045,0.41754719221180103,0.46001103143960287,-0.1944461535306306,0.48614197530864217,0.05175860193503829,8.325216046767984,12.139519054287975,837,3418,1831,3379,0.16166207512541741,0.21480578580139353,0.7670761096074044,10,3.8243536280233528,1.5150617283950618,1.8920370370370374
