randomization,name,type,l1,l2,l3,ipr1,ipr2,ipr3,l1_cm,l1_er,l1_reg,l2_mp,l3_mp,l1_lap,l2_lap,l3_lap,alg_conn,clustering_c,clustering_r,deg_assort,Q,N.olap,N.temp,N.nodf,H2,H3,H4,H17,cent_between,cent_close,cent_eigen,diam,mean_path_length,deg_het_row,deg_het_col
empirical,Denver_crimes_2016-04-26,crimes,5.015074,3.959088,3.575998,0.04922419973207309,0.05431732537157257,0.04939794262939481,4.943474127533932,3.653592441119565,3.008695652173913,3.215591759839307,2.2690821919180393,7.015073688177051,5.959088177310079,5.5759977722757545,-1.9590881773100723,0.35665488810365137,0.35204646017699115,-0.20503168798719446,0.5421163420094225,0.03709073121315616,7.039099333116283,9.890277960871623,685,2348,1268,2127,0.19616219211366334,0.18208468744756315,0.8429930313055213,10,4.268497330282227,1.4762938955528082,1.8274249056099432
