randomization,name,type,l1,l2,l3,ipr1,ipr2,ipr3,l1_cm,l1_er,l1_reg,l2_mp,l3_mp,l1_lap,l2_lap,l3_lap,alg_conn,clustering_c,clustering_r,deg_assort,Q,N.olap,N.temp,N.nodf,H2,H3,H4,H17,cent_between,cent_close,cent_eigen,diam,mean_path_length,deg_het_row,deg_het_col
empirical,Denver_crimes_2016-03-31,crimes,5.901329,3.774228,3.677527,0.06697045210197386,0.05679507180425448,0.09057955662729786,5.979992489394835,3.534350179259338,2.900900900900901,3.0052008702790967,2.108112428701175,7.901329057062173,5.774228265529592,5.677526720037841,-1.774228265529589,0.4938940092165899,0.4194062562263399,-0.22183995591676126,0.5394853593611343,0.08773578203613021,4.4388119170228855,13.62479846622562,831,3334,2588,7689,0.38389064800648953,0.28169683850167604,0.8701089884188851,10,3.9580671580671583,1.655838895104356,2.5644843948921725
