randomization,name,type,l1,l2,l3,ipr1,ipr2,ipr3,l1_cm,l1_er,l1_reg,l2_mp,l3_mp,l1_lap,l2_lap,l3_lap,alg_conn,clustering_c,clustering_r,deg_assort,Q,N.olap,N.temp,N.nodf,H2,H3,H4,H17,cent_between,cent_close,cent_eigen,diam,mean_path_length,deg_het_row,deg_het_col
empirical,Denver_crimes_2016-06-30,crimes,5.436387,4.129508,3.655117,0.04544356491471942,0.06780587004039655,0.05359218947440278,5.588618749950905,3.8265559090225993,3.135135135135135,3.236438151634694,2.2709701535816404,7.436387283336252,6.129507879458649,5.6551168032342805,-2.129507879458624,0.32407280689749557,0.45046686404008196,-0.26274181058139773,0.5167129079138586,0.061241909796413925,7.136835577385884,12.096428846509568,820,3061,2034,4432,0.1979457133744747,0.21613089142180666,0.8052872398418492,9,3.807371007371007,1.6657418417228167,1.86286167261197
