randomization,name,type,l1,l2,l3,ipr1,ipr2,ipr3,l1_cm,l1_er,l1_reg,l2_mp,l3_mp,l1_lap,l2_lap,l3_lap,alg_conn,clustering_c,clustering_r,deg_assort,Q,N.olap,N.temp,N.nodf,H2,H3,H4,H17,cent_between,cent_close,cent_eigen,diam,mean_path_length,deg_het_row,deg_het_col
empirical,Denver_crimes_2016-07-08,crimes,5.366022,3.471943,3.339733,0.08292532673560106,0.05026645548043186,0.06505938765427716,5.238501586885877,3.547035016903353,2.9148936170212765,3.0556141180590997,2.095909144858238,7.366022187655031,5.471943166629201,5.339732770915696,-1.4719431666291969,0.48217800131204896,0.3461051298290057,-0.16158289512969423,0.5453140817305143,0.06492813021374845,7.6053032765270885,12.98746600685659,592,2171,1454,3546,0.37747184446580306,0.28964144420962773,0.8730534852487178,8,3.9041409288492335,1.5690233896318395,2.0547178858756463
