randomization,name,type,l1,l2,l3,ipr1,ipr2,ipr3,l1_cm,l1_er,l1_reg,l2_mp,l3_mp,l1_lap,l2_lap,l3_lap,alg_conn,clustering_c,clustering_r,deg_assort,Q,N.olap,N.temp,N.nodf,H2,H3,H4,H17,cent_between,cent_close,cent_eigen,diam,mean_path_length,deg_het_row,deg_het_col
empirical,Denver_crimes_2016-01-17,crimes,5.485831,4.082378,3.578656,0.047821773347909685,0.07055232767281029,0.06457601535698916,5.531700264468785,3.646304195817671,2.98989898989899,3.0944692343132036,2.1373487051278377,7.485831026787251,6.082377614840742,5.578656266700928,-2.082377614840748,0.4394441812726986,0.4878531073446328,-0.24344629801672238,0.521959459459458,0.07768569398829651,6.401579994509068,14.250462275966182,692,2584,1740,3815,0.19882917219534074,0.20584282278112412,0.7806366973797783,11,4.007008864151722,1.6371439006574142,2.0650109569028485
