randomization,name,type,l1,l2,l3,ipr1,ipr2,ipr3,l1_cm,l1_er,l1_reg,l2_mp,l3_mp,l1_lap,l2_lap,l3_lap,alg_conn,clustering_c,clustering_r,deg_assort,Q,N.olap,N.temp,N.nodf,H2,H3,H4,H17,cent_between,cent_close,cent_eigen,diam,mean_path_length,deg_het_row,deg_het_col
empirical,Minneapolis_crimes_2016-05-17,crimes,3.477268,2.770946,2.694362,0.16167217918835639,0.19052430925011923,0.15732574189236395,3.252462512726967,2.7685273633021006,2.0952380952380953,2.724354542695074,1.6032048605477713,5.477267829392266,4.770946493326988,4.694362349580238,-0.7709464933269881,0.27058823529411763,0.34375,-0.5310328855951831,0.6616735537190083,0.06358589526900581,16.731761085706644,14.126984126984127,124,141,206,285,0.5258328375966687,0.2297116702000012,0.880340364142382,12,4.845528455284553,1.2396694214876034,1.5867768595041323
