randomization,name,type,l1,l2,l3,ipr1,ipr2,ipr3,l1_cm,l1_er,l1_reg,l2_mp,l3_mp,l1_lap,l2_lap,l3_lap,alg_conn,clustering_c,clustering_r,deg_assort,Q,N.olap,N.temp,N.nodf,H2,H3,H4,H17,cent_between,cent_close,cent_eigen,diam,mean_path_length,deg_het_row,deg_het_col
empirical,Minneapolis_crimes_2016-04-09,crimes,3.381911,2.489482,2.256456,0.1626785214938104,0.1130290616591067,0.15538812846526534,3.095197394929804,2.710112120303918,2.057142857142857,2.6534184048115663,1.5012827486729958,5.381910975679562,4.489481810067682,4.2564561320416265,-0.48948181006767855,0.30927835051546393,0.12121212121212122,-0.5096642929806715,0.6327160493827156,0.04572280739919531,25.193228834010654,15.217391304347826,93,115,131,152,0.5127398553004089,0.26440683462508185,0.8591182046123307,8,4.26890756302521,1.234567901234568,1.4969135802469133
