randomization,name,type,l1,l2,l3,ipr1,ipr2,ipr3,l1_cm,l1_er,l1_reg,l2_mp,l3_mp,l1_lap,l2_lap,l3_lap,alg_conn,clustering_c,clustering_r,deg_assort,Q,N.olap,N.temp,N.nodf,H2,H3,H4,H17,cent_between,cent_close,cent_eigen,diam,mean_path_length,deg_het_row,deg_het_col
empirical,Minneapolis_crimes_2016-06-21,crimes,3.883266,3.279376,2.256903,0.1132096351120585,0.1181499411896515,0.12221454399397594,3.854496446637726,3.212127986948034,2.27027027027027,2.809421556662467,1.5922642094211141,5.8832658180962545,5.279376110681283,4.256903422403273,-1.2793761106813102,0.355,0.4107142857142857,-0.6431713335479025,0.5629251700680266,0.12489073479856891,21.80731334135483,21.08404652183454,165,220,383,701,0.5309597295708408,0.28063093188638094,0.7963202826955199,8,3.5945945945945947,1.282312925170068,1.5238095238095237
