randomization,name,type,l1,l2,l3,ipr1,ipr2,ipr3,l1_cm,l1_er,l1_reg,l2_mp,l3_mp,l1_lap,l2_lap,l3_lap,alg_conn,clustering_c,clustering_r,deg_assort,Q,N.olap,N.temp,N.nodf,H2,H3,H4,H17,cent_between,cent_close,cent_eigen,diam,mean_path_length,deg_het_row,deg_het_col
empirical,Minneapolis_crimes_2016-07-01,crimes,4.04839,2.7369,2.620319,0.2057416649180025,0.08817313623712965,0.09679106976356067,3.6681790019139804,2.978085627301448,2.2,2.8472934751046024,1.7297297395866382,6.048390131761148,4.736900350748843,4.620319189954652,-0.7369003507488484,0.17125984251968504,0.35714285714285715,-0.42410794407009184,0.6347107438016528,0.08995045724710446,13.814920425705683,14.41116231438812,197,233,541,1427,0.5814157295571291,0.2731846117323499,0.8993076546718776,12,4.611428571428571,1.2353719008264465,1.731900826446281
