randomization,name,type,l1,l2,l3,ipr1,ipr2,ipr3,l1_cm,l1_er,l1_reg,l2_mp,l3_mp,l1_lap,l2_lap,l3_lap,alg_conn,clustering_c,clustering_r,deg_assort,Q,N.olap,N.temp,N.nodf,H2,H3,H4,H17,cent_between,cent_close,cent_eigen,diam,mean_path_length,deg_het_row,deg_het_col
empirical,Minneapolis_crimes_2016-03-15,crimes,3.370343,2.643765,2.242696,0.1893033132678368,0.09820091954206628,0.22417566789709487,3.3554819712314443,2.6863125855314007,2.1176470588235294,2.496333748790765,1.409778190422692,5.370342942532936,4.643764666155264,4.242696098763541,-0.643764666155295,0.14388489208633093,0.17543859649122806,-0.4347336834208553,0.5941358024691354,0.10929697049720817,14.403049426693524,19.09090909090909,98,138,155,223,0.6747685185185187,0.31653945070456846,0.8550204503089358,8,3.8253119429590017,1.2901234567901232,1.7777777777777777
