randomization,name,type,l1,l2,l3,ipr1,ipr2,ipr3,l1_cm,l1_er,l1_reg,l2_mp,l3_mp,l1_lap,l2_lap,l3_lap,alg_conn,clustering_c,clustering_r,deg_assort,Q,N.olap,N.temp,N.nodf,H2,H3,H4,H17,cent_between,cent_close,cent_eigen,diam,mean_path_length,deg_het_row,deg_het_col
empirical,Minneapolis_crimes_2016-08-05,crimes,4.619201,3.078249,2.635797,0.18989593843044375,0.165293548106645,0.08770328661262228,4.466542286825459,3.224324796956783,2.3076923076923075,2.8275073954539858,1.7195485978509797,6.6192012388298,5.078248510862135,4.6357970407391695,-1.07824851086213,0.28061638280616386,0.3680555555555556,-0.41190914671577655,0.5869444444444443,0.14592594112398544,16.160254158017313,18.944425682014334,288,443,1125,4055,0.6422986031013715,0.365281467152222,0.886364836309346,9,3.6425339366515836,1.4,1.9
