randomization,name,type,l1,l2,l3,ipr1,ipr2,ipr3,l1_cm,l1_er,l1_reg,l2_mp,l3_mp,l1_lap,l2_lap,l3_lap,alg_conn,clustering_c,clustering_r,deg_assort,Q,N.olap,N.temp,N.nodf,H2,H3,H4,H17,cent_between,cent_close,cent_eigen,diam,mean_path_length,deg_het_row,deg_het_col
empirical,Minneapolis_crimes_2016-09-09,crimes,4.250772,2.887111,2.451753,0.11754551408421254,0.09601471673901371,0.11153498430034887,4.245074929494742,3.3894236499047423,2.5142857142857142,2.698600297026069,1.520845109945694,6.250772038862479,4.8871113616008675,4.4517534575477455,-0.8871113616008615,0.4769392033542977,0.6190476190476191,-0.57183243382164,0.5051652892561983,0.169164616860876,20.309969951041314,28.332673789737502,183,306,458,964,0.5395194962669013,0.3077657047331408,0.7979156392435441,8,3.4756302521008404,1.3161157024793388,1.6549586776859502
