randomization,name,type,l1,l2,l3,ipr1,ipr2,ipr3,l1_cm,l1_er,l1_reg,l2_mp,l3_mp,l1_lap,l2_lap,l3_lap,alg_conn,clustering_c,clustering_r,deg_assort,Q,N.olap,N.temp,N.nodf,H2,H3,H4,H17,cent_between,cent_close,cent_eigen,diam,mean_path_length,deg_het_row,deg_het_col
empirical,Minneapolis_crimes_2016-07-07,crimes,3.602756,3.068426,2.758837,0.08653655760343214,0.10286804519964514,0.08093878080149491,3.71806401235912,3.091258788797169,2.3255813953488373,2.8165423588966196,1.6672966257563442,5.602755789842478,5.068425808517538,4.758836557148616,-1.0684258085175307,0.22505307855626328,0.391304347826087,-0.6671160240855573,0.5916000000000001,0.06702257255855693,15.905916581281442,16.710608913998744,164,241,273,348,0.5654326693898619,0.29607212957641044,0.7813391216800233,7,3.8981173864894796,1.3392000000000002,1.5359999999999998
