randomization,name,type,l1,l2,l3,ipr1,ipr2,ipr3,l1_cm,l1_er,l1_reg,l2_mp,l3_mp,l1_lap,l2_lap,l3_lap,alg_conn,clustering_c,clustering_r,deg_assort,Q,N.olap,N.temp,N.nodf,H2,H3,H4,H17,cent_between,cent_close,cent_eigen,diam,mean_path_length,deg_het_row,deg_het_col
empirical,Minneapolis_crimes_2016-08-02,crimes,4.126789,3.013968,2.770702,0.17812924164612903,0.1673257268598438,0.220784198555847,3.783296622435694,3.1576750121986525,2.3076923076923075,2.956999182543382,1.810190321097483,6.126789410379426,5.013967505021086,4.770701954510818,-1.0139675050210732,0.26676829268292684,0.39,-0.4464456819097082,0.5997222222222224,0.07758727379613234,18.4476394905384,15.407678741012074,223,293,602,1534,0.4817878504937327,0.19975659332181908,0.8937567032693908,10,4.551282051282051,1.2349999999999999,1.6322222222222225
