randomization,name,type,l1,l2,l3,ipr1,ipr2,ipr3,l1_cm,l1_er,l1_reg,l2_mp,l3_mp,l1_lap,l2_lap,l3_lap,alg_conn,clustering_c,clustering_r,deg_assort,Q,N.olap,N.temp,N.nodf,H2,H3,H4,H17,cent_between,cent_close,cent_eigen,diam,mean_path_length,deg_het_row,deg_het_col
empirical,Minneapolis_crimes_2016-12-23,crimes,3.993501,3.054942,2.842063,0.10690173574704034,0.12303682332426165,0.1051981993059811,3.9884047438488666,3.4562184408085495,2.4210526315789473,2.9410215154596737,1.6811849999003827,5.9935014275997265,5.054942199375434,4.84206335421178,-1.0549421993754375,0.2934648581997534,0.55,-0.6560113328406014,0.5316635160680526,0.10654807355671288,27.154422883534007,23.30513558915287,186,289,424,762,0.4792085521815251,0.3107042325638584,0.7905389358034408,6,3.2773826458036983,1.2759924385633268,1.4139886578449905
