randomization,name,type,l1,l2,l3,ipr1,ipr2,ipr3,l1_cm,l1_er,l1_reg,l2_mp,l3_mp,l1_lap,l2_lap,l3_lap,alg_conn,clustering_c,clustering_r,deg_assort,Q,N.olap,N.temp,N.nodf,H2,H3,H4,H17,cent_between,cent_close,cent_eigen,diam,mean_path_length,deg_het_row,deg_het_col
empirical,Minneapolis_crimes_2016-07-28,crimes,3.980463,3.33532,2.758306,0.13641595241341806,0.0889343740978149,0.11172441775387387,4.166415374901816,3.3186748315418524,2.3333333333333335,2.854202958212719,1.6608622904410624,5.9804632745517194,5.335320388776588,4.758305858339414,-1.3353203887765668,0.16642335766423358,0.5280898876404494,-0.6115077185917382,0.5901707621824235,0.13453100849144903,22.026505516845774,20.459022852639873,211,295,567,1273,0.46355145746579424,0.27606346035581997,0.830676892883066,6,3.2067363530778166,1.360683048729696,1.5780924614743856
