randomization,name,type,l1,l2,l3,ipr1,ipr2,ipr3,l1_cm,l1_er,l1_reg,l2_mp,l3_mp,l1_lap,l2_lap,l3_lap,alg_conn,clustering_c,clustering_r,deg_assort,Q,N.olap,N.temp,N.nodf,H2,H3,H4,H17,cent_between,cent_close,cent_eigen,diam,mean_path_length,deg_het_row,deg_het_col
empirical,Minneapolis_crimes_2016-03-24,crimes,3.579987,2.716853,2.675886,0.09925596449946199,0.12297574316040719,0.11809266147170146,3.5708846066466413,2.9854944908176595,2.2051282051282053,2.760521547310846,1.5937773038316476,5.579987040297064,4.716853029882654,4.675886175454911,-0.7168530298826531,0.14883720930232558,0.5454545454545454,-0.5903125745645429,0.6057328285559765,0.07708755265019122,20.323893512721437,17.288037166085946,136,200,228,295,0.35826720071872425,0.21964374062089745,0.7580375527642247,8,3.6059379217273952,1.3645213628988642,1.4656571119524069
