randomization,name,type,l1,l2,l3,ipr1,ipr2,ipr3,l1_cm,l1_er,l1_reg,l2_mp,l3_mp,l1_lap,l2_lap,l3_lap,alg_conn,clustering_c,clustering_r,deg_assort,Q,N.olap,N.temp,N.nodf,H2,H3,H4,H17,cent_between,cent_close,cent_eigen,diam,mean_path_length,deg_het_row,deg_het_col
empirical,Minneapolis_crimes_2016-11-09,crimes,3.490081,2.782273,2.332392,0.12332870355061022,0.1603835706590943,0.09790349434737615,3.616213920905147,3.121024125772371,2.2142857142857144,2.630939206239255,1.392539403066525,5.490080967800208,4.782272886649664,4.332391995476768,-0.7822728866496684,0.1925925925925926,0.8,-0.6570089883342897,0.5348595213319459,0.09014412675639363,33.328846833290115,22.85569105691057,105,134,196,287,0.44915760965143675,0.29983137148124706,0.76755148122304,6,3.0105820105820107,1.350676378772112,1.3298647242455774
