randomization,name,type,l1,l2,l3,ipr1,ipr2,ipr3,l1_cm,l1_er,l1_reg,l2_mp,l3_mp,l1_lap,l2_lap,l3_lap,alg_conn,clustering_c,clustering_r,deg_assort,Q,N.olap,N.temp,N.nodf,H2,H3,H4,H17,cent_between,cent_close,cent_eigen,diam,mean_path_length,deg_het_row,deg_het_col
empirical,Minneapolis_crimes_2016-04-28,crimes,2.763545,2.380298,1.822271,0.21969194255047317,0.19418869669033817,0.18293053479211704,2.6832815729997477,2.47711750046523,1.9047619047619047,2.3843539173838444,1.1822033465547368,4.76354452527845,4.38029771840573,3.8222711950863415,-0.3802977184057228,0,0,-0.6094310609943617,0.5800000000000001,0.07134350024975027,30.431504171491714,21.666666666666668,43,33,49,41,0.5644736842105263,0.22286964679715945,0.8328825370188355,9,3.8857142857142857,1.125,1.4399999999999997
