randomization,name,type,l1,l2,l3,ipr1,ipr2,ipr3,l1_cm,l1_er,l1_reg,l2_mp,l3_mp,l1_lap,l2_lap,l3_lap,alg_conn,clustering_c,clustering_r,deg_assort,Q,N.olap,N.temp,N.nodf,H2,H3,H4,H17,cent_between,cent_close,cent_eigen,diam,mean_path_length,deg_het_row,deg_het_col
empirical,Minneapolis_crimes_2016-02-21,crimes,3.243676,2.483634,2.297339,0.12442913697808508,0.1058636750850033,0.10508421750265709,3.3482738089947186,2.798846225594694,2.206896551724138,2.4878628690848417,1.3544475390301365,5.243676016351156,4.483633801643343,4.297338928002918,-0.4836338016433485,0.21153846153846154,0.40350877192982454,-0.5165112175447442,0.576171875,0.06665516158980211,19.44971350543064,22.546296296296298,79,131,80,52,0.46338498362307884,0.29632099302332243,0.7530693443441602,7,3.458128078817734,1.5214843750000002,1.3671874999999998
