randomization,name,type,l1,l2,l3,ipr1,ipr2,ipr3,l1_cm,l1_er,l1_reg,l2_mp,l3_mp,l1_lap,l2_lap,l3_lap,alg_conn,clustering_c,clustering_r,deg_assort,Q,N.olap,N.temp,N.nodf,H2,H3,H4,H17,cent_between,cent_close,cent_eigen,diam,mean_path_length,deg_het_row,deg_het_col
empirical,Minneapolis_crimes_2016-10-21,crimes,4.296772,2.858414,2.748451,0.11789985895791764,0.11462442350420826,0.0722890334257092,4.4277487143791205,3.181615904397459,2.3404255319148937,2.7230637180626207,1.6291509221484,6.29677176421732,4.858413602644054,4.748451137740958,-0.8584136026440494,0.36901408450704226,0.5291005291005291,-0.5323698066551554,0.5887603305785123,0.11386760792834803,14.995084676772812,19.58104930873463,222,442,509,942,0.4429218051429772,0.3168191572868805,0.8223006407563906,6,3.515263644773358,1.6776859504132233,1.6224793388429755
