randomization,name,type,l1,l2,l3,ipr1,ipr2,ipr3,l1_cm,l1_er,l1_reg,l2_mp,l3_mp,l1_lap,l2_lap,l3_lap,alg_conn,clustering_c,clustering_r,deg_assort,Q,N.olap,N.temp,N.nodf,H2,H3,H4,H17,cent_between,cent_close,cent_eigen,diam,mean_path_length,deg_het_row,deg_het_col
empirical,Minneapolis_crimes_2016-12-21,crimes,3.641843,3.156748,2.523141,0.12631660863379493,0.13965326272718587,0.11734584772874539,3.6191755393515175,3.125615456502296,2.263157894736842,2.83816953262463,1.6272667050793204,5.641842835771591,5.156747693378542,4.523141419372712,-1.1567476933785492,0.3165137614678899,0.4230769230769231,-0.6528567155249775,0.5927528393726339,0.0883389223397899,24.475952379773982,19.7465524671407,147,198,274,386,0.4930511592673753,0.2907471613226102,0.814803632007307,8,3.867709815078236,1.2704164413196322,1.455381287182261
