randomization,name,type,l1,l2,l3,ipr1,ipr2,ipr3,l1_cm,l1_er,l1_reg,l2_mp,l3_mp,l1_lap,l2_lap,l3_lap,alg_conn,clustering_c,clustering_r,deg_assort,Q,N.olap,N.temp,N.nodf,H2,H3,H4,H17,cent_between,cent_close,cent_eigen,diam,mean_path_length,deg_het_row,deg_het_col
empirical,Minneapolis_crimes_2016-06-15,crimes,4.191172,3.165004,2.8339,0.10100163445982151,0.1233735072863861,0.08582936485320475,4.073400617738525,3.2448968192627428,2.347826086956522,2.877911133841021,1.7154792290875938,6.191171845862405,5.165004070669344,4.833900167455207,-1.1650040706693494,0.32114183764495985,0.4830508474576271,-0.6077858132020308,0.57681755829904,0.11922882044666551,19.017819863969113,19.803130203130205,224,344,556,1076,0.3975574795574795,0.25413229831038653,0.8118173313673526,9,3.7864734299516907,1.2962962962962963,1.6899862825788752
