randomization,name,type,l1,l2,l3,ipr1,ipr2,ipr3,l1_cm,l1_er,l1_reg,l2_mp,l3_mp,l1_lap,l2_lap,l3_lap,alg_conn,clustering_c,clustering_r,deg_assort,Q,N.olap,N.temp,N.nodf,H2,H3,H4,H17,cent_between,cent_close,cent_eigen,diam,mean_path_length,deg_het_row,deg_het_col
empirical,Minneapolis_crimes_2016-01-17,crimes,2.975771,2.549711,1.509202,0.17781487078889507,0.18622978493312903,0.232620571909411,3.077196094250273,2.625022045762805,1.894736842105263,2.2145202626312503,1.0308559108314828,4.975770945309371,4.549710692631763,3.5092022706300323,-0.5497106926317588,0,0,-0.7916666666666669,0.5308641975308641,0.22023809523809523,35.56877601719925,19.948519948519948,54,29,92,105,0.6949891067538126,0.3757422811937205,0.7662287302630729,6,3.0292397660818713,1.2037037037037037,1.4567901234567902
