randomization,name,type,l1,l2,l3,ipr1,ipr2,ipr3,l1_cm,l1_er,l1_reg,l2_mp,l3_mp,l1_lap,l2_lap,l3_lap,alg_conn,clustering_c,clustering_r,deg_assort,Q,N.olap,N.temp,N.nodf,H2,H3,H4,H17,cent_between,cent_close,cent_eigen,diam,mean_path_length,deg_het_row,deg_het_col
empirical,Minneapolis_crimes_2016-12-05,crimes,3.969715,3.228414,2.441887,0.15159502289457538,0.09028462247742347,0.13854489452873314,3.905522985347184,3.0446368911521606,2.263157894736842,2.661209703458964,1.5257070588419075,5.969715154852785,5.2284139496298065,4.441887332500598,-1.2284139496298054,0.2727272727272727,0.49295774647887325,-0.5354753384160574,0.5375878853434294,0.17114340217177096,17.582047993011003,23.682877406281662,175,232,478,1121,0.6306509211914617,0.35267262578228425,0.8370353591586994,7,3.39402560455192,1.196322336398053,1.9307733910221745
