randomization,name,type,l1,l2,l3,ipr1,ipr2,ipr3,l1_cm,l1_er,l1_reg,l2_mp,l3_mp,l1_lap,l2_lap,l3_lap,alg_conn,clustering_c,clustering_r,deg_assort,Q,N.olap,N.temp,N.nodf,H2,H3,H4,H17,cent_between,cent_close,cent_eigen,diam,mean_path_length,deg_het_row,deg_het_col
empirical,Minneapolis_crimes_2016-11-26,crimes,3.615668,2.891968,2.671088,0.13730246830538956,0.12766944864335913,0.17630447617169295,3.5932034608564973,2.8340315115804757,2.0930232558139537,2.709360910626867,1.5925971587062302,5.61566830081899,4.891968207904774,4.6710878067006485,-0.8919682079047769,0.10497237569060773,0.15151515151515152,-0.6214045287637697,0.6449382716049386,0.09998823632442184,15.537283841421713,15.095209287586783,154,166,318,512,0.4507517098980514,0.21844549258252113,0.8462073662720851,10,4.024363233665559,1.3116049382716048,1.711111111111111
