randomization,name,type,l1,l2,l3,ipr1,ipr2,ipr3,l1_cm,l1_er,l1_reg,l2_mp,l3_mp,l1_lap,l2_lap,l3_lap,alg_conn,clustering_c,clustering_r,deg_assort,Q,N.olap,N.temp,N.nodf,H2,H3,H4,H17,cent_between,cent_close,cent_eigen,diam,mean_path_length,deg_het_row,deg_het_col
empirical,Minneapolis_crimes_2016-03-19,crimes,3.814462,2.693555,2.344343,0.12902256609677115,0.23411280361938877,0.07505573238411006,4.042708288351899,3.133528775977925,2.375,2.521572760437104,1.3914994606372366,5.8144619311175285,4.69355497938967,4.3443426052609215,-0.6935549793896798,0.3838383838383838,0.7446808510638298,-0.5782663141783774,0.5450138504155122,0.10501495579179516,22.22299820222568,23.95781842148624,130,226,231,316,0.49846687478321206,0.3201297898721446,0.7917705230213169,6,3.316532258064516,1.592797783933518,1.4709141274238227
