randomization,name,type,l1,l2,l3,ipr1,ipr2,ipr3,l1_cm,l1_er,l1_reg,l2_mp,l3_mp,l1_lap,l2_lap,l3_lap,alg_conn,clustering_c,clustering_r,deg_assort,Q,N.olap,N.temp,N.nodf,H2,H3,H4,H17,cent_between,cent_close,cent_eigen,diam,mean_path_length,deg_het_row,deg_het_col
empirical,Minneapolis_crimes_2016-05-16,crimes,3.856138,2.922028,2.180104,0.23329178668242112,0.23286336206139086,0.19913277671361512,3.5540932665545544,2.739602246906677,2.054054054054054,2.56206150103727,1.4582574077442776,5.856137965121298,4.922028361770259,4.180103694817284,-0.9220283617702633,0.3253012048192771,0,-0.4780779713236164,0.6004155124653735,0.17187583519321956,19.50742050351686,18.838383838383837,144,121,430,1076,0.5764550264550264,0.2034395992456993,0.8956968110125209,11,4.48048048048048,1.1218836565096952,2.1052631578947367
