randomization,name,type,l1,l2,l3,ipr1,ipr2,ipr3,l1_cm,l1_er,l1_reg,l2_mp,l3_mp,l1_lap,l2_lap,l3_lap,alg_conn,clustering_c,clustering_r,deg_assort,Q,N.olap,N.temp,N.nodf,H2,H3,H4,H17,cent_between,cent_close,cent_eigen,diam,mean_path_length,deg_het_row,deg_het_col
empirical,Minneapolis_crimes_2016-10-26,crimes,3.909233,2.694633,2.487792,0.20536717835369345,0.0895446301459113,0.16262179626539877,3.6175898774929047,3.008454880104585,2.2439024390243905,2.777193392238792,1.6239922839327483,5.909232866953171,4.6946332711684615,4.487792422020958,-0.6946332711684349,0.23978201634877383,0.3548387096774194,-0.425850410364941,0.6148393194706995,0.09743301177150579,20.709976720878682,16.391156462585034,158,184,409,1023,0.6071047008547009,0.26596981338954967,0.8851312049952323,11,4.217073170731707,1.219281663516068,1.6739130434782612
