randomization,name,type,l1,l2,l3,ipr1,ipr2,ipr3,l1_cm,l1_er,l1_reg,l2_mp,l3_mp,l1_lap,l2_lap,l3_lap,alg_conn,clustering_c,clustering_r,deg_assort,Q,N.olap,N.temp,N.nodf,H2,H3,H4,H17,cent_between,cent_close,cent_eigen,diam,mean_path_length,deg_het_row,deg_het_col
empirical,Minneapolis_crimes_2016-05-05,crimes,3.905181,2.870187,2.073701,0.20418330205730534,0.09973344013769478,0.2632917265422641,3.9844885832281673,2.662212363931972,2.0476190476190474,2.4115667152646694,1.413462570843496,5.9051814698734635,4.870187264456896,4.073701189549202,-0.8701872644569,0.05263157894736842,0.4166666666666667,-0.36393223956249166,0.6598161168199035,0.14185105604527093,12.524921574999508,17.165977961432503,151,213,417,1040,0.696192742415229,0.3447691024526918,0.8821745346259744,8,3.8153310104529616,1.615467820443483,2.003785830178475
