randomization,name,type,l1,l2,l3,ipr1,ipr2,ipr3,l1_cm,l1_er,l1_reg,l2_mp,l3_mp,l1_lap,l2_lap,l3_lap,alg_conn,clustering_c,clustering_r,deg_assort,Q,N.olap,N.temp,N.nodf,H2,H3,H4,H17,cent_between,cent_close,cent_eigen,diam,mean_path_length,deg_het_row,deg_het_col
empirical,Minneapolis_crimes_2016-07-05,crimes,3.423567,3.042093,2.491766,0.10816980258225911,0.09936815051714067,0.12030472768692244,3.4619932859797315,2.9271521573236616,2.263157894736842,2.699839207394366,1.5632709468801003,5.42356685912215,5.042093134586093,4.4917663125517375,-1.0420931345860915,0.2062937062937063,0.16901408450704225,-0.5299476762080637,0.5932936722552733,0.07494341709015623,16.11601685548234,17.819693094629155,126,169,207,292,0.4029975921867813,0.22749775543362596,0.7928467117118737,9,3.8378378378378377,1.251487290427258,1.6160086533261222
