randomization,name,type,l1,l2,l3,ipr1,ipr2,ipr3,l1_cm,l1_er,l1_reg,l2_mp,l3_mp,l1_lap,l2_lap,l3_lap,alg_conn,clustering_c,clustering_r,deg_assort,Q,N.olap,N.temp,N.nodf,H2,H3,H4,H17,cent_between,cent_close,cent_eigen,diam,mean_path_length,deg_het_row,deg_het_col
empirical,Minneapolis_crimes_2016-07-19,crimes,4.068945,3.102124,2.65791,0.12357468859941881,0.13868776007601125,0.24562123730189478,4.366895432787133,3.1843644080084093,2.3043478260869565,2.740892103804243,1.6282805994528586,6.068944794958089,5.102124359950668,4.657910119454813,-1.1021243599506696,0.26785714285714285,0.7225806451612903,-0.5862015572465049,0.6059095763616948,0.06778164783934014,15.668855674628544,16.423687423687422,211,340,494,961,0.42053337608893165,0.28716067920347527,0.8387774512476476,8,3.796135265700483,1.7070131719473123,1.5311498754004984
