randomization,name,type,l1,l2,l3,ipr1,ipr2,ipr3,l1_cm,l1_er,l1_reg,l2_mp,l3_mp,l1_lap,l2_lap,l3_lap,alg_conn,clustering_c,clustering_r,deg_assort,Q,N.olap,N.temp,N.nodf,H2,H3,H4,H17,cent_between,cent_close,cent_eigen,diam,mean_path_length,deg_het_row,deg_het_col
empirical,Minneapolis_crimes_2016-01-02,crimes,3.283025,2.601138,1.92119,0.11218173961662362,0.09718432434668367,0.10398740913917882,3.3935309514822833,2.7379027229822435,2.1481481481481484,2.3793546617321497,1.266040382998329,5.283025411089339,4.601137680772136,3.921190318201703,-0.6011376807721615,0.2247191011235955,0.43478260869565216,-0.501147985806721,0.5564803804994052,0.14210956177342732,20.664997661521536,26.86067019400353,78,127,99,93,0.45964497041420116,0.3081767346263943,0.7402978081819631,7,3.242165242165242,1.3912009512485135,1.5945303210463735
