randomization,name,type,l1,l2,l3,ipr1,ipr2,ipr3,l1_cm,l1_er,l1_reg,l2_mp,l3_mp,l1_lap,l2_lap,l3_lap,alg_conn,clustering_c,clustering_r,deg_assort,Q,N.olap,N.temp,N.nodf,H2,H3,H4,H17,cent_between,cent_close,cent_eigen,diam,mean_path_length,deg_het_row,deg_het_col
empirical,Minneapolis_crimes_2016-12-04,crimes,3.244425,2.869911,1.895863,0.12713292371181675,0.21394305916083775,0.13460246631147368,3.2707457525429544,2.6748093881915946,2.0689655172413794,2.446877166822138,1.3232820448678586,5.244424929973974,4.869910765090708,3.895862884463999,-0.8699107650907043,0.32432432432432434,0.375,-0.5751675710181934,0.58,0.10988295554687785,19.860180417538285,21.460176991150444,82,104,117,121,0.5528628117913832,0.2752100516685583,0.7551998972003091,8,3.8374384236453203,1.2888888888888888,1.6599999999999997
