randomization,name,type,l1,l2,l3,ipr1,ipr2,ipr3,l1_cm,l1_er,l1_reg,l2_mp,l3_mp,l1_lap,l2_lap,l3_lap,alg_conn,clustering_c,clustering_r,deg_assort,Q,N.olap,N.temp,N.nodf,H2,H3,H4,H17,cent_between,cent_close,cent_eigen,diam,mean_path_length,deg_het_row,deg_het_col
empirical,Minneapolis_crimes_2016-09-21,crimes,3.513628,3.397484,2.472213,0.23041173748709362,0.2293810251367776,0.21731026669849485,3.4364987719368982,2.760310560865142,1.9534883720930232,2.773842431994596,1.6156971676222904,5.513628221860758,5.397483856897736,4.472213148903285,-1.3974838568977173,0,0,-0.6052219629618691,0.68480725623582706,0.0992877002725509,18.679173935423456,10.008375209380235,157,99,412,841,0.6031746031746031,0.19587088542694334,0.9005356317105255,10,4.606866002214839,1.1950113378684806,1.714285714285714
