randomization,name,type,l1,l2,l3,ipr1,ipr2,ipr3,l1_cm,l1_er,l1_reg,l2_mp,l3_mp,l1_lap,l2_lap,l3_lap,alg_conn,clustering_c,clustering_r,deg_assort,Q,N.olap,N.temp,N.nodf,H2,H3,H4,H17,cent_between,cent_close,cent_eigen,diam,mean_path_length,deg_het_row,deg_het_col
empirical,Minneapolis_crimes_2016-01-18,crimes,2.481545,1.941093,1.347903,0.16611116427296435,0.13882967883103253,0.15528684381863,2.4675407588223752,2.383870851511548,1.8571428571428572,2.1458009507323155,0.9296219367820284,4.481545088110078,3.941092759645953,3.347903365713693,0.05890724035404913,0,0,-0.5788113695090438,0.5207100591715976,0.031045751633986936,41.78215908714244,24.019607843137255,22,20,15,6,0.5335305719921104,0.3548851814172279,0.6646927110342119,6,3.0549450549450547,1.242603550295858,1.1597633136094674
