randomization,name,type,l1,l2,l3,ipr1,ipr2,ipr3,l1_cm,l1_er,l1_reg,l2_mp,l3_mp,l1_lap,l2_lap,l3_lap,alg_conn,clustering_c,clustering_r,deg_assort,Q,N.olap,N.temp,N.nodf,H2,H3,H4,H17,cent_between,cent_close,cent_eigen,diam,mean_path_length,deg_het_row,deg_het_col
empirical,Minneapolis_crimes_2016-09-13,crimes,4.112278,2.903636,2.407902,0.23017699725256166,0.2078744526456049,0.210841437794381,3.841110806967817,2.8307279687976608,2.046511627906977,2.6515446938303087,1.5484477260501541,6.11227753317838,4.90363600512221,4.407902261757205,-0.9036360051222024,0.09309309309309309,0.17073170731707318,-0.449278350515464,0.6358471074380163,0.16271713046343722,18.16953570609546,16.455788248981968,186,192,641,1905,0.737721918035507,0.3831384089545745,0.8938773122867342,8,3.6234772978959024,1.2613636363636362,1.9938016528925617
