randomization,name,type,l1,l2,l3,ipr1,ipr2,ipr3,l1_cm,l1_er,l1_reg,l2_mp,l3_mp,l1_lap,l2_lap,l3_lap,alg_conn,clustering_c,clustering_r,deg_assort,Q,N.olap,N.temp,N.nodf,H2,H3,H4,H17,cent_between,cent_close,cent_eigen,diam,mean_path_length,deg_het_row,deg_het_col
empirical,Minneapolis_crimes_2016-10-29,crimes,4.554176,3.274205,2.675374,0.17274204246843108,0.14970746085866815,0.0880563908705938,4.790001477016645,3.2868799790952536,2.4680851063829787,2.6575437845407053,1.593732928441133,6.554175663751041,5.274205433211454,4.675374135525418,-1.2742054332114572,0.33557692307692305,0.5772727272727273,-0.45078764302861424,0.5526159334126036,0.20265888420725447,13.773623926463411,24.446307474476487,282,484,1019,3342,0.5694357177863792,0.3492049002096461,0.8672896072676001,8,3.326549491211841,1.455410225921522,2.071343638525565
