randomization,name,type,l1,l2,l3,ipr1,ipr2,ipr3,l1_cm,l1_er,l1_reg,l2_mp,l3_mp,l1_lap,l2_lap,l3_lap,alg_conn,clustering_c,clustering_r,deg_assort,Q,N.olap,N.temp,N.nodf,H2,H3,H4,H17,cent_between,cent_close,cent_eigen,diam,mean_path_length,deg_het_row,deg_het_col
empirical,Minneapolis_crimes_2016-04-10,crimes,4.336116,2.297816,2.062297,0.1504094137871501,0.1333521513810513,0.16437589404512495,4.2341096397233215,3.2861392257581272,2.466666666666667,2.4751207310986185,1.3395084800348944,6.336116425100525,4.297816465272786,4.062297208209875,-0.29781646527277433,0.6657681940700808,0.6017699115044248,-0.44570761793632285,0.4930606281957633,0.22520669165406007,22.158075319573577,31.66023166023166,155,288,435,1074,0.5573054429857557,0.40508409390368516,0.8135220313266246,6,3.025287356321839,1.301680058436815,1.77063550036523
