randomization,name,type,l1,l2,l3,ipr1,ipr2,ipr3,l1_cm,l1_er,l1_reg,l2_mp,l3_mp,l1_lap,l2_lap,l3_lap,alg_conn,clustering_c,clustering_r,deg_assort,Q,N.olap,N.temp,N.nodf,H2,H3,H4,H17,cent_between,cent_close,cent_eigen,diam,mean_path_length,deg_het_row,deg_het_col
empirical,Minneapolis_crimes_2016-02-08,crimes,3.6179230000000002,2.493517,1.681947,0.14083318275212392,0.13836728685948893,0.09837230337282443,3.552190247657853,3.3201841150751803,2.526315789473684,2.4104335806252477,1.16110985425448,5.617923048161759,4.493517059422547,3.6819471469687888,-0.49351705942256135,0.6548042704626335,0.25,-0.6691729323308271,0.39583333333333326,0.1395214521452145,34.86867474118499,30.363036303630366,78,120,125,156,0.5749213265553136,0.36242570770960486,0.7284017805453693,7,2.888888888888889,1.1180555555555556,1.371527777777778
