randomization,name,type,l1,l2,l3,ipr1,ipr2,ipr3,l1_cm,l1_er,l1_reg,l2_mp,l3_mp,l1_lap,l2_lap,l3_lap,alg_conn,clustering_c,clustering_r,deg_assort,Q,N.olap,N.temp,N.nodf,H2,H3,H4,H17,cent_between,cent_close,cent_eigen,diam,mean_path_length,deg_het_row,deg_het_col
empirical,Minneapolis_crimes_2016-11-30,crimes,3.937335,3.032383,2.906776,0.12325636334491848,0.19853726175937977,0.13321133062268853,3.816763043899608,3.3760256279842205,2.3902439024390243,2.993277656012499,1.743560907217163,5.937334874862435,5.032383029459445,4.9067755359688086,-1.032383029459437,0.2563380281690141,0.34146341463414637,-0.6297875639634052,0.5518533944189917,0.09092549813215797,29.284357254239698,19.928989139515455,192,255,450,846,0.4790821354571355,0.29922899335373415,0.8202110222455588,7,3.4073170731707316,1.1861724281549355,1.473136193252811
