randomization,name,type,l1,l2,l3,ipr1,ipr2,ipr3,l1_cm,l1_er,l1_reg,l2_mp,l3_mp,l1_lap,l2_lap,l3_lap,alg_conn,clustering_c,clustering_r,deg_assort,Q,N.olap,N.temp,N.nodf,H2,H3,H4,H17,cent_between,cent_close,cent_eigen,diam,mean_path_length,deg_het_row,deg_het_col
empirical,Minneapolis_crimes_2016-02-27,crimes,3.944534,2.308083,2.078744,0.20828026741237188,0.16837411042571274,0.10709953402990056,4.166538326153865,2.8402935325997873,2.2142857142857144,2.078362540764575,1.1003003196671242,5.9445338970135,4.308083437716235,4.07874383650477,-0.30808343771622976,0.4358974358974359,0.45614035087719296,-0.45580110497237564,0.49947970863683677,0.34823238474133617,16.184399935057353,34.51690821256039,127,169,388,1012,0.7250184657592065,0.4670184720854773,0.8400895440542011,6,2.933862433862434,1.3246618106139438,2.331945889698231
