randomization,name,type,l1,l2,l3,ipr1,ipr2,ipr3,l1_cm,l1_er,l1_reg,l2_mp,l3_mp,l1_lap,l2_lap,l3_lap,alg_conn,clustering_c,clustering_r,deg_assort,Q,N.olap,N.temp,N.nodf,H2,H3,H4,H17,cent_between,cent_close,cent_eigen,diam,mean_path_length,deg_het_row,deg_het_col
empirical,Minneapolis_crimes_2016-04-21,crimes,3.667964,2.866064,2.755154,0.14991225123329882,0.13759993978581453,0.1087908812416509,3.917516914514882,2.7462861362369986,2.1,2.4659827398981076,1.4305156936085157,5.6679644350076055,4.8660635119057885,4.75515427363453,-0.8660635119057918,0.2262295081967213,0.3108108108108108,-0.6452439847087923,0.6366213151927432,0.14750300816477288,11.969852629882256,16.835585585585587,149,187,303,479,0.4749645316446936,0.30519595782517434,0.8456375157511893,7,3.723076923076923,1.492063492063492,1.9591836734693877
