randomization,name,type,l1,l2,l3,ipr1,ipr2,ipr3,l1_cm,l1_er,l1_reg,l2_mp,l3_mp,l1_lap,l2_lap,l3_lap,alg_conn,clustering_c,clustering_r,deg_assort,Q,N.olap,N.temp,N.nodf,H2,H3,H4,H17,cent_between,cent_close,cent_eigen,diam,mean_path_length,deg_het_row,deg_het_col
empirical,Minneapolis_crimes_2016-04-14,crimes,4.564787,3.122469,2.628634,0.20087198641671408,0.14601135770741402,0.11036167993896066,4.471308930312897,3.0003164618966074,2.260869565217391,2.553956117282323,1.5232958320849652,6.564786880126111,5.122469297734242,4.628634013234579,-1.1224692977342254,0.32971014492753625,0.312,-0.43814860938148603,0.557692307692307,0.24403073688867788,11.388179712941485,24.979700350987482,264,366,1100,4039,0.7224684944684945,0.3750395599268685,0.8810016144706224,9,3.5932367149758453,1.2448224852071006,2.548076923076923
