randomization,name,type,l1,l2,l3,ipr1,ipr2,ipr3,l1_cm,l1_er,l1_reg,l2_mp,l3_mp,l1_lap,l2_lap,l3_lap,alg_conn,clustering_c,clustering_r,deg_assort,Q,N.olap,N.temp,N.nodf,H2,H3,H4,H17,cent_between,cent_close,cent_eigen,diam,mean_path_length,deg_het_row,deg_het_col
empirical,Minneapolis_crimes_2016-08-08,crimes,3.975852,2.875725,2.728269,0.14363426728930878,0.0933402783013962,0.10037315214939446,3.759954109023245,3.04730245372657,2.2666666666666666,2.809589576143537,1.6738763982970823,5.9758521692434785,4.87572519821773,4.728268502993957,-0.8757251982177309,0.2540861812778603,0.4387755102040816,-0.44141635660251827,0.579392541330258,0.08532617133308183,20.350631897236532,17.269921436588103,179,277,415,864,0.49667087669201826,0.27264233298382784,0.8557940377049776,9,3.824242424242424,1.306805074971165,1.6470588235294117
