randomization,name,type,l1,l2,l3,ipr1,ipr2,ipr3,l1_cm,l1_er,l1_reg,l2_mp,l3_mp,l1_lap,l2_lap,l3_lap,alg_conn,clustering_c,clustering_r,deg_assort,Q,N.olap,N.temp,N.nodf,H2,H3,H4,H17,cent_between,cent_close,cent_eigen,diam,mean_path_length,deg_het_row,deg_het_col
empirical,Minneapolis_crimes_2016-12-12,crimes,3.669345,2.387122,2.334946,0.20085427230307848,0.15221350566383546,0.18539542247026375,3.4858313797662768,2.8901669482646475,2.1875,2.590065082791794,1.43303624613999,5.669344600539674,4.387121887481421,4.334946389678556,-0.3871218874814178,0.24193548387096775,0.28205128205128205,-0.4361269324654193,0.5918367346938778,0.139516322524882,22.216842158231366,22.704728950403688,112,144,246,503,0.6240212741357384,0.35668067390821534,0.8572141628419385,9,3.566532258064516,1.220408163265306,1.6824489795918367
