randomization,name,type,l1,l2,l3,ipr1,ipr2,ipr3,l1_cm,l1_er,l1_reg,l2_mp,l3_mp,l1_lap,l2_lap,l3_lap,alg_conn,clustering_c,clustering_r,deg_assort,Q,N.olap,N.temp,N.nodf,H2,H3,H4,H17,cent_between,cent_close,cent_eigen,diam,mean_path_length,deg_het_row,deg_het_col
empirical,Minneapolis_crimes_2016-07-16,crimes,4.330653,3.195939,2.572554,0.14651040533722087,0.20776607302643949,0.08994070213119777,4.565881374638716,3.0270231363913407,2.3404255319148937,2.542011880391917,1.5302739417099598,6.330652748476895,5.1959387396824495,4.572554265655212,-1.1959387396824408,0.38976857490864797,0.4330357142857143,-0.4568564055408894,0.584462809917355,0.1801382791618763,9.24225518878184,21.41549797955788,233,427,660,1647,0.5593181140314095,0.3685608303252507,0.8586074115617074,8,3.567067530064755,1.5550413223140496,2.1272727272727274
