randomization,name,type,l1,l2,l3,ipr1,ipr2,ipr3,l1_cm,l1_er,l1_reg,l2_mp,l3_mp,l1_lap,l2_lap,l3_lap,alg_conn,clustering_c,clustering_r,deg_assort,Q,N.olap,N.temp,N.nodf,H2,H3,H4,H17,cent_between,cent_close,cent_eigen,diam,mean_path_length,deg_het_row,deg_het_col
empirical,Minneapolis_crimes_2016-02-20,crimes,3.364809,2.575466,2.428712,0.19813635527907567,0.16349527693465035,0.11862846618016826,3.1128764832546763,2.6565653266380402,2,2.6822929296894547,1.5584871150935722,5.36480858134202,4.575465586607902,4.428712268257501,-0.5754655866079139,0.1286549707602339,0,-0.5366430260047284,0.665,0.05420872037358434,18.263802772980778,12.827187274041938,108,110,174,240,0.6869095816464238,0.25997089346972385,0.8867538316254265,10,4.755128205128205,1.2324999999999997,1.5675000000000001
