randomization,name,type,l1,l2,l3,ipr1,ipr2,ipr3,l1_cm,l1_er,l1_reg,l2_mp,l3_mp,l1_lap,l2_lap,l3_lap,alg_conn,clustering_c,clustering_r,deg_assort,Q,N.olap,N.temp,N.nodf,H2,H3,H4,H17,cent_between,cent_close,cent_eigen,diam,mean_path_length,deg_het_row,deg_het_col
empirical,Minneapolis_crimes_2016-04-02,crimes,3.382722,2.038225,1.76816,0.2039699180288859,0.1468097029933989,0.10970146697835761,3.4552533206993785,2.7089594936915424,2.1,2.033409868533723,0.974461248085766,5.382722495613697,4.038224589997051,3.7681603403181465,-0.03822458999705378,0.38461538461538464,0.1111111111111111,-0.5206896551724136,0.5011337868480726,0.332196419932269,22.54966522441316,39.15094339622642,66,78,130,212,0.7799322868574946,0.49522936693830416,0.8000503274453957,6,2.873684210526316,1.2380952380952381,1.836734693877551
