randomization,name,type,l1,l2,l3,ipr1,ipr2,ipr3,l1_cm,l1_er,l1_reg,l2_mp,l3_mp,l1_lap,l2_lap,l3_lap,alg_conn,clustering_c,clustering_r,deg_assort,Q,N.olap,N.temp,N.nodf,H2,H3,H4,H17,cent_between,cent_close,cent_eigen,diam,mean_path_length,deg_het_row,deg_het_col
empirical,Minneapolis_crimes_2016-11-08,crimes,3.86312,3.36648,2.491197,0.10635323046255037,0.1396249823858886,0.12754421227800097,3.8372093023255816,3.227266958299345,2.263157894736842,2.8508593212880466,1.6243717371269335,5.863119688251663,5.366479520765688,4.491196861946114,-1.3664795207656755,0.3387096774193548,0.3111111111111111,-0.6912911408261048,0.558139534883721,0.12535251433073183,24.500846808210653,21.69666426685865,176,207,429,792,0.5681194708221735,0.3184173606057409,0.7818866124691302,6,3.4480796586059745,1.216873985938345,1.570578691184424
