randomization,name,type,l1,l2,l3,ipr1,ipr2,ipr3,l1_cm,l1_er,l1_reg,l2_mp,l3_mp,l1_lap,l2_lap,l3_lap,alg_conn,clustering_c,clustering_r,deg_assort,Q,N.olap,N.temp,N.nodf,H2,H3,H4,H17,cent_between,cent_close,cent_eigen,diam,mean_path_length,deg_het_row,deg_het_col
empirical,Minneapolis_crimes_2016-10-31,crimes,3.510817,2.613335,1.839067,0.19373626790617995,0.11346217589045356,0.2162029517658883,3.433674920080543,3.092068420986756,2.16,2.6161889160464775,1.3416406872870486,5.510817490349606,4.613334809731191,3.8390671795580285,-0.6133348097311991,0.2894736842105263,0.4375,-0.5953146055768632,0.5226337448559669,0.10016666666666667,39.10198645720633,23.8,91,94,191,341,0.5930454911433173,0.2891194535142177,0.8252700421484327,7,3.2666666666666666,1.2345679012345678,1.3100137174211248
