randomization,name,type,l1,l2,l3,ipr1,ipr2,ipr3,l1_cm,l1_er,l1_reg,l2_mp,l3_mp,l1_lap,l2_lap,l3_lap,alg_conn,clustering_c,clustering_r,deg_assort,Q,N.olap,N.temp,N.nodf,H2,H3,H4,H17,cent_between,cent_close,cent_eigen,diam,mean_path_length,deg_het_row,deg_het_col
empirical,Minneapolis_crimes_2016-11-24,crimes,3.119852,2.577886,2.274142,0.14476012637223376,0.13431643903126994,0.09133866462749218,2.937212783390274,2.878189454341097,2,2.77356290059903,1.4457168231662054,5.119851565541991,4.577886446793917,4.274141599111214,-0.5778864467939177,0.17054263565891473,0,-0.7545711592836943,0.584319526627219,0.01469696969696968,43.47083621776743,16.493506493506494,73,51,112,120,0.6468,0.29934312246276407,0.775743654507378,8,3.873846153846154,1.1183431952662721,1.1982248520710057
