randomization,name,type,l1,l2,l3,ipr1,ipr2,ipr3,l1_cm,l1_er,l1_reg,l2_mp,l3_mp,l1_lap,l2_lap,l3_lap,alg_conn,clustering_c,clustering_r,deg_assort,Q,N.olap,N.temp,N.nodf,H2,H3,H4,H17,cent_between,cent_close,cent_eigen,diam,mean_path_length,deg_het_row,deg_het_col
empirical,Minneapolis_crimes_2016-02-23,crimes,3.736566,2.577077,2.130797,0.18639524705511995,0.13370537596060517,0.13590452334461814,3.8554114606438827,2.752094833763178,2.1818181818181817,2.3303743198530484,1.3020468753926253,5.736566146776191,4.577077435873643,4.130796803254383,-0.5770774358736329,0.3409090909090909,0.3333333333333333,-0.42703063323511403,0.5671296296296293,0.20342361103220152,12.547931543122937,25.960144927536234,119,180,258,511,0.5699434763824883,0.2912428109093323,0.8542267867731513,8,3.602272727272727,1.3935185185185186,2.0740740740740744
