randomization,name,type,l1,l2,l3,ipr1,ipr2,ipr3,l1_cm,l1_er,l1_reg,l2_mp,l3_mp,l1_lap,l2_lap,l3_lap,alg_conn,clustering_c,clustering_r,deg_assort,Q,N.olap,N.temp,N.nodf,H2,H3,H4,H17,cent_between,cent_close,cent_eigen,diam,mean_path_length,deg_het_row,deg_het_col
empirical,Minneapolis_crimes_2016-10-13,crimes,3.885274,3.156419,2.682716,0.20384202317464384,0.23517684645150624,0.08725388759789013,3.6660605559646724,3.075370670651712,2.1739130434782608,2.919814708290137,1.7337059704084972,5.885273570177041,5.156419329626637,4.68271616267909,-1.1564193296266334,0.1351981351981352,0.4339622641509434,-0.5597200806547267,0.6356000000000006,0.08099561610994248,19.881808485276913,12.814814814814815,192,171,519,1224,0.647615413393191,0.29509172980573983,0.8897129086759237,8,4.114009661835749,1.2096000000000002,1.6
