randomization,name,type,l1,l2,l3,ipr1,ipr2,ipr3,l1_cm,l1_er,l1_reg,l2_mp,l3_mp,l1_lap,l2_lap,l3_lap,alg_conn,clustering_c,clustering_r,deg_assort,Q,N.olap,N.temp,N.nodf,H2,H3,H4,H17,cent_between,cent_close,cent_eigen,diam,mean_path_length,deg_het_row,deg_het_col
empirical,Minneapolis_crimes_2016-02-04,crimes,3.069553,2.16996,1.622919,0.2375149165038754,0.17576782940668395,0.21374255785695592,2.986117463685112,2.6440555881876,2,2.2687363485821677,1.0798980083386294,5.069552596999474,4.169959504924542,3.622918940944112,-0.16995950492453246,0.061224489795918366,0.375,-0.5736704446381865,0.5013850415512465,0.10565556555655563,32.475724703647,19.224422442244226,51,33,89,127,0.5787944807552651,0.3067463743440298,0.8276786931891571,6,3.1228070175438596,1.1246537396121883,1.5373961218836565
