randomization,name,type,l1,l2,l3,ipr1,ipr2,ipr3,l1_cm,l1_er,l1_reg,l2_mp,l3_mp,l1_lap,l2_lap,l3_lap,alg_conn,clustering_c,clustering_r,deg_assort,Q,N.olap,N.temp,N.nodf,H2,H3,H4,H17,cent_between,cent_close,cent_eigen,diam,mean_path_length,deg_het_row,deg_het_col
empirical,Minneapolis_crimes_2016-02-13,crimes,3.302462,2.697311,1.961271,0.12315684112387189,0.10972888380526184,0.07058543116372566,3.2025299916015517,2.766151106288305,2.2,2.5320157656815705,1.3949548710098572,5.3024623375000575,4.69731132246706,3.961271039306153,-0.6973113224670677,0.2903225806451613,0.3103448275862069,-0.33900523560209445,0.5546372819100089,0.06792950600212444,21.462197509132523,21.86578171091445,80,139,92,88,0.4641583149312043,0.28549961156363085,0.7788679064238774,9,3.8137931034482757,1.273645546372819,1.5454545454545454
