randomization,name,type,l1,l2,l3,ipr1,ipr2,ipr3,l1_cm,l1_er,l1_reg,l2_mp,l3_mp,l1_lap,l2_lap,l3_lap,alg_conn,clustering_c,clustering_r,deg_assort,Q,N.olap,N.temp,N.nodf,H2,H3,H4,H17,cent_between,cent_close,cent_eigen,diam,mean_path_length,deg_het_row,deg_het_col
empirical,Minneapolis_crimes_2016-12-27,crimes,2.819446,2.705258,2.202306,0.13949197801549568,0.11524316571707231,0.12512765114531807,2.757705254664635,2.6457513110645907,1.945945945945946,2.783263861050969,1.5865684181404345,4.819445942684218,4.705258147164996,4.202306246780046,-0.7052581471649986,0,0,-0.719324026451139,0.6805555555555557,0.0021787763412422162,28.2612441798087,10.615942028985508,80,69,83,59,0.5662257495590829,0.1783632622859547,0.8308466606243877,11,5.162162162162162,1.2098765432098764,1.2222222222222223
