randomization,name,type,l1,l2,l3,ipr1,ipr2,ipr3,l1_cm,l1_er,l1_reg,l2_mp,l3_mp,l1_lap,l2_lap,l3_lap,alg_conn,clustering_c,clustering_r,deg_assort,Q,N.olap,N.temp,N.nodf,H2,H3,H4,H17,cent_between,cent_close,cent_eigen,diam,mean_path_length,deg_het_row,deg_het_col
empirical,Minneapolis_crimes_2016-09-19,crimes,4.332537,3.216771,2.996327,0.09609241564019379,0.12847213134256427,0.09876517902152188,4.341168090775528,3.359696649618155,2.3461538461538463,2.971580591741659,1.8047820537894457,6.33253682495447,5.216770853552205,4.996326758584069,-1.2167708535521986,0.25129533678756477,0.6144578313253012,-0.6571647216376507,0.5936576189196456,0.12207624561481395,17.505564989907427,18.525714285714287,282,459,769,1634,0.30443070125653743,0.24443376280238716,0.8027822588116084,7,3.3733031674208145,1.3773179252889007,1.6584251545283524
