randomization,name,type,l1,l2,l3,ipr1,ipr2,ipr3,l1_cm,l1_er,l1_reg,l2_mp,l3_mp,l1_lap,l2_lap,l3_lap,alg_conn,clustering_c,clustering_r,deg_assort,Q,N.olap,N.temp,N.nodf,H2,H3,H4,H17,cent_between,cent_close,cent_eigen,diam,mean_path_length,deg_het_row,deg_het_col
empirical,Minneapolis_crimes_2016-03-07,crimes,3.800564,3.309366,2.199472,0.10800636062231395,0.10409936127410363,0.1786669580285157,3.8297084310253524,3.0958417494697543,2.3333333333333335,2.678600031743028,1.5236202639989513,5.800564091903885,5.309366474797201,4.199472275033615,-1.309366474797189,0.4441860465116279,0.3918918918918919,-0.565498652291105,0.5731292517006803,0.14941470747992486,16.564677531811988,21.68918918918919,154,215,343,637,0.4354703639697637,0.22958665176801368,0.7842457631659562,9,3.857142857142857,1.238095238095238,1.746031746031746
