randomization,name,type,l1,l2,l3,ipr1,ipr2,ipr3,l1_cm,l1_er,l1_reg,l2_mp,l3_mp,l1_lap,l2_lap,l3_lap,alg_conn,clustering_c,clustering_r,deg_assort,Q,N.olap,N.temp,N.nodf,H2,H3,H4,H17,cent_between,cent_close,cent_eigen,diam,mean_path_length,deg_het_row,deg_het_col
empirical,Minneapolis_crimes_2016-10-15,crimes,4.306163,3.117464,2.867742,0.1687116123107959,0.14742200441553416,0.07990989177997561,4.304580323876636,3.015094957334542,2.2666666666666666,2.778486099051375,1.7486117907221748,6.3061629551562515,5.1174644271212575,4.8677418675865365,-1.1174644271212528,0.1619047619047619,0.43455497382198954,-0.40781275818162377,0.62045847750865,0.10340571270467544,10.12563712633179,14.394946300624836,271,463,774,2067,0.44778056246223324,0.292273782754107,0.8919457204170117,8,3.810734463276836,1.5622837370242217,1.875
