randomization,name,type,l1,l2,l3,ipr1,ipr2,ipr3,l1_cm,l1_er,l1_reg,l2_mp,l3_mp,l1_lap,l2_lap,l3_lap,alg_conn,clustering_c,clustering_r,deg_assort,Q,N.olap,N.temp,N.nodf,H2,H3,H4,H17,cent_between,cent_close,cent_eigen,diam,mean_path_length,deg_het_row,deg_het_col
empirical,Minneapolis_crimes_2016-09-29,crimes,4.03406,2.962722,2.342322,0.16411878184099202,0.14050932507001462,0.10332792802445441,3.9331193737146535,3.357097827008593,2.3636363636363638,2.784768637830279,1.5380532439511585,6.034059739517984,4.962721995496078,4.342322331612246,-0.9627219954960704,0.3423728813559322,0.6557377049180327,-0.5837983743782603,0.49572649572649563,0.16115526653821452,28.775538014524365,26.28853564547206,166,213,462,1101,0.6398358744959679,0.3885872712403653,0.8295388145312317,6,3.125,1.1794871794871795,1.569362261669954
