randomization,name,type,l1,l2,l3,ipr1,ipr2,ipr3,l1_cm,l1_er,l1_reg,l2_mp,l3_mp,l1_lap,l2_lap,l3_lap,alg_conn,clustering_c,clustering_r,deg_assort,Q,N.olap,N.temp,N.nodf,H2,H3,H4,H17,cent_between,cent_close,cent_eigen,diam,mean_path_length,deg_het_row,deg_het_col
empirical,Minneapolis_crimes_2016-04-15,crimes,4.009337,2.974896,2.236349,0.1510549499107723,0.14511282528557717,0.08212852364335226,4.108369290223564,3.0035947279560187,2.311111111111111,2.648275382073417,1.582685032413949,6.009337268957739,4.974896453672871,4.236349138062591,-0.9748964536728605,0.257201646090535,0.40331491712707185,-0.3765210984935091,0.5787721893491125,0.11371622313331091,13.700010765163588,18.053057553956833,181,345,402,825,0.5817359833612475,0.3668100177888313,0.8556252353531881,7,3.624242424242424,1.6050295857988166,1.687869822485207
