randomization,name,type,l1,l2,l3,ipr1,ipr2,ipr3,l1_cm,l1_er,l1_reg,l2_mp,l3_mp,l1_lap,l2_lap,l3_lap,alg_conn,clustering_c,clustering_r,deg_assort,Q,N.olap,N.temp,N.nodf,H2,H3,H4,H17,cent_between,cent_close,cent_eigen,diam,mean_path_length,deg_het_row,deg_het_col
empirical,Minneapolis_crimes_2016-12-26,crimes,3.033102,2.210391,1.707181,0.2583556272739462,0.17404881572798298,0.1612296236440043,2.8654969314867293,2.7797394073232677,1.8888888888888888,2.477079489471903,1.1430138196936752,5.03310154474452,4.210390629679507,3.707181385645206,-0.21039062967950453,0,0,-0.7268244575936887,0.5086505190311419,0.08890993265993269,48.96276646380439,14.12037037037037,50,17,92,128,0.6271626297577855,0.2639310831990962,0.842538158499296,6,3.287581699346405,1.0899653979238755,1.1730103806228371
