randomization,name,type,l1,l2,l3,ipr1,ipr2,ipr3,l1_cm,l1_er,l1_reg,l2_mp,l3_mp,l1_lap,l2_lap,l3_lap,alg_conn,clustering_c,clustering_r,deg_assort,Q,N.olap,N.temp,N.nodf,H2,H3,H4,H17,cent_between,cent_close,cent_eigen,diam,mean_path_length,deg_het_row,deg_het_col
empirical,Minneapolis_crimes_2016-07-10,crimes,3.363559,2.888688,2.685809,0.09361020457755252,0.09823898465426054,0.06990904272886203,3.4186985827943355,2.9184039839714577,2.2325581395348837,2.77149701860898,1.6446101278193228,5.363559195873635,4.888687915733955,4.6858091626337055,-0.8886879157339455,0.1317365269461078,0.296875,-0.6096245592200789,0.6145833333333337,0.06212151902749586,16.612982348673565,15.710108604845447,135,196,182,186,0.3240570211824568,0.21033150630525865,0.7715768595073652,9,4.015503875968992,1.3281249999999998,1.489583333333333
