randomization,name,type,l1,l2,l3,ipr1,ipr2,ipr3,l1_cm,l1_er,l1_reg,l2_mp,l3_mp,l1_lap,l2_lap,l3_lap,alg_conn,clustering_c,clustering_r,deg_assort,Q,N.olap,N.temp,N.nodf,H2,H3,H4,H17,cent_between,cent_close,cent_eigen,diam,mean_path_length,deg_het_row,deg_het_col
empirical,Minneapolis_crimes_2016-04-06,crimes,3.587722,2.676183,2.409188,0.21310613258186092,0.13156693724149343,0.2515962644104144,3.602671058301779,2.8128846014107154,2.0606060606060606,2.537953933790038,1.399166448861374,5.587722341200086,4.676182821179101,4.40918752425375,-0.6761828211791105,0.0481283422459893,0.41379310344827586,-0.5603585205355117,0.6219723183390998,0.13190450290114716,23.109456370320572,18.241869918699187,118,119,270,527,0.69921875,0.35516798892823215,0.8636210146641874,8,3.522727272727273,1.3408304498269894,1.6747404844290656
