randomization,name,type,l1,l2,l3,ipr1,ipr2,ipr3,l1_cm,l1_er,l1_reg,l2_mp,l3_mp,l1_lap,l2_lap,l3_lap,alg_conn,clustering_c,clustering_r,deg_assort,Q,N.olap,N.temp,N.nodf,H2,H3,H4,H17,cent_between,cent_close,cent_eigen,diam,mean_path_length,deg_het_row,deg_het_col
empirical,Minneapolis_crimes_2016-11-01,crimes,3.690815,3.334837,2.82719,0.09654902661506432,0.10600702857012695,0.1281549512562398,3.728377663273934,3.038584907562928,2.272727272727273,2.79655606745957,1.6601648469820438,5.690814553922255,5.3348371112908,4.827190037436555,-1.334837111290808,0.15822784810126583,0.19230769230769232,-0.5340403140937423,0.5764000000000005,0.1053476872959968,19.600250213215805,18.772241992882563,179,245,401,733,0.4445101783276859,0.24565309279660602,0.7760509365672935,8,3.66384778012685,1.2288,1.7375999999999998
