randomization,name,type,l1,l2,l3,ipr1,ipr2,ipr3,l1_cm,l1_er,l1_reg,l2_mp,l3_mp,l1_lap,l2_lap,l3_lap,alg_conn,clustering_c,clustering_r,deg_assort,Q,N.olap,N.temp,N.nodf,H2,H3,H4,H17,cent_between,cent_close,cent_eigen,diam,mean_path_length,deg_het_row,deg_het_col
empirical,Minneapolis_crimes_2016-04-25,crimes,2.578503,2.242375,1.975928,0.11621932628650675,0.10680626147163226,0.13387613504285967,2.5331140255951103,2.5444201842608614,2,2.530849375005527,1.3197283865916463,4.578502971391917,4.2423746849203825,3.9759278446091217,-0.24237468492039754,0,0,-0.6062075654704171,0.5763888888888888,-0.016208866208866198,34.56643850469267,17.680180180180184,41,44,24,8,0.45609211204674344,0.19411210490640526,0.7292251780170486,11,4.2101449275362315,1.1666666666666667,1.2222222222222223
