randomization,name,type,l1,l2,l3,ipr1,ipr2,ipr3,l1_cm,l1_er,l1_reg,l2_mp,l3_mp,l1_lap,l2_lap,l3_lap,alg_conn,clustering_c,clustering_r,deg_assort,Q,N.olap,N.temp,N.nodf,H2,H3,H4,H17,cent_between,cent_close,cent_eigen,diam,mean_path_length,deg_het_row,deg_het_col
empirical,Minneapolis_crimes_2016-05-13,crimes,4.40686,2.55948,2.515739,0.15687779391152454,0.15743373186977852,0.0684924324494529,3.8405836333333636,3.0722725829401205,2.2916666666666665,2.831966734934348,1.7100664766947564,6.406860029315577,4.5594801597374,4.515738841892035,-0.5594801597374189,0.5430393198724761,0.3211009174311927,-0.38450401643937987,0.6052892561983468,0.09068913120349048,17.778064290503185,17.0975730559683,207,330,580,1512,0.5483805662324371,0.2749102908087556,0.882095672173479,9,4.218971631205674,1.2380165289256198,1.7920661157024795
