randomization,name,type,l1,l2,l3,ipr1,ipr2,ipr3,l1_cm,l1_er,l1_reg,l2_mp,l3_mp,l1_lap,l2_lap,l3_lap,alg_conn,clustering_c,clustering_r,deg_assort,Q,N.olap,N.temp,N.nodf,H2,H3,H4,H17,cent_between,cent_close,cent_eigen,diam,mean_path_length,deg_het_row,deg_het_col
empirical,Minneapolis_crimes_2016-11-23,crimes,4.376462,3.533754,2.589961,0.10252582272902389,0.08969572788629443,0.09887093643111658,4.5729759867071245,3.2509833578916614,2.4615384615384617,2.7739902343829983,1.7027412762437464,6.376462222617782,5.533754464477801,4.589960671369262,-1.533754464477807,0.3322734499205087,0.5652173913043478,-0.5059665604205111,0.58984375,0.13922495088073597,10.289905237553377,19.844666790192083,277,492,773,1926,0.5126229461085287,0.23031639215756472,0.8176091019140713,9,3.8182503770739067,1.4995117187499998,1.8896484375
