randomization,name,type,l1,l2,l3,ipr1,ipr2,ipr3,l1_cm,l1_er,l1_reg,l2_mp,l3_mp,l1_lap,l2_lap,l3_lap,alg_conn,clustering_c,clustering_r,deg_assort,Q,N.olap,N.temp,N.nodf,H2,H3,H4,H17,cent_between,cent_close,cent_eigen,diam,mean_path_length,deg_het_row,deg_het_col
empirical,Minneapolis_crimes_2016-06-16,crimes,4.694626,2.977233,2.675365,0.1205715507062287,0.10428760811597683,0.08638807216192428,4.589477852156521,3.678637328571889,2.5789473684210527,2.8337115759570555,1.6136252683718224,6.694625729712925,4.977233474029246,4.6753654668134335,-0.9772334740292519,0.5249859629421674,0.6379310344827587,-0.5855276107990249,0.48396501457725916,0.2060605196640947,22.739981219865907,30.905070451506734,248,466,785,2138,0.4908029651272894,0.31096150319468324,0.81289477538521,7,3.200568990042674,1.2869637650978758,1.6359850062473968
