randomization,name,type,l1,l2,l3,ipr1,ipr2,ipr3,l1_cm,l1_er,l1_reg,l2_mp,l3_mp,l1_lap,l2_lap,l3_lap,alg_conn,clustering_c,clustering_r,deg_assort,Q,N.olap,N.temp,N.nodf,H2,H3,H4,H17,cent_between,cent_close,cent_eigen,diam,mean_path_length,deg_het_row,deg_het_col
empirical,Minneapolis_crimes_2016-07-09,crimes,3.854712,3.073033,2.692834,0.1091214639176834,0.22270229516461715,0.11782507448158476,3.907736961882837,2.7982208312670394,2.196078431372549,2.6152047622461607,1.6071108618616188,5.854712324517328,5.073032588686528,4.692834119667131,-1.073032588686543,0.28378378378378377,0.4385026737967914,-0.45960673604044255,0.65720663265306,0.0967400646808488,9.311074837431613,14.880661026035476,181,335,316,428,0.5934204081632655,0.2790660140715849,0.8376533919160265,11,4.3325490196078436,1.5363520408163263,1.8826530612244896
