randomization,name,type,l1,l2,l3,ipr1,ipr2,ipr3,l1_cm,l1_er,l1_reg,l2_mp,l3_mp,l1_lap,l2_lap,l3_lap,alg_conn,clustering_c,clustering_r,deg_assort,Q,N.olap,N.temp,N.nodf,H2,H3,H4,H17,cent_between,cent_close,cent_eigen,diam,mean_path_length,deg_het_row,deg_het_col
empirical,Minneapolis_crimes_2016-10-01,crimes,4.259029,2.993412,2.899881,0.12019312843948188,0.126772674392883,0.12852471610282498,4.113071282132226,3.283154990541749,2.4444444444444446,2.8557000978437608,1.7033099731417558,6.259028874565262,4.99341155296229,4.89988060279919,-0.9934115529622977,0.31922723091076355,0.40588235294117647,-0.4844354703011947,0.5514049586776858,0.13296931872682882,18.898983129877724,22.531799476243922,225,397,592,1344,0.43995608646110773,0.28345504438397223,0.8312135626534247,8,3.4505050505050505,1.2545454545454544,1.7652892561983473
