randomization,name,type,l1,l2,l3,ipr1,ipr2,ipr3,l1_cm,l1_er,l1_reg,l2_mp,l3_mp,l1_lap,l2_lap,l3_lap,alg_conn,clustering_c,clustering_r,deg_assort,Q,N.olap,N.temp,N.nodf,H2,H3,H4,H17,cent_between,cent_close,cent_eigen,diam,mean_path_length,deg_het_row,deg_het_col
empirical,Minneapolis_crimes_2016-05-23,crimes,3.705101,2.750415,2.262711,0.1852364470874114,0.17396661880292258,0.08289703075774274,3.5444332453620104,2.8689628192481287,2.2051282051282053,2.654354954474908,1.5412618642643896,5.705100759232781,4.7504153959601885,4.2627114894548725,-0.7504153959602012,0.19090909090909092,0.22727272727272727,-0.40983606557377056,0.5997836668469443,0.09145935735160009,17.593831833682682,18.94313120931826,134,192,278,537,0.6789174215767014,0.35220117040457344,0.8655404054018685,8,3.738191632928475,1.2704164413196324,1.7328285559762033
