randomization,name,type,l1,l2,l3,ipr1,ipr2,ipr3,l1_cm,l1_er,l1_reg,l2_mp,l3_mp,l1_lap,l2_lap,l3_lap,alg_conn,clustering_c,clustering_r,deg_assort,Q,N.olap,N.temp,N.nodf,H2,H3,H4,H17,cent_between,cent_close,cent_eigen,diam,mean_path_length,deg_het_row,deg_het_col
empirical,Minneapolis_crimes_2016-09-25,crimes,4.212119,3.200419,2.726416,0.10224568656514034,0.11656330642364858,0.08859743976194234,4.1137667560372115,3.3642316771158294,2.4186046511627906,2.9038718120142746,1.7075700110983656,6.212118564798585,5.200419460440802,4.726415900848504,-1.2004194604407918,0.34465195246179964,0.5,-0.6445390781563127,0.5469674556213016,0.11663654482081708,21.24762511219827,21.11639959807499,220,337,544,1057,0.4203218573178751,0.31312337921765654,0.7982762205533004,7,3.4817275747508307,1.2692307692307692,1.6272189349112425
