randomization,name,type,l1,l2,l3,ipr1,ipr2,ipr3,l1_cm,l1_er,l1_reg,l2_mp,l3_mp,l1_lap,l2_lap,l3_lap,alg_conn,clustering_c,clustering_r,deg_assort,Q,N.olap,N.temp,N.nodf,H2,H3,H4,H17,cent_between,cent_close,cent_eigen,diam,mean_path_length,deg_het_row,deg_het_col
empirical,Minneapolis_crimes_2016-03-04,crimes,3.12172,2.368805,1.820899,0.1802289896540446,0.1588928010786434,0.09864716020668986,3.077196094250273,2.512254509987577,2,2.339535325281284,1.2484521434006421,5.121720076953604,4.368804503633246,3.820898746572336,-0.36880450363323847,0.17647058823529413,0.13793103448275862,-0.34966258435391134,0.6049382716049384,0.09801258440761203,20.024493551459408,21.841620626151013,61,86,75,77,0.6246153846153846,0.30148133339368155,0.8323991927055705,10,3.886039886039886,1.375857338820302,1.604938271604938
