randomization,name,type,l1,l2,l3,ipr1,ipr2,ipr3,l1_cm,l1_er,l1_reg,l2_mp,l3_mp,l1_lap,l2_lap,l3_lap,alg_conn,clustering_c,clustering_r,deg_assort,Q,N.olap,N.temp,N.nodf,H2,H3,H4,H17,cent_between,cent_close,cent_eigen,diam,mean_path_length,deg_het_row,deg_het_col
empirical,Minneapolis_crimes_2016-08-26,crimes,4.541492,3.358343,2.570042,0.12820727968304882,0.24256556774018595,0.13538901943227732,4.472991511418783,3.3410471521977803,2.488888888888889,2.7762216046635593,1.6526375977818295,6.541492473835776,5.358343421217527,4.570041649971388,-1.3583434212175238,0.5344287949921753,0.675,-0.5588753827595806,0.5306122448979593,0.15825132160800673,15.314209894688393,19.781144781144782,259,445,762,1871,0.3731335692944383,0.24270098199831455,0.8488341910388085,9,3.7232323232323234,1.3048469387755102,1.9362244897959178
