randomization,name,type,l1,l2,l3,ipr1,ipr2,ipr3,l1_cm,l1_er,l1_reg,l2_mp,l3_mp,l1_lap,l2_lap,l3_lap,alg_conn,clustering_c,clustering_r,deg_assort,Q,N.olap,N.temp,N.nodf,H2,H3,H4,H17,cent_between,cent_close,cent_eigen,diam,mean_path_length,deg_het_row,deg_het_col
empirical,Minneapolis_crimes_2016-03-11,crimes,2.808837,2.210096,1.95849,0.15300959458413502,0.10830851219669665,0.18681746967447252,2.71092464410863,2.4188895802109376,1.9259259259259258,2.4131132064598453,1.2918568431614152,4.80883724509063,4.210096416150383,3.958489630035166,-0.21009641615039248,0,0,-0.31267928858290295,0.6479289940828402,0.014979158349324086,24.423488800484066,16.574585635359117,47,64,35,18,0.6686390532544378,0.33690674543321975,0.795921303081314,7,3.903133903133903,1.3579881656804733,1.36094674556213
