randomization,name,type,l1,l2,l3,ipr1,ipr2,ipr3,l1_cm,l1_er,l1_reg,l2_mp,l3_mp,l1_lap,l2_lap,l3_lap,alg_conn,clustering_c,clustering_r,deg_assort,Q,N.olap,N.temp,N.nodf,H2,H3,H4,H17,cent_between,cent_close,cent_eigen,diam,mean_path_length,deg_het_row,deg_het_col
empirical,Minneapolis_crimes_2016-04-05,crimes,3.526481,2.69867,2.200649,0.19819115333629914,0.2215134523223807,0.07958185381080475,3.312062309043643,2.6999200765478104,2.0526315789473686,2.615209447150386,1.5044761076255493,5.526480989282778,4.69867048986418,4.200649178666178,-0.6986704898641791,0.09803921568627451,0.13333333333333333,-0.4398443029016275,0.6134122287968444,0.08582043652428102,19.43748942677495,16.681327703495192,114,142,218,369,0.6524497470443416,0.32554138697550217,0.873823810477354,8,3.8506401137980086,1.2603550295857988,1.6995397764628533
