randomization,name,type,l1,l2,l3,ipr1,ipr2,ipr3,l1_cm,l1_er,l1_reg,l2_mp,l3_mp,l1_lap,l2_lap,l3_lap,alg_conn,clustering_c,clustering_r,deg_assort,Q,N.olap,N.temp,N.nodf,H2,H3,H4,H17,cent_between,cent_close,cent_eigen,diam,mean_path_length,deg_het_row,deg_het_col
empirical,Minneapolis_crimes_2016-05-03,crimes,3.591148,2.369163,2.069664,0.22530229932711152,0.14730782257161507,0.12704649989747877,3.4541467074494716,2.667438160004569,2.0625,2.430121171269598,1.3438377546845874,5.591148427402017,4.369163073003841,4.06966399684921,-0.3691630730038176,0.039735099337748346,0.17142857142857143,-0.4161456752655538,0.5913682277318639,0.156812558356676,16.16152989286505,22.807971014492754,104,120,241,502,0.7448722395652678,0.41230516307624315,0.867830078479434,7,3.4274193548387095,1.2323232323232325,1.9559228650137743
