randomization,name,type,l1,l2,l3,ipr1,ipr2,ipr3,l1_cm,l1_er,l1_reg,l2_mp,l3_mp,l1_lap,l2_lap,l3_lap,alg_conn,clustering_c,clustering_r,deg_assort,Q,N.olap,N.temp,N.nodf,H2,H3,H4,H17,cent_between,cent_close,cent_eigen,diam,mean_path_length,deg_het_row,deg_het_col
empirical,Minneapolis_crimes_2016-10-02,crimes,2.950282,2.603491,2.574933,0.08494522287990075,0.12538971758794867,0.12647988159862122,2.9810600044279556,2.865368916372744,2.064516129032258,2.79846519226812,1.532254941456607,4.950281823669225,4.603490608801839,4.574933102809286,-0.6034906088018377,0,0,-0.7862595419847328,0.61328125,0.013439712177085925,33.46581460361324,14.253647586980922,84,66,111,100,0.3789272030651342,0.17270204840359127,0.6692929716894584,8,3.832258064516129,1.1718750000000002,1.244140625
