randomization,name,type,l1,l2,l3,ipr1,ipr2,ipr3,l1_cm,l1_er,l1_reg,l2_mp,l3_mp,l1_lap,l2_lap,l3_lap,alg_conn,clustering_c,clustering_r,deg_assort,Q,N.olap,N.temp,N.nodf,H2,H3,H4,H17,cent_between,cent_close,cent_eigen,diam,mean_path_length,deg_het_row,deg_het_col
empirical,Minneapolis_crimes_2016-11-16,crimes,3.735628,3.199432,1.942629,0.19800711945118638,0.1928825383177104,0.15206813101351355,3.5543123237378222,2.9719426040252004,2.108108108108108,2.7689707540715647,1.5670684239800066,5.735627827720351,5.199432373710061,3.9426288542463777,-1.1994323737100496,0.1079136690647482,0.23076923076923078,-0.5335701263594645,0.6022353714661408,0.12256462285188335,27.15673917315297,18.72503840245776,149,134,412,925,0.5467298647854203,0.28285749171745955,0.866339165620376,8,3.5945945945945947,1.1630506245890861,1.6568047337278107
