randomization,name,type,l1,l2,l3,ipr1,ipr2,ipr3,l1_cm,l1_er,l1_reg,l2_mp,l3_mp,l1_lap,l2_lap,l3_lap,alg_conn,clustering_c,clustering_r,deg_assort,Q,N.olap,N.temp,N.nodf,H2,H3,H4,H17,cent_between,cent_close,cent_eigen,diam,mean_path_length,deg_het_row,deg_het_col
empirical,Minneapolis_crimes_2016-08-31,crimes,3.778901,3.275092,2.799016,0.21263461160020378,0.20350002043364604,0.16076770588806436,3.614737408251427,2.848110786360998,2.1132075471698113,2.800417396218553,1.7191918813621077,5.778900936513203,5.2750921335334,4.799015962523028,-1.2750921335333814,0.18902439024390244,0.1276595744680851,-0.49105052342344085,0.6868622448979591,0.08127636713378437,13.882358835164919,12.49713827838828,193,212,465,968,0.5229870054530688,0.21912995158687923,0.9159129887619685,11,4.715529753265602,1.2933673469387754,1.7589285714285714
