randomization,name,type,l1,l2,l3,ipr1,ipr2,ipr3,l1_cm,l1_er,l1_reg,l2_mp,l3_mp,l1_lap,l2_lap,l3_lap,alg_conn,clustering_c,clustering_r,deg_assort,Q,N.olap,N.temp,N.nodf,H2,H3,H4,H17,cent_between,cent_close,cent_eigen,diam,mean_path_length,deg_het_row,deg_het_col
empirical,Minneapolis_crimes_2016-07-29,crimes,4.804782,3.667773,2.688878,0.14138115599364476,0.1357679514410844,0.08931027661714652,4.6825709378754,3.201276620057808,2.305084745762712,2.8259598890940287,1.7608129190831059,6.804782285709447,5.667772925377259,4.688878331160954,-1.667772925377281,0.40970350404312667,0.5026455026455027,-0.5053663911845729,0.5886678200692037,0.16480417625430296,10.140011232425865,18.484568160793877,360,557,1405,4732,0.63887376487195,0.32466043730014804,0.8783305451875407,9,4.050263004091175,1.3819204152249136,2.1617647058823533
