randomization,name,type,l1,l2,l3,ipr1,ipr2,ipr3,l1_cm,l1_er,l1_reg,l2_mp,l3_mp,l1_lap,l2_lap,l3_lap,alg_conn,clustering_c,clustering_r,deg_assort,Q,N.olap,N.temp,N.nodf,H2,H3,H4,H17,cent_between,cent_close,cent_eigen,diam,mean_path_length,deg_het_row,deg_het_col
empirical,Minneapolis_crimes_2016-05-18,crimes,4.297777,2.599215,2.471245,0.14625396328915793,0.11319252012766977,0.07450807004567046,4.310710176087256,3.30928520628757,2.5,2.6333568328180497,1.4956535059711737,6.2977773149221035,4.599215081266086,4.471245302985843,-0.5992150812660804,0.527180783817952,0.5930232558139535,-0.4292742927429274,0.5081481481481483,0.1635604051256225,20.33494806971762,26.558558558558556,180,371,451,1057,0.5661265649116788,0.3980122333445117,0.8321232149446713,6,3.1904761904761907,1.4251851851851851,1.674074074074074
