randomization,name,type,l1,l2,l3,ipr1,ipr2,ipr3,l1_cm,l1_er,l1_reg,l2_mp,l3_mp,l1_lap,l2_lap,l3_lap,alg_conn,clustering_c,clustering_r,deg_assort,Q,N.olap,N.temp,N.nodf,H2,H3,H4,H17,cent_between,cent_close,cent_eigen,diam,mean_path_length,deg_het_row,deg_het_col
empirical,Minneapolis_crimes_2016-02-24,crimes,3.19399,2.627911,2.372969,0.16045548760430253,0.13109933877010999,0.1558537359220063,3.1944310251999406,2.6743374382047467,2,2.465386331081661,1.2988731707867152,5.193989573117983,4.627911198543736,4.372968555236606,-0.627911198543749,0.023809523809523808,0.2,-0.6589147286821704,0.5720164609053499,0.144580722761067,24.956806629975063,22.500564206725343,81,73,140,176,0.5816568047337278,0.3229173628857065,0.8036553301479925,7,3.304843304843305,1.1796982167352537,1.6611796982167353
