randomization,name,type,l1,l2,l3,ipr1,ipr2,ipr3,l1_cm,l1_er,l1_reg,l2_mp,l3_mp,l1_lap,l2_lap,l3_lap,alg_conn,clustering_c,clustering_r,deg_assort,Q,N.olap,N.temp,N.nodf,H2,H3,H4,H17,cent_between,cent_close,cent_eigen,diam,mean_path_length,deg_het_row,deg_het_col
empirical,Minneapolis_crimes_2016-01-11,crimes,3.773597,1.836409,1.387162,0.25853496814706095,0.28075921976522894,0.35585757005432717,3.935707803987403,2.5078109271351585,1.9090909090909092,1.5451604448268734,0.7382537121713186,5.773596716573359,3.836408926467721,3.3871619163942284,0.1635910735322769,0,0,-0.5825967393439404,0.44444444444444453,0.450705467372134,23.232466950039296,28.51851851851852,99,43,365,1001,0.8791383219954648,0.5378321638795291,0.8462831092008652,7,2.883116883116883,1.1972789115646258,2.816326530612245
