randomization,name,type,l1,l2,l3,ipr1,ipr2,ipr3,l1_cm,l1_er,l1_reg,l2_mp,l3_mp,l1_lap,l2_lap,l3_lap,alg_conn,clustering_c,clustering_r,deg_assort,Q,N.olap,N.temp,N.nodf,H2,H3,H4,H17,cent_between,cent_close,cent_eigen,diam,mean_path_length,deg_het_row,deg_het_col
empirical,Minneapolis_crimes_2016-10-10,crimes,4.478564,3.541925,2.654663,0.1264355412053562,0.09352541881803908,0.12097562700112978,4.493585171364586,3.256482417122216,2.311111111111111,2.7367765306961553,1.6123648530874704,6.47856404575677,5.5419253248665825,4.654663073893127,-1.5419253248665794,0.32992930086410055,0.49122807017543857,-0.569692607775031,0.5628698224852069,0.20332729495891194,15.106181347332068,22.799479166666664,271,362,995,3003,0.5457479887976717,0.3011670428320696,0.8334243805432912,8,3.4060606060606062,1.294378698224852,2.019230769230769
