randomization,name,type,l1,l2,l3,ipr1,ipr2,ipr3,l1_cm,l1_er,l1_reg,l2_mp,l3_mp,l1_lap,l2_lap,l3_lap,alg_conn,clustering_c,clustering_r,deg_assort,Q,N.olap,N.temp,N.nodf,H2,H3,H4,H17,cent_between,cent_close,cent_eigen,diam,mean_path_length,deg_het_row,deg_het_col
empirical,Minneapolis_crimes_2016-06-17,crimes,3.770298,2.470516,2.317111,0.2126219293795289,0.1285611627178943,0.07625212667290997,3.4511762174584213,2.6986040092720773,2.0930232558139537,2.605558964118728,1.5446620453957147,5.770298058364111,4.470515728904057,4.317111058124526,-0.470515728904073,0.13703703703703704,0.17543859649122806,-0.3303964757709251,0.6385185185185189,0.09399805635343865,15.752477077075481,16.75385647216633,135,180,317,726,0.6914440572977159,0.3132176698933283,0.8926488435838091,10,4.21483942414175,1.2745679012345679,1.87358024691358
