randomization,name,type,l1,l2,l3,ipr1,ipr2,ipr3,l1_cm,l1_er,l1_reg,l2_mp,l3_mp,l1_lap,l2_lap,l3_lap,alg_conn,clustering_c,clustering_r,deg_assort,Q,N.olap,N.temp,N.nodf,H2,H3,H4,H17,cent_between,cent_close,cent_eigen,diam,mean_path_length,deg_het_row,deg_het_col
empirical,Minneapolis_crimes_2016-01-07,crimes,2.769416,2.361543,1.324178,0.17016218102332858,0.1529975150241377,0.3183953240328554,2.741451359326945,2.6581273531644465,1.875,2.3382647097436533,1.0401800104789047,4.769415794105724,4.361543462212021,3.3241784756751764,-0.3615434622120224,0,0,-0.8226120857699807,0.49333333333333335,0.11375661375661378,45.687054057073844,19.34156378600823,39,17,55,50,0.6,0.3036255837158041,0.7248909916471001,6,2.9916666666666667,1.097777777777778,1.1866666666666668
