randomization,name,type,l1,l2,l3,ipr1,ipr2,ipr3,l1_cm,l1_er,l1_reg,l2_mp,l3_mp,l1_lap,l2_lap,l3_lap,alg_conn,clustering_c,clustering_r,deg_assort,Q,N.olap,N.temp,N.nodf,H2,H3,H4,H17,cent_between,cent_close,cent_eigen,diam,mean_path_length,deg_het_row,deg_het_col
empirical,Minneapolis_crimes_2016-04-23,crimes,4.797526,2.981552,2.645509,0.1833346175650532,0.08776623849562187,0.06451769173438673,4.688495930211613,3.2334010177796015,2.30188679245283,2.7787217001953683,1.6925691815650534,6.797526325498314,4.98155241151931,4.645508661993707,-0.9815524115193218,0.36759700476514634,0.44776119402985076,-0.41794891278193586,0.6038699274388603,0.1712940154718773,13.18071359332698,20.530877136407614,313,524,1294,4987,0.6899408284023665,0.35785684344524626,0.8859634006404781,10,3.769230769230769,1.4654662725073904,1.9833378124160175
