randomization,name,type,l1,l2,l3,ipr1,ipr2,ipr3,l1_cm,l1_er,l1_reg,l2_mp,l3_mp,l1_lap,l2_lap,l3_lap,alg_conn,clustering_c,clustering_r,deg_assort,Q,N.olap,N.temp,N.nodf,H2,H3,H4,H17,cent_between,cent_close,cent_eigen,diam,mean_path_length,deg_het_row,deg_het_col
empirical,Minneapolis_crimes_2016-04-27,crimes,3.6636,2.31748,2.244576,0.20873771998453694,0.11858143022741251,0.11495833834893607,3.4864291540338717,2.667438160004569,2.0625,2.4171649638078376,1.3360647596733923,5.663599658965531,4.317480058653388,4.244576053044952,-0.3174800586533851,0.26666666666666666,0.15384615384615385,-0.41454259248047454,0.599632690541781,0.17286075465019468,17.189626599240814,24.311594202898547,106,133,245,505,0.7621227887617066,0.36798087415883785,0.8642016206658911,9,3.754032258064516,1.2323232323232325,1.992653810835629
