randomization,name,type,l1,l2,l3,ipr1,ipr2,ipr3,l1_cm,l1_er,l1_reg,l2_mp,l3_mp,l1_lap,l2_lap,l3_lap,alg_conn,clustering_c,clustering_r,deg_assort,Q,N.olap,N.temp,N.nodf,H2,H3,H4,H17,cent_between,cent_close,cent_eigen,diam,mean_path_length,deg_het_row,deg_het_col
empirical,Minneapolis_crimes_2016-01-09,crimes,3.037893,2.164773,1.943369,0.19188469513515174,0.0902356089063379,0.13285466586238123,2.8749445424997297,2.56698892701034,2,2.4999422757489773,1.3464954107906109,5.037893392303388,4.16477255394781,3.943369499965388,-0.16477255394781407,0.037037037037037035,0.13636363636363635,-0.38449652330672174,0.610969387755102,0.027397544437186394,24.1127663978888,16.78743961352657,59,71,68,72,0.6059934578453097,0.31264169484169535,0.8425308585569531,8,3.917989417989418,1.3086734693877553,1.3775510204081634
