randomization,name,type,l1,l2,l3,ipr1,ipr2,ipr3,l1_cm,l1_er,l1_reg,l2_mp,l3_mp,l1_lap,l2_lap,l3_lap,alg_conn,clustering_c,clustering_r,deg_assort,Q,N.olap,N.temp,N.nodf,H2,H3,H4,H17,cent_between,cent_close,cent_eigen,diam,mean_path_length,deg_het_row,deg_het_col
empirical,Minneapolis_crimes_2016-04-12,crimes,3.342555,2.213666,1.785856,0.21520260803648755,0.2759214967283817,0.15391622463884588,3.541956316141483,2.558931591792764,2,1.95609066781415,0.963441548044633,5.342554984079243,4.213665933074835,3.785856390669634,-0.21366593307483892,0.2571428571428571,0.11764705882352941,-0.550322693179836,0.5578512396694213,0.30299508692365834,19.744409518976287,30.71428571428572,69,73,136,216,0.7922902494331066,0.47683919427799193,0.8236513880693199,6,3.017316017316017,1.3636363636363638,1.9958677685950414
