randomization,name,type,l1,l2,l3,ipr1,ipr2,ipr3,l1_cm,l1_er,l1_reg,l2_mp,l3_mp,l1_lap,l2_lap,l3_lap,alg_conn,clustering_c,clustering_r,deg_assort,Q,N.olap,N.temp,N.nodf,H2,H3,H4,H17,cent_between,cent_close,cent_eigen,diam,mean_path_length,deg_het_row,deg_het_col
empirical,Minneapolis_crimes_2016-06-06,crimes,3.221155,2.697354,2.110986,0.09731798246560197,0.11906740520148046,0.15262867751679002,3.1847385816589036,2.8308992672472364,2.1379310344827585,2.6112763826594705,1.41348124762492,5.221154908763859,4.697353542075529,4.11098645134673,-0.6973535420755166,0.16129032258064516,0.5769230769230769,-0.5758652657601975,0.574401664932362,0.06192703802168641,31.02810219855984,19.94797919167667,83,102,116,121,0.5588624338624337,0.27869571376222935,0.6930562325203786,9,3.645320197044335,1.2455775234131112,1.4235171696149844
