randomization,name,type,l1,l2,l3,ipr1,ipr2,ipr3,l1_cm,l1_er,l1_reg,l2_mp,l3_mp,l1_lap,l2_lap,l3_lap,alg_conn,clustering_c,clustering_r,deg_assort,Q,N.olap,N.temp,N.nodf,H2,H3,H4,H17,cent_between,cent_close,cent_eigen,diam,mean_path_length,deg_het_row,deg_het_col
empirical,Minneapolis_crimes_2016-09-03,crimes,4.120152,2.717949,2.690907,0.19174680081850157,0.24686302151564254,0.21580801134587854,3.79412811634838,2.987378811164019,2.196078431372549,2.835307578212275,1.7267178846542834,6.120152316093463,4.717949379245271,4.690907413016146,-0.7179493792452589,0.24820143884892087,0.4,-0.4399572750263105,0.6380739795918366,0.09178476036649004,14.285545401489586,14.476251448082435,207,265,565,1456,0.604565714285714,0.29907045531158194,0.8979884968358378,10,4.3764705882352946,1.3086734693877553,1.732780612244898
