randomization,name,type,l1,l2,l3,ipr1,ipr2,ipr3,l1_cm,l1_er,l1_reg,l2_mp,l3_mp,l1_lap,l2_lap,l3_lap,alg_conn,clustering_c,clustering_r,deg_assort,Q,N.olap,N.temp,N.nodf,H2,H3,H4,H17,cent_between,cent_close,cent_eigen,diam,mean_path_length,deg_het_row,deg_het_col
empirical,Minneapolis_crimes_2016-06-22,crimes,3.653141,3.055353,2.167923,0.1548307307884344,0.0823698297691176,0.10455742178937628,3.6401979406339757,2.9615564662608085,2.2162162162162162,2.6795766160954337,1.5307745825223007,5.653141410628049,5.055352700137231,4.1679228736798555,-1.0553527001372178,0.19197707736389685,0.46153846153846156,-0.5123481872770779,0.5847709696609162,0.10594435431474297,17.471102484104325,17.04785954785955,137,181,287,542,0.5718812463256908,0.28425790649016175,0.8383972563965951,8,3.6066066066066065,1.3010113027959547,1.6359309934562762
