randomization,name,type,l1,l2,l3,ipr1,ipr2,ipr3,l1_cm,l1_er,l1_reg,l2_mp,l3_mp,l1_lap,l2_lap,l3_lap,alg_conn,clustering_c,clustering_r,deg_assort,Q,N.olap,N.temp,N.nodf,H2,H3,H4,H17,cent_between,cent_close,cent_eigen,diam,mean_path_length,deg_het_row,deg_het_col
empirical,Minneapolis_crimes_2016-03-01,crimes,4.10399,2.099756,1.655465,0.20815402141550723,0.1263081575482662,0.16107674505027908,4.3912456662729396,2.7543998221890167,2.2142857142857144,1.8622753596161437,0.987552524172778,6.103990004667393,4.099755604067975,3.655465485684565,-0.09975560406797278,0.6796116504854369,0.23809523809523808,-0.3943724269334149,0.5036420395421436,0.44266048814478137,13.300681802519161,44.022687609075035,135,214,467,1367,0.817136224543632,0.5459502313903741,0.8369171592892772,6,2.828042328042328,1.255983350676379,2.9875130072840785
