randomization,name,type,l1,l2,l3,ipr1,ipr2,ipr3,l1_cm,l1_er,l1_reg,l2_mp,l3_mp,l1_lap,l2_lap,l3_lap,alg_conn,clustering_c,clustering_r,deg_assort,Q,N.olap,N.temp,N.nodf,H2,H3,H4,H17,cent_between,cent_close,cent_eigen,diam,mean_path_length,deg_het_row,deg_het_col
empirical,Minneapolis_crimes_2016-10-18,crimes,3.837466,3.420721,2.555197,0.22539235143637615,0.13277929387546508,0.07781770926152498,3.740110927775554,2.978085627301448,2.2,2.82897336103378,1.7179272507017447,5.837466149777307,5.420720787094653,4.555196561001526,-1.4207207870946517,0.22675736961451248,0.2839506172839506,-0.4979787253860914,0.6462809917355371,0.08779908020678522,15.175216880001447,13.43862007168459,199,234,499,1151,0.48426134523073294,0.20950898617998698,0.9126361202698964,11,4.526530612244898,1.2842975206611573,1.731900826446281
