randomization,name,type,l1,l2,l3,ipr1,ipr2,ipr3,l1_cm,l1_er,l1_reg,l2_mp,l3_mp,l1_lap,l2_lap,l3_lap,alg_conn,clustering_c,clustering_r,deg_assort,Q,N.olap,N.temp,N.nodf,H2,H3,H4,H17,cent_between,cent_close,cent_eigen,diam,mean_path_length,deg_het_row,deg_het_col
empirical,Minneapolis_crimes_2016-09-16,crimes,3.996318,2.904327,2.669845,0.11520476512098622,0.1270036561567697,0.18090104544814656,3.719784940020055,3.3309792757137804,2.3255813953488373,3.03584946139113,1.7821095814380796,5.996317671715431,4.904327445757349,4.669844667340644,-0.9043274457573423,0.2851985559566787,0.5161290322580645,-0.5464628628186735,0.5636,0.042449837834063385,34.693300457924074,16.80944404562495,184,281,406,752,0.490945147988453,0.2960583609950439,0.8219108757532885,8,3.625692137320044,1.2511999999999999,1.3536000000000001
