randomization,name,type,l1,l2,l3,ipr1,ipr2,ipr3,l1_cm,l1_er,l1_reg,l2_mp,l3_mp,l1_lap,l2_lap,l3_lap,alg_conn,clustering_c,clustering_r,deg_assort,Q,N.olap,N.temp,N.nodf,H2,H3,H4,H17,cent_between,cent_close,cent_eigen,diam,mean_path_length,deg_het_row,deg_het_col
empirical,Minneapolis_crimes_2016-05-24,crimes,3.408338,2.765499,1.973416,0.15808698730609058,0.13646981877266148,0.15837812481771152,3.211120484478933,2.7224505218322186,2.0625,2.580965080148597,1.4274997517666794,5.40833756087352,4.7654993749325865,3.973416370967829,-0.7654993749325951,0.18660287081339713,0.17857142857142858,-0.4716461736098368,0.5987144168962348,0.0910754326411766,22.654174471261108,20.337782171692208,94,112,168,250,0.6211816394958956,0.2910614967746092,0.8317417392938999,8,3.7963709677419355,1.2038567493112948,1.6280991735537191
