randomization,name,type,l1,l2,l3,ipr1,ipr2,ipr3,l1_cm,l1_er,l1_reg,l2_mp,l3_mp,l1_lap,l2_lap,l3_lap,alg_conn,clustering_c,clustering_r,deg_assort,Q,N.olap,N.temp,N.nodf,H2,H3,H4,H17,cent_between,cent_close,cent_eigen,diam,mean_path_length,deg_het_row,deg_het_col
empirical,San_Francisco_crimes_2016-07-01,crimes,9.9848,2.665738,2.585759,0.046202931049902814,0.08422577738853562,0.07537175418073128,10.180454646268688,8.566861216986716,7.222222222222222,2.6303929083978907,1.4938255305831858,11.98480031242865,4.665738097473769,4.58575942491328,-0.6657380974737707,1,0.9718222076431031,-0.6623456172429574,0.1896694214876033,0.34306138447682566,20.338665191242953,70.98492577904342,1257,10474,4478,12508,0.234411615165572,0.26701504009349974,0.49492658072317836,4,2.168253968253968,1.0662721893491123,1.4953846153846155
