randomization,name,type,l1,l2,l3,ipr1,ipr2,ipr3,l1_cm,l1_er,l1_reg,l2_mp,l3_mp,l1_lap,l2_lap,l3_lap,alg_conn,clustering_c,clustering_r,deg_assort,Q,N.olap,N.temp,N.nodf,H2,H3,H4,H17,cent_between,cent_close,cent_eigen,diam,mean_path_length,deg_het_row,deg_het_col
empirical,San_Francisco_crimes_2016-01-29,crimes,9.455141,2.751169,2.390429,0.048150476189187774,0.08176491994845163,0.09346276675394312,9.561506878787645,8.446796696465555,7.483870967741935,2.6495563823528103,1.4692214777758816,11.455141029250631,4.751169107638562,4.390428604480889,-0.7511691076385604,1,0.97513720666162,-0.5730420567692094,0.20943753380205518,0.27111699792582145,22.061484832026093,74.42568216097628,1026,8277,3147,7184,0.15198270142126305,0.2425930229302138,0.4313404448802282,4,2.0688172043010753,1.050832342449465,1.3577586206896552
