randomization,name,type,l1,l2,l3,ipr1,ipr2,ipr3,l1_cm,l1_er,l1_reg,l2_mp,l3_mp,l1_lap,l2_lap,l3_lap,alg_conn,clustering_c,clustering_r,deg_assort,Q,N.olap,N.temp,N.nodf,H2,H3,H4,H17,cent_between,cent_close,cent_eigen,diam,mean_path_length,deg_het_row,deg_het_col
empirical,San_Francisco_crimes_2016-02-01,crimes,9.634338,3.003629,2.875441,0.046416257975003164,0.0757519239580493,0.060406343412859456,9.730022453154252,8.376845817327155,6.972972972972973,2.9802906856784803,1.7200310068359999,11.634338277408894,5.003629148565138,4.875441214057871,-1.003629148565146,1,0.9478751781342493,-0.6363591930895834,0.23303744515865724,0.17228202443888718,28.048359768100536,65.82549939167586,1193,9519,4073,10787,0.18267065266174082,0.25032661418587765,0.5003072719581573,4,2.24024024024024,1.0438074634937804,1.4716062736614388
