randomization,name,type,l1,l2,l3,ipr1,ipr2,ipr3,l1_cm,l1_er,l1_reg,l2_mp,l3_mp,l1_lap,l2_lap,l3_lap,alg_conn,clustering_c,clustering_r,deg_assort,Q,N.olap,N.temp,N.nodf,H2,H3,H4,H17,cent_between,cent_close,cent_eigen,diam,mean_path_length,deg_het_row,deg_het_col
empirical,San_Francisco_crimes_2016-12-09,crimes,8.931251,2.960101,2.454729,0.04928432112905241,0.0717736206419276,0.08674783958707528,8.9986157975657175,7.840612462012843,6.8125,2.8027182669411483,1.5719799378737471,10.931250830711194,4.960101393469941,4.454729123706868,-0.9601013934699352,1,0.9551878769135611,-0.5078821335567769,0.210958212346926,0.15232953724348652,28.343465931053462,67.59981865960127,898,6831,2539,5248,0.1462229585944582,0.26900112095856643,0.46117891507101483,4,2.2096774193548385,1.0394747916842015,1.4424711724602308
