randomization,name,type,l1,l2,l3,ipr1,ipr2,ipr3,l1_cm,l1_er,l1_reg,l2_mp,l3_mp,l1_lap,l2_lap,l3_lap,alg_conn,clustering_c,clustering_r,deg_assort,Q,N.olap,N.temp,N.nodf,H2,H3,H4,H17,cent_between,cent_close,cent_eigen,diam,mean_path_length,deg_het_row,deg_het_col
empirical,San_Francisco_crimes_2016-01-07,crimes,9.808849,2.745779,2.546142,0.0454035767205401,0.06982862018797789,0.10503240731982316,9.92211086531836,8.434856112266205,7.027027027027027,2.857290017052697,1.64195051206373,11.808848820544128,4.745779464960436,4.54614205287644,-0.7457794649604483,1,0.9601132134807904,-0.6782465121948524,0.26203124999999994,0.13222647419672823,26.051492212189764,66.50480306730307,1219,10018,4098,10364,0.19020322037603138,0.24988050642289827,0.46948472390941287,4,2.2432432432432434,1.0319526627218936,1.5241420118343196
