randomization,name,type,l1,l2,l3,ipr1,ipr2,ipr3,l1_cm,l1_er,l1_reg,l2_mp,l3_mp,l1_lap,l2_lap,l3_lap,alg_conn,clustering_c,clustering_r,deg_assort,Q,N.olap,N.temp,N.nodf,H2,H3,H4,H17,cent_between,cent_close,cent_eigen,diam,mean_path_length,deg_het_row,deg_het_col
empirical,San_Francisco_crimes_2016-09-25,crimes,9.6026,2.667704,2.356578,0.04844339367534006,0.058175498734962694,0.09112726538641107,9.862721733882589,8.271828892740059,6.944444444444445,2.697806639461325,1.5355290378856343,11.602599926862537,4.667703673906395,4.356578306604266,-0.6677036739063905,1,0.9710064223929911,-0.6432114598845755,0.2044321329639889,0.3593651411788667,14.858727178492744,74.51706893618659,1183,9254,4344,12927,0.22217249635746253,0.3198337390108535,0.5384387554823565,4,2.184126984126984,1.1168,1.4493440000000002
