randomization,name,type,l1,l2,l3,ipr1,ipr2,ipr3,l1_cm,l1_er,l1_reg,l2_mp,l3_mp,l1_lap,l2_lap,l3_lap,alg_conn,clustering_c,clustering_r,deg_assort,Q,N.olap,N.temp,N.nodf,H2,H3,H4,H17,cent_between,cent_close,cent_eigen,diam,mean_path_length,deg_het_row,deg_het_col
empirical,San_Francisco_crimes_2016-06-06,crimes,8.558558,2.595487,2.499594,0.05087394535424937,0.07837461996840184,0.08476313083396028,8.695636695700312,7.511069093479302,6.424242424242424,2.8925577934841087,1.6360946938616752,10.558557565243229,4.595486912288067,4.499593687791547,-0.5954869122880485,1,0.9497444633730835,-0.5183900069396252,0.2442867036011081,0.17491051641489083,24.873047080545327,65.04582013810202,848,6037,2459,5530,0.18323299706564994,0.27575961198637156,0.5161393609025717,4,2.234848484848485,1.067995728017088,1.4492702029191884
