randomization,name,type,l1,l2,l3,ipr1,ipr2,ipr3,l1_cm,l1_er,l1_reg,l2_mp,l3_mp,l1_lap,l2_lap,l3_lap,alg_conn,clustering_c,clustering_r,deg_assort,Q,N.olap,N.temp,N.nodf,H2,H3,H4,H17,cent_between,cent_close,cent_eigen,diam,mean_path_length,deg_het_row,deg_het_col
empirical,San_Francisco_crimes_2016-09-04,crimes,9.373276,3.025304,2.465804,0.04736730373144989,0.06004242354476334,0.10278735671603358,9.530457265771972,8.225874789651435,6.9714285714285715,2.882122516591027,1.6440483790585017,11.373275577880783,5.025304283311618,4.465803547282953,-1.0253042833116128,1,0.9625931445603577,-0.63811087931111,0.19492502883506338,0.23789550243483992,20.872436207010363,71.29008954008954,1100,8504,3678,9698,0.19417551039433908,0.2664917665313015,0.49286419465927656,4,2.1949579831932775,1.073636119322763,1.420988981456598
