randomization,name,type,l1,l2,l3,ipr1,ipr2,ipr3,l1_cm,l1_er,l1_reg,l2_mp,l3_mp,l1_lap,l2_lap,l3_lap,alg_conn,clustering_c,clustering_r,deg_assort,Q,N.olap,N.temp,N.nodf,H2,H3,H4,H17,cent_between,cent_close,cent_eigen,diam,mean_path_length,deg_het_row,deg_het_col
empirical,San_Francisco_crimes_2016-04-30,crimes,9.226485,2.9605070000000002,2.55175,0.04850200835291088,0.09583606831189792,0.08524110951040373,9.332556099334267,8.045288026771205,6.8,2.915814032501378,1.6653666060977736,11.22648482953196,4.960506738636408,4.551750192887819,-0.9605067386364236,1,0.9499763816721776,-0.6053534348404894,0.2539657106232976,0.18118777357907795,23.656640820779618,64.90281698977351,1041,7987,3305,7936,0.18279282159093424,0.2568982947634872,0.48460001306763156,4,2.2218487394957984,1.0557164042087421,1.4564649389167432
