randomization,name,type,l1,l2,l3,ipr1,ipr2,ipr3,l1_cm,l1_er,l1_reg,l2_mp,l3_mp,l1_lap,l2_lap,l3_lap,alg_conn,clustering_c,clustering_r,deg_assort,Q,N.olap,N.temp,N.nodf,H2,H3,H4,H17,cent_between,cent_close,cent_eigen,diam,mean_path_length,deg_het_row,deg_het_col
empirical,San_Francisco_crimes_2016-08-11,crimes,9.526474,2.791651,2.421673,0.04666123051347533,0.09396170968407806,0.0702310122523319,9.65351887339108,8.346124627989408,7.085714285714285,2.8653930433562294,1.633491051117036,11.52647392497023,4.791650812631885,4.42167300447995,-0.7916508126319058,1,0.9674195482710374,-0.6415261145619254,0.20540968764146672,0.2028289772492671,22.7128735829336,70.08626639061421,1131,8964,3764,9696,0.16171130999903147,0.23955354234621046,0.4798218021770912,4,2.1848739495798317,1.0613943808532775,1.4275494276795004
