randomization,name,type,l1,l2,l3,ipr1,ipr2,ipr3,l1_cm,l1_er,l1_reg,l2_mp,l3_mp,l1_lap,l2_lap,l3_lap,alg_conn,clustering_c,clustering_r,deg_assort,Q,N.olap,N.temp,N.nodf,H2,H3,H4,H17,cent_between,cent_close,cent_eigen,diam,mean_path_length,deg_het_row,deg_het_col
empirical,San_Francisco_crimes_2016-12-19,crimes,9.500352,3.171185,2.41913,0.04817401003694633,0.06590398573165339,0.10877489867762058,9.796770347475338,8.303656102236653,7.117647058823529,2.6029712131925025,1.4632703459178982,11.500351947380642,5.171185382693027,4.419130039000393,-1.1711853826930192,1,0.981939001533481,-0.6067614570563495,0.24284506702089123,0.2772574588632363,18.14395515962031,70.91449049392975,1117,8753,3921,11357,0.2639074847944861,0.4197837460452564,0.5300688763187146,4,2.106951871657754,1.0894064613072878,1.4441636500239052
