randomization,name,type,l1,l2,l3,ipr1,ipr2,ipr3,l1_cm,l1_er,l1_reg,l2_mp,l3_mp,l1_lap,l2_lap,l3_lap,alg_conn,clustering_c,clustering_r,deg_assort,Q,N.olap,N.temp,N.nodf,H2,H3,H4,H17,cent_between,cent_close,cent_eigen,diam,mean_path_length,deg_het_row,deg_het_col
empirical,San_Francisco_crimes_2016-05-20,crimes,9.23214,3.095384,2.645062,0.04731000937330596,0.06817452970023684,0.06652897711050795,9.294402496343803,7.970007811028544,6.594594594594595,3.035664071018219,1.7554999281319343,11.232140412007453,5.0953837309755405,4.64506186700712,-1.0953837309755359,1,0.9350048520683352,-0.6235881307895357,0.27290303390838794,0.12123681005683808,28.157209697865145,60.86186961186961,1065,8195,3333,7732,0.12786351101682444,0.28234387229101704,0.49167395596608504,4,2.3273273273273274,1.033324375167966,1.516527815103467
