randomization,name,type,l1,l2,l3,ipr1,ipr2,ipr3,l1_cm,l1_er,l1_reg,l2_mp,l3_mp,l1_lap,l2_lap,l3_lap,alg_conn,clustering_c,clustering_r,deg_assort,Q,N.olap,N.temp,N.nodf,H2,H3,H4,H17,cent_between,cent_close,cent_eigen,diam,mean_path_length,deg_het_row,deg_het_col
empirical,San_Francisco_crimes_2016-10-12,crimes,9.859143,2.922714,2.507985,0.04584706204069934,0.08386841754885511,0.07172836991467844,9.932301946568833,8.792751897101105,7.588235294117647,2.866632707576502,1.6271344015085822,11.859142787275912,4.922714419543469,4.507984969908244,-0.9227144195434684,1,0.9726388113839286,-0.6579468519308652,0.22143668728695876,0.17181286608856702,25.765477246988546,69.60587526008086,1208,10045,4010,9985,0.11566911298638516,0.2179304034764057,0.4386652803546406,4,2.121212121212121,1.0329908058409951,1.37732107445466
