randomization,name,type,l1,l2,l3,ipr1,ipr2,ipr3,l1_cm,l1_er,l1_reg,l2_mp,l3_mp,l1_lap,l2_lap,l3_lap,alg_conn,clustering_c,clustering_r,deg_assort,Q,N.olap,N.temp,N.nodf,H2,H3,H4,H17,cent_between,cent_close,cent_eigen,diam,mean_path_length,deg_het_row,deg_het_col
empirical,San_Francisco_crimes_2016-06-29,crimes,9.159378,2.561453,2.541537,0.04907505472359973,0.09016139239790204,0.0793331948567812,9.40421246385102,8.012691655103506,6.909090909090909,2.6529746114673642,1.486736359594256,11.159378179250353,4.561452567967431,4.54153736249429,-0.5614525679674417,1,0.974297928986509,-0.631875802758697,0.21321865097329107,0.37238242730008725,19.615053600761986,74.54221021335115,1002,7616,3230,8035,0.1681579669139467,0.2288996908018497,0.47186059136121317,4,2.121212121212121,1.0972606955986457,1.4264389042782395
