randomization,name,type,l1,l2,l3,ipr1,ipr2,ipr3,l1_cm,l1_er,l1_reg,l2_mp,l3_mp,l1_lap,l2_lap,l3_lap,alg_conn,clustering_c,clustering_r,deg_assort,Q,N.olap,N.temp,N.nodf,H2,H3,H4,H17,cent_between,cent_close,cent_eigen,diam,mean_path_length,deg_het_row,deg_het_col
empirical,San_Francisco_crimes_2016-06-28,crimes,9.853596,3.105895,2.364209,0.046034020142103144,0.0682236111506222,0.0709693730984228,9.962390815925199,8.706251579643638,7.428571428571429,2.862657247238287,1.631766362418525,11.853596457258382,5.105894619522795,4.364209280928988,-1.1058946195228039,1,0.9674675346464884,-0.6657779301326124,0.19223140495867758,0.18384175963982177,23.479587238596856,70.2305094261616,1234,10100,4301,11702,0.17869289884000245,0.2542192449391774,0.49389648434189315,4,2.1714285714285713,1.0603550295857989,1.3846153846153844
