randomization,name,type,l1,l2,l3,ipr1,ipr2,ipr3,l1_cm,l1_er,l1_reg,l2_mp,l3_mp,l1_lap,l2_lap,l3_lap,alg_conn,clustering_c,clustering_r,deg_assort,Q,N.olap,N.temp,N.nodf,H2,H3,H4,H17,cent_between,cent_close,cent_eigen,diam,mean_path_length,deg_het_row,deg_het_col
empirical,San_Francisco_crimes_2016-06-02,crimes,9.163328,2.789369,2.427089,0.049224577042677235,0.0754875284218041,0.08383632556115701,9.340105749367355,8.26273007685739,7.151515151515151,2.910423955074319,1.647393074154051,11.163328060047288,4.789369267745873,4.427088613980173,-0.7893692677458776,1,0.9752993128202706,-0.5930288592184655,0.21410123966942152,0.2105088581664212,21.141252584403087,70.2055914432543,1043,7832,3505,9535,0.1640416102642668,0.29848616140943907,0.506846323333496,4,2.1136363636363638,1.0959494398161447,1.3148520540074693
