randomization,name,type,l1,l2,l3,ipr1,ipr2,ipr3,l1_cm,l1_er,l1_reg,l2_mp,l3_mp,l1_lap,l2_lap,l3_lap,alg_conn,clustering_c,clustering_r,deg_assort,Q,N.olap,N.temp,N.nodf,H2,H3,H4,H17,cent_between,cent_close,cent_eigen,diam,mean_path_length,deg_het_row,deg_het_col
empirical,San_Francisco_crimes_2016-07-22,crimes,9.25239,2.889995,2.540692,0.04743762172466215,0.09521402956678016,0.09562293706514491,9.39880936075954,8.181120739678487,7,2.8813771199182003,1.636433883861028,11.252390468996776,4.889995075355182,4.540692403417894,-0.8899950753551908,1,0.9628354310140109,-0.6232456200681354,0.22219416740310566,0.20811058965264573,24.646573200097937,70.57480249069035,1046,8052,3327,8206,0.258594187171019,0.2830852948337474,0.47486291930296776,4,2.156862745098039,1.0528917449332673,1.4219334792740628
