randomization,name,type,l1,l2,l3,ipr1,ipr2,ipr3,l1_cm,l1_er,l1_reg,l2_mp,l3_mp,l1_lap,l2_lap,l3_lap,alg_conn,clustering_c,clustering_r,deg_assort,Q,N.olap,N.temp,N.nodf,H2,H3,H4,H17,cent_between,cent_close,cent_eigen,diam,mean_path_length,deg_het_row,deg_het_col
empirical,San_Francisco_crimes_2016-03-20,crimes,9.32795,2.681125,2.450052,0.04621741268113375,0.10280846497161639,0.10100627645800883,9.39102983076911,8.641688007924005,7.67741935483871,2.966465094554029,1.6673463679590237,11.327950026194872,4.681125025616266,4.45005175577778,-0.6811250256162704,1,0.9779416881219122,-0.6402845709204064,0.15663664674690678,0.13320855614973262,32.52096719512259,68.67842288430525,1041,8199,3161,7160,0.11746448614467823,0.206249951055826,0.40997988985703915,4,2.0344086021505374,1.0387684485558928,1.2590212555610478
