randomization,name,type,l1,l2,l3,ipr1,ipr2,ipr3,l1_cm,l1_er,l1_reg,l2_mp,l3_mp,l1_lap,l2_lap,l3_lap,alg_conn,clustering_c,clustering_r,deg_assort,Q,N.olap,N.temp,N.nodf,H2,H3,H4,H17,cent_between,cent_close,cent_eigen,diam,mean_path_length,deg_het_row,deg_het_col
empirical,San_Francisco_crimes_2016-05-17,crimes,9.154607,3.438407,2.641263,0.04780685569590359,0.08471762512734037,0.0890902560580296,9.2650445756377,7.966435833918561,6.526315789473684,3.1208302204313543,1.8169852957914348,11.15460656452694,5.438407436128208,4.641262766356475,-1.4384074361282189,1,0.9426087333593512,-0.6722572981627093,0.2570167496604799,0.1331618394620224,25.12011666312852,59.941390366922285,1102,8114,3730,9864,0.24707192878330247,0.2738605961164203,0.5584312143010111,4,2.3044096728307255,1.0757023933402705,1.4531737773152964
