randomization,name,type,l1,l2,l3,ipr1,ipr2,ipr3,l1_cm,l1_er,l1_reg,l2_mp,l3_mp,l1_lap,l2_lap,l3_lap,alg_conn,clustering_c,clustering_r,deg_assort,Q,N.olap,N.temp,N.nodf,H2,H3,H4,H17,cent_between,cent_close,cent_eigen,diam,mean_path_length,deg_het_row,deg_het_col
empirical,San_Francisco_crimes_2016-05-14,crimes,9.194494,2.839821,2.692996,0.049151123366495617,0.06866260051454469,0.10013753955313473,9.45797555538112,7.687884137512974,6.15,2.889036550269543,1.6808614219256424,11.194494275085454,4.83982071302552,4.692996263389547,-0.8398207130255141,1,0.9406540950824607,-0.6207448876448182,0.23715713073805264,0.3195840395200555,22.903861520750414,65.4359037952788,1119,8233,4066,12119,0.21275469135463212,0.27533182801723605,0.5795139079240026,4,2.3435897435897437,1.1084671822327976,1.6002379535990483
