randomization,name,type,l1,l2,l3,ipr1,ipr2,ipr3,l1_cm,l1_er,l1_reg,l2_mp,l3_mp,l1_lap,l2_lap,l3_lap,alg_conn,clustering_c,clustering_r,deg_assort,Q,N.olap,N.temp,N.nodf,H2,H3,H4,H17,cent_between,cent_close,cent_eigen,diam,mean_path_length,deg_het_row,deg_het_col
empirical,San_Francisco_crimes_2016-02-08,crimes,9.382244,3.117803,2.423053,0.04841083206578066,0.06954973872348875,0.10184847368740088,9.570687308420203,8.24240244513897,7.0588235294117645,2.773136141159383,1.5685084689873927,11.382244217675083,5.1178027872717315,4.423052588341188,-1.1178027872717302,1,0.9726513206561942,-0.6316091193720524,0.20890000000000003,0.3453088007190447,20.279242450054316,73.89570277420745,1086,8396,3670,9795,0.2141870286448947,0.22324047955438742,0.49214638377403797,4,2.124777183600713,1.0930555555555557,1.3966666666666665
