randomization,name,type,l1,l2,l3,ipr1,ipr2,ipr3,l1_cm,l1_er,l1_reg,l2_mp,l3_mp,l1_lap,l2_lap,l3_lap,alg_conn,clustering_c,clustering_r,deg_assort,Q,N.olap,N.temp,N.nodf,H2,H3,H4,H17,cent_between,cent_close,cent_eigen,diam,mean_path_length,deg_het_row,deg_het_col
empirical,San_Francisco_crimes_2016-04-21,crimes,9.867102,2.945947,2.580133,0.04599059496222952,0.08310208965692724,0.08253253749466018,9.99308636748072,8.706251579643638,7.428571428571429,2.8340022734576915,1.6137314603785866,11.867101556695497,4.945947171686918,4.580132642041858,-0.945947171686929,1,0.9694200944032367,-0.6582621379454054,0.19320000000000004,0.2662381887808249,23.31703340152022,73.93131016468612,1235,10153,4299,11679,0.2245811180039216,0.23746769693788541,0.4633223467992481,4,2.127731092436975,1.055621301775148,1.3994082840236686
