randomization,name,type,l1,l2,l3,ipr1,ipr2,ipr3,l1_cm,l1_er,l1_reg,l2_mp,l3_mp,l1_lap,l2_lap,l3_lap,alg_conn,clustering_c,clustering_r,deg_assort,Q,N.olap,N.temp,N.nodf,H2,H3,H4,H17,cent_between,cent_close,cent_eigen,diam,mean_path_length,deg_het_row,deg_het_col
empirical,San_Francisco_crimes_2016-09-10,crimes,9.672097,3.129693,2.497491,0.04584910960919938,0.07277497403203594,0.08278510533381564,9.79616474698134,8.586308295733266,7.314285714285714,2.921828919183179,1.6691805627644536,11.672096700563433,5.129692547605149,4.497491455950943,-1.1296925476051503,1,0.9672370123362306,-0.673644886163389,0.21022490628904625,0.22184634251059374,24.73635432492254,71.27783528870485,1190,9570,4030,10505,0.17221244087041113,0.22549173155283228,0.45137631618018126,4,2.1478991596638655,1.0522460937499998,1.3916015624999998
