randomization,name,type,l1,l2,l3,ipr1,ipr2,ipr3,l1_cm,l1_er,l1_reg,l2_mp,l3_mp,l1_lap,l2_lap,l3_lap,alg_conn,clustering_c,clustering_r,deg_assort,Q,N.olap,N.temp,N.nodf,H2,H3,H4,H17,cent_between,cent_close,cent_eigen,diam,mean_path_length,deg_het_row,deg_het_col
empirical,San_Francisco_crimes_2016-05-15,crimes,9.369144,2.482166,2.32988,0.048720223876111676,0.08316852132168918,0.0855008934386046,9.467411828709038,8.316737147655086,7.354838709677419,2.638241235121524,1.4622833658264474,11.369143777874562,4.482166465116759,4.329879807644596,-0.4821664651167731,1,0.9702382475625048,-0.5206891421851659,0.248291015625,0.1370556578497755,27.671145935143173,68.52146763911469,991,7970,2954,6442,0.1277079767948911,0.22966488686926687,0.4178715164305284,4,2.098924731182796,1.0326254232071406,1.4025854108956601
