randomization,name,type,l1,l2,l3,ipr1,ipr2,ipr3,l1_cm,l1_er,l1_reg,l2_mp,l3_mp,l1_lap,l2_lap,l3_lap,alg_conn,clustering_c,clustering_r,deg_assort,Q,N.olap,N.temp,N.nodf,H2,H3,H4,H17,cent_between,cent_close,cent_eigen,diam,mean_path_length,deg_het_row,deg_het_col
empirical,San_Francisco_crimes_2016-08-03,crimes,8.770753,2.871682,2.764872,0.04967344792349981,0.09492522606340378,0.06944295153250561,8.927282455916997,7.562338246471679,6.342857142857143,2.8882760338213855,1.6479363173774848,10.770752692237444,4.871682219128721,4.764872178710961,-0.8716822191287158,1,0.945493178948665,-0.5690163377565455,0.25849718030787994,0.19463730655509145,24.437531584203064,65.16516977386543,919,6673,2778,6494,0.21104801925337205,0.2784969793517275,0.5246557367823105,4,2.2756302521008402,1.064037009982956,1.5197630062494925
