randomization,name,type,l1,l2,l3,ipr1,ipr2,ipr3,l1_cm,l1_er,l1_reg,l2_mp,l3_mp,l1_lap,l2_lap,l3_lap,alg_conn,clustering_c,clustering_r,deg_assort,Q,N.olap,N.temp,N.nodf,H2,H3,H4,H17,cent_between,cent_close,cent_eigen,diam,mean_path_length,deg_het_row,deg_het_col
empirical,San_Francisco_crimes_2016-08-05,crimes,9.562144,2.673056,2.592045,0.0474870321595734,0.0940212279112022,0.11722653237586453,9.68352069608902,8.574651353825399,7.454545454545454,2.836979029695559,1.601093510360059,11.562143636951884,4.673056452013599,4.592045257074404,-0.6730564520135943,1,0.978067779463834,-0.6237292969625353,0.20973522950630125,0.24426239635821373,25.567812329587657,70.96127865423168,1121,8972,3697,9329,0.12059087667866746,0.20640858563118014,0.44497127860161817,4,2.071969696969697,1.0595544979840041,1.3454293079516162
