randomization,name,type,l1,l2,l3,ipr1,ipr2,ipr3,l1_cm,l1_er,l1_reg,l2_mp,l3_mp,l1_lap,l2_lap,l3_lap,alg_conn,clustering_c,clustering_r,deg_assort,Q,N.olap,N.temp,N.nodf,H2,H3,H4,H17,cent_between,cent_close,cent_eigen,diam,mean_path_length,deg_het_row,deg_het_col
empirical,San_Francisco_crimes_2016-07-30,crimes,9.086861,2.651602,2.215632,0.04995735616332755,0.07542107279194472,0.0844701257915353,9.191886835904462,7.840612462012843,6.8125,2.6210301400326568,1.4595841869098385,11.086860757559533,4.651602070058037,4.21563227522494,-0.6516020700580611,1,0.9596724122638441,-0.5107312879137685,0.2083070319404116,0.2935145235869874,23.554713849777364,69.33151992934602,917,7126,2650,5539,0.16202110872081235,0.26202537028655487,0.45070944545384817,4,2.1975806451612905,1.0495749516034003,1.4906152680750784
