randomization,name,type,l1,l2,l3,ipr1,ipr2,ipr3,l1_cm,l1_er,l1_reg,l2_mp,l3_mp,l1_lap,l2_lap,l3_lap,alg_conn,clustering_c,clustering_r,deg_assort,Q,N.olap,N.temp,N.nodf,H2,H3,H4,H17,cent_between,cent_close,cent_eigen,diam,mean_path_length,deg_het_row,deg_het_col
empirical,San_Francisco_crimes_2016-07-18,crimes,9.540691,2.73872,2.304993,0.04722855700761347,0.07341504344180837,0.10115914488020321,9.633144446646092,8.478339195784306,7.4375,2.710059957711806,1.514374907107365,11.540690616479004,4.7387200188900565,4.304993267074026,-0.7387200188900555,1,0.9706793908448349,-0.5882091719775806,0.21022272071783377,0.1965396888244542,26.099778689522818,72.53082364495408,1062,8654,3272,7430,0.12662138983998728,0.22627396074975936,0.40774198389469235,4,2.1088709677419355,1.0345314596426805,1.3935456535555397
