randomization,name,type,l1,l2,l3,ipr1,ipr2,ipr3,l1_cm,l1_er,l1_reg,l2_mp,l3_mp,l1_lap,l2_lap,l3_lap,alg_conn,clustering_c,clustering_r,deg_assort,Q,N.olap,N.temp,N.nodf,H2,H3,H4,H17,cent_between,cent_close,cent_eigen,diam,mean_path_length,deg_het_row,deg_het_col
empirical,San_Francisco_crimes_2016-06-12,crimes,9.085466,2.907294,2.330468,0.04861746897481548,0.09078168623288331,0.09639443216039956,9.194383634704181,8.251665714608707,7.290322580645162,2.8513219006090416,1.5944835446788692,11.085466085581379,4.907294410049593,4.330467639187848,-0.907294410049597,1,0.9748468762760311,-0.5672847106540144,0.21106111191754973,0.17691763574116517,21.01812623804091,70.72039724980903,962,7358,2898,6699,0.18724257653916324,0.30534478382530855,0.4636518433560282,4,2.07741935483871,1.0580311692379982,1.314041820032892
