randomization,name,type,l1,l2,l3,ipr1,ipr2,ipr3,l1_cm,l1_er,l1_reg,l2_mp,l3_mp,l1_lap,l2_lap,l3_lap,alg_conn,clustering_c,clustering_r,deg_assort,Q,N.olap,N.temp,N.nodf,H2,H3,H4,H17,cent_between,cent_close,cent_eigen,diam,mean_path_length,deg_het_row,deg_het_col
empirical,San_Francisco_crimes_2016-11-01,crimes,10.229406000000001,3.331353,2.683752,0.044135520821003346,0.060052008049469995,0.0831804981147568,10.317794956171209,9.33124140271285,7.944444444444445,3.0971647448635733,1.7884029527822443,12.229405528963133,5.331352891172151,4.683752049294553,-1.3313528911721646,1,0.9760141272724963,-0.7239678237445168,0.20166027096875247,0.16344014780731742,26.259169328029394,69.75035757388699,1438,12021,5464,16400,0.10353865912239693,0.23611291788849256,0.469447189349699,4,2.088888888888889,1.0509071348232186,1.2879847425301971
