randomization,name,type,l1,l2,l3,ipr1,ipr2,ipr3,l1_cm,l1_er,l1_reg,l2_mp,l3_mp,l1_lap,l2_lap,l3_lap,alg_conn,clustering_c,clustering_r,deg_assort,Q,N.olap,N.temp,N.nodf,H2,H3,H4,H17,cent_between,cent_close,cent_eigen,diam,mean_path_length,deg_het_row,deg_het_col
empirical,San_Francisco_crimes_2016-02-03,crimes,9.780288,2.81321,2.446676,0.04628124273922951,0.07902579158648385,0.0818259399655651,9.867687253235209,8.792751897101105,7.588235294117647,2.9264301089529963,1.6649428600718352,11.780288266091972,4.813209648053008,4.446675578907061,-0.8132096480530021,1,0.969564681652555,-0.6419697676923639,0.24531325108155738,0.13232203933138512,27.512618870444282,68.08868053026931,1205,9870,4070,10488,0.12466382800322319,0.21289872466322818,0.4630579189371603,4,2.1033868092691623,1.0414037617931615,1.3484766540472328
