randomization,name,type,l1,l2,l3,ipr1,ipr2,ipr3,l1_cm,l1_er,l1_reg,l2_mp,l3_mp,l1_lap,l2_lap,l3_lap,alg_conn,clustering_c,clustering_r,deg_assort,Q,N.olap,N.temp,N.nodf,H2,H3,H4,H17,cent_between,cent_close,cent_eigen,diam,mean_path_length,deg_het_row,deg_het_col
empirical,San_Francisco_crimes_2016-07-02,crimes,8.983223,2.67696,2.586607,0.049002948042358725,0.07397792783545462,0.08285808142715018,9.02169827074354,7.689768944022466,6.529411764705882,2.8314489312609012,1.6050036937132848,10.983223309337099,4.676959926192489,4.586607276815957,-0.6769599261924846,1,0.9416248153618907,-0.505599800895969,0.22098780340538585,0.16746379615538493,30.1555310890619,63.88512231970176,919,7023,2616,5396,0.15215133144344783,0.2898607335362916,0.4697953432287453,4,2.303030303030303,1.0315721126531938,1.5368882395909422
