randomization,name,type,l1,l2,l3,ipr1,ipr2,ipr3,l1_cm,l1_er,l1_reg,l2_mp,l3_mp,l1_lap,l2_lap,l3_lap,alg_conn,clustering_c,clustering_r,deg_assort,Q,N.olap,N.temp,N.nodf,H2,H3,H4,H17,cent_between,cent_close,cent_eigen,diam,mean_path_length,deg_het_row,deg_het_col
empirical,San_Francisco_crimes_2016-05-31,crimes,9.006436,3.105251,2.821147,0.046987889070043455,0.073673685799442,0.07345052593362363,9.02858047262843,8.035313845005941,6.722222222222223,3.2194092140999633,1.8679749203964635,11.006436053915127,5.105251076105574,4.821146963598898,-1.105251076105588,1,0.9403908715113861,-0.6518549611241519,0.24513947590870672,0.07420636498558579,34.462819921507695,60.14774864774864,1028,7630,3133,7083,0.148841872665703,0.2679901723968897,0.461224761563444,4,2.2603174603174603,1.0279352503244314,1.4082371422717026
