randomization,name,type,l1,l2,l3,ipr1,ipr2,ipr3,l1_cm,l1_er,l1_reg,l2_mp,l3_mp,l1_lap,l2_lap,l3_lap,alg_conn,clustering_c,clustering_r,deg_assort,Q,N.olap,N.temp,N.nodf,H2,H3,H4,H17,cent_between,cent_close,cent_eigen,diam,mean_path_length,deg_het_row,deg_het_col
empirical,San_Francisco_crimes_2016-07-04,crimes,8.652914,3.091919,2.85249,0.049675046848614096,0.13908637976004462,0.06485589403615385,8.799238194172489,7.39200153556353,6,3.055305565320593,1.7746585296516564,10.652914130305586,5.091919090265716,4.852490499058547,-1.0919190902657094,1,0.9141328071276945,-0.6093442313398617,0.2674319727891155,0.12691152962669175,27.312768557840894,58.901962891324594,942,6595,2931,6994,0.24300313880305702,0.2999766605710108,0.4922396885453023,4,2.375533428165007,1.0664819944598336,1.564173591874423
