randomization,name,type,l1,l2,l3,ipr1,ipr2,ipr3,l1_cm,l1_er,l1_reg,l2_mp,l3_mp,l1_lap,l2_lap,l3_lap,alg_conn,clustering_c,clustering_r,deg_assort,Q,N.olap,N.temp,N.nodf,H2,H3,H4,H17,cent_between,cent_close,cent_eigen,diam,mean_path_length,deg_het_row,deg_het_col
empirical,San_Francisco_crimes_2016-05-09,crimes,8.762471,2.9125,2.466436,0.050737654908013664,0.07338882897519543,0.06810719210876474,8.94578626542807,7.636685385167293,6.545454545454547,2.775330985819231,1.562524028959214,10.762471238868144,4.912500426407737,4.466436004116216,-0.9125004264077275,1,0.9575782934758119,-0.5440916900049431,0.25324394463667815,0.21362905311371275,22.063083063525955,68.67391277626177,892,6511,2683,6267,0.21732887532266038,0.2866827492744333,0.5172922721200688,4,2.2045454545454546,1.0785322359396432,1.463134430727023
