randomization,name,type,l1,l2,l3,ipr1,ipr2,ipr3,l1_cm,l1_er,l1_reg,l2_mp,l3_mp,l1_lap,l2_lap,l3_lap,alg_conn,clustering_c,clustering_r,deg_assort,Q,N.olap,N.temp,N.nodf,H2,H3,H4,H17,cent_between,cent_close,cent_eigen,diam,mean_path_length,deg_het_row,deg_het_col
empirical,San_Francisco_crimes_2016-01-21,crimes,10.092311,3.060312,2.193775,0.04486008695147495,0.06380544298152506,0.10628179927373005,10.198313424214476,9.036736757009244,7.823529411764706,2.8019103908535854,1.5864885468183458,12.092310727347611,5.060311535215458,4.193775285055737,-1.0603115352154648,1,0.9805631160523443,-0.6899030895386412,0.20915712799167538,0.1781057559507257,25.092205741680495,70.07089224378944,1289,10927,4491,12005,0.11665299208417051,0.20017915513690404,0.4381983912162949,4,2.0819964349376114,1.0452823788795296,1.3499915201537678
