randomization,name,type,l1,l2,l3,ipr1,ipr2,ipr3,l1_cm,l1_er,l1_reg,l2_mp,l3_mp,l1_lap,l2_lap,l3_lap,alg_conn,clustering_c,clustering_r,deg_assort,Q,N.olap,N.temp,N.nodf,H2,H3,H4,H17,cent_between,cent_close,cent_eigen,diam,mean_path_length,deg_het_row,deg_het_col
empirical,San_Francisco_crimes_2016-09-30,crimes,9.344175,2.878379,2.6988,0.047069741013661036,0.07842437184144557,0.10246115961874967,9.395116149953118,8.36488238243778,7.176470588235294,3.022155902386562,1.725995290658056,11.344174871291235,4.878378669234774,4.698800026803109,-0.8783786692347606,1,0.9583489185680653,-0.6091298815331648,0.23825104104699588,0.045055640573907374,31.47104597912306,64.17278982699543,1075,8409,3381,8062,0.10563605652126362,0.24839658015980354,0.4948653583881495,4,2.1889483065953654,1.0360118247782855,1.3738242407954853
