randomization,name,type,l1,l2,l3,ipr1,ipr2,ipr3,l1_cm,l1_er,l1_reg,l2_mp,l3_mp,l1_lap,l2_lap,l3_lap,alg_conn,clustering_c,clustering_r,deg_assort,Q,N.olap,N.temp,N.nodf,H2,H3,H4,H17,cent_between,cent_close,cent_eigen,diam,mean_path_length,deg_het_row,deg_het_col
empirical,San_Francisco_crimes_2016-01-31,crimes,8.785372,2.744978,2.564349,0.048804533061598085,0.07606678780057886,0.06713473158226248,8.920710825525793,7.887489323623648,6.787878787878788,2.987848905707676,1.6966260594743678,10.785371644738616,4.744978055942,4.564349306347954,-0.7449780559420065,1,0.961499375744026,-0.6159822419533866,0.22424385633270333,0.22981030585526244,26.664633243285188,65.51590188335155,935,6760,2856,6655,0.1342447026061844,0.243657511765016,0.441455064086879,4,2.1515151515151514,1.084183673469388,1.3458227040816326
