randomization,name,type,l1,l2,l3,ipr1,ipr2,ipr3,l1_cm,l1_er,l1_reg,l2_mp,l3_mp,l1_lap,l2_lap,l3_lap,alg_conn,clustering_c,clustering_r,deg_assort,Q,N.olap,N.temp,N.nodf,H2,H3,H4,H17,cent_between,cent_close,cent_eigen,diam,mean_path_length,deg_het_row,deg_het_col
empirical,San_Francisco_crimes_2016-07-09,crimes,9.432219,2.666397,2.399745,0.04790352509086174,0.0655611282773523,0.07680946885134603,9.595539597400933,8.303656102236653,7.117647058823529,2.798584929305537,1.5844077648758046,11.432219034213269,4.666396827610385,4.399745004742932,-0.6663968276103753,1,0.9707871881868425,-0.60991211372879,0.22267946959304982,0.26697854758602424,19.4831897278778,72.09798249517874,1094,8591,3643,9490,0.1861697612602478,0.2732144635104925,0.49539327832025204,4,2.1390374331550803,1.0743801652892564,1.4048220749948772
