randomization,name,type,l1,l2,l3,ipr1,ipr2,ipr3,l1_cm,l1_er,l1_reg,l2_mp,l3_mp,l1_lap,l2_lap,l3_lap,alg_conn,clustering_c,clustering_r,deg_assort,Q,N.olap,N.temp,N.nodf,H2,H3,H4,H17,cent_between,cent_close,cent_eigen,diam,mean_path_length,deg_het_row,deg_het_col
empirical,San_Francisco_crimes_2016-07-12,crimes,9.310488,2.937398,2.279414,0.04796168056705708,0.06488049131866855,0.08100837312739574,9.409215341001254,8.24240244513897,7.0588235294117645,2.918922228574521,1.6601821084855324,11.310487880409717,4.937398435458326,4.27941424304735,-0.9373984354583318,1,0.961910953683361,-0.602967331471709,0.19879999999999998,0.2339423796411902,25.93945053938748,69.07438874728594,1063,8227,3442,8675,0.1740769581799575,0.24411825119977507,0.4948082027088325,4,2.17825311942959,1.0666666666666667,1.3833333333333335
