randomization,name,type,l1,l2,l3,ipr1,ipr2,ipr3,l1_cm,l1_er,l1_reg,l2_mp,l3_mp,l1_lap,l2_lap,l3_lap,alg_conn,clustering_c,clustering_r,deg_assort,Q,N.olap,N.temp,N.nodf,H2,H3,H4,H17,cent_between,cent_close,cent_eigen,diam,mean_path_length,deg_het_row,deg_het_col
empirical,San_Francisco_crimes_2016-07-24,crimes,9.446032,2.993609,2.31346,0.04737087177939887,0.0695483045594397,0.09589973412585731,9.564038547252585,8.387578080076675,7.2727272727272725,2.8027897355745575,1.5796707751304366,11.446031957567827,4.993609052411967,4.313459873798572,-0.9936090524119715,1,0.967752600952213,-0.6188540762370761,0.22859375000000007,0.23004177838070455,23.285323510111994,72.0834460096205,1072,8531,3398,8131,0.2054449137848514,0.22808377196748447,0.4458402692106607,4,2.125,1.051388888888889,1.3895833333333334
