randomization,name,type,l1,l2,l3,ipr1,ipr2,ipr3,l1_cm,l1_er,l1_reg,l2_mp,l3_mp,l1_lap,l2_lap,l3_lap,alg_conn,clustering_c,clustering_r,deg_assort,Q,N.olap,N.temp,N.nodf,H2,H3,H4,H17,cent_between,cent_close,cent_eigen,diam,mean_path_length,deg_het_row,deg_het_col
empirical,San_Francisco_crimes_2016-03-17,crimes,9.231163,2.868364,2.648653,0.04893354023857483,0.07201091096360053,0.06392083449706899,9.458888540773014,7.970007811028544,6.594594594594595,2.9012225367459052,1.6697290125565154,11.231163401512697,4.8683638972372245,4.648652612257478,-0.8683638972372076,1,0.9530132565846852,-0.632417876288916,0.26130279595478884,0.21079527680017876,22.58423954973154,64.96715294509413,1100,8251,3818,10466,0.16016704452200906,0.25601559584377814,0.5359291772478476,4,2.2522522522522523,1.0911045417898417,1.487503359312013
