randomization,name,type,l1,l2,l3,ipr1,ipr2,ipr3,l1_cm,l1_er,l1_reg,l2_mp,l3_mp,l1_lap,l2_lap,l3_lap,alg_conn,clustering_c,clustering_r,deg_assort,Q,N.olap,N.temp,N.nodf,H2,H3,H4,H17,cent_between,cent_close,cent_eigen,diam,mean_path_length,deg_het_row,deg_het_col
empirical,San_Francisco_crimes_2016-10-29,crimes,9.596104,2.87852,2.551771,0.04679416797811582,0.06993323740297326,0.08530098763930351,9.70395374749059,8.260746292999634,6.864864864864865,2.914741054507622,1.6783010708028065,11.59610404699902,4.878520299335548,4.551771393466807,-0.8785202993355509,1,0.9506758537595542,-0.6346276367966065,0.19809590357236442,0.243972694304048,24.056325731196324,66.80949451782786,1169,9325,3951,10294,0.1729817452679489,0.2592182922905659,0.5239972290927761,4,2.2672672672672673,1.0521421042842085,1.498232996465993
