randomization,name,type,l1,l2,l3,ipr1,ipr2,ipr3,l1_cm,l1_er,l1_reg,l2_mp,l3_mp,l1_lap,l2_lap,l3_lap,alg_conn,clustering_c,clustering_r,deg_assort,Q,N.olap,N.temp,N.nodf,H2,H3,H4,H17,cent_between,cent_close,cent_eigen,diam,mean_path_length,deg_het_row,deg_het_col
empirical,San_Francisco_crimes_2016-04-15,crimes,9.95546,2.847174,2.495695,0.04548128258533332,0.06569903789153889,0.09100093083321632,10.02476158695788,8.60873603280495,7.1891891891891895,2.9000953228761475,1.6690147689425392,11.955460392488463,4.847174347231039,4.4956951565749455,-0.847174347231023,1,0.9538338530422963,-0.6604195481788868,0.21227259873692148,0.14137236234838385,28.32449794321176,66.67047809093263,1267,10562,4362,11389,0.13019806153752894,0.25296220376738754,0.48940195746897636,4,2.255255255255255,1.0328452710724176,1.4851602690937873
