randomization,name,type,l1,l2,l3,ipr1,ipr2,ipr3,l1_cm,l1_er,l1_reg,l2_mp,l3_mp,l1_lap,l2_lap,l3_lap,alg_conn,clustering_c,clustering_r,deg_assort,Q,N.olap,N.temp,N.nodf,H2,H3,H4,H17,cent_between,cent_close,cent_eigen,diam,mean_path_length,deg_het_row,deg_het_col
empirical,San_Francisco_crimes_2016-05-06,crimes,9.419629,3.008497,2.230834,0.04647477463289171,0.10657925057963923,0.09648995660423061,9.533742142969917,8.641688007924005,7.67741935483871,2.833457323089461,1.5832710392098213,11.419628743353162,5.008496663542037,4.230833874840838,-1.0084966635420556,1,0.9856759176365264,-0.631731605917047,0.19517737659386436,0.14601165147488676,24.43095638898731,74.5501818442995,1054,8402,3253,7587,0.16356434515980642,0.27850003294511444,0.4464809883365584,4,2.0172043010752687,1.0387684485558928,1.2975778546712802
