randomization,name,type,l1,l2,l3,ipr1,ipr2,ipr3,l1_cm,l1_er,l1_reg,l2_mp,l3_mp,l1_lap,l2_lap,l3_lap,alg_conn,clustering_c,clustering_r,deg_assort,Q,N.olap,N.temp,N.nodf,H2,H3,H4,H17,cent_between,cent_close,cent_eigen,diam,mean_path_length,deg_het_row,deg_het_col
empirical,San_Francisco_crimes_2016-09-27,crimes,9.520872,2.78265,2.435762,0.04843926167652187,0.0724383842511997,0.09095287329979035,9.720410170438564,8.303656102236653,7.117647058823529,2.6793640004524315,1.510288373003588,11.520872134870375,4.782649728042641,4.435762013827226,-0.782649728042645,1,0.9745416448402305,-0.6239504053409648,0.2242036274958086,0.30448328536688773,19.283030597508898,73.62681451466499,1107,8776,3729,9714,0.16769932766929382,0.22196401293584822,0.4796480573560844,4,2.124777183600713,1.0798442729321767,1.4343282562666484
