randomization,name,type,l1,l2,l3,ipr1,ipr2,ipr3,l1_cm,l1_er,l1_reg,l2_mp,l3_mp,l1_lap,l2_lap,l3_lap,alg_conn,clustering_c,clustering_r,deg_assort,Q,N.olap,N.temp,N.nodf,H2,H3,H4,H17,cent_between,cent_close,cent_eigen,diam,mean_path_length,deg_het_row,deg_het_col
empirical,San_Francisco_crimes_2016-01-18,crimes,9.545794,3.089577,2.075208,0.047075901743030446,0.0704855775200356,0.09959211228998628,9.607088890348484,8.36488238243778,7.176470588235294,2.835982031192562,1.6078503032439437,11.545794250837757,5.089576997825675,4.0752075547907,-1.089576997825669,1,0.9638175034911107,-0.6189122635596916,0.21124763705103974,0.22797411558426245,25.65860062579622,68.82038003533332,1097,8836,3476,8262,0.20440013077765154,0.2432942372818328,0.45514784971565736,4,2.1818181818181817,1.0440741736092451,1.4254232733136256
