randomization,name,type,l1,l2,l3,ipr1,ipr2,ipr3,l1_cm,l1_er,l1_reg,l2_mp,l3_mp,l1_lap,l2_lap,l3_lap,alg_conn,clustering_c,clustering_r,deg_assort,Q,N.olap,N.temp,N.nodf,H2,H3,H4,H17,cent_between,cent_close,cent_eigen,diam,mean_path_length,deg_het_row,deg_het_col
empirical,San_Francisco_crimes_2016-07-21,crimes,9.183523,2.903072,2.418648,0.0477970788898195,0.07197885656583868,0.08974147215583753,9.336762226547243,8.045288026771205,6.8,2.9122233975661693,1.6630910017552039,11.18352286263968,4.9030722661543145,4.418648018831312,-0.9030722661543139,1,0.9617229402452567,-0.6310204011965078,0.20518314457708398,0.2459503110901607,24.03767884080841,68.0255505364201,1045,7934,3367,8388,0.22571075191968734,0.24969845740195692,0.506764577452195,4,2.205042016806723,1.0670150413106418,1.4423416425393687
