randomization,name,type,l1,l2,l3,ipr1,ipr2,ipr3,l1_cm,l1_er,l1_reg,l2_mp,l3_mp,l1_lap,l2_lap,l3_lap,alg_conn,clustering_c,clustering_r,deg_assort,Q,N.olap,N.temp,N.nodf,H2,H3,H4,H17,cent_between,cent_close,cent_eigen,diam,mean_path_length,deg_het_row,deg_het_col
empirical,San_Francisco_crimes_2016-09-12,crimes,8.553173,3.017432,2.619539,0.04801831748881134,0.07430762311310533,0.07131700473184703,8.66415043356589,7.699438511538784,6.606060606060606,3.05670752876951,1.7407896602985982,10.553172646338226,5.0174324009277544,4.619538853437385,-1.0174324009277445,1,0.955072315109242,-0.6019498708574335,0.23077894205277116,0.13667357029029545,30.36610715021156,65.02346739762847,870,6185,2445,5128,0.18823890338152374,0.25832280478254127,0.4386310875349082,4,2.1818181818181817,1.0411581516707349,1.395757932833937
