randomization,name,type,l1,l2,l3,ipr1,ipr2,ipr3,l1_cm,l1_er,l1_reg,l2_mp,l3_mp,l1_lap,l2_lap,l3_lap,alg_conn,clustering_c,clustering_r,deg_assort,Q,N.olap,N.temp,N.nodf,H2,H3,H4,H17,cent_between,cent_close,cent_eigen,diam,mean_path_length,deg_het_row,deg_het_col
empirical,San_Francisco_crimes_2016-08-26,crimes,9.936029,3.126588,2.499594,0.04651022310916034,0.07211950322217349,0.08092881796722208,10.096276244718798,8.625792194447294,7.277777777777778,2.7621564488480828,1.5755891314714539,11.93602867994879,5.126587709083617,4.499593808092771,-1.126587709083621,1,0.9635440550278415,-0.6595790477069023,0.2860543542947828,0.20715164967615948,23.575941027493748,69.33658008658008,1257,10424,4429,11963,0.13501214282305593,0.23031960940760096,0.4711250814827248,4,2.1809523809523808,1.0541343744537033,1.4650661383369268
