randomization,name,type,l1,l2,l3,ipr1,ipr2,ipr3,l1_cm,l1_er,l1_reg,l2_mp,l3_mp,l1_lap,l2_lap,l3_lap,alg_conn,clustering_c,clustering_r,deg_assort,Q,N.olap,N.temp,N.nodf,H2,H3,H4,H17,cent_between,cent_close,cent_eigen,diam,mean_path_length,deg_het_row,deg_het_col
empirical,San_Francisco_crimes_2016-01-09,crimes,9.663654,3.201329,2.955914,0.045687123014124524,0.070512723425491,0.10535031197944926,9.78840331750653,8.471418942895284,6.923076923076923,3.142021012531616,1.8370835546637538,11.663654352961716,5.201329320710643,4.955913614046885,-1.2013293207106497,1,0.9449151850582032,-0.6896721804511274,0.24853185595567867,0.12565297738517534,29.102484179418774,64.26184933423748,1280,10013,4645,13286,0.1355557260645176,0.25360291643293176,0.5207442307497592,4,2.2699055330634277,1.0540466392318244,1.44641975308642
