randomization,name,type,l1,l2,l3,ipr1,ipr2,ipr3,l1_cm,l1_er,l1_reg,l2_mp,l3_mp,l1_lap,l2_lap,l3_lap,alg_conn,clustering_c,clustering_r,deg_assort,Q,N.olap,N.temp,N.nodf,H2,H3,H4,H17,cent_between,cent_close,cent_eigen,diam,mean_path_length,deg_het_row,deg_het_col
empirical,San_Francisco_crimes_2016-05-05,crimes,9.857617,2.879113,2.765521,0.045979580355956944,0.07093936620418853,0.09780031386650236,9.994259141842715,8.550800665965195,7.135135135135135,2.882672705270929,1.6579852973015814,11.857617002164861,4.879113399508578,4.7655212581346325,-0.879113399508581,1,0.9606338039744243,-0.6505155496186035,0.23948487712665403,0.20863101961908376,24.833829496253607,69.22831977143474,1259,10289,4464,12474,0.2120119067691737,0.26157169469131547,0.5078311788968478,4,2.2222222222222223,1.051423324150597,1.4721074380165287
