randomization,name,type,l1,l2,l3,ipr1,ipr2,ipr3,l1_cm,l1_er,l1_reg,l2_mp,l3_mp,l1_lap,l2_lap,l3_lap,alg_conn,clustering_c,clustering_r,deg_assort,Q,N.olap,N.temp,N.nodf,H2,H3,H4,H17,cent_between,cent_close,cent_eigen,diam,mean_path_length,deg_het_row,deg_het_col
empirical,San_Francisco_crimes_2016-03-31,crimes,9.481132,2.978594,2.429054,0.048716546889968855,0.06674774269754166,0.07685655275421503,9.681531969365754,8.225874789651435,6.9714285714285715,2.7446592260186344,1.5578419974974196,11.481131808182923,4.978593953075357,4.429054026548806,-0.978593953075354,1,0.9685087611812278,-0.6215998496280964,0.2409280190362879,0.25782508551345995,19.197103569592414,71.4165725578769,1120,8764,3868,10516,0.1825948664950585,0.26063112359988,0.511504527725998,4,2.1848739495798317,1.0924482665950015,1.4411448535339964
