randomization,name,type,l1,l2,l3,ipr1,ipr2,ipr3,l1_cm,l1_er,l1_reg,l2_mp,l3_mp,l1_lap,l2_lap,l3_lap,alg_conn,clustering_c,clustering_r,deg_assort,Q,N.olap,N.temp,N.nodf,H2,H3,H4,H17,cent_between,cent_close,cent_eigen,diam,mean_path_length,deg_het_row,deg_het_col
empirical,San_Francisco_crimes_2016-10-03,crimes,9.718506,2.735718,2.505223,0.047923353839259476,0.06429724669757345,0.10911803085009329,9.865360381074604,8.574651353825399,7.454545454545454,2.6588777165402697,1.4903700573303709,11.718506379970865,4.735718446240391,4.505222669775178,-0.7357184462404005,1,0.9764733018106332,-0.6111783347738405,0.2236899404848309,0.2971922394697606,16.03727289974713,74.99361376878156,1143,9328,3865,10126,0.17016734663322694,0.28977557922172387,0.4829928744990689,4,2.106060606060606,1.075418071253883,1.3758344900522177
