randomization,name,type,l1,l2,l3,ipr1,ipr2,ipr3,l1_cm,l1_er,l1_reg,l2_mp,l3_mp,l1_lap,l2_lap,l3_lap,alg_conn,clustering_c,clustering_r,deg_assort,Q,N.olap,N.temp,N.nodf,H2,H3,H4,H17,cent_between,cent_close,cent_eigen,diam,mean_path_length,deg_het_row,deg_het_col
empirical,San_Francisco_crimes_2016-04-04,crimes,9.490373,3.03847,2.583999,0.04698886942318775,0.06846202814220849,0.06846000021671236,9.530796210681697,8.426081935760159,7.235294117647059,2.9510846349207336,1.6806043190489754,11.490372692234253,5.038470021526061,4.583998834100488,-1.038470021526077,1,0.9615441037785276,-0.586956324426374,0.21493814313793508,0.10900896752638467,29.1787617314368,64.79639346461776,1099,8768,3504,8576,0.1888930813280918,0.29304558984947393,0.5039939086963217,4,2.1889483065953654,1.0357591380791855,1.3912353757683917
