randomization,name,type,l1,l2,l3,ipr1,ipr2,ipr3,l1_cm,l1_er,l1_reg,l2_mp,l3_mp,l1_lap,l2_lap,l3_lap,alg_conn,clustering_c,clustering_r,deg_assort,Q,N.olap,N.temp,N.nodf,H2,H3,H4,H17,cent_between,cent_close,cent_eigen,diam,mean_path_length,deg_het_row,deg_het_col
empirical,San_Francisco_crimes_2016-07-19,crimes,9.195913,2.860082,2.440329,0.04802894985643056,0.08018037874373254,0.06401034037561237,9.281236683337173,8.200264343234215,7.090909090909092,2.9149721233607546,1.6502729844223274,11.195913268533399,4.860081896009521,4.4403291518368695,-0.8600818960095385,1,0.965118312885735,-0.568841128096463,0.24000674650025297,0.13362572279594856,25.907221890657365,67.89166091179514,1008,7817,3067,7043,0.1668294317823253,0.2649915307755913,0.4853108724360861,4,2.1553030303030303,1.0365987289064214,1.3962305500767036
