randomization,name,type,l1,l2,l3,ipr1,ipr2,ipr3,l1_cm,l1_er,l1_reg,l2_mp,l3_mp,l1_lap,l2_lap,l3_lap,alg_conn,clustering_c,clustering_r,deg_assort,Q,N.olap,N.temp,N.nodf,H2,H3,H4,H17,cent_between,cent_close,cent_eigen,diam,mean_path_length,deg_het_row,deg_het_col
empirical,San_Francisco_crimes_2016-12-02,crimes,9.179116,2.835796,2.392481,0.04689768661660107,0.09493156081711585,0.07273916864889524,9.249635220507331,8.181120739678487,7,3.0092472584030987,1.7177237127262073,11.1791162092646,4.83579612420222,4.3924806905853675,-0.8357961242022183,1,0.9577311614867804,-0.6266649918900764,0.22408786769347308,0.13925252040092032,29.04643977003114,65.83894644642308,1027,7899,3125,7079,0.1446430858960201,0.25208439056728166,0.43047439612730487,4,2.196078431372549,1.0345314596426805,1.4015959324906435
