randomization,name,type,l1,l2,l3,ipr1,ipr2,ipr3,l1_cm,l1_er,l1_reg,l2_mp,l3_mp,l1_lap,l2_lap,l3_lap,alg_conn,clustering_c,clustering_r,deg_assort,Q,N.olap,N.temp,N.nodf,H2,H3,H4,H17,cent_between,cent_close,cent_eigen,diam,mean_path_length,deg_het_row,deg_het_col
empirical,San_Francisco_crimes_2016-08-20,crimes,8.93184,2.917371,2.51662,0.05019864344440539,0.09270089121417288,0.14789715186189778,9.069348731841393,7.7766684284191046,6.75,2.686395118109652,1.4997586261543165,10.93184044167179,4.9173707457001345,4.516620058826662,-0.9173707457001403,1,0.9615469963544143,-0.5184172021120927,0.22017045454545456,0.23096827488131835,25.17565129989962,69.56546573394398,897,6771,2621,5823,0.2700586092512947,0.305795832890315,0.4672596232361221,4,2.1733870967741935,1.0545267489711934,1.47119341563786
