randomization,name,type,l1,l2,l3,ipr1,ipr2,ipr3,l1_cm,l1_er,l1_reg,l2_mp,l3_mp,l1_lap,l2_lap,l3_lap,alg_conn,clustering_c,clustering_r,deg_assort,Q,N.olap,N.temp,N.nodf,H2,H3,H4,H17,cent_between,cent_close,cent_eigen,diam,mean_path_length,deg_het_row,deg_het_col
empirical,San_Francisco_crimes_2016-09-06,crimes,9.607602,2.618279,2.546038,0.047831756303600884,0.07286350524731053,0.06609705553026282,9.811695877879625,8.406209124917835,7.142857142857143,2.7670301367198533,1.571788512033315,11.607601990679145,4.618278797826207,4.546038033358497,-0.6182787978262198,1,0.9705060311856428,-0.6854089123924664,0.2014404432132964,0.35231256439651937,18.953184915058326,72.22820335863814,1178,9232,4217,11854,0.14103092567176667,0.22148780644522081,0.5029392102826667,4,2.13781512605042,1.11552,1.3808
