randomization,name,type,l1,l2,l3,ipr1,ipr2,ipr3,l1_cm,l1_er,l1_reg,l2_mp,l3_mp,l1_lap,l2_lap,l3_lap,alg_conn,clustering_c,clustering_r,deg_assort,Q,N.olap,N.temp,N.nodf,H2,H3,H4,H17,cent_between,cent_close,cent_eigen,diam,mean_path_length,deg_het_row,deg_het_col
empirical,San_Francisco_crimes_2016-12-13,crimes,9.253415,2.588355,2.425601,0.049328879442561764,0.06997718895806763,0.06776550954267055,9.42351561270185,8.2236001388598865,7.1875,2.709792348129271,1.5142094062550395,11.25341465221851,4.588355005665941,4.425601425765441,-0.5883550056659332,1,0.9775097067226686,-0.5966647702009455,0.21162629757785473,0.3481776286426045,19.225481396852338,74.21921174638565,1013,7838,3243,7955,0.14290106723238394,0.21918098358255927,0.4557962626746221,4,2.0846774193548385,1.089603024574669,1.3557655954631378
