randomization,name,type,l1,l2,l3,ipr1,ipr2,ipr3,l1_cm,l1_er,l1_reg,l2_mp,l3_mp,l1_lap,l2_lap,l3_lap,alg_conn,clustering_c,clustering_r,deg_assort,Q,N.olap,N.temp,N.nodf,H2,H3,H4,H17,cent_between,cent_close,cent_eigen,diam,mean_path_length,deg_het_row,deg_het_col
empirical,San_Francisco_crimes_2016-07-10,crimes,9.000294,2.883794,2.333217,0.0486183725195294,0.07146065362380523,0.08373026394363588,9.118321431659856,7.950106407666794,6.848484848484848,2.86723536514645,1.620120406012675,11.00029434348483,4.883794146115376,4.333216816186757,-0.8837941461153915,1,0.9592092092092092,-0.5768648763225912,0.21123829344432882,0.1975496121504231,27.01617468854517,69.09554744286288,955,7204,2873,6532,0.13882957534118437,0.25287369112370045,0.4604378200249983,4,2.1818181818181817,1.0564648758712507,1.4175738115749081
