randomization,name,type,l1,l2,l3,ipr1,ipr2,ipr3,l1_cm,l1_er,l1_reg,l2_mp,l3_mp,l1_lap,l2_lap,l3_lap,alg_conn,clustering_c,clustering_r,deg_assort,Q,N.olap,N.temp,N.nodf,H2,H3,H4,H17,cent_between,cent_close,cent_eigen,diam,mean_path_length,deg_het_row,deg_het_col
empirical,San_Francisco_crimes_2016-10-28,crimes,9.145274,2.746122,2.265533,0.048810743103389724,0.0824034799562856,0.12239851534706271,9.291195854315175,7.924747303084838,6.685714285714286,2.8590667731456256,1.6295036225871984,11.145274277272339,4.746121884675935,4.265533360932466,-0.7461218846759304,1,0.9559875925066555,-0.6007717944220303,0.20958656605377832,0.20657083469054108,21.809357436794233,67.26952757387541,1022,7727,3301,8356,0.16826045970632472,0.2905340492507453,0.5372235343283598,4,2.2588235294117647,1.0804295419680037,1.4592008181751774
