randomization,name,type,l1,l2,l3,ipr1,ipr2,ipr3,l1_cm,l1_er,l1_reg,l2_mp,l3_mp,l1_lap,l2_lap,l3_lap,alg_conn,clustering_c,clustering_r,deg_assort,Q,N.olap,N.temp,N.nodf,H2,H3,H4,H17,cent_between,cent_close,cent_eigen,diam,mean_path_length,deg_het_row,deg_het_col
empirical,San_Francisco_crimes_2016-10-01,crimes,9.554852,2.747907,2.55605,0.046447218270851985,0.09052756330374144,0.07714368429286485,9.63172005497885,8.487255391629098,7.294117647058823,2.9079231782778874,1.6532147495481508,11.554852461139097,4.74790714712086,4.556050446219949,-0.7479071471208623,1,0.9642864410573655,-0.6346259474898405,0.22278911564625847,0.11088267863543988,25.949108593549422,68.54863983368656,1120,8998,3586,8670,0.16391693250156744,0.23801999688853062,0.4751836548006153,4,2.163992869875223,1.035379812695109,1.3985431841831426
