randomization,name,type,l1,l2,l3,ipr1,ipr2,ipr3,l1_cm,l1_er,l1_reg,l2_mp,l3_mp,l1_lap,l2_lap,l3_lap,alg_conn,clustering_c,clustering_r,deg_assort,Q,N.olap,N.temp,N.nodf,H2,H3,H4,H17,cent_between,cent_close,cent_eigen,diam,mean_path_length,deg_het_row,deg_het_col
empirical,San_Francisco_crimes_2016-07-17,crimes,8.710706,2.759244,2.393464,0.05150292156281417,0.07989654402407151,0.07335704073182388,8.843875124566996,7.520536882482706,6.5,2.6884268227006496,1.5010119759192477,10.710706126101218,4.759243778191348,4.393463888830929,-0.7592437781913495,1,0.9492677254061126,-0.4745370370370376,0.21924603174603177,0.2624685153368728,26.336265145319295,64.39159672855324,836,6184,2338,4787,0.20747241203785186,0.27523230873365656,0.4439149967076188,4,2.221774193548387,1.04844674556213,1.5173816568047334
