randomization,name,type,l1,l2,l3,ipr1,ipr2,ipr3,l1_cm,l1_er,l1_reg,l2_mp,l3_mp,l1_lap,l2_lap,l3_lap,alg_conn,clustering_c,clustering_r,deg_assort,Q,N.olap,N.temp,N.nodf,H2,H3,H4,H17,cent_between,cent_close,cent_eigen,diam,mean_path_length,deg_het_row,deg_het_col
empirical,San_Francisco_crimes_2016-01-28,crimes,9.520987,2.841138,2.413652,0.048024876063041656,0.08245638787529176,0.07904374250866016,9.591175252056523,8.449961695046374,7.333333333333333,2.8262789812599296,1.5943801675776001,11.520987049563567,4.8411380907551775,4.413652094982239,-0.841138090755191,1,0.9596812508098302,-0.5647722680396949,0.2503471533425908,0.08752566544992241,30.4661936252406,65.25839652517504,1081,8722,3411,8034,0.12427412527463251,0.23799690093569165,0.4337370528814506,4,2.1515151515151514,1.0347653848780822,1.3965576121849599
