randomization,name,type,l1,l2,l3,ipr1,ipr2,ipr3,l1_cm,l1_er,l1_reg,l2_mp,l3_mp,l1_lap,l2_lap,l3_lap,alg_conn,clustering_c,clustering_r,deg_assort,Q,N.olap,N.temp,N.nodf,H2,H3,H4,H17,cent_between,cent_close,cent_eigen,diam,mean_path_length,deg_het_row,deg_het_col
empirical,San_Francisco_crimes_2016-07-15,crimes,9.294768,2.912619,2.472121,0.04784026389887797,0.06750919700239974,0.12941738840237724,9.379765455489812,7.853502327809896,6.486486486486487,2.8784155733467167,1.655293183326371,11.29476754554316,4.912619381851671,4.472120790605788,-0.912619381851672,1,0.94079084046998,-0.586275363240233,0.24098765432098773,0.16309592037054665,28.008785565875044,62.9585902313175,1051,8206,3286,7648,0.14009545223952172,0.2892641843423263,0.5201536241899726,4,2.3513513513513513,1.0375,1.5899999999999999
