randomization,name,type,l1,l2,l3,ipr1,ipr2,ipr3,l1_cm,l1_er,l1_reg,l2_mp,l3_mp,l1_lap,l2_lap,l3_lap,alg_conn,clustering_c,clustering_r,deg_assort,Q,N.olap,N.temp,N.nodf,H2,H3,H4,H17,cent_between,cent_close,cent_eigen,diam,mean_path_length,deg_het_row,deg_het_col
empirical,San_Francisco_crimes_2016-10-17,crimes,9.6701530000000009,2.543238,2.238847,0.04749076953167949,0.08486274934706989,0.09592355872135527,9.812827240102383,8.60554995131519,7.5625,2.6316601431887716,1.4660980701868205,11.670153197252784,4.543237766755135,4.238847404198181,-0.543237766755142,1,0.9816915422885573,-0.6463246489595671,0.1717183914986113,0.3470999500588873,15.899183440817747,76.88839039382518,1118,9067,3722,9590,0.22838525618188227,0.3071492443461169,0.44670694138252987,4,2.0524193548387095,1.0880404343965577,1.3298271975957927
