randomization,name,type,l1,l2,l3,ipr1,ipr2,ipr3,l1_cm,l1_er,l1_reg,l2_mp,l3_mp,l1_lap,l2_lap,l3_lap,alg_conn,clustering_c,clustering_r,deg_assort,Q,N.olap,N.temp,N.nodf,H2,H3,H4,H17,cent_between,cent_close,cent_eigen,diam,mean_path_length,deg_het_row,deg_het_col
empirical,San_Francisco_crimes_2016-08-23,crimes,9.652057,2.444487,2.239537,0.04739826571438062,0.07062963133496017,0.09158070567014176,9.77387442820655,8.51231924636668,7.393939393939393,2.6998165515206516,1.515632821898718,11.652057443875071,4.4444865487194445,4.239537270554835,-0.4444865487194562,1,0.9745252063239535,-0.6353546538135876,0.17911153119092624,0.28530801045100923,17.136311845916726,73.428758042852,1121,9101,3689,9264,0.16351106224795947,0.24617700627586042,0.4595888721726216,4,2.117424242424242,1.070948669712443,1.3783929051330288
