randomization,name,type,l1,l2,l3,ipr1,ipr2,ipr3,l1_cm,l1_er,l1_reg,l2_mp,l3_mp,l1_lap,l2_lap,l3_lap,alg_conn,clustering_c,clustering_r,deg_assort,Q,N.olap,N.temp,N.nodf,H2,H3,H4,H17,cent_between,cent_close,cent_eigen,diam,mean_path_length,deg_het_row,deg_het_col
empirical,San_Francisco_crimes_2016-03-15,crimes,9.299292,2.851425,2.414213,0.04902428309507099,0.07652184868231571,0.08396962631773447,9.537029612905116,8.38178057197012,7.419354838709677,2.6206953605933268,1.451542323837436,11.299292320705193,4.851425175666528,4.414213361113538,-0.8514251756665348,1,0.9945054945054945,-0.6000951227948799,0.2178546712802769,0.3754559666912608,15.514648988820051,79.24483468601116,1025,7929,3374,8887,0.25528051296551435,0.3888420328099987,0.4814620994554883,4,1.9827956989247313,1.097164461247637,1.3163705103969752
