randomization,name,type,l1,l2,l3,ipr1,ipr2,ipr3,l1_cm,l1_er,l1_reg,l2_mp,l3_mp,l1_lap,l2_lap,l3_lap,alg_conn,clustering_c,clustering_r,deg_assort,Q,N.olap,N.temp,N.nodf,H2,H3,H4,H17,cent_between,cent_close,cent_eigen,diam,mean_path_length,deg_het_row,deg_het_col
empirical,San_Francisco_crimes_2016-02-27,crimes,9.041774,2.934638,2.570523,0.05001659975018658,0.078628214547129,0.07115160165456377,9.289056120766219,7.620098136652797,6.27027027027027,2.772804642720152,1.5888632452605107,11.041773538482683,4.934637606995686,4.570523458008079,-0.934637606995704,1,0.9414477073673364,-0.5983442534847285,0.2441860465116279,0.29986788598007036,20.687447997928057,66.06060606060608,1013,7493,3365,8846,0.2741310367321357,0.2912802546873753,0.5428760525503789,4,2.2912912912912913,1.089476813317479,1.5891795481569555
