randomization,name,type,l1,l2,l3,ipr1,ipr2,ipr3,l1_cm,l1_er,l1_reg,l2_mp,l3_mp,l1_lap,l2_lap,l3_lap,alg_conn,clustering_c,clustering_r,deg_assort,Q,N.olap,N.temp,N.nodf,H2,H3,H4,H17,cent_between,cent_close,cent_eigen,diam,mean_path_length,deg_het_row,deg_het_col
empirical,San_Francisco_crimes_2016-11-21,crimes,9.207542,2.955839,2.633026,0.048870587571239014,0.08287773329842664,0.0863359702485568,9.416821376002579,8.303656102236653,7.117647058823529,2.9583951196408766,1.6852565080356114,11.207542149970852,4.9558388459293905,4.633025560514431,-0.9558388459293985,1,0.9845782812638286,-0.6089758336386425,0.22291993720565156,0.25031862313217845,20.7547423318136,71.76841849739046,1092,8083,3891,11679,0.2757757652849158,0.40407723702995574,0.5344295158077261,4,2.057040998217469,1.1126289187897003,1.306468137422307
