randomization,name,type,l1,l2,l3,ipr1,ipr2,ipr3,l1_cm,l1_er,l1_reg,l2_mp,l3_mp,l1_lap,l2_lap,l3_lap,alg_conn,clustering_c,clustering_r,deg_assort,Q,N.olap,N.temp,N.nodf,H2,H3,H4,H17,cent_between,cent_close,cent_eigen,diam,mean_path_length,deg_het_row,deg_het_col
empirical,San_Francisco_crimes_2016-02-12,crimes,9.630965,2.868257,2.498868,0.0446228124306389,0.07591299730965147,0.0877578263774074,9.726082442972606,8.448925490683143,7.111111111111111,2.9611226063018004,1.7010876785237323,11.630964905768725,4.868256573213839,4.498867665110236,-0.8682565732138309,1,0.9623495948651734,-0.6992952231793266,0.20970428987921702,0.1519362511862512,28.717617999715713,67.36815136815137,1176,9465,3848,9506,0.16003029031992572,0.24295122268724414,0.4504749916067452,4,2.2063492063492065,1.0327148437499998,1.45361328125
