randomization,name,type,l1,l2,l3,ipr1,ipr2,ipr3,l1_cm,l1_er,l1_reg,l2_mp,l3_mp,l1_lap,l2_lap,l3_lap,alg_conn,clustering_c,clustering_r,deg_assort,Q,N.olap,N.temp,N.nodf,H2,H3,H4,H17,cent_between,cent_close,cent_eigen,diam,mean_path_length,deg_het_row,deg_het_col
empirical,San_Francisco_crimes_2016-07-16,crimes,9.189006,3.265011,2.455375,0.04548610583314572,0.08160508911818394,0.07250486416227724,9.214587712602725,8.225874789651435,6.9714285714285715,3.1439658244534825,1.8118082137279772,11.189006041936583,5.265011195632547,4.455374728175009,-1.2650111956325467,1,0.9527100177366227,-0.6799566294919475,0.20551658163265304,0.08951731977094296,35.40287063852241,62.55366211887951,1056,8061,3224,7346,0.17255606726285314,0.2574907040878047,0.46776083932066526,4,2.2218487394957984,1.0279494759473262,1.3873958613276
