randomization,name,type,l1,l2,l3,ipr1,ipr2,ipr3,l1_cm,l1_er,l1_reg,l2_mp,l3_mp,l1_lap,l2_lap,l3_lap,alg_conn,clustering_c,clustering_r,deg_assort,Q,N.olap,N.temp,N.nodf,H2,H3,H4,H17,cent_between,cent_close,cent_eigen,diam,mean_path_length,deg_het_row,deg_het_col
empirical,San_Francisco_crimes_2016-02-26,crimes,8.783184,2.578804,2.562588,0.048026627157781346,0.07688306306050857,0.11843360810831484,8.873959619584863,7.991084820328663,7.032258064516129,2.9395891228533,1.650245671364367,10.783184428162542,4.578804377903727,4.562588071707873,-0.5788043779037215,1,0.9706601466992665,-0.5935419587510687,0.21807402659830152,0.08118324485971547,31.665405726390937,66.06271397447868,885,6568,2447,4884,0.12328840997114288,0.23886331945056025,0.3850985045434795,4,2.1032258064516127,1.029374631765003,1.3521589091827286
