randomization,name,type,l1,l2,l3,ipr1,ipr2,ipr3,l1_cm,l1_er,l1_reg,l2_mp,l3_mp,l1_lap,l2_lap,l3_lap,alg_conn,clustering_c,clustering_r,deg_assort,Q,N.olap,N.temp,N.nodf,H2,H3,H4,H17,cent_between,cent_close,cent_eigen,diam,mean_path_length,deg_het_row,deg_het_col
empirical,San_Francisco_crimes_2016-06-23,crimes,9.479136,2.771013,2.482328,0.04674686594496229,0.07882412088499638,0.09148167178394243,9.530796210681697,8.286013395754855,7.0285714285714285,2.927695268295892,1.672902698875461,11.479136440497658,4.771012645555062,4.482327543185759,-0.7710126455550628,1,0.9595044960070427,-0.6130712018481318,0.20322367800923744,0.17023672601735843,30.758144384983243,64.72524416002678,1099,8758,3484,8260,0.17504165023154122,0.25605586740319597,0.4556471142181314,4,2.2285714285714286,1.0357591380791855,1.4492035164254082
