randomization,name,type,l1,l2,l3,ipr1,ipr2,ipr3,l1_cm,l1_er,l1_reg,l2_mp,l3_mp,l1_lap,l2_lap,l3_lap,alg_conn,clustering_c,clustering_r,deg_assort,Q,N.olap,N.temp,N.nodf,H2,H3,H4,H17,cent_between,cent_close,cent_eigen,diam,mean_path_length,deg_het_row,deg_het_col
empirical,San_Francisco_crimes_2016-12-17,crimes,9.015229,2.93889,2.606293,0.04939429663861527,0.08329132020975132,0.07011790515692197,9.16389594130917,7.798317148137508,6.5,2.9442176140425165,1.6903252874597146,11.015228523159395,4.938889668914442,4.606293315899818,-0.9388896689144375,1,0.947466932867482,-0.6127977580569818,0.21766393878201729,0.26252391689233795,21.718493384127527,63.87453312453312,1014,7476,3305,8429,0.15197455336358312,0.2711289438249297,0.5607815243945222,4,2.276190476190476,1.08919570458032,1.4643874643874644
