randomization,name,type,l1,l2,l3,ipr1,ipr2,ipr3,l1_cm,l1_er,l1_reg,l2_mp,l3_mp,l1_lap,l2_lap,l3_lap,alg_conn,clustering_c,clustering_r,deg_assort,Q,N.olap,N.temp,N.nodf,H2,H3,H4,H17,cent_between,cent_close,cent_eigen,diam,mean_path_length,deg_het_row,deg_het_col
empirical,San_Francisco_crimes_2016-06-01,crimes,9.588941,3.082731,2.682405,0.045669899426187426,0.05066864709995156,0.08651856529229944,9.716882962592665,8.302906493742633,6.769230769230769,3.0770050085541354,1.7949875652186469,11.588941265134924,5.082730770733865,4.682405073704607,-1.082730770733877,1,0.9443230486845555,-0.675483023822924,0.24394463667820068,0.17145411683688588,28.703418027883576,65.0265440398478,1233,9635,4357,12155,0.1799192939867816,0.2617903832111699,0.5236031998617949,4,2.294197031039136,1.051423324150597,1.494605142332415
