randomization,name,type,l1,l2,l3,ipr1,ipr2,ipr3,l1_cm,l1_er,l1_reg,l2_mp,l3_mp,l1_lap,l2_lap,l3_lap,alg_conn,clustering_c,clustering_r,deg_assort,Q,N.olap,N.temp,N.nodf,H2,H3,H4,H17,cent_between,cent_close,cent_eigen,diam,mean_path_length,deg_het_row,deg_het_col
empirical,San_Francisco_crimes_2016-04-01,crimes,10.826154,2.942725,2.459939,0.04353926751571625,0.11748433385632011,0.08115492199173097,10.988299619679832,9.422457967225954,7.794871794871795,2.8061618728403093,1.6224322214342655,12.82615402764284,4.9427252719802794,4.459939262817353,-0.9427252719802731,1,0.9758192428550052,-0.7160643507356051,0.19459502551020405,0.30261721445952566,22.258135279040978,71.59576348176843,1637,14541,6769,22650,0.2922895404323416,0.3341142591045795,0.5069136669270415,4,2.1241565452091766,1.0517659279778393,1.4409626038781165
