randomization,name,type,l1,l2,l3,ipr1,ipr2,ipr3,l1_cm,l1_er,l1_reg,l2_mp,l3_mp,l1_lap,l2_lap,l3_lap,alg_conn,clustering_c,clustering_r,deg_assort,Q,N.olap,N.temp,N.nodf,H2,H3,H4,H17,cent_between,cent_close,cent_eigen,diam,mean_path_length,deg_het_row,deg_het_col
empirical,San_Francisco_crimes_2016-10-07,crimes,10.149097,3.168701,2.726288,0.04433239470563798,0.08406841784463785,0.100952235977297,10.26715587667385,9.304647720294982,8,3.035906928732688,1.7419879765737587,12.149097253294007,5.168700611205713,4.7262877172716875,-1.1687006112057263,1,0.9824365992474768,-0.6928335502838067,0.17979166666666668,0.20887341004871005,23.910702709681747,72.53367341666575,1392,11605,5225,15835,0.20169087549863848,0.3444653431295316,0.5029114852679776,4,2.030252100840336,1.0520408163265305,1.278061224489796
