randomization,name,type,l1,l2,l3,ipr1,ipr2,ipr3,l1_cm,l1_er,l1_reg,l2_mp,l3_mp,l1_lap,l2_lap,l3_lap,alg_conn,clustering_c,clustering_r,deg_assort,Q,N.olap,N.temp,N.nodf,H2,H3,H4,H17,cent_between,cent_close,cent_eigen,diam,mean_path_length,deg_het_row,deg_het_col
empirical,San_Francisco_crimes_2016-06-16,crimes,9.428281,3.31769,2.677907,0.048102197545526235,0.0822405979445534,0.1501085969698245,9.599351070963419,8.225874789651435,6.9714285714285715,2.820534494070302,1.605273666546784,11.42828132751649,5.317689734596933,4.6779071718381715,-1.317689734596925,1,0.9668794640035396,-0.6212036493095624,0.237476370510397,0.23356133856986372,21.574516837474558,69.53093099001028,1108,8624,3757,10094,0.2023247057072223,0.2621745014349543,0.5212443112503727,4,2.1848739495798317,1.0790110185434025,1.4344262295081966
