randomization,name,type,l1,l2,l3,ipr1,ipr2,ipr3,l1_cm,l1_er,l1_reg,l2_mp,l3_mp,l1_lap,l2_lap,l3_lap,alg_conn,clustering_c,clustering_r,deg_assort,Q,N.olap,N.temp,N.nodf,H2,H3,H4,H17,cent_between,cent_close,cent_eigen,diam,mean_path_length,deg_het_row,deg_het_col
empirical,San_Francisco_crimes_2016-09-17,crimes,9.181037,2.844354,2.587568,0.048812452108677344,0.08955342047242734,0.08419693527684406,9.318295113298651,8.075245876107795,6.96969696969697,2.7850602192159934,1.5685935606944783,11.181036942681782,4.844353672151268,4.5875675057814425,-0.8443536721512668,1,0.9678316326530613,-0.6002993296925484,0.23004444444444444,0.1972415275248558,22.7604664378226,69.88602746992008,997,7660,3095,7257,0.17429260036609567,0.23744069866587725,0.4631854118301944,4,2.143939393939394,1.065406427221172,1.417391304347826
