randomization,name,type,l1,l2,l3,ipr1,ipr2,ipr3,l1_cm,l1_er,l1_reg,l2_mp,l3_mp,l1_lap,l2_lap,l3_lap,alg_conn,clustering_c,clustering_r,deg_assort,Q,N.olap,N.temp,N.nodf,H2,H3,H4,H17,cent_between,cent_close,cent_eigen,diam,mean_path_length,deg_het_row,deg_het_col
empirical,San_Francisco_crimes_2016-04-02,crimes,9.712599,2.802089,2.186779,0.046894583558978915,0.07790406600213438,0.1109896137148086,9.836985142164092,8.732661584927772,7.6875,2.711672699632712,1.5153723981841252,11.71259861939756,4.8020889263481745,4.186779191184658,-0.8020889263481715,1,0.9826189967568407,-0.6437268749110586,0.17551161984044383,0.28503359122665545,20.32619619793615,75.46344959388438,1136,9315,3728,9271,0.16345925105984663,0.2458536967084667,0.43653627930730915,4,2.036290322580645,1.0621984268623172,1.3247405644788155
