randomization,name,type,l1,l2,l3,ipr1,ipr2,ipr3,l1_cm,l1_er,l1_reg,l2_mp,l3_mp,l1_lap,l2_lap,l3_lap,alg_conn,clustering_c,clustering_r,deg_assort,Q,N.olap,N.temp,N.nodf,H2,H3,H4,H17,cent_between,cent_close,cent_eigen,diam,mean_path_length,deg_het_row,deg_het_col
empirical,San_Francisco_crimes_2016-09-21,crimes,9.564302,2.844803,2.483958,0.04681315853047832,0.07356368683595804,0.08491154865058338,9.72793018263748,8.51231924636668,7.393939393939393,2.7451276346346796,1.543722962586631,11.564301650285431,4.844803439178619,4.483957917441604,-0.8448034391786191,1,0.9769587168353037,-0.6089263108801399,0.22441998810232006,0.20813664729390782,21.171224650235498,73.8217412714057,1112,8937,3664,9526,0.22004928240738714,0.3455470465941556,0.5001875231387436,4,2.106060606060606,1.0561676968556841,1.3845740392367647
