randomization,name,type,l1,l2,l3,ipr1,ipr2,ipr3,l1_cm,l1_er,l1_reg,l2_mp,l3_mp,l1_lap,l2_lap,l3_lap,alg_conn,clustering_c,clustering_r,deg_assort,Q,N.olap,N.temp,N.nodf,H2,H3,H4,H17,cent_between,cent_close,cent_eigen,diam,mean_path_length,deg_het_row,deg_het_col
empirical,San_Francisco_crimes_2016-07-11,crimes,9.121642,2.839173,2.362083,0.048841972888457166,0.07020411894248826,0.08139714485425839,9.22136010265607,8.186565538983615,7.225806451612903,2.7753386693148716,1.5469601108568451,11.12164184614117,4.839173390718866,4.362082700053073,-0.8391733907188436,1,0.9688506688506688,-0.5549414396631126,0.2198096371207614,0.21763549594922146,21.530549863043998,73.13518942930708,954,7373,2843,6385,0.12485984919452021,0.2369180385664664,0.437102126501611,4,2.1118279569892473,1.0602678571428572,1.3426339285714286
