randomization,name,type,l1,l2,l3,ipr1,ipr2,ipr3,l1_cm,l1_er,l1_reg,l2_mp,l3_mp,l1_lap,l2_lap,l3_lap,alg_conn,clustering_c,clustering_r,deg_assort,Q,N.olap,N.temp,N.nodf,H2,H3,H4,H17,cent_between,cent_close,cent_eigen,diam,mean_path_length,deg_het_row,deg_het_col
empirical,San_Francisco_crimes_2016-10-26,crimes,9.669887,2.988489,2.740436,0.04593537791304973,0.07036065509328646,0.07265842027260837,9.812249318397415,8.706251579643638,7.428571428571429,2.997668599631559,1.7174822230532907,11.669886991483045,4.988488555517211,4.740435909158417,-0.9884885555172213,1,0.9684446861132062,-0.6677101175358813,0.20550000000000002,0.2162649517672436,22.900976998582497,70.56308723955783,1220,9710,4278,11864,0.2079329227865432,0.2810454058409941,0.4846555594089954,4,2.1176470588235294,1.0603550295857989,1.3431952662721893
