randomization,name,type,l1,l2,l3,ipr1,ipr2,ipr3,l1_cm,l1_er,l1_reg,l2_mp,l3_mp,l1_lap,l2_lap,l3_lap,alg_conn,clustering_c,clustering_r,deg_assort,Q,N.olap,N.temp,N.nodf,H2,H3,H4,H17,cent_between,cent_close,cent_eigen,diam,mean_path_length,deg_het_row,deg_het_col
empirical,San_Francisco_crimes_2016-05-22,crimes,8.994718,3.363178,2.58242,0.049366023439351946,0.07182578326345346,0.06955535148587869,9.298702066063928,7.804079867023945,6.571428571428571,2.7575522676349835,1.565875943285641,10.994718187543645,5.363177852357574,4.582419796840913,-1.3631778523575735,1,0.9580919840909697,-0.6105906915728997,0.29208888888888895,0.21830470003024352,19.258790003856056,69.23558003992787,1005,7346,3377,9324,0.3012347399363521,0.363227980192119,0.5368877648543242,4,2.1949579831932775,1.0986767485822306,1.4877126654064274
