randomization,name,type,l1,l2,l3,ipr1,ipr2,ipr3,l1_cm,l1_er,l1_reg,l2_mp,l3_mp,l1_lap,l2_lap,l3_lap,alg_conn,clustering_c,clustering_r,deg_assort,Q,N.olap,N.temp,N.nodf,H2,H3,H4,H17,cent_between,cent_close,cent_eigen,diam,mean_path_length,deg_het_row,deg_het_col
empirical,San_Francisco_crimes_2016-10-08,crimes,10.188893,2.778352,2.697041,0.04430641531830133,0.08641636587007254,0.07234153426938403,10.28355550851923,8.82251593975899,7.315789473684211,2.913116668336213,1.6837580834319783,12.188893213665848,4.77835220500101,4.697040774575386,-0.778352205001031,1,0.9664692931475378,-0.6934812386210218,0.18339100346020762,0.21724925625646435,24.51588977162393,68.87305543542506,1378,11625,5073,14786,0.2183996987980469,0.27476145569966937,0.5186292130353681,4,2.22475106685633,1.0480823973914393,1.4622431551161945
