randomization,name,type,l1,l2,l3,ipr1,ipr2,ipr3,l1_cm,l1_er,l1_reg,l2_mp,l3_mp,l1_lap,l2_lap,l3_lap,alg_conn,clustering_c,clustering_r,deg_assort,Q,N.olap,N.temp,N.nodf,H2,H3,H4,H17,cent_between,cent_close,cent_eigen,diam,mean_path_length,deg_het_row,deg_het_col
empirical,San_Francisco_crimes_2016-05-01,crimes,9.878717,3.032731,2.672161,0.0458334070054516,0.09652153396806527,0.0820937822168034,10.002829041852227,8.885993034473822,7.6,2.962959008947169,1.6953267155726826,11.878717369778203,5.03273058249884,4.672161021748334,-1.0327305824988575,1,0.9738240472896491,-0.681880640055901,0.1973795833726082,0.24235135171780237,21.575091566259168,71.50885190399256,1282,10391,4653,13379,0.1775820953589393,0.2762373492196366,0.48239185207029256,4,2.110924369747899,1.0724178868223189,1.3186160890949177
