randomization,name,type,l1,l2,l3,ipr1,ipr2,ipr3,l1_cm,l1_er,l1_reg,l2_mp,l3_mp,l1_lap,l2_lap,l3_lap,alg_conn,clustering_c,clustering_r,deg_assort,Q,N.olap,N.temp,N.nodf,H2,H3,H4,H17,cent_between,cent_close,cent_eigen,diam,mean_path_length,deg_het_row,deg_het_col
empirical,San_Francisco_crimes_2016-10-05,crimes,9.19043,2.713891,2.427474,0.04894115963181368,0.06247561358045857,0.091772218002953,9.320492938893233,8.26273007685739,7.151515151515151,2.927685716347538,1.658331253784521,11.190429866308998,4.713891413233217,4.427474018243012,-0.7138914132332375,1,0.9710864348562556,-0.5961187819786825,0.1863806747188672,0.27325012665107345,24.075008632978882,70.98692135604887,1038,7873,3401,8793,0.14320446197224052,0.24265428123501775,0.49424197169345585,4,2.0946969696969697,1.0858948577994827,1.3214593507612755
