randomization,name,type,l1,l2,l3,ipr1,ipr2,ipr3,l1_cm,l1_er,l1_reg,l2_mp,l3_mp,l1_lap,l2_lap,l3_lap,alg_conn,clustering_c,clustering_r,deg_assort,Q,N.olap,N.temp,N.nodf,H2,H3,H4,H17,cent_between,cent_close,cent_eigen,diam,mean_path_length,deg_het_row,deg_het_col
empirical,San_Francisco_crimes_2016-08-06,crimes,9.368606,3.030378,2.495721,0.04663951710131651,0.1087126750366479,0.0765916431166284,9.461047598487383,8.36488238243778,7.176470588235294,2.9659410018346635,1.6900625023009694,11.368606168209764,5.030378013875708,4.495721213303574,-1.0303780138757233,1,0.9673274758267473,-0.6391731642006753,0.2162098298676748,0.17223574672597614,27.3980690072175,67.94109836165912,1081,8469,3411,8155,0.21873830751703163,0.23076311851896245,0.45841859220172354,4,2.1390374331550803,1.0360118247782855,1.3931738779897878
