randomization,name,type,l1,l2,l3,ipr1,ipr2,ipr3,l1_cm,l1_er,l1_reg,l2_mp,l3_mp,l1_lap,l2_lap,l3_lap,alg_conn,clustering_c,clustering_r,deg_assort,Q,N.olap,N.temp,N.nodf,H2,H3,H4,H17,cent_between,cent_close,cent_eigen,diam,mean_path_length,deg_het_row,deg_het_col
empirical,San_Francisco_crimes_2016-05-07,crimes,9.485675,2.935189,2.593371,0.04575107112202549,0.07361407497767589,0.07490209734492768,9.531769160592058,8.609526430596635,7.411764705882353,3.0848301378411205,1.7663307017433474,11.485675388190204,4.93518859913315,4.593371270210415,-0.9351885991331667,1,0.960080280983442,-0.6534430249574816,0.21299913194444445,0.11995232114785459,30.609189105056082,66.20411174149493,1131,8972,3609,8671,0.14895723255662352,0.22458374934488531,0.4469301661280284,4,2.124777183600713,1.0254472159234065,1.3393801965230536
