randomization,name,type,l1,l2,l3,ipr1,ipr2,ipr3,l1_cm,l1_er,l1_reg,l2_mp,l3_mp,l1_lap,l2_lap,l3_lap,alg_conn,clustering_c,clustering_r,deg_assort,Q,N.olap,N.temp,N.nodf,H2,H3,H4,H17,cent_between,cent_close,cent_eigen,diam,mean_path_length,deg_het_row,deg_het_col
empirical,San_Francisco_crimes_2016-01-13,crimes,9.293451,2.646604,2.474109,0.04767562236048989,0.11025168006223504,0.109136832883735,9.319167578689894,8.200264343234215,7.090909090909092,2.8814565283758093,1.6290859633399633,11.2934510082722,4.646604062947156,4.474108737670002,-0.6466040629471566,1,0.9540539871836109,-0.5625572537486131,0.20663231602589502,0.09870666547502015,33.43806615914046,63.596963253003516,1007,7969,2967,6327,0.1436285842955158,0.26377327374041615,0.44998651372474324,4,2.212121212121212,1.020527430783841,1.4298341734239168
