randomization,name,type,l1,l2,l3,ipr1,ipr2,ipr3,l1_cm,l1_er,l1_reg,l2_mp,l3_mp,l1_lap,l2_lap,l3_lap,alg_conn,clustering_c,clustering_r,deg_assort,Q,N.olap,N.temp,N.nodf,H2,H3,H4,H17,cent_between,cent_close,cent_eigen,diam,mean_path_length,deg_het_row,deg_het_col
empirical,San_Francisco_crimes_2016-09-28,crimes,9.290163,2.934056,2.593673,0.04828280310895836,0.06398094202038072,0.10613799794366889,9.557008785164376,8.181120739678487,7,2.736852356617169,1.5459136239839946,11.290162929497843,4.934055978996134,4.593673049522756,-0.9340559789961317,1,0.9769903359410953,-0.5809545296998939,0.22623406135588942,0.2998512131689702,20.22796846075757,74.7991766800178,1073,8182,3724,10973,0.3231613561662225,0.4247954798285117,0.5417426129384528,4,2.1140819964349378,1.0938493044276534,1.4151542970129227
