randomization,name,type,l1,l2,l3,ipr1,ipr2,ipr3,l1_cm,l1_er,l1_reg,l2_mp,l3_mp,l1_lap,l2_lap,l3_lap,alg_conn,clustering_c,clustering_r,deg_assort,Q,N.olap,N.temp,N.nodf,H2,H3,H4,H17,cent_between,cent_close,cent_eigen,diam,mean_path_length,deg_het_row,deg_het_col
empirical,San_Francisco_crimes_2016-03-08,crimes,8.863964,2.937083,2.630054,0.04784408128379727,0.06079799016846614,0.09085699695984922,9.005200578275977,7.679650488532195,6.2631578947368425,3.110484177067068,1.8102832494160466,10.863963765711928,4.937082792045898,4.630053696658082,-0.937082792045886,1,0.9327692542943066,-0.63712036779047,0.23997551270278547,0.19595417781587995,26.135690176545648,60.82540981477152,1017,7308,3282,8304,0.20284170395913442,0.2801170019795685,0.5693461452611402,4,2.324324324324324,1.0684273709483794,1.500741473059812
