randomization,name,type,l1,l2,l3,ipr1,ipr2,ipr3,l1_cm,l1_er,l1_reg,l2_mp,l3_mp,l1_lap,l2_lap,l3_lap,alg_conn,clustering_c,clustering_r,deg_assort,Q,N.olap,N.temp,N.nodf,H2,H3,H4,H17,cent_between,cent_close,cent_eigen,diam,mean_path_length,deg_het_row,deg_het_col
empirical,San_Francisco_crimes_2016-03-19,crimes,9.139425,2.96954,2.684754,0.047525163780265674,0.07915831412611384,0.08524587060196095,9.218609959121798,8.181120739678487,7,3.034915683609667,1.7341835034592705,11.139425265271488,4.969540044528527,4.684753522350849,-0.9695400445285224,1,0.9560418186238755,-0.6026102208877127,0.22951647519252621,0.12496536001208898,32.35218179940202,65.84541453700332,1026,7824,3172,7421,0.12881693345358533,0.24754264483131685,0.49146385688170824,4,2.1818181818181817,1.0401807781936303,1.384647976837794
