randomization,name,type,l1,l2,l3,ipr1,ipr2,ipr3,l1_cm,l1_er,l1_reg,l2_mp,l3_mp,l1_lap,l2_lap,l3_lap,alg_conn,clustering_c,clustering_r,deg_assort,Q,N.olap,N.temp,N.nodf,H2,H3,H4,H17,cent_between,cent_close,cent_eigen,diam,mean_path_length,deg_het_row,deg_het_col
empirical,San_Francisco_crimes_2016-12-11,crimes,9.201382,2.950573,2.667846,0.04885541164560325,0.10904513317071858,0.07942315689228757,9.356311001434037,8.105512797211619,6.857142857142857,2.9411142894059643,1.6814257382382465,11.201382200457436,4.95057272329093,4.6678457369786,-0.9505727232909227,1,0.95741833030853,-0.6411636119051628,0.2071,0.2548870620109395,22.278965582211647,68.65990169251039,1065,8022,3539,9103,0.13685505680799856,0.2457801745576105,0.5110234417467263,4,2.1915966386554624,1.0861111111111112,1.3993055555555558
