randomization,name,type,l1,l2,l3,ipr1,ipr2,ipr3,l1_cm,l1_er,l1_reg,l2_mp,l3_mp,l1_lap,l2_lap,l3_lap,alg_conn,clustering_c,clustering_r,deg_assort,Q,N.olap,N.temp,N.nodf,H2,H3,H4,H17,cent_between,cent_close,cent_eigen,diam,mean_path_length,deg_het_row,deg_het_col
empirical,San_Francisco_crimes_2016-09-14,crimes,9.489721,2.822626,2.272048,0.04733998997298714,0.07462365093001581,0.0685052076268198,9.544746136640963,8.303656102236653,7.117647058823529,2.8452270184205983,1.6136601118144966,11.489721195090295,4.8226261649192725,4.272047935613671,-0.8226261649192864,1,0.9585108719525588,-0.5906612094963848,0.2341106538637403,0.13979874793383715,31.59671791501986,66.24335771532033,1073,8654,3300,7344,0.14778696808834413,0.2460676300591282,0.42710488594058893,4,2.1889483065953654,1.0224711426815107,1.460555972952667
