randomization,name,type,l1,l2,l3,ipr1,ipr2,ipr3,l1_cm,l1_er,l1_reg,l2_mp,l3_mp,l1_lap,l2_lap,l3_lap,alg_conn,clustering_c,clustering_r,deg_assort,Q,N.olap,N.temp,N.nodf,H2,H3,H4,H17,cent_between,cent_close,cent_eigen,diam,mean_path_length,deg_het_row,deg_het_col
empirical,San_Francisco_crimes_2016-02-25,crimes,9.345117,3.069842,2.672259,0.04679130423005739,0.08917242285669197,0.06891978318694192,9.502339033133257,8.035313845005941,6.722222222222223,2.8390303270752475,1.623778665754818,11.345116560626526,5.0698421143650005,4.672259217534885,-1.0698421143649919,1,0.9544290719611894,-0.6645021645021626,0.2564907619852675,0.20107585195247535,23.432183765144895,67.56805506805506,1078,8376,3458,8427,0.23319264954191438,0.2633597666092154,0.488122859964665,4,2.257142857142857,1.051157707806844,1.5254422512123487
