randomization,name,type,l1,l2,l3,ipr1,ipr2,ipr3,l1_cm,l1_er,l1_reg,l2_mp,l3_mp,l1_lap,l2_lap,l3_lap,alg_conn,clustering_c,clustering_r,deg_assort,Q,N.olap,N.temp,N.nodf,H2,H3,H4,H17,cent_between,cent_close,cent_eigen,diam,mean_path_length,deg_het_row,deg_het_col
empirical,San_Francisco_crimes_2016-05-28,crimes,9.50903,3.079806,2.473405,0.04779278472495531,0.08102882029342368,0.10815691751428033,9.59941682238378,8.346124627989408,7.085714285714285,2.913427644717279,1.6638541094369113,11.509029995715194,5.079805576170326,4.473405113980414,-1.079805576170329,1,0.9527153269684837,-0.5937890430763955,0.286376953125,0.0864720632293096,27.006374932916,62.15471002427523,1117,8916,3625,8862,0.13545699522932433,0.25130990184913016,0.48677320427361687,4,2.215126050420168,1.035379812695109,1.447060353798127
