randomization,name,type,l1,l2,l3,ipr1,ipr2,ipr3,l1_cm,l1_er,l1_reg,l2_mp,l3_mp,l1_lap,l2_lap,l3_lap,alg_conn,clustering_c,clustering_r,deg_assort,Q,N.olap,N.temp,N.nodf,H2,H3,H4,H17,cent_between,cent_close,cent_eigen,diam,mean_path_length,deg_het_row,deg_het_col
empirical,San_Francisco_crimes_2016-12-22,crimes,9.548548,2.872401,2.709548,0.0469434782049143,0.07393233736083162,0.07815826464656452,9.637795223711361,8.346124627989408,7.085714285714285,2.87946383970538,1.6423693457862405,11.548548371338653,4.872400783336567,4.709548445803201,-0.8724007833365746,1,0.9561908596738474,-0.6084591802435525,0.22249886826618376,0.20053983720330693,26.74175419421704,67.94577885882234,1125,8995,3691,9349,0.17526770327650656,0.2494953437642298,0.4930770413071613,4,2.211764705882353,1.0483870967741933,1.4405567117585847
