randomization,name,type,l1,l2,l3,ipr1,ipr2,ipr3,l1_cm,l1_er,l1_reg,l2_mp,l3_mp,l1_lap,l2_lap,l3_lap,alg_conn,clustering_c,clustering_r,deg_assort,Q,N.olap,N.temp,N.nodf,H2,H3,H4,H17,cent_between,cent_close,cent_eigen,diam,mean_path_length,deg_het_row,deg_het_col
empirical,San_Francisco_crimes_2016-01-19,crimes,9.476145,2.958922,2.337936,0.04584091756301676,0.06623325999075415,0.07854580682823088,9.617962513632065,8.346124627989408,7.085714285714285,2.897081863117079,1.6535044570099868,11.476145089276521,4.958921696038581,4.337935595670321,-0.9589216960385817,1,0.9675749764739577,-0.6435807463191139,0.21106835672249893,0.18199138272672527,23.450666534067317,67.64030092290962,1125,8871,3719,9689,0.21978472492859233,0.3078747621937048,0.5185567582878118,4,2.1882352941176473,1.0535900104058271,1.4275494276795004
