randomization,name,type,l1,l2,l3,ipr1,ipr2,ipr3,l1_cm,l1_er,l1_reg,l2_mp,l3_mp,l1_lap,l2_lap,l3_lap,alg_conn,clustering_c,clustering_r,deg_assort,Q,N.olap,N.temp,N.nodf,H2,H3,H4,H17,cent_between,cent_close,cent_eigen,diam,mean_path_length,deg_het_row,deg_het_col
empirical,San_Francisco_crimes_2016-05-29,crimes,9.534081,3.082979,2.945235,0.04618932071638497,0.06321866149407383,0.08400383079989203,9.688393677848136,8.507905833940047,7.166666666666667,3.036908607215538,1.7495722049533802,11.53408110089313,5.082979354980004,4.94523492354962,-1.0829793549800237,1,0.9612956964368348,-0.6448743024794347,0.22436486072849715,0.19504525443161808,25.4319047043851,68.6835968085968,1195,9332,4190,11868,0.2054962028858575,0.3188426754346463,0.5412477208282116,4,2.1746031746031744,1.058229673697494,1.3858542154918574
