randomization,name,type,l1,l2,l3,ipr1,ipr2,ipr3,l1_cm,l1_er,l1_reg,l2_mp,l3_mp,l1_lap,l2_lap,l3_lap,alg_conn,clustering_c,clustering_r,deg_assort,Q,N.olap,N.temp,N.nodf,H2,H3,H4,H17,cent_between,cent_close,cent_eigen,diam,mean_path_length,deg_het_row,deg_het_col
empirical,San_Francisco_crimes_2016-09-16,crimes,9.669571,2.559112,2.331247,0.04715022635736818,0.11470871640633049,0.07355866156041223,9.749249550883956,8.487255391629098,7.294117647058823,2.799867233619154,1.5852100309968342,11.669570543717303,4.559111646550884,4.331246516468143,-0.5591116465509084,1,0.9645259575815132,-0.5991506148431897,0.24141709276844409,0.117985510508875,29.056613552765633,67.77113592534154,1131,9260,3649,8835,0.15765587804346257,0.23977777839099107,0.47443860031573326,4,2.1746880570409983,1.035379812695109,1.432882414151925
