randomization,name,type,l1,l2,l3,ipr1,ipr2,ipr3,l1_cm,l1_er,l1_reg,l2_mp,l3_mp,l1_lap,l2_lap,l3_lap,alg_conn,clustering_c,clustering_r,deg_assort,Q,N.olap,N.temp,N.nodf,H2,H3,H4,H17,cent_between,cent_close,cent_eigen,diam,mean_path_length,deg_het_row,deg_het_col
empirical,San_Francisco_crimes_2016-07-25,crimes,9.022203,3.197844,2.861751,0.04909084077516297,0.07250772340747623,0.0739675907011383,9.201251429319594,7.73686792383819,6.378378378378378,2.937013264444885,1.6924490576085747,11.022203423104681,5.1978435118220485,4.861750870193096,-1.1978435118220487,1,0.9369376106084399,-0.6219544207135193,0.30013149243918497,0.18491187436717624,22.96993695450973,63.24094886594886,1024,7561,3331,8375,0.18194578937570519,0.2800754234072879,0.5169091386044615,4,2.315315315315315,1.0744039069232978,1.5280091927607011
