randomization,name,type,l1,l2,l3,ipr1,ipr2,ipr3,l1_cm,l1_er,l1_reg,l2_mp,l3_mp,l1_lap,l2_lap,l3_lap,alg_conn,clustering_c,clustering_r,deg_assort,Q,N.olap,N.temp,N.nodf,H2,H3,H4,H17,cent_between,cent_close,cent_eigen,diam,mean_path_length,deg_het_row,deg_het_col
empirical,San_Francisco_crimes_2016-01-10,crimes,9.477297,2.659377,2.513255,0.04817584821850467,0.06732033339466803,0.08680183514546937,9.671098957411942,8.165708150412007,6.914285714285715,2.7056365933235433,1.5335894957725598,11.47729697170194,4.659376704186842,4.5132548355807804,-0.6593767041868521,1,0.9620990631468874,-0.6010856127337341,0.21845187779253714,0.24676566528166768,22.13195775834844,69.54744691701214,1099,8696,3674,9578,0.17213853240874527,0.2749592399178088,0.508187103219756,4,2.2252100840336135,1.0689160576463357,1.4940919336110923
