randomization,name,type,l1,l2,l3,ipr1,ipr2,ipr3,l1_cm,l1_er,l1_reg,l2_mp,l3_mp,l1_lap,l2_lap,l3_lap,alg_conn,clustering_c,clustering_r,deg_assort,Q,N.olap,N.temp,N.nodf,H2,H3,H4,H17,cent_between,cent_close,cent_eigen,diam,mean_path_length,deg_het_row,deg_het_col
empirical,San_Francisco_crimes_2016-02-14,crimes,8.604454,2.776218,2.619731,0.05123345587348619,0.07091421784354295,0.08782328356683301,8.737673533356016,7.448203883774337,6.363636363636363,2.808869026488682,1.583474055965521,10.604453617282923,4.776218302156807,4.619730733826934,-0.7762183021568164,1,0.9455574912891986,-0.48560233752908893,0.25351111111111113,0.16370232943677118,29.030073914774924,63.57859608698534,838,6066,2377,5087,0.18081876129394178,0.2874908487501178,0.5081818473885256,4,2.272727272727273,1.0530612244897959,1.5124716553287982
