randomization,name,type,l1,l2,l3,ipr1,ipr2,ipr3,l1_cm,l1_er,l1_reg,l2_mp,l3_mp,l1_lap,l2_lap,l3_lap,alg_conn,clustering_c,clustering_r,deg_assort,Q,N.olap,N.temp,N.nodf,H2,H3,H4,H17,cent_between,cent_close,cent_eigen,diam,mean_path_length,deg_het_row,deg_het_col
empirical,Washington_DC_crimes_2016-01-05,crimes,5.421362,2.842444,2.56377,0.11881380509606017,0.1456368126453749,0.17638458126960155,5.363567576050212,4.428754333052211,3.027027027027027,2.925138799484242,1.6517920473439187,7.421362270051673,4.842443933683984,4.563769505146379,-0.8424439336839835,0.7096857290056672,0.8448275862068966,-0.6012262033137333,0.393176020408163,0.3055038023981523,25.039222358112433,40.87569350727245,365,796,1549,5706,0.5548586356936226,0.40951289201472224,0.7988884832103086,6,2.6816816816816815,1.2053571428571428,1.5982142857142858
