randomization,name,type,l1,l2,l3,ipr1,ipr2,ipr3,l1_cm,l1_er,l1_reg,l2_mp,l3_mp,l1_lap,l2_lap,l3_lap,alg_conn,clustering_c,clustering_r,deg_assort,Q,N.olap,N.temp,N.nodf,H2,H3,H4,H17,cent_between,cent_close,cent_eigen,diam,mean_path_length,deg_het_row,deg_het_col
empirical,Washington_DC_crimes_2016-11-10,crimes,5.575645,3.239831,2.775463,0.10369920144341589,0.08754882141205417,0.15653229190923462,5.605552802554109,4.903415531134165,3.1578947368421053,3.1274375200359867,1.7700825760635446,7.575644720675705,5.239831362928451,4.775462512591905,-1.2398313629284632,0.7202598457166057,0.8465227817745803,-0.6659771066059856,0.37999999999999995,0.2224410109996769,35.48341819136598,42.322563728687825,414,925,1781,6405,0.41688253714618295,0.28133108191429423,0.7623149128148654,6,2.728307254623044,1.2444444444444445,1.3466666666666667
