randomization,name,type,l1,l2,l3,ipr1,ipr2,ipr3,l1_cm,l1_er,l1_reg,l2_mp,l3_mp,l1_lap,l2_lap,l3_lap,alg_conn,clustering_c,clustering_r,deg_assort,Q,N.olap,N.temp,N.nodf,H2,H3,H4,H17,cent_between,cent_close,cent_eigen,diam,mean_path_length,deg_het_row,deg_het_col
empirical,Washington_DC_crimes_2016-12-20,crimes,5.687858,3.262461,2.038605,0.11519352202317693,0.09689035234909898,0.11117564680082258,5.806266207531935,4.424427180852207,3.0555555555555554,2.600621106650775,1.4448850521539498,7.687858411210433,5.262460697645889,4.038604929748813,-1.2624606976458956,0.7984231834647347,0.8005540166204986,-0.6471672539983733,0.37256198347107433,0.46828297123366364,21.455189979276742,48.44002081707,410,886,2e3,7926,0.5427726210101265,0.3906747619001275,0.7709544938368268,5,2.5317460317460316,1.2175206611570248,1.8581818181818182
