randomization,name,type,l1,l2,l3,ipr1,ipr2,ipr3,l1_cm,l1_er,l1_reg,l2_mp,l3_mp,l1_lap,l2_lap,l3_lap,alg_conn,clustering_c,clustering_r,deg_assort,Q,N.olap,N.temp,N.nodf,H2,H3,H4,H17,cent_between,cent_close,cent_eigen,diam,mean_path_length,deg_het_row,deg_het_col
empirical,Washington_DC_crimes_2016-09-03,crimes,5.700591,2.995319,2.629116,0.0866089697290161,0.10222099378317018,0.12940039813950496,5.749975845359894,4.793809467094549,3.333333333333334,2.925485526143462,1.6457508177052687,7.700591008055892,4.995319404603973,4.629115831714666,-0.9953194046039793,0.7367417016405952,0.9277777777777778,-0.6832418838591683,0.35694444444444434,0.26176056479408355,26.716139402968007,44.250285233891795,372,1111,1228,3433,0.402860991959328,0.3274207767341874,0.7402883001582138,5,2.696825396825397,1.3855555555555554,1.3455555555555558
