randomization,name,type,l1,l2,l3,ipr1,ipr2,ipr3,l1_cm,l1_er,l1_reg,l2_mp,l3_mp,l1_lap,l2_lap,l3_lap,alg_conn,clustering_c,clustering_r,deg_assort,Q,N.olap,N.temp,N.nodf,H2,H3,H4,H17,cent_between,cent_close,cent_eigen,diam,mean_path_length,deg_het_row,deg_het_col
empirical,Washington_DC_crimes_2016-07-30,crimes,5.935007,3.05477,2.803229,0.10915461583593278,0.12073535728154398,0.07428734391706658,6.199955351999078,4.722150071598879,3.238095238095238,2.8546875359860944,1.649884459521004,7.935007236314257,5.054769750659246,4.803228813460173,-1.0547697506592548,0.730168179788659,0.9474431818181818,-0.5905600273541491,0.38408304498269896,0.3550665979464791,22.461853788739823,41.03066806801951,507,1291,2496,10498,0.4703306444414846,0.37270823765633115,0.7908312316780659,5,2.631823461091754,1.3529411764705883,1.671280276816609
