randomization,name,type,l1,l2,l3,ipr1,ipr2,ipr3,l1_cm,l1_er,l1_reg,l2_mp,l3_mp,l1_lap,l2_lap,l3_lap,alg_conn,clustering_c,clustering_r,deg_assort,Q,N.olap,N.temp,N.nodf,H2,H3,H4,H17,cent_between,cent_close,cent_eigen,diam,mean_path_length,deg_het_row,deg_het_col
empirical,Washington_DC_crimes_2016-02-16,crimes,5.32764,2.943212,2.504859,0.11867107731888869,0.08743670392457326,0.14555711828633777,5.425602846812047,4.645250344810495,3.1176470588235294,2.899050347418568,1.6005285798201296,7.327640488648511,4.943211574023552,4.5048586297051125,-0.9432115740235579,0.7447154471544716,0.9326145552560647,-0.5681352294929697,0.37273050907796373,0.2621431112392502,34.84365519484263,41.46310432569974,332,741,1368,5152,0.5971007784491001,0.4532666909539418,0.7887255449060371,6,2.609625668449198,1.285866856532574,1.3691705233179066
