randomization,name,type,l1,l2,l3,ipr1,ipr2,ipr3,l1_cm,l1_er,l1_reg,l2_mp,l3_mp,l1_lap,l2_lap,l3_lap,alg_conn,clustering_c,clustering_r,deg_assort,Q,N.olap,N.temp,N.nodf,H2,H3,H4,H17,cent_between,cent_close,cent_eigen,diam,mean_path_length,deg_het_row,deg_het_col
empirical,Washington_DC_crimes_2016-06-14,crimes,6.473388,3.170618,2.939308,0.0972313899976392,0.11091284702690357,0.16224445334960175,6.616210261709253,5.369041044128446,3.8,3.010563983478005,1.7373322122975412,8.47338812955235,5.1706184728987745,4.939308081027503,-1.1706184728987743,0.8620091878304585,0.963996399639964,-0.6652941462130446,0.3382963988919666,0.3832763477186033,23.06808163732266,43.40301873698821,631,1814,3252,14267,0.4021253413641356,0.37485754328376436,0.76110635787990355,4,2.3743589743589744,1.1634349030470914,1.667590027700831
