randomization,name,type,l1,l2,l3,ipr1,ipr2,ipr3,l1_cm,l1_er,l1_reg,l2_mp,l3_mp,l1_lap,l2_lap,l3_lap,alg_conn,clustering_c,clustering_r,deg_assort,Q,N.olap,N.temp,N.nodf,H2,H3,H4,H17,cent_between,cent_close,cent_eigen,diam,mean_path_length,deg_het_row,deg_het_col
empirical,Washington_DC_crimes_2016-12-12,crimes,5.585028,2.908516,2.363952,0.11630250116683145,0.09594200062059566,0.09493928092188453,5.6430166013964875,4.570932854074479,3.235294117647059,2.7448953090913193,1.5202360778846322,7.585027968355596,4.9085160229884846,4.363951923517263,-0.908516022988488,0.8128834355828221,0.8672768878718535,-0.5970786220247262,0.3725619834710744,0.3453214403350273,26.775309435892353,45.78149001536099,361,889,1496,5289,0.5226507973908484,0.42045694075385315,0.7737704918085306,5,2.586452762923351,1.240661157024793,1.6036363636363637
