randomization,name,type,l1,l2,l3,ipr1,ipr2,ipr3,l1_cm,l1_er,l1_reg,l2_mp,l3_mp,l1_lap,l2_lap,l3_lap,alg_conn,clustering_c,clustering_r,deg_assort,Q,N.olap,N.temp,N.nodf,H2,H3,H4,H17,cent_between,cent_close,cent_eigen,diam,mean_path_length,deg_het_row,deg_het_col
empirical,Washington_DC_crimes_2016-01-06,crimes,5.504835,3.17132,2.817874,0.10187636900591966,0.13592372599364108,0.14200135063977595,5.717411419088622,4.3268842064154205,2.975609756097561,2.807433850760144,1.614684386106291,7.504834652816057,5.171319778550513,4.817873665075569,-1.1713197785505292,0.6840677966101695,0.8364779874213837,-0.6437956038460665,0.42166084385917785,0.3173104177703688,19.149482524882096,40.99006509078452,413,939,1756,6235,0.43741371360121345,0.31127350446921626,0.7635198457113599,5,2.7804878048780486,1.3568933082504706,1.709217952163397
