randomization,name,type,l1,l2,l3,ipr1,ipr2,ipr3,l1_cm,l1_er,l1_reg,l2_mp,l3_mp,l1_lap,l2_lap,l3_lap,alg_conn,clustering_c,clustering_r,deg_assort,Q,N.olap,N.temp,N.nodf,H2,H3,H4,H17,cent_between,cent_close,cent_eigen,diam,mean_path_length,deg_het_row,deg_het_col
empirical,Washington_DC_crimes_2016-02-18,crimes,5.647057,3.443861,2.431502,0.08564181142090896,0.10134268476864741,0.08750965144622769,5.77945641060787,4.729983836429202,3.4054054054054053,2.9337253860850585,1.6703534004882798,7.647057079058719,5.44386096469111,4.431501659751906,-1.4438609646911158,0.7212397794257464,0.9263301500682128,-0.6559296890724351,0.3653313177122703,0.3031053870132778,22.171352492027033,43.90413733731705,400,1143,1423,4343,0.44855037368451933,0.3178983541136169,0.7341431781888056,6,2.66966966966967,1.2932728647014362,1.509700176366843
