randomization,name,type,l1,l2,l3,ipr1,ipr2,ipr3,l1_cm,l1_er,l1_reg,l2_mp,l3_mp,l1_lap,l2_lap,l3_lap,alg_conn,clustering_c,clustering_r,deg_assort,Q,N.olap,N.temp,N.nodf,H2,H3,H4,H17,cent_between,cent_close,cent_eigen,diam,mean_path_length,deg_het_row,deg_het_col
empirical,Washington_DC_crimes_2016-01-09,crimes,5.569918,2.966639,2.666594,0.1164415541374647,0.12553689961936473,0.10856283991885451,5.570756980279551,4.323073047437054,3,2.8542731123702927,1.638381392572556,7.5699178563362155,4.966638760393501,4.666593851056601,-0.9666387603935097,0.6930781215223681,0.8740740740740741,-0.5824965821637591,0.3969444444444444,0.3388664708120942,22.548946687002204,41.07233733187932,409,892,1878,7425,0.5278706901707558,0.38205740474959315,0.8039824881823672,6,2.764102564102564,1.2444444444444445,1.7733333333333334
