randomization,name,type,l1,l2,l3,ipr1,ipr2,ipr3,l1_cm,l1_er,l1_reg,l2_mp,l3_mp,l1_lap,l2_lap,l3_lap,alg_conn,clustering_c,clustering_r,deg_assort,Q,N.olap,N.temp,N.nodf,H2,H3,H4,H17,cent_between,cent_close,cent_eigen,diam,mean_path_length,deg_het_row,deg_het_col
empirical,Washington_DC_crimes_2016-04-22,crimes,5.747034,3.014642,2.603502,0.0924138658434801,0.09940489273833854,0.10075502895300316,5.718450862961825,4.796123237053512,3.230769230769231,3.0535626566564993,1.745266033870644,7.7470336023342155,5.014642073046783,4.603502049541214,-1.0146420730467913,0.7336928161419377,0.922740524781341,-0.6677130643868557,0.37515747039556585,0.19101818032959234,28.337227937235003,39.83121488440637,402,1137,1434,4393,0.37115663582422576,0.30925417565094027,0.7670391443505806,6,2.8286099865047234,1.3786848072562359,1.3386243386243386
