randomization,name,type,l1,l2,l3,ipr1,ipr2,ipr3,l1_cm,l1_er,l1_reg,l2_mp,l3_mp,l1_lap,l2_lap,l3_lap,alg_conn,clustering_c,clustering_r,deg_assort,Q,N.olap,N.temp,N.nodf,H2,H3,H4,H17,cent_between,cent_close,cent_eigen,diam,mean_path_length,deg_het_row,deg_het_col
empirical,Washington_DC_crimes_2016-12-13,crimes,6.287575,3.241447,2.543511,0.11386315623838893,0.11968356215496755,0.12056557215842928,6.514290917603355,5.0749555664065475,3.4,2.791172927401156,1.5857431839785316,8.28757456734521,5.241447252114716,4.543510967126363,-1.2414472521147344,0.8312514194867135,0.8408104196816208,-0.622367796449255,0.3395328719723184,0.4973534837519512,24.065279050535533,53.02202351382679,600,1438,3630,17976,0.509967863271566,0.3917773105868464,0.7724261304415708,4,2.3705128205128205,1.198961937716263,1.7681660899653981
