randomization,name,type,l1,l2,l3,ipr1,ipr2,ipr3,l1_cm,l1_er,l1_reg,l2_mp,l3_mp,l1_lap,l2_lap,l3_lap,alg_conn,clustering_c,clustering_r,deg_assort,Q,N.olap,N.temp,N.nodf,H2,H3,H4,H17,cent_between,cent_close,cent_eigen,diam,mean_path_length,deg_het_row,deg_het_col
empirical,Washington_DC_crimes_2016-03-01,crimes,5.295607,2.881141,2.377303,0.125827783581652,0.12180516261673485,0.16917023289779717,5.3561179972065585,4.1142124356593985,2.857142857142857,2.6173050479998916,1.448712703760445,7.295607209403315,4.881141143643107,4.377303310561804,-0.881141143643102,0.7256694970607446,0.8382978723404255,-0.6166888112722675,0.40120000000000006,0.3988114938992132,22.286268534298735,45.388471177944865,331,641,1458,5258,0.5588496998236696,0.411850591168285,0.7889240186171558,5,2.6487394957983192,1.232,1.8256
