randomization,name,type,l1,l2,l3,ipr1,ipr2,ipr3,l1_cm,l1_er,l1_reg,l2_mp,l3_mp,l1_lap,l2_lap,l3_lap,alg_conn,clustering_c,clustering_r,deg_assort,Q,N.olap,N.temp,N.nodf,H2,H3,H4,H17,cent_between,cent_close,cent_eigen,diam,mean_path_length,deg_het_row,deg_het_col
empirical,Washington_DC_crimes_2016-11-11,crimes,5.546976,2.818022,2.577083,0.10690645296601475,0.10269251566938241,0.11034669198004986,5.565307862574349,4.456058975866124,3.2222222222222223,2.8205251888272613,1.5928387144434943,7.54697597036479,4.818022321659756,4.577082500396735,-0.8180223216597476,0.8152350081037277,0.8842105263157894,-0.5890184451349888,0.3834720570749108,0.2910065318418285,25.904818073122954,40.854152005629835,368,910,1462,4941,0.4452373830288189,0.36754663652767366,0.7665871588818154,6,2.653968253968254,1.2318668252080855,1.6741973840665874
