randomization,name,type,l1,l2,l3,ipr1,ipr2,ipr3,l1_cm,l1_er,l1_reg,l2_mp,l3_mp,l1_lap,l2_lap,l3_lap,alg_conn,clustering_c,clustering_r,deg_assort,Q,N.olap,N.temp,N.nodf,H2,H3,H4,H17,cent_between,cent_close,cent_eigen,diam,mean_path_length,deg_het_row,deg_het_col
empirical,Washington_DC_crimes_2016-01-22,crimes,4.391329,2.662956,2.28069,0.13934771980604158,0.08524412294006896,0.10282206487383738,4.342365536573119,3.5578531662459567,2.606060606060606,2.7199622791448372,1.510202142299216,6.391329462728883,4.66295574215386,4.280689659700445,-0.66295574215386055,0.5574837310195228,0.6643356643356644,-0.5025182543316382,0.47106544077879925,0.196314910752491,23.379845956053128,31.37703252032521,188,337,533,1414,0.5910791540658604,0.36165302265392446,0.816490533772657,7,3.0795454545454546,1.2844780962682532,1.5878853434288804
