randomization,name,type,l1,l2,l3,ipr1,ipr2,ipr3,l1_cm,l1_er,l1_reg,l2_mp,l3_mp,l1_lap,l2_lap,l3_lap,alg_conn,clustering_c,clustering_r,deg_assort,Q,N.olap,N.temp,N.nodf,H2,H3,H4,H17,cent_between,cent_close,cent_eigen,diam,mean_path_length,deg_het_row,deg_het_col
empirical,Washington_DC_crimes_2016-09-04,crimes,5.830327,3.18825,2.811273,0.08866494479350084,0.09651993033373937,0.1228043701497105,6.091504166014226,4.942205079854665,3.4857142857142853,2.7712954227148123,1.5431253193599326,7.830327277738567,5.188250330194166,4.8112730937546475,-1.188250330194181,0.8190319934372436,0.9314685314685315,-0.7175024434253062,0.3208814834721849,0.37016339349254973,19.695517314515932,48.71852249671799,432,1182,1748,5985,0.4484185687088315,0.3542168826415024,0.7264910733580334,5,2.4571428571428573,1.2717011556033326,1.5369524321418975
