randomization,name,type,l1,l2,l3,ipr1,ipr2,ipr3,l1_cm,l1_er,l1_reg,l2_mp,l3_mp,l1_lap,l2_lap,l3_lap,alg_conn,clustering_c,clustering_r,deg_assort,Q,N.olap,N.temp,N.nodf,H2,H3,H4,H17,cent_between,cent_close,cent_eigen,diam,mean_path_length,deg_het_row,deg_het_col
empirical,Washington_DC_crimes_2016-06-09,crimes,6.500115,3.115091,2.223108,0.11120372169258838,0.08560691764400001,0.09156204041567524,6.683673671809526,4.980132954845322,3.4634146341463414,2.707344066276633,1.552290217153212,8.500114797989738,5.115091066063877,4.223107557164364,-1.1150910660638773,0.8748143012776072,0.9023605150214592,-0.5740192087831917,0.3433842491569132,0.4987997539347632,19.80454294669202,54.5175889363697,614,1675,3676,18898,0.5860691053175499,0.47258975573840306,0.7943002591968643,6,2.5414634146341464,1.250347153342591,1.871057329894862
