randomization,name,type,l1,l2,l3,ipr1,ipr2,ipr3,l1_cm,l1_er,l1_reg,l2_mp,l3_mp,l1_lap,l2_lap,l3_lap,alg_conn,clustering_c,clustering_r,deg_assort,Q,N.olap,N.temp,N.nodf,H2,H3,H4,H17,cent_between,cent_close,cent_eigen,diam,mean_path_length,deg_het_row,deg_het_col
empirical,Washington_DC_crimes_2016-02-10,crimes,5.580891,2.790597,2.615354,0.13241289810717022,0.10765628108218384,0.14101803591151663,5.433077758201542,4.344912965704039,3.0285714285714285,2.747303838441436,1.5283100901550368,7.580891448071988,4.79059668947581,4.615354491255725,-0.7905966894758056,0.8210192635942453,0.6428571428571429,-0.6312362463449191,0.36810252758988976,0.35557937020179586,27.16580685047049,34.40267335004177,376,692,1807,6943,0.4499438046405276,0.3497010876301244,0.7826092841387976,5,2.5714285714285716,1.1064435742257033,1.8615165539337843
