randomization,name,type,l1,l2,l3,ipr1,ipr2,ipr3,l1_cm,l1_er,l1_reg,l2_mp,l3_mp,l1_lap,l2_lap,l3_lap,alg_conn,clustering_c,clustering_r,deg_assort,Q,N.olap,N.temp,N.nodf,H2,H3,H4,H17,cent_between,cent_close,cent_eigen,diam,mean_path_length,deg_het_row,deg_het_col
empirical,Washington_DC_crimes_2016-05-23,crimes,6.547274,2.993832,2.628937,0.10320652974957274,0.10448355205955935,0.10563119665477338,6.81175454637056,5.282466178285592,3.58974358974359,2.6949232319298413,1.5204880074090346,8.547273796916171,4.993831968344004,4.6289365796007536,-0.9938319683440192,0.8807484639731894,0.9412897016361886,-0.6278574794889855,0.32265306122448956,0.49691413990753686,19.401631477096785,56.396552309206285,608,1741,3437,16693,0.5515414229342954,0.48217452327555416,0.7766909794928645,5,2.4318488529014846,1.28,1.6571428571428573
