randomization,name,type,l1,l2,l3,ipr1,ipr2,ipr3,l1_cm,l1_er,l1_reg,l2_mp,l3_mp,l1_lap,l2_lap,l3_lap,alg_conn,clustering_c,clustering_r,deg_assort,Q,N.olap,N.temp,N.nodf,H2,H3,H4,H17,cent_between,cent_close,cent_eigen,diam,mean_path_length,deg_het_row,deg_het_col
empirical,Washington_DC_crimes_2016-07-18,crimes,6.117459,3.260016,2.703579,0.10034215133594819,0.12664604811765134,0.10951440578099267,6.301260378126045,4.941252885805275,3.238095238095238,2.9095893020284915,1.6709413250179752,8.117459148982448,5.2600157718199245,4.7035788861351095,-1.2600157718199225,0.7522399203583873,0.9473684210526315,-0.65220979020979,0.3732698961937716,0.3706022038999013,18.901551238442714,46.644345238095234,532,1419,2612,11108,0.5063044917625502,0.3927104775201662,0.7946849938150171,5,2.6492450638792104,1.3624567474048443,1.5441176470588238
