randomization,name,type,l1,l2,l3,ipr1,ipr2,ipr3,l1_cm,l1_er,l1_reg,l2_mp,l3_mp,l1_lap,l2_lap,l3_lap,alg_conn,clustering_c,clustering_r,deg_assort,Q,N.olap,N.temp,N.nodf,H2,H3,H4,H17,cent_between,cent_close,cent_eigen,diam,mean_path_length,deg_het_row,deg_het_col
empirical,Washington_DC_crimes_2016-05-15,crimes,5.55432,3.060713,2.746296,0.10415321216121726,0.08923325074897649,0.09512328650068756,5.687826526408627,5.1078076970714115,3.3125,2.9066805909861273,1.5726460830064235,7.554319849583372,5.060713016795408,4.746295736904321,-1.0607130167954135,0.7682733650147092,0.8493150684931506,-0.7128517087308299,NA,NA,NA,NA,373,843,1584,5522,0.4758308981009147,0.3358263849475582,0.7233809673234,5,2.409274193548387,1.201495194019224,1.294054823780705
