randomization,name,type,l1,l2,l3,ipr1,ipr2,ipr3,l1_cm,l1_er,l1_reg,l2_mp,l3_mp,l1_lap,l2_lap,l3_lap,alg_conn,clustering_c,clustering_r,deg_assort,Q,N.olap,N.temp,N.nodf,H2,H3,H4,H17,cent_between,cent_close,cent_eigen,diam,mean_path_length,deg_het_row,deg_het_col
empirical,Washington_DC_crimes_2016-04-07,crimes,5.34442,2.834408,2.692109,0.11069309997872855,0.10137818176770338,0.08698307854708154,5.47139820768946,4.354613589110422,2.972972972972973,2.8062673446656166,1.5774415987318042,7.344420206384798,4.8344076787651105,4.69210873528326,-0.8344076787651111,0.6709070796460177,0.935656836461126,-0.6258839517150552,0.3990082644628098,0.3123550308024401,24.76246532939229,41.58847639933166,344,795,1325,4261,0.4341068581379428,0.33896640816092416,0.7664717397638585,5,2.7477477477477477,1.3586776859504133,1.5295867768595042
