randomization,name,type,l1,l2,l3,ipr1,ipr2,ipr3,l1_cm,l1_er,l1_reg,l2_mp,l3_mp,l1_lap,l2_lap,l3_lap,alg_conn,clustering_c,clustering_r,deg_assort,Q,N.olap,N.temp,N.nodf,H2,H3,H4,H17,cent_between,cent_close,cent_eigen,diam,mean_path_length,deg_het_row,deg_het_col
empirical,Washington_DC_crimes_2016-01-19,crimes,5.445049,3.317701,2.895111,0.08147121554560553,0.12623261428170462,0.08829696054257494,5.457663622344605,5.130480213928698,3.3157894736842106,3.3715872472803756,1.929173463185809,7.445048799807125,5.317700863653762,4.8951108847569405,-1.3177008636537544,0.6384272395622214,0.9562841530054644,-0.7585059819083747,0.379692617787856,0.10882157058627649,42.751890930347024,36.47097195042401,392,995,1317,3642,0.35865938359314087,0.3158330123592663,0.7340145918912749,5,2.7140825035561877,1.2658100277147897,1.1383219954648527
