randomization,name,type,l1,l2,l3,ipr1,ipr2,ipr3,l1_cm,l1_er,l1_reg,l2_mp,l3_mp,l1_lap,l2_lap,l3_lap,alg_conn,clustering_c,clustering_r,deg_assort,Q,N.olap,N.temp,N.nodf,H2,H3,H4,H17,cent_between,cent_close,cent_eigen,diam,mean_path_length,deg_het_row,deg_het_col
empirical,Washington_DC_crimes_2016-04-19,crimes,6.461197,2.927192,2.509418,0.10797262410958275,0.09165663017642382,0.08662496552672123,6.501929444802543,5.656228937885214,3.7777777777777777,2.9966358445666503,1.6746551533092335,8.461197200866511,4.92719209730441,4.509417887469268,-0.9271920973044059,0.8967206558688262,0.8984547461368654,-0.6223318473550873,0.31660899653979235,0.37436991028295374,33.02089458075605,51.93915343915344,565,1613,3027,13783,0.47294290832443414,0.44048644325804887,0.7563469413168687,6,2.3492063492063493,1.1678200692041525,1.4091695501730102
