randomization,name,type,l1,l2,l3,ipr1,ipr2,ipr3,l1_cm,l1_er,l1_reg,l2_mp,l3_mp,l1_lap,l2_lap,l3_lap,alg_conn,clustering_c,clustering_r,deg_assort,Q,N.olap,N.temp,N.nodf,H2,H3,H4,H17,cent_between,cent_close,cent_eigen,diam,mean_path_length,deg_het_row,deg_het_col
empirical,Washington_DC_crimes_2016-03-25,crimes,6.604689,3.03058,2.5117,0.10647976187428038,0.09330785286718753,0.11900152198898951,6.668572506411092,5.812655841272468,3.942857142857143,2.9416787805830205,1.633717144133448,8.604689319344217,5.03058038916623,4.511700245279251,-1.0305803891662328,0.9105523125280647,0.9067961165048544,-0.6389785894548314,0.3194706994328922,0.3718034628564497,33.83337641175493,53.408833842325535,576,1737,3013,13420,0.4037630101858846,0.41919423968714337,0.7398326258469773,5,2.3294117647058825,1.1755933627389203,1.3824826717076246
