randomization,name,type,l1,l2,l3,ipr1,ipr2,ipr3,l1_cm,l1_er,l1_reg,l2_mp,l3_mp,l1_lap,l2_lap,l3_lap,alg_conn,clustering_c,clustering_r,deg_assort,Q,N.olap,N.temp,N.nodf,H2,H3,H4,H17,cent_between,cent_close,cent_eigen,diam,mean_path_length,deg_het_row,deg_het_col
empirical,Washington_DC_crimes_2016-01-13,crimes,6.007568,2.918142,2.838317,0.1096274990911276,0.134811819851282,0.12626301026453735,5.924621178648667,4.9389331002392645,3.268292682926829,3.1033167586953856,1.7885843364909555,8.007568213540365,4.918142309215332,4.838317160630856,-0.9181423092153385,0.7642199349945829,0.8841567291311755,-0.626134965835484,0.36667409222543995,0.2910848530579344,27.858378422673795,42.39486172475863,508,1223,2514,10554,0.4663147723178253,0.3539453404709014,0.7882718321916994,6,2.680487804878049,1.2042771218534194,1.5453330363109827
