randomization,name,type,l1,l2,l3,ipr1,ipr2,ipr3,l1_cm,l1_er,l1_reg,l2_mp,l3_mp,l1_lap,l2_lap,l3_lap,alg_conn,clustering_c,clustering_r,deg_assort,Q,N.olap,N.temp,N.nodf,H2,H3,H4,H17,cent_between,cent_close,cent_eigen,diam,mean_path_length,deg_het_row,deg_het_col
empirical,Washington_DC_crimes_2016-02-27,crimes,5.286623,2.786006,2.411333,0.1215268323363546,0.09327931175386094,0.1516063928454913,5.314933744653754,4.268491740240955,2.9714285714285715,2.7630425363140865,1.538024511479869,7.286623235891974,4.786006055754125,4.411333035329907,-0.7860060557541207,0.7283349561830574,0.7922848664688428,-0.5645321949484167,0.4134615384615383,0.31042903977114505,25.83261993026579,43.58813700918964,318,724,1263,4424,0.6094345502935654,0.43902713530862303,0.7967885699778313,6,2.7630252100840336,1.2840236686390534,1.5946745562130178
