randomization,name,type,l1,l2,l3,ipr1,ipr2,ipr3,l1_cm,l1_er,l1_reg,l2_mp,l3_mp,l1_lap,l2_lap,l3_lap,alg_conn,clustering_c,clustering_r,deg_assort,Q,N.olap,N.temp,N.nodf,H2,H3,H4,H17,cent_between,cent_close,cent_eigen,diam,mean_path_length,deg_het_row,deg_het_col
empirical,Washington_DC_crimes_2016-08-11,crimes,5.622364,2.821157,2.220982,0.10085639001463301,0.11391143358462065,0.07647995031048806,5.70612518034042,4.611624457431345,3.454545454545454,2.7365999787959083,1.5204656152164202,7.622363746384429,4.821156721813707,4.220982444231097,-0.8211567218137021,0.8240055504162812,0.9272997032640949,-0.5786968622793579,0.3351800554016619,0.34390221657978887,23.030257090247957,48.3558362369338,349,1017,1241,3821,0.40370743069066295,0.32806401556704873,0.7352081546177294,5,2.534090909090909,1.2542320714065867,1.598030163127116
