randomization,name,type,l1,l2,l3,ipr1,ipr2,ipr3,l1_cm,l1_er,l1_reg,l2_mp,l3_mp,l1_lap,l2_lap,l3_lap,alg_conn,clustering_c,clustering_r,deg_assort,Q,N.olap,N.temp,N.nodf,H2,H3,H4,H17,cent_between,cent_close,cent_eigen,diam,mean_path_length,deg_het_row,deg_het_col
empirical,Washington_DC_crimes_2016-12-02,crimes,6.223172,2.857916,2.150425,0.12766544392174453,0.11193356924107631,0.12041200155615096,6.250929261569946,4.826954271656041,3.1052631578947367,2.611458969192937,1.4484308577181213,8.223172412227498,4.8579156893953765,4.150425468952494,-0.8579156893953892,0.8634502175582288,0.9065420560747663,-0.689540024598908,0.31284113760413684,0.507512709802338,25.512658775516602,47.53068848959259,540,1075,3337,16178,0.481423533251832,0.40248359939562184,0.7811429571865418,5,2.4295874822190613,1.1674806090203964,1.8460212582591207
