randomization,name,type,l1,l2,l3,ipr1,ipr2,ipr3,l1_cm,l1_er,l1_reg,l2_mp,l3_mp,l1_lap,l2_lap,l3_lap,alg_conn,clustering_c,clustering_r,deg_assort,Q,N.olap,N.temp,N.nodf,H2,H3,H4,H17,cent_between,cent_close,cent_eigen,diam,mean_path_length,deg_het_row,deg_het_col
empirical,Washington_DC_crimes_2016-04-23,crimes,5.537276,2.903038,2.390615,0.11651400109262611,0.1100506092337333,0.17682595385708974,5.544977624797428,4.424427180852207,3.0555555555555554,2.775887121849653,1.5523706590616106,7.53727564099527,4.903037673227262,4.390615360320852,-0.9030376732272626,0.7515572592237661,0.8710526315789474,-0.615698683270389,0.38380165289256185,0.3519736642921655,26.526609344614947,45.39004126240661,370,844,1597,5743,0.5083632453980592,0.3868580811045823,0.781924168825216,5,2.6555555555555554,1.236694214876033,1.6684297520661158
