randomization,name,type,l1,l2,l3,ipr1,ipr2,ipr3,l1_cm,l1_er,l1_reg,l2_mp,l3_mp,l1_lap,l2_lap,l3_lap,alg_conn,clustering_c,clustering_r,deg_assort,Q,N.olap,N.temp,N.nodf,H2,H3,H4,H17,cent_between,cent_close,cent_eigen,diam,mean_path_length,deg_het_row,deg_het_col
empirical,Washington_DC_crimes_2016-06-17,crimes,6.656881,3.321976,2.508945,0.10707911093888228,0.06948170828804108,0.10952141656457047,6.639528095680697,5.718984409006074,3.6923076923076925,3.0767904697590507,1.7435008882530232,8.65688099564343,5.321975773457544,4.508945216355376,-1.3219757734575537,0.8807406803165022,0.8796400449943758,-0.6468477389434095,0.3173225308641976,0.34386188295028075,34.58468975721849,47.524973491824326,641,1751,3727,18121,0.47705991930669767,0.4136243303033162,0.7624183595146977,5,2.4237516869095814,1.1712962962962965,1.4375
