randomization,name,type,l1,l2,l3,ipr1,ipr2,ipr3,l1_cm,l1_er,l1_reg,l2_mp,l3_mp,l1_lap,l2_lap,l3_lap,alg_conn,clustering_c,clustering_r,deg_assort,Q,N.olap,N.temp,N.nodf,H2,H3,H4,H17,cent_between,cent_close,cent_eigen,diam,mean_path_length,deg_het_row,deg_het_col
empirical,Washington_DC_crimes_2016-12-01,crimes,5.937021,2.80257,2.407962,0.11648530034337118,0.0829536720091659,0.0785579884556162,5.969049551597614,4.591352807062921,3.2631578947368425,2.753131121700787,1.5633701858407436,7.937020615161616,4.802569578795254,4.407962424106457,-0.8025695787952565,0.8445957446808511,0.7884012539184952,-0.5429212787367442,0.36290322580645146,0.37440013370358943,23.054783925563008,47.05903527717782,446,1172,2171,9169,0.51511164637820706,0.3955788018915951,0.7929268887653951,6,2.6770981507823612,1.2486992715920913,1.781477627471384
