randomization,name,type,l1,l2,l3,ipr1,ipr2,ipr3,l1_cm,l1_er,l1_reg,l2_mp,l3_mp,l1_lap,l2_lap,l3_lap,alg_conn,clustering_c,clustering_r,deg_assort,Q,N.olap,N.temp,N.nodf,H2,H3,H4,H17,cent_between,cent_close,cent_eigen,diam,mean_path_length,deg_het_row,deg_het_col
empirical,Washington_DC_crimes_2016-10-14,crimes,6.090661,2.558846,2.383289,0.1120462354113679,0.15272183259359137,0.1091163334416089,6.018859249614222,5.124777779634976,3.428571428571429,2.895944722372058,1.6050621766611914,8.090661391759518,4.558846317913119,4.383288502865469,-0.5588463179131122,0.8614385010577214,1,-0.6107485526073526,0.3308333333333333,0.3174878442025117,30.912881712395784,48.15490329148287,436,1178,1997,7888,0.4927282872483915,0.44895335366931877,0.7739773658776733,4,2.5546218487394956,1.2566666666666664,1.3933333333333335
