randomization,name,type,l1,l2,l3,ipr1,ipr2,ipr3,l1_cm,l1_er,l1_reg,l2_mp,l3_mp,l1_lap,l2_lap,l3_lap,alg_conn,clustering_c,clustering_r,deg_assort,Q,N.olap,N.temp,N.nodf,H2,H3,H4,H17,cent_between,cent_close,cent_eigen,diam,mean_path_length,deg_het_row,deg_het_col
empirical,Washington_DC_crimes_2016-03-17,crimes,4.993709,3.449813,2.407836,0.10767437153697312,0.12239310271289197,0.09438114346631372,5.192323129268632,4.14694971580165,2.769230769230769,2.8846423680617814,1.6383640221688092,6.99370851189523,5.449812932048181,4.40783567134946,-1.449812932048186,0.5463137996219282,0.8447653429602888,-0.6663495552743628,0.4393004115226339,0.20530656105124193,23.365050856622478,33.28267477203648,325,620,1212,3717,0.44774409351971683,0.31005584602541286,0.7807333478611227,5,2.866396761133603,1.3607681755829903,1.5219478737997254
