randomization,name,type,l1,l2,l3,ipr1,ipr2,ipr3,l1_cm,l1_er,l1_reg,l2_mp,l3_mp,l1_lap,l2_lap,l3_lap,alg_conn,clustering_c,clustering_r,deg_assort,Q,N.olap,N.temp,N.nodf,H2,H3,H4,H17,cent_between,cent_close,cent_eigen,diam,mean_path_length,deg_het_row,deg_het_col
empirical,Washington_DC_crimes_2016-05-10,crimes,5.908183,2.880313,2.67255,0.11320969668185651,0.08546554803108246,0.1319528153678346,5.90384273173334,4.523352107200399,3.1794871794871793,2.777784469631138,1.5846807073478686,7.90818300647315,4.8803133149981335,4.672550397450584,-0.8803133149981378,0.7746729122920368,0.8815331010452961,-0.6257140120291808,0.35613943808532794,0.37439301022463134,19.205405644066172,46.1016982858052,441,1135,1965,7377,0.47323024789159157,0.38489915774631717,0.7827812994176427,5,2.6963562753036436,1.2741935483870968,1.764828303850156
