randomization,name,type,l1,l2,l3,ipr1,ipr2,ipr3,l1_cm,l1_er,l1_reg,l2_mp,l3_mp,l1_lap,l2_lap,l3_lap,alg_conn,clustering_c,clustering_r,deg_assort,Q,N.olap,N.temp,N.nodf,H2,H3,H4,H17,cent_between,cent_close,cent_eigen,diam,mean_path_length,deg_het_row,deg_het_col
empirical,Washington_DC_crimes_2016-08-30,crimes,5.813682,3.336426,2.593316,0.09341484446412229,0.09652948282500029,0.11072368054478092,6.148789896190958,4.936426564622692,3.3684210526315788,2.853558156679578,1.6129822812008556,7.813682028584805,5.336425827820255,4.593315661459806,-1.3364258278202528,0.7575442247658689,0.9077117572692794,-0.6137554424027747,0.3603515625,0.3599275006991846,23.274386012364815,45.474230844601216,460,1227,2078,8485,0.5853318804138485,0.4245907350192624,0.7640489136232335,5,2.55049786628734,1.3471679687500002,1.4868164062500002
