randomization,name,type,l1,l2,l3,ipr1,ipr2,ipr3,l1_cm,l1_er,l1_reg,l2_mp,l3_mp,l1_lap,l2_lap,l3_lap,alg_conn,clustering_c,clustering_r,deg_assort,Q,N.olap,N.temp,N.nodf,H2,H3,H4,H17,cent_between,cent_close,cent_eigen,diam,mean_path_length,deg_het_row,deg_het_col
empirical,Washington_DC_crimes_2016-06-24,crimes,6.323164,3.023755,2.700094,0.1062211661088432,0.08778861224009586,0.09148409549875186,6.581034789726589,5.213765223409366,3.5384615384615383,2.8117214184581045,1.592792365005018,8.323164060132367,5.023755332438893,4.700093900864965,-1.0237553324388897,0.8457949116764804,0.8717672413793104,-0.606260324074977,0.34950640621718126,0.44460342651832013,19.746433413608443,55.24678475686314,571,1571,3119,14605,0.5394673065656409,0.4441123101735103,0.7741508314950941,6,2.44804318488529,1.270321361058601,1.6040747742070993
