randomization,name,type,l1,l2,l3,ipr1,ipr2,ipr3,l1_cm,l1_er,l1_reg,l2_mp,l3_mp,l1_lap,l2_lap,l3_lap,alg_conn,clustering_c,clustering_r,deg_assort,Q,N.olap,N.temp,N.nodf,H2,H3,H4,H17,cent_between,cent_close,cent_eigen,diam,mean_path_length,deg_het_row,deg_het_col
empirical,Washington_DC_crimes_2016-12-07,crimes,5.430892,3.036363,2.381898,0.12056921554179251,0.11869056680203026,0.0917118099876461,5.336139069148148,4.586236679774093,2.972972972972973,3.0276240549299356,1.7004141961115928,7.430892316661246,5.036363324200483,4.381898441516951,-1.0363633242004693,0.71390937829294,0.8383458646616542,-0.6150146219022284,0.3940495867768594,0.25111827462660796,38.07456007111571,36.21440972222222,377,722,1745,6688,0.5381014119905928,0.38837328251473713,0.7873440956770918,6,2.6786786786786787,1.1785123966942148,1.4856198347107439
