randomization,name,type,l1,l2,l3,ipr1,ipr2,ipr3,l1_cm,l1_er,l1_reg,l2_mp,l3_mp,l1_lap,l2_lap,l3_lap,alg_conn,clustering_c,clustering_r,deg_assort,Q,N.olap,N.temp,N.nodf,H2,H3,H4,H17,cent_between,cent_close,cent_eigen,diam,mean_path_length,deg_het_row,deg_het_col
empirical,Washington_DC_crimes_2016-05-18,crimes,5.28899,3.055067,2.784819,0.0985774008804445,0.1019463224396194,0.09669812457227252,5.067872663488432,4.6512796405066075,3.1578947368421053,3.2662676642088604,1.8768270656607058,7.288990161935729,5.055067460470566,4.784818897937314,-1.0550674604705619,0.6544622425629291,0.8363171355498721,-0.6776047532134675,0.4016666666666666,0.12950088412751418,38.06773683094968,33.58522764386962,344,809,1115,3048,0.35635830458556406,0.2844255036602392,0.7702061730232165,7,2.8862019914651493,1.188333333333333,1.3027777777777778
