randomization,name,type,l1,l2,l3,ipr1,ipr2,ipr3,l1_cm,l1_er,l1_reg,l2_mp,l3_mp,l1_lap,l2_lap,l3_lap,alg_conn,clustering_c,clustering_r,deg_assort,Q,N.olap,N.temp,N.nodf,H2,H3,H4,H17,cent_between,cent_close,cent_eigen,diam,mean_path_length,deg_het_row,deg_het_col
empirical,Washington_DC_crimes_2016-06-30,crimes,6.36287,3.001561,2.720225,0.09272106402633513,0.12534473383699393,0.12174072390475373,6.4621977685614045,5.8053404949726595,3.888888888888889,3.1397086880218046,1.7659474561528503,8.362870240010817,5.001561224238569,4.720224703309268,-1.0015612242385796,0.8512006430222043,1,-0.6800814338168466,0.29204081632653067,0.30982219914447223,33.07325156238782,53.75329738487633,550,1649,2567,10261,0.4106556181936114,0.35390231413182327,0.7316908998417434,4,2.3555555555555556,1.1999999999999997,1.2783673469387757
