randomization,name,type,l1,l2,l3,ipr1,ipr2,ipr3,l1_cm,l1_er,l1_reg,l2_mp,l3_mp,l1_lap,l2_lap,l3_lap,alg_conn,clustering_c,clustering_r,deg_assort,Q,N.olap,N.temp,N.nodf,H2,H3,H4,H17,cent_between,cent_close,cent_eigen,diam,mean_path_length,deg_het_row,deg_het_col
empirical,Washington_DC_crimes_2016-11-27,crimes,5.98224,2.981817,2.552596,0.11589672351809914,0.11443799969673786,0.12609397953394574,5.892096135926501,4.6574743684017745,3.282051282051282,2.885132642031824,1.6519353804280692,7.98223999525757,4.981816949953951,4.552596335983507,-0.9818169499539441,0.8199044831304884,0.7779690189328744,-0.5784288392047808,0.371826171875,0.3474353519266788,24.49925017195951,43.1992337164751,465,1175,2241,9120,0.4569015753051865,0.37344020751886853,0.7884590348032743,5,2.6639676113360324,1.1958007812500002,1.7578125
