randomization,name,type,l1,l2,l3,ipr1,ipr2,ipr3,l1_cm,l1_er,l1_reg,l2_mp,l3_mp,l1_lap,l2_lap,l3_lap,alg_conn,clustering_c,clustering_r,deg_assort,Q,N.olap,N.temp,N.nodf,H2,H3,H4,H17,cent_between,cent_close,cent_eigen,diam,mean_path_length,deg_het_row,deg_het_col
empirical,Washington_DC_crimes_2016-07-03,crimes,5.264003,2.649603,2.479996,0.11160944081028609,0.11709854063076316,0.14761019584363264,5.208715672240938,4.33854279008476,3.090909090909091,2.804739598627957,1.5504260123796558,7.264003222302877,4.649602539601525,4.479996356805445,-0.6496025396015424,0.7410742005588327,0.8238993710691824,-0.6365359462634951,0.3760092272203,0.29742109706627373,28.186276844485317,42.321772639691716,305,698,1096,3256,0.41058348281741813,0.30201913127696095,0.7530798952737753,5,2.647727272727273,1.1895424836601307,1.595924644367551
