randomization,name,type,l1,l2,l3,ipr1,ipr2,ipr3,l1_cm,l1_er,l1_reg,l2_mp,l3_mp,l1_lap,l2_lap,l3_lap,alg_conn,clustering_c,clustering_r,deg_assort,Q,N.olap,N.temp,N.nodf,H2,H3,H4,H17,cent_between,cent_close,cent_eigen,diam,mean_path_length,deg_het_row,deg_het_col
empirical,Washington_DC_crimes_2016-05-27,crimes,5.809255,3.039588,2.540745,0.1011312475318693,0.10032934841022179,0.09435689424613593,5.694614917029459,5.0069580092698285,3.4210526315789473,3.182124563325441,1.8220268635562153,7.809254543455182,5.0395880536987825,4.540745429929863,-1.0395880536987823,0.7897985705003249,0.9541595925297114,-0.6354181314417553,0.36165680473372785,0.19859616692514298,31.918771132250438,38.521342693455985,441,1115,1835,6503,0.39599449964314826,0.335837669460862,0.7528189117101988,6,2.6273115220483643,1.1813017751479291,1.4099408284023665
