randomization,name,type,l1,l2,l3,ipr1,ipr2,ipr3,l1_cm,l1_er,l1_reg,l2_mp,l3_mp,l1_lap,l2_lap,l3_lap,alg_conn,clustering_c,clustering_r,deg_assort,Q,N.olap,N.temp,N.nodf,H2,H3,H4,H17,cent_between,cent_close,cent_eigen,diam,mean_path_length,deg_het_row,deg_het_col
empirical,Washington_DC_crimes_2016-05-08,crimes,5.429227,3.015692,2.864165,0.08349069095484458,0.10639521951548248,0.1644537092011898,5.4055122750073314,4.591352807062921,3.2631578947368425,3.069555682930009,1.7631049497595355,7.42922713340475,5.015691756275503,4.864165093617119,-1.0156917562754975,0.7048722901910282,0.8556521739130435,-0.7374711434499281,0.37226847034339217,0.2069576782376831,25.54379265059628,36.318853932244856,369,975,1161,2916,0.3012850259803095,0.26290490451092585,0.7416822091651416,5,2.745376955903272,1.2486992715920913,1.460978147762747
