randomization,name,type,l1,l2,l3,ipr1,ipr2,ipr3,l1_cm,l1_er,l1_reg,l2_mp,l3_mp,l1_lap,l2_lap,l3_lap,alg_conn,clustering_c,clustering_r,deg_assort,Q,N.olap,N.temp,N.nodf,H2,H3,H4,H17,cent_between,cent_close,cent_eigen,diam,mean_path_length,deg_het_row,deg_het_col
empirical,Washington_DC_crimes_2016-09-09,crimes,5.664624,3.246123,2.814344,0.08600831980587473,0.10712497953526744,0.1401357805994784,5.694020986965187,4.6574743684017745,3.282051282051282,2.996054189092092,1.7221817527630625,7.664623936664176,5.246123356188855,4.81434430438726,-1.246123356188841,0.728367452262171,0.8347386172006745,-0.7200500990257838,0.36474609375,0.2733449782454819,22.390254680554587,40.79332882578319,431,1079,1668,5273,0.37457655252067695,0.2589338933255026,0.7314521622247686,5,2.688259109311741,1.2109375,1.62109375
