randomization,name,type,l1,l2,l3,ipr1,ipr2,ipr3,l1_cm,l1_er,l1_reg,l2_mp,l3_mp,l1_lap,l2_lap,l3_lap,alg_conn,clustering_c,clustering_r,deg_assort,Q,N.olap,N.temp,N.nodf,H2,H3,H4,H17,cent_between,cent_close,cent_eigen,diam,mean_path_length,deg_het_row,deg_het_col
empirical,Washington_DC_crimes_2016-11-22,crimes,5.902032,3.10526,2.651122,0.1298650677212147,0.11939397459655221,0.1353179737906704,6.1982972572222526,4.975013049099437,3.2432432432432434,2.7309017576257726,1.515348134885827,7.902031503921671,5.105259717358414,4.651122046224353,-1.105259717358418,0.8282666666666667,1,-0.6106935963676219,0.3652777777777778,0.42073051994301996,24.84831665598863,46.903645833333336,498,1013,2915,14498,0.6302076747503119,0.5129661138344778,0.797471137999526,4,2.3603603603603602,1.2227777777777777,1.6233333333333335
