randomization,name,type,l1,l2,l3,ipr1,ipr2,ipr3,l1_cm,l1_er,l1_reg,l2_mp,l3_mp,l1_lap,l2_lap,l3_lap,alg_conn,clustering_c,clustering_r,deg_assort,Q,N.olap,N.temp,N.nodf,H2,H3,H4,H17,cent_between,cent_close,cent_eigen,diam,mean_path_length,deg_het_row,deg_het_col
empirical,Washington_DC_crimes_2016-02-05,crimes,5.38385,2.72983,2.41077,0.1280252716558678,0.13624670748201453,0.24182044086966903,5.4779558231150425,4.32597725512082,2.857142857142857,2.655665364422015,1.4570828563980152,7.383849842637271,4.729830289590785,4.410769915771495,-0.7298302895907866,0.7555289898386133,0.918918918918919,-0.6545531311730024,0.38520000000000004,0.3688465642932234,24.49999103993722,42.60688836104513,346,658,1567,5717,0.5079252734962078,0.3846679504902606,0.7852783269901877,6,2.6285714285714286,1.2760000000000002,1.6367999999999998
