randomization,name,type,l1,l2,l3,ipr1,ipr2,ipr3,l1_cm,l1_er,l1_reg,l2_mp,l3_mp,l1_lap,l2_lap,l3_lap,alg_conn,clustering_c,clustering_r,deg_assort,Q,N.olap,N.temp,N.nodf,H2,H3,H4,H17,cent_between,cent_close,cent_eigen,diam,mean_path_length,deg_het_row,deg_het_col
empirical,Washington_DC_crimes_2016-03-09,crimes,4.916532,2.742024,2.198211,0.12568832120607176,0.09842954520066076,0.07093629713398061,5.007241916092497,4.10707734625563,2.8666666666666667,2.5928407486090195,1.3849559356817094,6.916532301738026,4.742024119962504,4.198210966369043,-0.7420241199624991,0.7386853448275862,0.8258706467661692,-0.5975026977030986,0.41752298539751215,0.2971746376249903,28.51584824976771,42.657502863688435,237,495,809,2324,0.5160267794037119,0.4092093854179601,0.767980330768814,6,2.685057471264368,1.3109789075175768,1.4894537587885341
