randomization,name,type,l1,l2,l3,ipr1,ipr2,ipr3,l1_cm,l1_er,l1_reg,l2_mp,l3_mp,l1_lap,l2_lap,l3_lap,alg_conn,clustering_c,clustering_r,deg_assort,Q,N.olap,N.temp,N.nodf,H2,H3,H4,H17,cent_between,cent_close,cent_eigen,diam,mean_path_length,deg_het_row,deg_het_col
empirical,Washington_DC_crimes_2016-11-13,crimes,5.641897,3.01745,2.404568,0.10712520176130515,0.12945321734757634,0.12861642357724404,5.896916844227936,4.386407074017389,3.1052631578947367,2.6388356017147374,1.4927589604191185,7.641897270858264,5.017449557970349,4.4045678436422,-1.0174495579703482,0.748213899112362,0.8822495606326889,-0.5888930641432949,0.3872450445274345,0.3995199622378069,18.500980470656625,46.52897768178546,405,1027,1784,6713,0.5416500924781263,0.3957539255634213,0.7781559081247751,6,2.6571834992887626,1.3530594656707844,1.7719046251077277
