randomization,name,type,l1,l2,l3,ipr1,ipr2,ipr3,l1_cm,l1_er,l1_reg,l2_mp,l3_mp,l1_lap,l2_lap,l3_lap,alg_conn,clustering_c,clustering_r,deg_assort,Q,N.olap,N.temp,N.nodf,H2,H3,H4,H17,cent_between,cent_close,cent_eigen,diam,mean_path_length,deg_het_row,deg_het_col
empirical,Washington_DC_crimes_2016-10-17,crimes,6.951645,2.98398,2.594833,0.10735353484331085,0.08628575966395233,0.10923432787542639,7.195335515846051,5.544029067688202,3.707317073170732,2.704516494738914,1.5376075070769821,8.951645366826918,4.983980162267649,4.594833022355291,-0.9839801622676531,0.9109710458932441,0.9698697068403909,-0.6345498326922476,0.31232686980609414,0.5496625678252529,18.14824248515136,59.37448862706595,741,2152,4826,26754,0.5496734468954805,0.5232711504570826,0.7850875471111104,5,2.34390243902439,1.2361495844875345,1.7257617728531853
