randomization,name,type,l1,l2,l3,ipr1,ipr2,ipr3,l1_cm,l1_er,l1_reg,l2_mp,l3_mp,l1_lap,l2_lap,l3_lap,alg_conn,clustering_c,clustering_r,deg_assort,Q,N.olap,N.temp,N.nodf,H2,H3,H4,H17,cent_between,cent_close,cent_eigen,diam,mean_path_length,deg_het_row,deg_het_col
empirical,Washington_DC_crimes_2016-08-24,crimes,6.19981,3.038197,2.741525,0.11194881759154164,0.10610106961211116,0.16125159085900564,6.44252482230282,5.0062702637267655,3.35,2.7873412299244795,1.5833608109764847,8.199809580751506,5.038196636078248,4.741525043009546,-1.0381966360782595,0.8203859475507175,0.9294436906377205,-0.6097045702277812,0.3606593896190689,0.45124426413619745,20.929890476252933,52.22040242933846,558,1408,3134,15203,0.5824988963021777,0.46809365004516224,0.7915793248450844,5,2.480769230769231,1.2717754511026953,1.679438627756739
