randomization,name,type,l1,l2,l3,ipr1,ipr2,ipr3,l1_cm,l1_er,l1_reg,l2_mp,l3_mp,l1_lap,l2_lap,l3_lap,alg_conn,clustering_c,clustering_r,deg_assort,Q,N.olap,N.temp,N.nodf,H2,H3,H4,H17,cent_between,cent_close,cent_eigen,diam,mean_path_length,deg_het_row,deg_het_col
empirical,Washington_DC_crimes_2016-03-18,crimes,5.917436,3.102734,2.780889,0.09605249650199393,0.09928573140701517,0.07198747315507072,5.921359641163505,5.083447727048669,3.5555555555555554,3.0321283079263557,1.7132974841023858,7.917436296368468,5.102734430846233,4.78088887124988,-1.102734430846219,0.8109475620975161,0.9802890932982917,-0.6514974718008557,0.35205078125,0.2369331645917833,30.1274243095519,40.99186122536446,432,1241,1685,5642,0.3460904722271773,0.3079365155199455,0.7358449069011509,5,2.6396825396825396,1.24609375,1.39453125
