randomization,name,type,l1,l2,l3,ipr1,ipr2,ipr3,l1_cm,l1_er,l1_reg,l2_mp,l3_mp,l1_lap,l2_lap,l3_lap,alg_conn,clustering_c,clustering_r,deg_assort,Q,N.olap,N.temp,N.nodf,H2,H3,H4,H17,cent_between,cent_close,cent_eigen,diam,mean_path_length,deg_het_row,deg_het_col
empirical,Washington_DC_crimes_2016-05-04,crimes,6.453201,2.966911,2.532522,0.09175168830029505,0.08620635457191535,0.11183410580401386,6.528055190232283,5.581301075879756,3.7222222222222223,2.917520359091424,1.6248625608849407,8.453201226688495,4.966910848537741,4.532522408344365,-0.96691084853774,0.8499220880405142,0.9493927125506073,-0.7134045808770328,0.2982846959233682,0.40001930158082477,24.641586816674575,53.219508886175554,538,1627,2519,9821,0.45437569030724273,0.37470424963154164,0.7290772577054054,5,2.425396825396825,1.2497215415460015,1.367342392515037
