randomization,name,type,l1,l2,l3,ipr1,ipr2,ipr3,l1_cm,l1_er,l1_reg,l2_mp,l3_mp,l1_lap,l2_lap,l3_lap,alg_conn,clustering_c,clustering_r,deg_assort,Q,N.olap,N.temp,N.nodf,H2,H3,H4,H17,cent_between,cent_close,cent_eigen,diam,mean_path_length,deg_het_row,deg_het_col
empirical,Washington_DC_crimes_2016-11-23,crimes,5.927213,3.274437,2.524355,0.10486641401245562,0.11126888716577107,0.08255347696486831,6.354351090219817,4.455029813636951,3.1578947368421053,2.3748831230034835,1.3324978064236004,7.927213138687161,5.274436632846244,4.524354863238276,-1.2744366328462493,0.8024112525117214,0.8724489795918368,-0.6532913758774368,0.3572222222222223,0.562461510089424,14.771503895832346,54.68952483801296,479,1139,2485,10895,0.6537800832095126,0.47481102053042007,0.7790331046870782,5,2.512091038406828,1.3166666666666667,2.0444444444444443
