randomization,name,type,l1,l2,l3,ipr1,ipr2,ipr3,l1_cm,l1_er,l1_reg,l2_mp,l3_mp,l1_lap,l2_lap,l3_lap,alg_conn,clustering_c,clustering_r,deg_assort,Q,N.olap,N.temp,N.nodf,H2,H3,H4,H17,cent_between,cent_close,cent_eigen,diam,mean_path_length,deg_het_row,deg_het_col
empirical,Washington_DC_crimes_2016-02-11,crimes,4.945835,2.640153,2.394525,0.14212403986758765,0.08331026002925207,0.10521774641604337,4.790070081926686,4.075898877811305,2.6857142857142855,2.913063638088906,1.6157691263030447,6.945835155604955,4.6401530943812,4.3945247181268225,-0.6401530943812017,0.6554953178905865,0.9147286821705426,-0.5913014386082304,0.44001810774105926,0.21047546621852106,32.870443279719865,35.43151227236738,272,446,1070,3572,0.5424399706406627,0.3969123337401584,0.8165266423879795,6,2.803361344537815,1.2209144409234949,1.4803078315980083
