randomization,name,type,l1,l2,l3,ipr1,ipr2,ipr3,l1_cm,l1_er,l1_reg,l2_mp,l3_mp,l1_lap,l2_lap,l3_lap,alg_conn,clustering_c,clustering_r,deg_assort,Q,N.olap,N.temp,N.nodf,H2,H3,H4,H17,cent_between,cent_close,cent_eigen,diam,mean_path_length,deg_het_row,deg_het_col
empirical,Washington_DC_crimes_2016-04-12,crimes,5.777344,2.876384,2.514145,0.10126804972966949,0.07476964484336027,0.11369872420780021,5.796694289411762,5.125986040467589,3.5151515151515156,2.9671298910443746,1.6366450041703624,7.777343582020933,4.876383564572421,4.514144949745291,-0.8763835645724136,0.8122905027932961,0.928,-0.6430607095146208,0.3302615933412605,0.27319843791047416,31.402961080046637,49.40394873796513,386,1075,1502,4995,0.4333378577208677,0.3619933715708031,0.7317122521804275,6,2.518939393939394,1.2360285374554099,1.3091557669441143
