randomization,name,type,l1,l2,l3,ipr1,ipr2,ipr3,l1_cm,l1_er,l1_reg,l2_mp,l3_mp,l1_lap,l2_lap,l3_lap,alg_conn,clustering_c,clustering_r,deg_assort,Q,N.olap,N.temp,N.nodf,H2,H3,H4,H17,cent_between,cent_close,cent_eigen,diam,mean_path_length,deg_het_row,deg_het_col
empirical,Washington_DC_crimes_2016-03-14,crimes,6.236482,2.316271,2.108528,0.11953445073950815,0.12120794089469944,0.10916367143198331,6.242862591258384,4.868727984978002,3.4285714285714284,2.5997252602095138,1.4380344750445846,8.23648198920272,4.316270535147696,4.108527782562803,-0.31627053514770903,0.9135971518554019,0.8532526475037822,-0.5823494799581767,0.3277777777777777,0.42348580579340545,26.7203396954426,49.40904893813481,463,1280,2349,9879,0.44287644188556413,0.4560425265841403,0.7683068532111456,5,2.5176470588235293,1.2288888888888891,1.7266666666666668
