randomization,name,type,l1,l2,l3,ipr1,ipr2,ipr3,l1_cm,l1_er,l1_reg,l2_mp,l3_mp,l1_lap,l2_lap,l3_lap,alg_conn,clustering_c,clustering_r,deg_assort,Q,N.olap,N.temp,N.nodf,H2,H3,H4,H17,cent_between,cent_close,cent_eigen,diam,mean_path_length,deg_het_row,deg_het_col
empirical,Washington_DC_crimes_2016-01-03,crimes,5.518269,3.205814,2.494108,0.13100526596600515,0.09668629794433203,0.11588517250470476,5.382735425958995,4.3740838106373845,2.9000000000000004,2.9741783609736907,1.7005829952036573,7.518269390609905,5.205814494485129,4.494107872026455,-1.2058144944851175,0.7056992337164751,0.7652173913043478,-0.612673512074539,0.4093341260404279,0.2975477599965305,27.810744037508837,36.974177649201756,414,733,2056,8390,0.5409562509286047,0.3677751501452265,0.8122692133356889,7,2.767948717948718,1.157550535077289,1.718787158145065
