randomization,name,type,l1,l2,l3,ipr1,ipr2,ipr3,l1_cm,l1_er,l1_reg,l2_mp,l3_mp,l1_lap,l2_lap,l3_lap,alg_conn,clustering_c,clustering_r,deg_assort,Q,N.olap,N.temp,N.nodf,H2,H3,H4,H17,cent_between,cent_close,cent_eigen,diam,mean_path_length,deg_het_row,deg_het_col
empirical,Washington_DC_crimes_2016-06-22,crimes,6.690931,2.961885,2.638235,0.10076623252933765,0.12501341981911018,0.08512468021472284,6.892426290226467,5.369041044128446,3.8,2.8309127199994792,1.6237188262130577,8.690930907037057,4.961885472260003,4.6382350066325335,-0.9618854722600051,0.8926766663992941,0.9483636363636364,-0.5933965335296779,0.30955678670360115,0.4807493557126867,18.09666074532433,56.26590330788804,653,2037,3660,18299,0.5241360961287163,0.47122680718661974,0.7819403877636532,6,2.433333333333333,1.2299168975069252,1.7119113573407203
