randomization,name,type,l1,l2,l3,ipr1,ipr2,ipr3,l1_cm,l1_er,l1_reg,l2_mp,l3_mp,l1_lap,l2_lap,l3_lap,alg_conn,clustering_c,clustering_r,deg_assort,Q,N.olap,N.temp,N.nodf,H2,H3,H4,H17,cent_between,cent_close,cent_eigen,diam,mean_path_length,deg_het_row,deg_het_col
empirical,Washington_DC_crimes_2016-06-18,crimes,6.102155,2.923309,2.599588,0.10993541036154501,0.10728203235590054,0.10433942525583643,6.281684615007247,4.865607467081358,3.3157894736842106,2.705244336981521,1.5210026477238925,8.102155269517448,4.923309343585967,4.599587688212782,-0.9233093435859813,0.8185899128597834,0.9318181818181818,-0.6791883843549612,0.3368606701940037,0.47302158495368374,19.21775213292386,53.94718792866941,509,1256,2603,10979,0.44627855383905546,0.3612385752284345,0.7586136064198945,5,2.4793741109530583,1.2418745275888134,1.7372134038800706
