randomization,name,type,l1,l2,l3,ipr1,ipr2,ipr3,l1_cm,l1_er,l1_reg,l2_mp,l3_mp,l1_lap,l2_lap,l3_lap,alg_conn,clustering_c,clustering_r,deg_assort,Q,N.olap,N.temp,N.nodf,H2,H3,H4,H17,cent_between,cent_close,cent_eigen,diam,mean_path_length,deg_het_row,deg_het_col
empirical,Washington_DC_crimes_2016-10-31,crimes,6.92846,2.786756,2.569044,0.1087921563178186,0.0889483968638574,0.10915706773873049,6.903363996966717,5.2248041967491625,3.5813953488372094,2.8308232333888674,1.6402717575842791,8.92846009432617,4.786755803488817,4.569044083766322,-0.7867558034888348,0.9205483188979063,0.9171597633136095,-0.5891221771480009,0.3295665373587452,0.4021462649663861,22.605131764889826,44.95375678361232,709,2083,4455,23796,0.5273805770242347,0.5018447556815054,0.7963733196597934,6,2.5692137320044295,1.2219598583234945,1.8417945690672963
