randomization,name,type,l1,l2,l3,ipr1,ipr2,ipr3,l1_cm,l1_er,l1_reg,l2_mp,l3_mp,l1_lap,l2_lap,l3_lap,alg_conn,clustering_c,clustering_r,deg_assort,Q,N.olap,N.temp,N.nodf,H2,H3,H4,H17,cent_between,cent_close,cent_eigen,diam,mean_path_length,deg_het_row,deg_het_col
empirical,Washington_DC_crimes_2016-05-16,crimes,7.105808,3.205911,2.436043,0.10686769336064837,0.10005579321364039,0.08731351467440153,7.086222473962323,5.815411801139733,3.95,2.961820546533592,1.6927614697275377,9.10580759462961,5.205911458676397,4.4360426033283815,-1.2059114586764008,0.9223159732324702,0.8776276276276276,-0.6319195174545932,0.3170966191315497,0.3989930917748689,27.58880517024044,47.07854861276101,746,2289,4608,24113,0.4221537793664562,0.4444832602084029,0.7726217260218057,5,2.424358974358974,1.157987502002884,1.6050312449927893
