randomization,name,type,l1,l2,l3,ipr1,ipr2,ipr3,l1_cm,l1_er,l1_reg,l2_mp,l3_mp,l1_lap,l2_lap,l3_lap,alg_conn,clustering_c,clustering_r,deg_assort,Q,N.olap,N.temp,N.nodf,H2,H3,H4,H17,cent_between,cent_close,cent_eigen,diam,mean_path_length,deg_het_row,deg_het_col
empirical,Washington_DC_crimes_2016-06-03,crimes,6.006785,2.942761,2.669223,0.10941566026102557,0.11545143383776878,0.12229213751200525,6.165602033662244,4.6574743684017745,3.282051282051282,2.7178206418143227,1.5474125745216252,8.006785442827876,4.942761050053912,4.669222986916753,-0.94276105005392,0.8135110844817256,0.8523391812865497,-0.5898418782942022,0.350341796875,0.43168430480195186,20.744321016996913,49.545582600856434,488,1259,2469,10827,0.5882703631475105,0.45795710182247723,0.7899177056751314,5,2.5587044534412957,1.25634765625,1.83203125
