randomization,name,type,l1,l2,l3,ipr1,ipr2,ipr3,l1_cm,l1_er,l1_reg,l2_mp,l3_mp,l1_lap,l2_lap,l3_lap,alg_conn,clustering_c,clustering_r,deg_assort,Q,N.olap,N.temp,N.nodf,H2,H3,H4,H17,cent_between,cent_close,cent_eigen,diam,mean_path_length,deg_het_row,deg_het_col
empirical,Washington_DC_crimes_2016-08-13,crimes,5.7468070000000004,2.680747,2.645751,0.10456585658956066,0.1004662534788651,0.08225739275301946,5.850846475636738,5.289479035715403,3.6875,3.0077436324644573,1.6555624005966647,7.7468065450892,4.680747162213794,4.645751311064577,-0.68074716221379306,0.8687189672293942,0.9311424100156495,-0.588419893558451,0.31485205400746913,0.3003295756899251,35.766623687202824,50.22443977591036,399,1068,1690,6608,0.5737521212482026,0.491520134622108,0.7541748781923455,4,2.3225806451612905,1.17265153691468,1.3082447572536626
