randomization,name,type,l1,l2,l3,ipr1,ipr2,ipr3,l1_cm,l1_er,l1_reg,l2_mp,l3_mp,l1_lap,l2_lap,l3_lap,alg_conn,clustering_c,clustering_r,deg_assort,Q,N.olap,N.temp,N.nodf,H2,H3,H4,H17,cent_between,cent_close,cent_eigen,diam,mean_path_length,deg_het_row,deg_het_col
empirical,Washington_DC_crimes_2016-12-19,crimes,6.508648,3.228233,2.852232,0.10551619530007349,0.07180573114465325,0.18241454755946027,6.466783642095378,5.717091507431212,3.65,3.237288557009096,1.852472636770937,8.508648193608995,5.228233269994615,4.852231716857544,-1.2282332699946166,0.8582127659574468,0.9652605459057072,-0.6903393305359162,0.3216363295177331,0.293499663741141,32.451036147662634,44.06368371212122,639,1645,3558,16521,0.3919645250964914,0.35138815094595705,0.7663180462879561,5,2.4307692307692306,1.1420529179958718,1.4017639331957217
