randomization,name,type,l1,l2,l3,ipr1,ipr2,ipr3,l1_cm,l1_er,l1_reg,l2_mp,l3_mp,l1_lap,l2_lap,l3_lap,alg_conn,clustering_c,clustering_r,deg_assort,Q,N.olap,N.temp,N.nodf,H2,H3,H4,H17,cent_between,cent_close,cent_eigen,diam,mean_path_length,deg_het_row,deg_het_col
empirical,Washington_DC_crimes_2016-11-21,crimes,6.796955,3.019476,2.646026,0.11592278330721952,0.0864311715728507,0.18456649730299735,6.9340647183656845,5.717091507431212,3.65,2.8940198968851183,1.6338151769727733,8.79695494902365,5.019476458910378,4.6460256799394575,-1.0194764589103824,0.9067980001492426,0.9681093394077449,-0.6384859156134605,0.322011634452993,0.4722122061965812,25.27317446502703,53.46808862433863,712,1833,4746,26605,0.5689160276833739,0.5286185472253148,0.7895272306537846,5,2.317948717948718,1.1803340213923816,1.5593920060048791
