randomization,name,type,l1,l2,l3,ipr1,ipr2,ipr3,l1_cm,l1_er,l1_reg,l2_mp,l3_mp,l1_lap,l2_lap,l3_lap,alg_conn,clustering_c,clustering_r,deg_assort,Q,N.olap,N.temp,N.nodf,H2,H3,H4,H17,cent_between,cent_close,cent_eigen,diam,mean_path_length,deg_het_row,deg_het_col
empirical,Washington_DC_crimes_2016-12-31,crimes,5.446763,2.743089,2.246755,0.13551007074075846,0.11719211224358426,0.15198134033835634,5.511150611722452,4.268491740240955,2.9714285714285715,2.636589859310976,1.4604496920116408,7.446763147616043,4.743088754063944,4.246755337221691,-0.7430887540639382,0.802400468384075,0.8199233716475096,-0.5859258698559283,0.3798076923076923,0.39570157875976775,21.208548611186366,44.01778255161714,360,706,1727,6998,0.6179044538996336,0.4743686956637965,0.803085461548812,5,2.5579831932773107,1.2011834319526629,1.8328402366863905
