randomization,name,type,l1,l2,l3,ipr1,ipr2,ipr3,l1_cm,l1_er,l1_reg,l2_mp,l3_mp,l1_lap,l2_lap,l3_lap,alg_conn,clustering_c,clustering_r,deg_assort,Q,N.olap,N.temp,N.nodf,H2,H3,H4,H17,cent_between,cent_close,cent_eigen,diam,mean_path_length,deg_het_row,deg_het_col
empirical,Washington_DC_crimes_2016-11-02,crimes,6.196095,2.979259,2.076202,0.12435211316757339,0.12621029865072267,0.11481066090189572,6.260994361163934,4.397183728530604,3,2.5614761459543796,1.4676530337366436,8.19609481679914,4.97925880606497,4.076201998213273,-0.9792588060649637,0.8233821009621721,0.7536231884057971,-0.6050867846709055,0.3963214915595869,0.5085239685313622,21.62501864131962,49.82507588619644,546,1211,3335,16173,0.492300713860797,0.37891134891749584,0.796164238267407,7,2.694541231126597,1.2421264802217182,2.162761400856639
