randomization,name,type,l1,l2,l3,ipr1,ipr2,ipr3,l1_cm,l1_er,l1_reg,l2_mp,l3_mp,l1_lap,l2_lap,l3_lap,alg_conn,clustering_c,clustering_r,deg_assort,Q,N.olap,N.temp,N.nodf,H2,H3,H4,H17,cent_between,cent_close,cent_eigen,diam,mean_path_length,deg_het_row,deg_het_col
empirical,Washington_DC_crimes_2016-04-26,crimes,6.129085,2.942561,2.838832,0.10314086875042011,0.09414858894055131,0.12454278806818064,6.346441415545803,5.429054152228127,3.5675675675675675,2.981448387372524,1.6711943088318186,8.12908503122603,4.942560613170755,4.838832068481012,-0.9425606131707494,0.8308593218030778,1,-0.5967645361812383,0.34710743801652905,0.31944054501784763,27.760826373284665,49.90512265512265,507,1403,2521,11537,0.5988140627967001,0.49226622424923133,0.7785424437412741,4,2.4534534534534536,1.295224977043159,1.327823691460055
