randomization,name,type,l1,l2,l3,ipr1,ipr2,ipr3,l1_cm,l1_er,l1_reg,l2_mp,l3_mp,l1_lap,l2_lap,l3_lap,alg_conn,clustering_c,clustering_r,deg_assort,Q,N.olap,N.temp,N.nodf,H2,H3,H4,H17,cent_between,cent_close,cent_eigen,diam,mean_path_length,deg_het_row,deg_het_col
empirical,Washington_DC_crimes_2016-05-20,crimes,6.501026,2.969767,2.522475,0.09713167755316511,0.09339851110137629,0.1253805665741023,6.63551322105414,5.651999727599768,3.72972972972973,2.937501771992356,1.6435330685273346,8.501025931577566,4.969766508039865,4.522474592440758,-0.9697665080398454,0.8682813227759665,0.9476334340382678,-0.6675459632294161,0.3001470279353077,0.4318908680605109,24.289309598264772,55.29166666666666,585,1692,3090,14042,0.5282402318597632,0.4585070313020045,0.7577595414413991,5,2.3603603603603602,1.2176013442554088,1.412728418399496
