randomization,name,type,l1,l2,l3,ipr1,ipr2,ipr3,l1_cm,l1_er,l1_reg,l2_mp,l3_mp,l1_lap,l2_lap,l3_lap,alg_conn,clustering_c,clustering_r,deg_assort,Q,N.olap,N.temp,N.nodf,H2,H3,H4,H17,cent_between,cent_close,cent_eigen,diam,mean_path_length,deg_het_row,deg_het_col
empirical,Washington_DC_crimes_2016-03-19,crimes,5.386956,3.101161,2.49417,0.12101316404534682,0.11474082739193368,0.10128031924453965,5.351323823753022,4.583222826019656,3.076923076923077,3.1067156396639937,1.7793065334655027,7.38695606216557,5.1011614882448715,4.494170029337384,-1.1011614882448602,0.683091286307054,0.8481927710843373,-0.5618533286226215,0.39805555555555544,0.19578923812145166,34.944682305683116,37.860579137174874,374,847,1533,5643,0.546121024263318,0.3969234405545873,0.8093466522022642,6,2.804318488529015,1.2622222222222221,1.4116666666666666
