randomization,name,type,l1,l2,l3,ipr1,ipr2,ipr3,l1_cm,l1_er,l1_reg,l2_mp,l3_mp,l1_lap,l2_lap,l3_lap,alg_conn,clustering_c,clustering_r,deg_assort,Q,N.olap,N.temp,N.nodf,H2,H3,H4,H17,cent_between,cent_close,cent_eigen,diam,mean_path_length,deg_het_row,deg_het_col
empirical,Washington_DC_crimes_2016-02-15,crimes,4.412699,2.679376,2.268125,0.1012415530821447,0.13842609045307433,0.1297625580334534,4.421497302474835,3.7385739464078185,2.7857142857142856,2.6293170891840454,1.405307476863856,6.412698519381982,4.679375583848395,4.26812494172689,-0.6793755838483991,0.6141885325558795,0.7668393782383419,-0.5681544028950543,0.4339250493096647,0.21356322326910565,29.101178780366784,37.878787878787875,165,372,369,679,0.45395796915265096,0.3018003842442776,0.693099808813278,6,2.8174603174603177,1.3116370808678501,1.4404996712689022
