randomization,name,type,l1,l2,l3,ipr1,ipr2,ipr3,l1_cm,l1_er,l1_reg,l2_mp,l3_mp,l1_lap,l2_lap,l3_lap,alg_conn,clustering_c,clustering_r,deg_assort,Q,N.olap,N.temp,N.nodf,H2,H3,H4,H17,cent_between,cent_close,cent_eigen,diam,mean_path_length,deg_het_row,deg_het_col
empirical,Washington_DC_crimes_2016-12-30,crimes,6.004035,2.810113,2.335869,0.1252151965700799,0.12193203399691802,0.10993575706983542,6.084084757071244,4.648788752156623,3.189189189189189,2.628197907331776,1.467802858820792,8.004034961060615,4.810113060418383,4.335869011217606,-0.8101130604183787,0.8528411850412821,0.7924944812362031,-0.6021436564161866,0.35937948865268604,0.48232339663260715,21.90629132696898,51.99317738791424,474,1081,2621,11924,0.5894636081907311,0.4766942565975128,0.7915174780844083,5,2.4894894894894897,1.197931628842287,1.864119505889112
