randomization,name,type,l1,l2,l3,ipr1,ipr2,ipr3,l1_cm,l1_er,l1_reg,l2_mp,l3_mp,l1_lap,l2_lap,l3_lap,alg_conn,clustering_c,clustering_r,deg_assort,Q,N.olap,N.temp,N.nodf,H2,H3,H4,H17,cent_between,cent_close,cent_eigen,diam,mean_path_length,deg_het_row,deg_het_col
empirical,Washington_DC_crimes_2016-09-20,crimes,6.258653,3.193369,2.584587,0.11701225573389781,0.08494281707490144,0.09818800779116975,6.426927572769501,5.213765223409366,3.5384615384615383,2.9193620675235072,1.6601818463100333,8.258652999653012,5.193369150525511,4.584587401154422,-1.193369150525511,0.8671531010189961,0.9236192714453584,-0.5479696138090122,0.347406007141357,0.38204802840973057,24.5174808063664,50.057336280740536,555,1469,3125,16100,0.6365106660173707,0.5447969375768071,0.7990970846840005,5,2.4669365721997303,1.2434362528880487,1.562906952320941
