randomization,name,type,l1,l2,l3,ipr1,ipr2,ipr3,l1_cm,l1_er,l1_reg,l2_mp,l3_mp,l1_lap,l2_lap,l3_lap,alg_conn,clustering_c,clustering_r,deg_assort,Q,N.olap,N.temp,N.nodf,H2,H3,H4,H17,cent_between,cent_close,cent_eigen,diam,mean_path_length,deg_het_row,deg_het_col
empirical,Washington_DC_crimes_2016-08-20,crimes,5.908173,3.081397,2.722474,0.09461520168706149,0.13457502942445593,0.10470055892477671,5.939637773046434,4.936426564622692,3.3684210526315788,2.9881112131576186,1.6976742616015355,7.908173002128538,5.081396904331225,4.722473595048506,-1.0813969043312168,0.7653014961462898,0.8702865761689291,-0.6595628336667002,0.3740234375,0.31781952830333465,26.43688723545641,44.86335499407395,463,1201,2048,7596,0.4472937402432114,0.3280736209368594,0.7520690544034054,5,2.607396870554765,1.22607421875,1.5244140625000002
