randomization,name,type,l1,l2,l3,ipr1,ipr2,ipr3,l1_cm,l1_er,l1_reg,l2_mp,l3_mp,l1_lap,l2_lap,l3_lap,alg_conn,clustering_c,clustering_r,deg_assort,Q,N.olap,N.temp,N.nodf,H2,H3,H4,H17,cent_between,cent_close,cent_eigen,diam,mean_path_length,deg_het_row,deg_het_col
empirical,Washington_DC_crimes_2016-01-29,crimes,6.102798,2.701347,2.493547,0.10352710392034949,0.10574687370541036,0.09174732688381465,6.230694451333235,5.2024002282144775,3.4857142857142858,2.797118017150128,1.543686959935803,8.102797538804596,4.701346728417685,4.493546858299031,-0.7013467284176803,0.8357643758765778,0.976551724137931,-0.6558650037279177,0.33297500671862396,0.40553559101720016,25.740479163164142,54.46499264789051,455,1274,2057,7845,0.40850220025136286,0.3392254195885743,0.7418789617017788,5,2.4873949579831933,1.3015318462778824,1.3947863477559796
