randomization,name,type,l1,l2,l3,ipr1,ipr2,ipr3,l1_cm,l1_er,l1_reg,l2_mp,l3_mp,l1_lap,l2_lap,l3_lap,alg_conn,clustering_c,clustering_r,deg_assort,Q,N.olap,N.temp,N.nodf,H2,H3,H4,H17,cent_between,cent_close,cent_eigen,diam,mean_path_length,deg_het_row,deg_het_col
empirical,Washington_DC_crimes_2016-11-05,crimes,5.794234,2.425835,2.344562,0.12364876570014796,0.2518366459195419,0.14600800688518578,5.607167664526092,4.651067315429552,3.085714285714286,2.8210553467022215,1.5584857571222532,7.794233714053585,4.425835135627195,4.344561723204041,-0.42583513562719594,0.8511665325824618,0.7916666666666666,-0.6226860494526009,0.37345679012345684,0.31692167907597013,30.186295393069877,43.386117709158086,388,873,1825,6956,0.4541664482192164,0.39076771932661625,0.7747054723304245,6,2.67563025210084,1.1934156378600824,1.5720164609053497
