randomization,name,type,l1,l2,l3,ipr1,ipr2,ipr3,l1_cm,l1_er,l1_reg,l2_mp,l3_mp,l1_lap,l2_lap,l3_lap,alg_conn,clustering_c,clustering_r,deg_assort,Q,N.olap,N.temp,N.nodf,H2,H3,H4,H17,cent_between,cent_close,cent_eigen,diam,mean_path_length,deg_het_row,deg_het_col
empirical,Washington_DC_crimes_2016-05-19,crimes,5.916691,3.374343,2.524491,0.0920513772858663,0.08925263095913621,0.08268685874243437,6.161878771933119,5.083447727048669,3.5555555555555554,2.875839088574181,1.614587345219205,7.916690793553042,5.374343433938504,4.524491410792174,-1.3743434339384892,0.7962011521096061,0.9200968523002422,-0.6441475082251781,0.341552734375,0.36589946601928947,21.831588661696554,51.16987778718044,458,1283,1972,7359,0.49850574753520227,0.3725932769004362,0.72471849209866,5,2.4682539682539684,1.2744140625,1.4765625000000002
