randomization,name,type,l1,l2,l3,ipr1,ipr2,ipr3,l1_cm,l1_er,l1_reg,l2_mp,l3_mp,l1_lap,l2_lap,l3_lap,alg_conn,clustering_c,clustering_r,deg_assort,Q,N.olap,N.temp,N.nodf,H2,H3,H4,H17,cent_between,cent_close,cent_eigen,diam,mean_path_length,deg_het_row,deg_het_col
empirical,Washington_DC_crimes_2016-10-24,crimes,7.280105,3.110163,2.449315,0.08787394870818366,0.08145693746477815,0.09086720117406605,7.510409442899901,6.288263738958032,4.102564102564102,2.828555000152712,1.5873562362130644,9.280104966880522,5.110163443163143,4.449314889614907,-1.110163443163146,0.9058943089430894,0.9764946346448646,-0.7130496705747141,0.27109374999999997,0.4910719711252206,18.308604446285543,63.403769342995865,767,2685,4378,21146,0.42500639166215537,0.4277381270560789,0.7378174246944864,5,2.3454790823211877,1.2890625,1.3537499999999998
