randomization,name,type,l1,l2,l3,ipr1,ipr2,ipr3,l1_cm,l1_er,l1_reg,l2_mp,l3_mp,l1_lap,l2_lap,l3_lap,alg_conn,clustering_c,clustering_r,deg_assort,Q,N.olap,N.temp,N.nodf,H2,H3,H4,H17,cent_between,cent_close,cent_eigen,diam,mean_path_length,deg_het_row,deg_het_col
empirical,Washington_DC_crimes_2016-09-06,crimes,6.543169,2.966195,2.605079,0.10358336631007468,0.1123695871450271,0.0820789528051852,6.501543026727968,5.277434771467987,3.5121951219512195,2.9959564959611176,1.7200466199693196,8.543168741521457,4.966195113199244,4.605078699120658,-0.9661951131992442,0.8460133345511005,0.8939247830279653,-0.6057844392558561,0.3462577160493827,0.33899972958273705,25.285756768799793,47.19644902634593,585,1737,3049,13909,0.49081038444536007,0.4212806852836384,0.7876889390565464,7,2.702439024390244,1.2854938271604937,1.509645061728395
