randomization,name,type,l1,l2,l3,ipr1,ipr2,ipr3,l1_cm,l1_er,l1_reg,l2_mp,l3_mp,l1_lap,l2_lap,l3_lap,alg_conn,clustering_c,clustering_r,deg_assort,Q,N.olap,N.temp,N.nodf,H2,H3,H4,H17,cent_between,cent_close,cent_eigen,diam,mean_path_length,deg_het_row,deg_het_col
empirical,Washington_DC_crimes_2016-11-09,crimes,5.742649,3.544964,2.515537,0.09838409157196314,0.10971763011637187,0.11123992234974173,5.935133229474542,4.523352107200399,3.1794871794871793,2.758764911581345,1.5728370127541516,7.742648664594449,5.5449644490263506,4.515537012385209,-1.544964449026334,0.7526999816950394,0.8626086956521739,-0.6351296843487642,0.39646201873048914,0.37636014425061076,21.06949706255115,46.067162497182785,450,1082,2085,8051,0.5401383865409232,0.3659096263938339,0.7542403964396521,6,2.6288798920377867,1.2580645161290323,1.8064516129032258
