randomization,name,type,l1,l2,l3,ipr1,ipr2,ipr3,l1_cm,l1_er,l1_reg,l2_mp,l3_mp,l1_lap,l2_lap,l3_lap,alg_conn,clustering_c,clustering_r,deg_assort,Q,N.olap,N.temp,N.nodf,H2,H3,H4,H17,cent_between,cent_close,cent_eigen,diam,mean_path_length,deg_het_row,deg_het_col
empirical,Washington_DC_crimes_2016-07-01,crimes,6.248246,3.136175,2.645126,0.10278793909717215,0.12066837564822684,0.1158883294499208,6.4045673945917105,5.075105889876572,3.3658536585365852,2.9065254020937425,1.6635173113847306,8.248245733111064,5.136175315171428,4.645126426802076,-1.136175315171437,0.8081683168316832,0.9151061173533084,-0.6379618393157392,0.36000840159630326,0.3938661821823334,21.9095126840104,49.77806414662084,566,1481,3011,13428,0.4541659029349125,0.3506933031681521,0.7651787833364461,6,2.5585365853658537,1.278302877546734,1.6040747742070993
