randomization,name,type,l1,l2,l3,ipr1,ipr2,ipr3,l1_cm,l1_er,l1_reg,l2_mp,l3_mp,l1_lap,l2_lap,l3_lap,alg_conn,clustering_c,clustering_r,deg_assort,Q,N.olap,N.temp,N.nodf,H2,H3,H4,H17,cent_between,cent_close,cent_eigen,diam,mean_path_length,deg_het_row,deg_het_col
empirical,Washington_DC_crimes_2016-08-09,crimes,6.531831,2.555576,2.239251,0.11584447047251736,0.13824932436942688,0.14245658318213184,6.603591589052128,5.433343002343166,3.657142857142857,2.6821390877413034,1.4731835171266863,8.53183107157139,4.55557625313444,4.239251223674713,-0.5555762531344515,0.9259445337620579,0.8380462724935732,-0.6337632280076431,0.3095703125,0.5020188567041298,24.972264707894563,56.65196244768691,557,1536,3172,14884,0.4746122104568159,0.47065528006647905,0.7558187419861923,6,2.3361344537815127,1.1752929687500002,1.5761718750000002
