randomization,name,type,l1,l2,l3,ipr1,ipr2,ipr3,l1_cm,l1_er,l1_reg,l2_mp,l3_mp,l1_lap,l2_lap,l3_lap,alg_conn,clustering_c,clustering_r,deg_assort,Q,N.olap,N.temp,N.nodf,H2,H3,H4,H17,cent_between,cent_close,cent_eigen,diam,mean_path_length,deg_het_row,deg_het_col
empirical,Washington_DC_crimes_2016-05-30,crimes,5.794656,3.133355,2.713363,0.0862074317890619,0.09901472643701657,0.1095971104298894,5.943089474339084,4.936426564622692,3.3684210526315788,2.985976811433667,1.696321167049363,7.794656396634886,5.133355109728329,4.713363378925,-1.1333551097283308,0.7288108282307444,0.9434210526315789,-0.6960381608586194,0.3740234375,0.2990546116878784,23.671264468666763,44.246699802255364,435,1233,1666,5331,0.3973620572392874,0.30494725810923684,0.7379444579580641,5,2.6330014224751066,1.3320312500000002,1.4047851562500002
