randomization,name,type,l1,l2,l3,ipr1,ipr2,ipr3,l1_cm,l1_er,l1_reg,l2_mp,l3_mp,l1_lap,l2_lap,l3_lap,alg_conn,clustering_c,clustering_r,deg_assort,Q,N.olap,N.temp,N.nodf,H2,H3,H4,H17,cent_between,cent_close,cent_eigen,diam,mean_path_length,deg_het_row,deg_het_col
empirical,Washington_DC_crimes_2016-12-27,crimes,5.432401,3.196585,2.537488,0.1235550232343562,0.1170601766014008,0.1254397686293513,5.458032929251171,3.973663566375204,2.769230769230769,2.623329129752156,1.4891048533065354,7.432401165844306,5.1965846417761234,4.53748803095821,-1.1965846417761157,0.7057396928051738,0.6782608695652174,-0.629416598192276,0.4283264746227705,0.3954099448664992,18.337444647661716,41.887546093488105,384,688,1864,7260,0.5207317725323266,0.3410669415072197,0.8017347005347056,6,2.788124156545209,1.2119341563786008,2.090534979423868
