randomization,name,type,l1,l2,l3,ipr1,ipr2,ipr3,l1_cm,l1_er,l1_reg,l2_mp,l3_mp,l1_lap,l2_lap,l3_lap,alg_conn,clustering_c,clustering_r,deg_assort,Q,N.olap,N.temp,N.nodf,H2,H3,H4,H17,cent_between,cent_close,cent_eigen,diam,mean_path_length,deg_het_row,deg_het_col
empirical,Washington_DC_crimes_2016-12-03,crimes,5.390871,3.067981,2.284825,0.1110392752849801,0.10526736035153286,0.1284501509348884,5.445879176037602,4.552632861238733,3.125,2.7258376613372644,1.479902056067658,7.390871332229095,5.067980785909459,4.28482466540393,-1.0679807859094645,0.7903405918481295,0.9025270758122743,-0.6801034443856256,0.33600000000000013,0.37179478546228223,27.693064846437764,47.12324929971989,337,704,1413,4800,0.48656208903010645,0.3408520600356535,0.7360376009178875,5,2.5,1.1647999999999998,1.5887999999999995
