randomization,name,type,l1,l2,l3,ipr1,ipr2,ipr3,l1_cm,l1_er,l1_reg,l2_mp,l3_mp,l1_lap,l2_lap,l3_lap,alg_conn,clustering_c,clustering_r,deg_assort,Q,N.olap,N.temp,N.nodf,H2,H3,H4,H17,cent_between,cent_close,cent_eigen,diam,mean_path_length,deg_het_row,deg_het_col
empirical,Washington_DC_crimes_2016-11-25,crimes,5.410902,2.738767,2.613643,0.13070389189895104,0.1170491084699417,0.08417708841007897,5.460724193911015,3.9670896396968773,2.789473684210526,2.581246405953276,1.4574677311954949,7.410901723744578,4.7387665341630765,4.613642731532575,-0.7387665341630818,0.7370625186957822,0.7810457516339869,-0.5698305881052397,0.43431826272694907,0.3867689405135248,18.2163559935498,43.45109534094415,349,742,1560,5885,0.5636627070649329,0.43480757037654566,0.8123830168709806,6,2.805120910384068,1.3136347454610182,1.9394802420790316
