randomization,name,type,l1,l2,l3,ipr1,ipr2,ipr3,l1_cm,l1_er,l1_reg,l2_mp,l3_mp,l1_lap,l2_lap,l3_lap,alg_conn,clustering_c,clustering_r,deg_assort,Q,N.olap,N.temp,N.nodf,H2,H3,H4,H17,cent_between,cent_close,cent_eigen,diam,mean_path_length,deg_het_row,deg_het_col
empirical,Washington_DC_crimes_2016-06-10,crimes,6.515815,3.214805,2.574421,0.10294353150192703,0.09578868750175305,0.10310632744184536,6.544629689889091,5.408548425366914,3.5714285714285716,3.102376083342608,1.7935138257669916,8.515815165165876,5.214805062434888,4.574421463624524,-1.2148050624348816,0.8282536346120161,0.964824120603015,-0.6158166449197255,0.3345777777777777,0.3458655334264101,31.25065815797524,46.500463821892396,635,1758,3539,16799,0.5079743709242432,0.3999135690936983,0.7809094459840212,6,2.5772357723577235,1.225777777777778,1.5219555555555557
