randomization,name,type,l1,l2,l3,ipr1,ipr2,ipr3,l1_cm,l1_er,l1_reg,l2_mp,l3_mp,l1_lap,l2_lap,l3_lap,alg_conn,clustering_c,clustering_r,deg_assort,Q,N.olap,N.temp,N.nodf,H2,H3,H4,H17,cent_between,cent_close,cent_eigen,diam,mean_path_length,deg_het_row,deg_het_col
empirical,Washington_DC_crimes_2016-09-11,crimes,5.461632,3.219632,2.609676,0.12059360580424332,0.08918744230412227,0.09710364718743152,5.268080806749713,4.3740838106373845,2.9000000000000004,3.0360974403356376,1.739923531419977,7.461631996355533,5.219631724157619,4.6096760688443945,-1.2196317241576298,0.6887888125148139,0.7432950191570882,-0.6429114170097718,0.41141498216409017,0.24611112510107752,29.534596657695808,35.809046751669705,391,754,1724,6210,0.4390680821076336,0.30427985623200643,0.7842098698092059,6,2.867948717948718,1.1771700356718193,1.6189060642092745
