randomization,name,type,l1,l2,l3,ipr1,ipr2,ipr3,l1_cm,l1_er,l1_reg,l2_mp,l3_mp,l1_lap,l2_lap,l3_lap,alg_conn,clustering_c,clustering_r,deg_assort,Q,N.olap,N.temp,N.nodf,H2,H3,H4,H17,cent_between,cent_close,cent_eigen,diam,mean_path_length,deg_het_row,deg_het_col
empirical,Washington_DC_crimes_2016-08-25,crimes,5.735353,3.266858,2.57601,0.09826799201730836,0.07857108005281968,0.09029555734262534,5.90853422372566,5.125773333133013,3.388888888888889,3.0177800540648314,1.6880443155726195,7.735353159451912,5.2668583209317426,4.576009685255323,-1.266858320931741,0.7613033131978766,0.9147540983606557,-0.6458333333333334,0.3654931470034936,0.28890163540163544,31.8518289144545,47.96388888888889,427,1098,1830,6777,0.5060103248492203,0.37334358758416586,0.7513857902709559,6,2.5396825396825395,1.2819134641225478,1.3173877989787692
