randomization,name,type,l1,l2,l3,ipr1,ipr2,ipr3,l1_cm,l1_er,l1_reg,l2_mp,l3_mp,l1_lap,l2_lap,l3_lap,alg_conn,clustering_c,clustering_r,deg_assort,Q,N.olap,N.temp,N.nodf,H2,H3,H4,H17,cent_between,cent_close,cent_eigen,diam,mean_path_length,deg_het_row,deg_het_col
empirical,Washington_DC_crimes_2016-07-06,crimes,5.907615,3.252175,2.377595,0.1151996815674025,0.11393321216397864,0.15673636457960274,6.061917373794192,4.723049470048038,3.2105263157894735,2.7458914773643675,1.54607242376604,7.90761547298363,5.252174612229009,4.377594835372023,-1.2521746122290154,0.8007234462347912,0.8151260504201681,-0.630020165151464,0.3574307981725342,0.4444260728982951,23.027701504236873,50.24160194725497,483,1074,2569,11230,0.5689477905848298,0.4174930784498581,0.780631136731397,6,2.539118065433855,1.208008599838753,1.7739854877721046
