randomization,name,type,l1,l2,l3,ipr1,ipr2,ipr3,l1_cm,l1_er,l1_reg,l2_mp,l3_mp,l1_lap,l2_lap,l3_lap,alg_conn,clustering_c,clustering_r,deg_assort,Q,N.olap,N.temp,N.nodf,H2,H3,H4,H17,cent_between,cent_close,cent_eigen,diam,mean_path_length,deg_het_row,deg_het_col
empirical,Washington_DC_crimes_2016-12-22,crimes,5.917492,2.835584,1.851156,0.1335808499905109,0.1379471926114461,0.125628779227731,6.104368403812753,4.417467425378902,2.888888888888889,2.268072481262807,1.2324811652293166,7.917492093053402,4.835584082849389,3.8511555526411825,-0.8355840828494007,0.839896945160103,0.8938053097345132,-0.7030496857987696,0.3417159763313609,0.6151643418310085,22.322626657983147,55.30019493177389,461,836,2750,12732,0.5911620648259303,0.4653254293024058,0.7922804548166473,5,2.419047619047619,1.2204142011834318,2.032544378698225
