randomization,name,type,l1,l2,l3,ipr1,ipr2,ipr3,l1_cm,l1_er,l1_reg,l2_mp,l3_mp,l1_lap,l2_lap,l3_lap,alg_conn,clustering_c,clustering_r,deg_assort,Q,N.olap,N.temp,N.nodf,H2,H3,H4,H17,cent_between,cent_close,cent_eigen,diam,mean_path_length,deg_het_row,deg_het_col
empirical,Washington_DC_crimes_2016-06-23,crimes,6.627249,2.844669,2.699856,0.10498826595595843,0.08312530911117115,0.12786225376692978,6.832373464652956,5.718984409006074,3.6923076923076925,2.930128115727444,1.6507321319611914,8.627249016255696,4.844669225756081,4.699855792364349,-0.8446692257560701,0.8792738808600634,1,-0.6148373604212568,0.3306327160493828,0.3929646092747908,28.38603038467361,50.26089625537139,628,1819,3600,18179,0.5624153044862096,0.5011179161667364,0.7792749763615198,4,2.4129554655870447,1.2858796296296298,1.386574074074074
