randomization,name,type,l1,l2,l3,ipr1,ipr2,ipr3,l1_cm,l1_er,l1_reg,l2_mp,l3_mp,l1_lap,l2_lap,l3_lap,alg_conn,clustering_c,clustering_r,deg_assort,Q,N.olap,N.temp,N.nodf,H2,H3,H4,H17,cent_between,cent_close,cent_eigen,diam,mean_path_length,deg_het_row,deg_het_col
empirical,Washington_DC_crimes_2016-09-12,crimes,6.008243,2.96364,2.597399,0.10534234435428066,0.10608445617543089,0.11528322384488199,6.180150117915403,4.937314589046689,3.4054054054054053,2.7917832889869985,1.5684472912240546,8.008242645671189,4.963640095437283,4.597398798440525,-0.9636400954372802,0.812851643470536,0.8734177215189873,-0.6220471059005233,0.34315948601662905,0.37689627835508843,26.021103438090222,47.074594380688566,470,1256,2218,8805,0.4450739475276456,0.36290274249150617,0.7570107065567809,5,2.5315315315315314,1.2773998488284204,1.5820105820105819
