randomization,name,type,l1,l2,l3,ipr1,ipr2,ipr3,l1_cm,l1_er,l1_reg,l2_mp,l3_mp,l1_lap,l2_lap,l3_lap,alg_conn,clustering_c,clustering_r,deg_assort,Q,N.olap,N.temp,N.nodf,H2,H3,H4,H17,cent_between,cent_close,cent_eigen,diam,mean_path_length,deg_het_row,deg_het_col
empirical,Washington_DC_crimes_2016-05-05,crimes,6.345421,2.862653,2.415591,0.1044199890714105,0.10113630487631338,0.06980254653235665,6.331418790865555,5.430645328206224,3.611111111111111,2.948975801013176,1.6446023270078363,8.345421316299541,4.86265341151268,4.415590853732614,-0.8626534115126671,0.8731679819616686,0.937873357228196,-0.6303725365931875,0.32994082840236694,0.3324839188493433,31.32931775321518,51.55432098765432,511,1477,2512,10546,0.4846078162067771,0.436222813264932,0.7616427692944543,6,2.4825396825396826,1.2284023668639055,1.3902958579881655
