randomization,name,type,l1,l2,l3,ipr1,ipr2,ipr3,l1_cm,l1_er,l1_reg,l2_mp,l3_mp,l1_lap,l2_lap,l3_lap,alg_conn,clustering_c,clustering_r,deg_assort,Q,N.olap,N.temp,N.nodf,H2,H3,H4,H17,cent_between,cent_close,cent_eigen,diam,mean_path_length,deg_het_row,deg_het_col
empirical,Washington_DC_crimes_2016-08-21,crimes,6.160983,3.077002,2.779804,0.09833332444017875,0.11307880016205783,0.07395747157993378,6.363738245814926,5.213765223409366,3.5384615384615383,2.9616547521673553,1.6868652654287555,8.160982664482056,5.077001968259714,4.7798038338998206,-1.0770019682597085,0.8167144906743186,0.9713656387665198,-0.645078913524927,0.3335433732409157,0.3168074757823307,25.34531853301814,48.402073850002175,527,1488,2477,10019,0.4214629935544063,0.35173548592944337,0.7629811488849969,5,2.52361673414305,1.2972064692291536,1.4688090737240076
