randomization,name,type,l1,l2,l3,ipr1,ipr2,ipr3,l1_cm,l1_er,l1_reg,l2_mp,l3_mp,l1_lap,l2_lap,l3_lap,alg_conn,clustering_c,clustering_r,deg_assort,Q,N.olap,N.temp,N.nodf,H2,H3,H4,H17,cent_between,cent_close,cent_eigen,diam,mean_path_length,deg_het_row,deg_het_col
empirical,Washington_DC_crimes_2016-09-28,crimes,6.33306,2.896257,2.456558,0.10566149167743154,0.09122223952153855,0.1663378725184076,6.584593560322815,5.221209256605777,3.6216216216216215,2.7255743503170713,1.5275075418169235,8.33305988458253,4.896256961498651,4.45655831158908,-0.8962569614986498,0.8711293260473588,0.9631966351209253,-0.6116244943285477,0.3252394742704389,0.4510396361273554,24.574802947194485,54.3640350877193,538,1558,2766,12033,0.4135274013300204,0.36226928622507504,0.7459111329975122,5,2.4054054054054053,1.276453553129873,1.588995321897973
