randomization,name,type,l1,l2,l3,ipr1,ipr2,ipr3,l1_cm,l1_er,l1_reg,l2_mp,l3_mp,l1_lap,l2_lap,l3_lap,alg_conn,clustering_c,clustering_r,deg_assort,Q,N.olap,N.temp,N.nodf,H2,H3,H4,H17,cent_between,cent_close,cent_eigen,diam,mean_path_length,deg_het_row,deg_het_col
empirical,Washington_DC_crimes_2016-03-28,crimes,6.246363,2.715799,2.554767,0.1216980448786271,0.18807035817942389,0.1433513750184101,6.339178589153739,4.796123237053512,3.230769230769231,2.649713209561917,1.4927203440545251,8.246362968895003,4.715799188603707,4.554766945152549,-0.7157991886037027,0.8803118908382066,0.8506711409395973,-0.5951376680726471,0.3620559334845051,0.47784059119694183,20.977783469231902,51.4503925361247,529,1293,3068,15108,0.6016239627042951,0.5153043037396057,0.8025049707965539,5,2.5371120107962213,1.2496850592088686,1.8148148148148149
