randomization,name,type,l1,l2,l3,ipr1,ipr2,ipr3,l1_cm,l1_er,l1_reg,l2_mp,l3_mp,l1_lap,l2_lap,l3_lap,alg_conn,clustering_c,clustering_r,deg_assort,Q,N.olap,N.temp,N.nodf,H2,H3,H4,H17,cent_between,cent_close,cent_eigen,diam,mean_path_length,deg_het_row,deg_het_col
empirical,Washington_DC_crimes_2016-08-28,crimes,6.395116,2.627979,2.445144,0.0959743906751132,0.09586841198939094,0.11559249250121242,6.564821841691424,5.5327214868008205,4,2.8465409410186195,1.583237515620943,8.39511570257562,4.627979231918171,4.445144122521506,-0.6279792319181771,0.9027624309392265,0.9559164733178654,-0.591375529403887,0.2932525951557094,0.39079933496696173,28.199282473352714,54.09592529711375,508,1717,2267,8843,0.3862710394560023,0.3861047851285228,0.7216841253985578,5,2.340463458110517,1.2378892733564013,1.4230103806228376
