randomization,name,type,l1,l2,l3,ipr1,ipr2,ipr3,l1_cm,l1_er,l1_reg,l2_mp,l3_mp,l1_lap,l2_lap,l3_lap,alg_conn,clustering_c,clustering_r,deg_assort,Q,N.olap,N.temp,N.nodf,H2,H3,H4,H17,cent_between,cent_close,cent_eigen,diam,mean_path_length,deg_het_row,deg_het_col
empirical,Washington_DC_crimes_2016-11-04,crimes,5.197107,2.966344,2.607734,0.10834316623336201,0.13977144600031657,0.10439721830402274,5.2751455424307645,4.651067315429552,3.085714285714286,3.0385798178938352,1.6949776008370048,7.197106685147072,4.966343798852983,4.6077340365573,-0.9663437988529773,0.6703715465227056,0.9027355623100304,-0.6343668445101583,0.37962962962962965,0.21092831950314136,35.33373515653675,40.01583531274743,331,710,1259,4114,0.4875187070452876,0.3541641535227219,0.7690568150890644,6,2.645378151260504,1.2530864197530864,1.3251028806584362
