randomization,name,type,l1,l2,l3,ipr1,ipr2,ipr3,l1_cm,l1_er,l1_reg,l2_mp,l3_mp,l1_lap,l2_lap,l3_lap,alg_conn,clustering_c,clustering_r,deg_assort,Q,N.olap,N.temp,N.nodf,H2,H3,H4,H17,cent_between,cent_close,cent_eigen,diam,mean_path_length,deg_het_row,deg_het_col
erdos-renyi,Chicago_crimes_2016-02-02,crimes,9.461132,5.236034,5.032726,0.019193541733316492,0.04617297139010446,0.03694390913201678,9.401989741641225,9.428692156824606,7.204081632653061,5.3339609191553405,3.708549295827245,11.461131886271119,7.2360343075073175,7.032726336958696,-3.2360343075073223,0.735621849884212,0.9756854523780162,-0.838466850266667,0.28722644431782623,-0.004473397165743165,59.74317380290419,22.073614616022244,3524,23798,15077,53338,0.07949172116680801,0.11960781320065926,0.6037313654148776,5,2.642541552703556,1.1423572936144262,1.038303814331228
