randomization,name,type,l1,l2,l3,ipr1,ipr2,ipr3,l1_cm,l1_er,l1_reg,l2_mp,l3_mp,l1_lap,l2_lap,l3_lap,alg_conn,clustering_c,clustering_r,deg_assort,Q,N.olap,N.temp,N.nodf,H2,H3,H4,H17,cent_between,cent_close,cent_eigen,diam,mean_path_length,deg_het_row,deg_het_col
erdos-renyi,Chicago_crimes_2016-03-15,crimes,9.9674,5.246852,5.073932,0.018170204342473253,0.031008336436746414,0.04091597985143912,9.948064815193769,9.914243340336453,7.73469387755102,5.4216456331365155,3.779759467417811,11.967400487548181,7.246852388678875,7.073932455673164,-3.2468523886788647,0.7695475053659818,0.9850063036561205,-0.8449770825495905,0.27164249761558323,-0.004235550983439016,62.8758030571581,23.498543815163007,3945,29098,17093,60363,0.06852727437160697,0.1846067518013082,0.5708991004488385,4,2.574163686092994,1.1523520443327462,1.0313420263016826
