randomization,name,type,l1,l2,l3,ipr1,ipr2,ipr3,l1_cm,l1_er,l1_reg,l2_mp,l3_mp,l1_lap,l2_lap,l3_lap,alg_conn,clustering_c,clustering_r,deg_assort,Q,N.olap,N.temp,N.nodf,H2,H3,H4,H17,cent_between,cent_close,cent_eigen,diam,mean_path_length,deg_het_row,deg_het_col
erdos-renyi,Chicago_crimes_2016-04-02,crimes,10.324785,5.531859,5.113475,0.020068112455549226,0.03553769805484631,0.03526256402224937,10.255992564342618,10.317666408767893,7.768421052631579,5.507412029546292,3.8200633463343734,12.32478544960427,7.531859461996699,7.11347517010068,-3.531859461996721,0.8129402080594158,0.9887795214659362,-0.8662782951841371,0.2766798128685896,-0.007144066872000621,66.0319540463517,25.14998696835158,4165,30148,20771,86036,0.07195502033741433,0.16163244699023402,0.5885575380048137,4,2.5231802911534156,1.122017317734153,1.0327479968566624
