randomization,name,type,l1,l2,l3,ipr1,ipr2,ipr3,l1_cm,l1_er,l1_reg,l2_mp,l3_mp,l1_lap,l2_lap,l3_lap,alg_conn,clustering_c,clustering_r,deg_assort,Q,N.olap,N.temp,N.nodf,H2,H3,H4,H17,cent_between,cent_close,cent_eigen,diam,mean_path_length,deg_het_row,deg_het_col
erdos-renyi,Chicago_crimes_2016-07-11,crimes,10.327623000000001,5.182131,5.010483,0.02067012939921203,0.04802038330255653,0.031289685902083524,10.265987900495979,10.163467035297554,7.75,5.448517124426986,3.7839944607291978,12.327623409815784,7.1821313040415475,7.010482732391807,-3.1821313040415533,0.7965102336788334,0.9886262037023466,-0.8274588518311236,0.27493785408717775,-9.241317114727749e-4,63.75353957365111,25.557581507138654,4121,30601,19907,80110,0.07352027512739148,0.19662839827517323,0.636774778886246,5,2.5532894736842104,1.152228581338883,1.0410163024627124
