randomization,name,type,l1,l2,l3,ipr1,ipr2,ipr3,l1_cm,l1_er,l1_reg,l2_mp,l3_mp,l1_lap,l2_lap,l3_lap,alg_conn,clustering_c,clustering_r,deg_assort,Q,N.olap,N.temp,N.nodf,H2,H3,H4,H17,cent_between,cent_close,cent_eigen,diam,mean_path_length,deg_het_row,deg_het_col
erdos-renyi,Chicago_crimes_2016-04-14,crimes,10.189296,5.195204,4.747018,0.01951586774992193,0.029010405068687038,0.03032257244525171,10.129554840478647,10.055478338160155,7.791666666666667,5.427326629777727,3.773360913594243,12.18929609531414,7.195204348835664,6.747017940387096,-3.195204348835669,0.8017014857587751,0.9932084069697811,-0.8317248509847972,0.26775143698704545,-6.886972656955616e-4,60.09172459200027,24.75472452177931,4018,29986,18332,69100,0.08714180950629488,0.16006717636315038,0.6087187637631734,4,2.5482456140350878,1.1480168148931909,1.0402642340358603
