randomization,name,type,l1,l2,l3,ipr1,ipr2,ipr3,l1_cm,l1_er,l1_reg,l2_mp,l3_mp,l1_lap,l2_lap,l3_lap,alg_conn,clustering_c,clustering_r,deg_assort,Q,N.olap,N.temp,N.nodf,H2,H3,H4,H17,cent_between,cent_close,cent_eigen,diam,mean_path_length,deg_het_row,deg_het_col
erdos-renyi,Chicago_crimes_2016-05-13,crimes,11.120601,5.817334,5.205427,0.01779429248310689,0.03370891376766651,0.03467527128613955,11.122703226609163,11.242823346595939,8.72340425531915,5.672573728720431,3.94899879483898,13.120601262816047,7.817334054392072,7.2054272738310505,-3.817334054392095,0.8674874913115684,0.9936712091052927,-0.8889964189682192,0.26093991671624045,-0.0017302379865611855,67.26770266916458,27.034683505739523,4974,40219,26002,112518,0.07157989060165017,0.09536508916838751,0.5329796940275521,4,2.3941889727751087,1.0952171326591313,1.0301368233194526
