randomization,name,type,l1,l2,l3,ipr1,ipr2,ipr3,l1_cm,l1_er,l1_reg,l2_mp,l3_mp,l1_lap,l2_lap,l3_lap,alg_conn,clustering_c,clustering_r,deg_assort,Q,N.olap,N.temp,N.nodf,H2,H3,H4,H17,cent_between,cent_close,cent_eigen,diam,mean_path_length,deg_het_row,deg_het_col
erdos-renyi,Chicago_crimes_2016-06-02,crimes,10.793217,5.431219,5.02661,0.01826773954285428,0.03243419808269411,0.04327801610148057,10.760228176505828,10.751285629828763,8.282828282828282,5.611722131203524,3.9216546802039742,12.793216834135958,7.431219214884974,7.026610032777132,-3.4312192148849956,0.8229519569176118,0.9966823272694886,-0.8729497782156095,0.24624628197501505,-0.004010948431843548,65.6899459411994,25.023126979289334,4754,37461,23534,95440,0.059492027127810446,0.18272467372080436,0.5755673934461629,4,2.4889713461142033,1.135990481856038,1.0271029149315882
