randomization,name,type,l1,l2,l3,ipr1,ipr2,ipr3,l1_cm,l1_er,l1_reg,l2_mp,l3_mp,l1_lap,l2_lap,l3_lap,alg_conn,clustering_c,clustering_r,deg_assort,Q,N.olap,N.temp,N.nodf,H2,H3,H4,H17,cent_between,cent_close,cent_eigen,diam,mean_path_length,deg_het_row,deg_het_col
erdos-renyi,Chicago_crimes_2016-04-09,crimes,9.895661,5.065164,4.818921,0.0196954277820875,0.0352618972740763,0.032382834953413625,9.822838942720491,9.72794542734835,7.484536082474227,5.365612836984539,3.729586232457134,11.89566097581705,7.065164290994495,6.818921084277119,-3.06516429099449,0.770865666093583,0.9734916974934891,-0.8305180180180177,0.2826157897532802,-0.004119201254244938,59.75477864493936,23.56680111387029,3762,27188,16478,59327,0.07846903372075831,0.1791534354982775,0.6017255943724621,5,2.6103951890034365,1.1673838307948001,1.0349778779530845
