randomization,name,type,l1,l2,l3,ipr1,ipr2,ipr3,l1_cm,l1_er,l1_reg,l2_mp,l3_mp,l1_lap,l2_lap,l3_lap,alg_conn,clustering_c,clustering_r,deg_assort,Q,N.olap,N.temp,N.nodf,H2,H3,H4,H17,cent_between,cent_close,cent_eigen,diam,mean_path_length,deg_het_row,deg_het_col
erdos-renyi,Chicago_crimes_2016-10-24,crimes,10.591701,5.214805,5.018246,0.01825258700370136,0.03870417688674031,0.03850186397135182,10.579482207886276,10.359793864618956,8.210526315789474,5.442330709534161,3.786874377792379,12.591701179839927,7.2148045758413595,7.018246176876751,-3.2148045758413564,0.8275177697775317,0.9856362163580564,-0.8086371964980136,0.25786324786324777,3.42367289470038e-5,58.74365874574747,25.880059353512877,4284,34572,19405,72460,0.08724702385469316,0.1773110770529449,0.5450954554707106,4,2.527659574468085,1.1730177514792897,1.038856015779093
