randomization,name,type,l1,l2,l3,ipr1,ipr2,ipr3,l1_cm,l1_er,l1_reg,l2_mp,l3_mp,l1_lap,l2_lap,l3_lap,alg_conn,clustering_c,clustering_r,deg_assort,Q,N.olap,N.temp,N.nodf,H2,H3,H4,H17,cent_between,cent_close,cent_eigen,diam,mean_path_length,deg_het_row,deg_het_col
erdos-renyi,Chicago_crimes_2016-05-03,crimes,10.685963,5.545403,5.134819,0.019112575591683764,0.032393675387121616,0.030697665626150613,10.640920418870472,10.574579676277551,8.126315789473683,5.523957308364375,3.838407332110398,12.685963269798403,7.545402723082908,7.1348191055262085,-3.5454027230829106,0.8199982916428482,0.9838261340155466,-0.8582601627818173,0.2649265752100727,-0.007711487404770707,63.90676409051971,26.140693493161738,4425,34475,21746,88121,0.0605691785884209,0.15429710425602203,0.5823696291265195,4,2.5155655095184772,1.145292491073586,1.0311417756181376
