randomization,name,type,l1,l2,l3,ipr1,ipr2,ipr3,l1_cm,l1_er,l1_reg,l2_mp,l3_mp,l1_lap,l2_lap,l3_lap,alg_conn,clustering_c,clustering_r,deg_assort,Q,N.olap,N.temp,N.nodf,H2,H3,H4,H17,cent_between,cent_close,cent_eigen,diam,mean_path_length,deg_het_row,deg_het_col
erdos-renyi,Chicago_crimes_2016-12-11,crimes,9.015415,4.833511,4.538043,0.024012787872357663,0.053539925413042394,0.04231508261912333,9.0006181892366,8.956740127972427,6.541176470588235,5.106080357401258,3.469733182321398,11.015415050347517,6.833511150512716,6.538042739379483,-2.833511150512711,0.7403163920947654,0.9914216968302124,-0.8429112631494279,0.28808032710522236,-6.026887630148856e-4,61.770219034633115,24.482659161897402,2764,16625,12532,47069,0.09644071336944096,0.18926982201555753,0.6181787072852027,5,2.6100840336134454,1.1543915946379588,1.0496868692096684
