randomization,name,type,l1,l2,l3,ipr1,ipr2,ipr3,l1_cm,l1_er,l1_reg,l2_mp,l3_mp,l1_lap,l2_lap,l3_lap,alg_conn,clustering_c,clustering_r,deg_assort,Q,N.olap,N.temp,N.nodf,H2,H3,H4,H17,cent_between,cent_close,cent_eigen,diam,mean_path_length,deg_het_row,deg_het_col
erdos-renyi,Chicago_crimes_2016-11-21,crimes,9.765938,4.910421,4.821179,0.020030095419710403,0.029744658142829738,0.042374108043220865,9.662320861499753,9.411251832022662,7.3061224489795915,5.270496988333395,3.665903583052528,11.765938431637107,6.9104213095394496,6.821178851367438,-2.9104213095394442,0.7475024475757467,0.9817348520590415,-0.7873942588191982,0.2857666739490023,-0.005209082129591726,60.308601303522174,22.75739932419744,3569,26024,14716,49302,0.06689874414102613,0.1712928057232958,0.5732717973388378,5,2.6625289290974123,1.2101682219656067,1.038341499953185
