randomization,name,type,l1,l2,l3,ipr1,ipr2,ipr3,l1_cm,l1_er,l1_reg,l2_mp,l3_mp,l1_lap,l2_lap,l3_lap,alg_conn,clustering_c,clustering_r,deg_assort,Q,N.olap,N.temp,N.nodf,H2,H3,H4,H17,cent_between,cent_close,cent_eigen,diam,mean_path_length,deg_het_row,deg_het_col
erdos-renyi,Chicago_crimes_2016-10-15,crimes,10.441739,5.399681,4.853346,0.019539933156032793,0.03200150973417055,0.0350456184619497,10.379653860623721,10.363370187440623,8.02061855670103,5.512101669638541,3.840393124731027,12.441739221349469,7.399680501561292,6.853346464648746,-3.3996805015612885,0.7962076366962941,0.9895998636047686,-0.8310817223854168,0.2625412203197177,-0.004258933604555889,67.58774477799159,24.625188396507987,4323,32893,20649,81922,0.07441483720299472,0.144230108733759,0.6365218939499167,4,2.5210481099656357,1.1315349488834994,1.038203554034139
