randomization,name,type,l1,l2,l3,ipr1,ipr2,ipr3,l1_cm,l1_er,l1_reg,l2_mp,l3_mp,l1_lap,l2_lap,l3_lap,alg_conn,clustering_c,clustering_r,deg_assort,Q,N.olap,N.temp,N.nodf,H2,H3,H4,H17,cent_between,cent_close,cent_eigen,diam,mean_path_length,deg_het_row,deg_het_col
erdos-renyi,Chicago_crimes_2016-12-03,crimes,11.149462,5.384874,5.013104,0.019751538960733818,0.04034147354342997,0.03583168602278239,11.129923081009832,11.099988532320129,8.32258064516129,5.607047879518072,3.884213566925398,13.149461957636989,7.3848740168594205,7.013103787505889,-3.3848740168594014,0.8561843325926086,0.9998632353946798,-0.8971280641964495,0.2437887680361091,-0.004185880027719805,65.7791578051721,29.020304003583743,4805,37874,26379,118862,0.07289198642785498,0.15522983699508053,0.5735316160970548,4,2.4268349696119684,1.13295808879007,1.0264407187068085
