randomization,name,type,l1,l2,l3,ipr1,ipr2,ipr3,l1_cm,l1_er,l1_reg,l2_mp,l3_mp,l1_lap,l2_lap,l3_lap,alg_conn,clustering_c,clustering_r,deg_assort,Q,N.olap,N.temp,N.nodf,H2,H3,H4,H17,cent_between,cent_close,cent_eigen,diam,mean_path_length,deg_het_row,deg_het_col
erdos-renyi,Chicago_crimes_2016-02-23,crimes,10.033483,5.112631,4.798279,0.021400635840567523,0.03283581050431486,0.03451862097704619,9.955925351293903,9.890554631228907,7.5777777777777775,5.336516230194828,3.676537419250907,12.033482719916654,7.112630884515887,6.798279291631705,-3.1126308845159234,0.7972278123442202,0.9809069212410502,-0.8315830725363925,0.2686337406799043,-0.0026075073577165753,66.10964457288664,26.097576182373814,3628,26328,16576,62289,0.0676523029843829,0.19630945924858337,0.5985624346826917,5,2.5373283395755304,1.1516068833257371,1.036282797705558
