randomization,name,type,l1,l2,l3,ipr1,ipr2,ipr3,l1_cm,l1_er,l1_reg,l2_mp,l3_mp,l1_lap,l2_lap,l3_lap,alg_conn,clustering_c,clustering_r,deg_assort,Q,N.olap,N.temp,N.nodf,H2,H3,H4,H17,cent_between,cent_close,cent_eigen,diam,mean_path_length,deg_het_row,deg_het_col
erdos-renyi,Chicago_crimes_2016-07-08,crimes,10.934423,5.591079,5.355166,0.01896007589559584,0.04096824377228543,0.039326312736994135,10.90055960074064,10.837272383350808,8.3125,5.585439819771426,3.8879579458339038,12.934423216469241,7.591079467515213,7.3551662326433105,-3.5910794675152076,0.8307643602545447,0.9976589977374045,-0.8607742504207658,0.2602559029151827,-0.001732989911145153,61.19617241904398,27.0265392407693,4734,37475,24383,104007,0.07281979126223141,0.15304339303757888,0.5876316834780759,4,2.4778508771929824,1.133943882262046,1.0366706239282417
