randomization,name,type,l1,l2,l3,ipr1,ipr2,ipr3,l1_cm,l1_er,l1_reg,l2_mp,l3_mp,l1_lap,l2_lap,l3_lap,alg_conn,clustering_c,clustering_r,deg_assort,Q,N.olap,N.temp,N.nodf,H2,H3,H4,H17,cent_between,cent_close,cent_eigen,diam,mean_path_length,deg_het_row,deg_het_col
erdos-renyi,Chicago_crimes_2016-10-29,crimes,10.692065,5.397841,5.234578,0.019006774297440014,0.033928162116856085,0.040606159259500896,10.64554226547767,10.787428817662443,8.270833333333334,5.6201651879610655,3.914436347780045,12.692065381641706,7.3978409260897955,7.234578155412365,-3.3978409260897893,0.8251527934270114,0.9951688421366386,-0.8728237984610816,0.2728524386297734,-0.004289156969864334,68.85358470667262,25.2068190188547,4630,35319,23589,99509,0.06151090930296756,0.1457554877307862,0.5858100963843421,4,2.4510964912280704,1.0968599508911294,1.0324854545108464
