randomization,name,type,l1,l2,l3,ipr1,ipr2,ipr3,l1_cm,l1_er,l1_reg,l2_mp,l3_mp,l1_lap,l2_lap,l3_lap,alg_conn,clustering_c,clustering_r,deg_assort,Q,N.olap,N.temp,N.nodf,H2,H3,H4,H17,cent_between,cent_close,cent_eigen,diam,mean_path_length,deg_het_row,deg_het_col
erdos-renyi,Chicago_crimes_2016-09-26,crimes,10.28914,5.433542,5.083271,0.01867874633236122,0.03485578303637975,0.03094127924292488,10.263148845262064,10.227558468490406,7.937499999999999,5.4699120646001536,3.8055974800366097,12.289139926159294,7.433541783330687,7.083270750246964,-3.4335417833306723,0.8031398328946915,0.9872693167085046,-0.8378308526404862,0.2865370175184791,2.052145161706398e-4,63.63685006800294,25.279447570207843,4153,31400,19223,73943,0.0881247742877658,0.1777340770427448,0.5632216474495932,5,2.542105263157895,1.1413947272338991,1.0349749588388069
