randomization,name,type,l1,l2,l3,ipr1,ipr2,ipr3,l1_cm,l1_er,l1_reg,l2_mp,l3_mp,l1_lap,l2_lap,l3_lap,alg_conn,clustering_c,clustering_r,deg_assort,Q,N.olap,N.temp,N.nodf,H2,H3,H4,H17,cent_between,cent_close,cent_eigen,diam,mean_path_length,deg_het_row,deg_het_col
erdos-renyi,Chicago_crimes_2016-04-01,crimes,10.529237,5.399932,5.128175,0.017307594059341833,0.033906905191184784,0.032808820857949623,10.492245626436254,10.470836894097438,8.303030303030305,5.543948733592556,3.8800434314567624,12.529236798194143,7.399931914298392,7.128174647315173,-3.3999319142983526,0.8080970746317646,0.9880496280126521,-0.84619092528555,0.26916132393248915,-0.005531476362369332,65.10291097555752,24.252613925599636,4491,35811,20085,73332,0.05831836102927749,0.14615854517725943,0.5806546034219928,4,2.526489383632241,1.141509936597581,1.0276519793276147
