randomization,name,type,l1,l2,l3,ipr1,ipr2,ipr3,l1_cm,l1_er,l1_reg,l2_mp,l3_mp,l1_lap,l2_lap,l3_lap,alg_conn,clustering_c,clustering_r,deg_assort,Q,N.olap,N.temp,N.nodf,H2,H3,H4,H17,cent_between,cent_close,cent_eigen,diam,mean_path_length,deg_het_row,deg_het_col
erdos-renyi,Chicago_crimes_2016-02-29,crimes,10.382584,5.10844,4.883476,0.02196569532516311,0.0435163653801178,0.0340493234240811,10.306248412553593,10.210437984287092,7.630434782608695,5.420486409468475,3.7396615930747474,12.38258437994925,7.108440181135466,6.883476020405412,-3.1084401811354416,0.8226686233776135,0.9916273776621688,-0.8377261743761977,0.2608501554370499,0.0030412645010381117,62.21759746212906,27.44787554378026,4008,29010,20587,88566,0.07985416796907768,0.16162121227023923,0.6532229101326174,4,2.5138557095078835,1.1418007970714523,1.0473048108375744
