randomization,name,type,l1,l2,l3,ipr1,ipr2,ipr3,l1_cm,l1_er,l1_reg,l2_mp,l3_mp,l1_lap,l2_lap,l3_lap,alg_conn,clustering_c,clustering_r,deg_assort,Q,N.olap,N.temp,N.nodf,H2,H3,H4,H17,cent_between,cent_close,cent_eigen,diam,mean_path_length,deg_het_row,deg_het_col
erdos-renyi,Chicago_crimes_2016-08-14,crimes,10.89097,5.354619,5.062952,0.01843485515656368,0.0383657607070145,0.04004841388038742,10.855297850469583,10.792040606404097,8.416666666666666,5.573059896353373,3.8839533400029276,12.890970405880227,7.354619480905212,7.062952100787279,-3.3546194809052525,0.8269548897056612,0.9941213231789342,-0.8502590300649286,0.2538966767963924,-0.005178516925100983,69.80241352448725,26.489841755893867,4666,37866,22690,90698,0.08123439069191904,0.17008349256587488,0.5455860261772105,4,2.4837719298245613,1.1452553671208705,1.0262964415253406
