randomization,name,type,l1,l2,l3,ipr1,ipr2,ipr3,l1_cm,l1_er,l1_reg,l2_mp,l3_mp,l1_lap,l2_lap,l3_lap,alg_conn,clustering_c,clustering_r,deg_assort,Q,N.olap,N.temp,N.nodf,H2,H3,H4,H17,cent_between,cent_close,cent_eigen,diam,mean_path_length,deg_het_row,deg_het_col
erdos-renyi,Chicago_crimes_2016-05-20,crimes,10.942753,5.503725,5.163852,0.018834326016353375,0.02798083888411597,0.035711131082765774,10.875935266552418,10.693121549639338,8.4329896907216515,5.537302828528119,3.8646172274365704,12.942752813973813,7.503724736331883,7.163851666676911,-3.503724736331887,0.8284909299102031,0.9937041656273385,-0.8198277664550709,0.26694603690795704,-0.0016510183825816649,61.70607464685893,26.254941724550637,4665,38742,22063,85601,0.05842504569139548,0.16393259565078558,0.5908854160323632,4,2.5141752577319587,1.1647586994338865,1.0332613984851835
