randomization,name,type,l1,l2,l3,ipr1,ipr2,ipr3,l1_cm,l1_er,l1_reg,l2_mp,l3_mp,l1_lap,l2_lap,l3_lap,alg_conn,clustering_c,clustering_r,deg_assort,Q,N.olap,N.temp,N.nodf,H2,H3,H4,H17,cent_between,cent_close,cent_eigen,diam,mean_path_length,deg_het_row,deg_het_col
erdos-renyi,Chicago_crimes_2016-11-22,crimes,9.975713,5.393144,5.015239,0.018358713396881634,0.040984125570633814,0.046479085878440275,9.96224965839392,9.93969219921371,7.63265306122449,5.435311843645233,3.7849995818469626,11.975712979848478,7.393143930760985,7.0152390440060275,-3.393143930760981,0.769715129593562,0.972625235164695,-0.850882077900244,0.27497926735108247,-0.0011379209933894518,60.50963647347061,23.98771242865376,3977,28649,18115,68097,0.07378114370957695,0.16201549136631524,0.5921121094865031,4,2.5790027351146643,1.1431839629386027,1.037747719408619
