randomization,name,type,l1,l2,l3,ipr1,ipr2,ipr3,l1_cm,l1_er,l1_reg,l2_mp,l3_mp,l1_lap,l2_lap,l3_lap,alg_conn,clustering_c,clustering_r,deg_assort,Q,N.olap,N.temp,N.nodf,H2,H3,H4,H17,cent_between,cent_close,cent_eigen,diam,mean_path_length,deg_het_row,deg_het_col
erdos-renyi,Chicago_crimes_2016-10-10,crimes,10.54641,5.4545960000000004,4.894262,0.019474602855228652,0.0429949692493227,0.040194171589676496,10.528159066680809,10.66024022814759,7.894736842105263,5.593018204116535,3.8789506799046913,12.54641048066912,7.454596012179688,6.894262039188621,-3.4545960121796884,0.8177360086277261,0.9994993889600542,-0.9035934476064795,0.26476800000000017,-0.006476772272172189,69.8861371313036,26.37493763754641,4445,32238,23625,103117,0.07804224460853695,0.14966317947903202,0.5689894573166353,4,2.4662933930571107,1.1106133333333335,1.0248177777777778
