randomization,name,type,l1,l2,l3,ipr1,ipr2,ipr3,l1_cm,l1_er,l1_reg,l2_mp,l3_mp,l1_lap,l2_lap,l3_lap,alg_conn,clustering_c,clustering_r,deg_assort,Q,N.olap,N.temp,N.nodf,H2,H3,H4,H17,cent_between,cent_close,cent_eigen,diam,mean_path_length,deg_het_row,deg_het_col
erdos-renyi,Chicago_crimes_2016-11-03,crimes,10.639438,5.34107,5.15564,0.020361492929649824,0.04157801299788486,0.0390143181852735,10.569513896107049,10.532224876092469,7.9787234042553195,5.514502173307178,3.822672260452946,12.639437793170345,7.341069532685536,7.155640478858726,-3.3410695326855113,0.821263523530022,0.9992182024047016,-0.8576531308796411,0.2670933333333336,-0.005073165995576284,65.44394702002579,26.728130705032136,4338,32944,21981,92056,0.07338809168912655,0.1544002990718626,0.5856154540253881,4,2.502402196293754,1.1382186666666667,1.0329599999999999
