randomization,name,type,l1,l2,l3,ipr1,ipr2,ipr3,l1_cm,l1_er,l1_reg,l2_mp,l3_mp,l1_lap,l2_lap,l3_lap,alg_conn,clustering_c,clustering_r,deg_assort,Q,N.olap,N.temp,N.nodf,H2,H3,H4,H17,cent_between,cent_close,cent_eigen,diam,mean_path_length,deg_het_row,deg_het_col
erdos-renyi,Chicago_crimes_2016-04-04,crimes,9.811608,5.167431,4.902045,0.019572469230051872,0.03785968702154288,0.0333532775871598,9.790013451374783,9.776703986214972,7.48936170212766,5.3657749319106065,3.7158357192159945,11.811607831189807,7.167431262365273,6.9020454567413365,-3.167431262365303,0.7680934487828787,0.9878875011231917,-0.845178230976289,0.2722430268595044,-0.0031449966339433806,63.68909854676172,24.15845290063541,3668,25991,16342,60118,0.07697056535580804,0.17220873393084568,0.59422103307452,4,2.5721802791123314,1.148873321280992,1.0321700671487604
