randomization,name,type,l1,l2,l3,ipr1,ipr2,ipr3,l1_cm,l1_er,l1_reg,l2_mp,l3_mp,l1_lap,l2_lap,l3_lap,alg_conn,clustering_c,clustering_r,deg_assort,Q,N.olap,N.temp,N.nodf,H2,H3,H4,H17,cent_between,cent_close,cent_eigen,diam,mean_path_length,deg_het_row,deg_het_col
erdos-renyi,Chicago_crimes_2016-12-28,crimes,11.410654,5.444228,5.088277,0.01948998376748909,0.04240387916653216,0.04812968462471818,11.400490801467306,11.31042577120855,8.494623655913978,5.6272978904519855,3.899682392866123,13.410653563495234,7.444228275140733,7.088277169227383,-3.4442282751407616,0.864619545175169,0.999938846024482,-0.9094343925471006,0.24544143566736076,-0.004651517977210435,62.45475686378828,29.890089977570167,5011,40834,27853,126374,0.07373753378316336,0.13339591699381262,0.5591841935560203,4,2.4268349696119684,1.1453933664476847,1.0225476686428456
