randomization,name,type,l1,l2,l3,ipr1,ipr2,ipr3,l1_cm,l1_er,l1_reg,l2_mp,l3_mp,l1_lap,l2_lap,l3_lap,alg_conn,clustering_c,clustering_r,deg_assort,Q,N.olap,N.temp,N.nodf,H2,H3,H4,H17,cent_between,cent_close,cent_eigen,diam,mean_path_length,deg_het_row,deg_het_col
erdos-renyi,Chicago_crimes_2016-06-21,crimes,10.821255,5.229258,4.990819,0.018479010896804534,0.03370458247323827,0.03702524969093639,10.78459756233948,10.691627019655233,8.26530612244898,5.571479052658339,3.8882817263874436,12.821254946249953,7.229257914744481,6.990819471549185,-3.229257914744494,0.8357987538676727,0.9930828520608709,-0.8562589179729426,0.25611339734796534,-0.0018488780241041457,62.953240802150624,25.79929750291879,4676,37345,22916,92515,0.06235679731714501,0.175185898767352,0.5688466035449432,5,2.5024195245108354,1.151409846060052,1.0296844993141288
