randomization,name,type,l1,l2,l3,ipr1,ipr2,ipr3,l1_cm,l1_er,l1_reg,l2_mp,l3_mp,l1_lap,l2_lap,l3_lap,alg_conn,clustering_c,clustering_r,deg_assort,Q,N.olap,N.temp,N.nodf,H2,H3,H4,H17,cent_between,cent_close,cent_eigen,diam,mean_path_length,deg_het_row,deg_het_col
erdos-renyi,Chicago_crimes_2016-02-08,crimes,9.590066,5.041894,4.692255,0.0200501181174019,0.052919505302945,0.038476403027625235,9.612342845853236,9.708692313132055,7.252747252747253,5.352900635703015,3.685772522133261,11.590066366956913,7.041894231232757,6.692255380309797,-3.0418942312327792,0.7748998985917849,0.9884174259939253,-0.8693029429400997,0.27865932047750214,7.499641909497535e-4,62.39345917075135,25.057551545213585,3497,22925,16606,65736,0.09298861027088297,0.14764977207772256,0.559682410334585,4,2.527960927960928,1.114710743801653,1.041248852157943
