randomization,name,type,l1,l2,l3,ipr1,ipr2,ipr3,l1_cm,l1_er,l1_reg,l2_mp,l3_mp,l1_lap,l2_lap,l3_lap,alg_conn,clustering_c,clustering_r,deg_assort,Q,N.olap,N.temp,N.nodf,H2,H3,H4,H17,cent_between,cent_close,cent_eigen,diam,mean_path_length,deg_het_row,deg_het_col
erdos-renyi,Chicago_crimes_2016-08-10,crimes,10.155645,5.351713,4.735944,0.01768879062569131,0.036891175315058325,0.037641037038193284,10.136323393136049,10.06754906261001,7.957894736842105,5.414668456078091,3.765942184649729,12.155645426994688,7.351713118947403,6.735944122140839,-3.3517131189473965,0.7988260763763604,0.9844184524783249,-0.840257538966279,0.2849654264998178,-0.0030092400305292964,62.000925515506275,24.831500794485205,3967,30476,16981,59200,0.061942245264700754,0.15750005469288733,0.5281014283611623,5,2.558566629339306,1.1569664902998236,1.0292405027854763
