randomization,name,type,l1,l2,l3,ipr1,ipr2,ipr3,l1_cm,l1_er,l1_reg,l2_mp,l3_mp,l1_lap,l2_lap,l3_lap,alg_conn,clustering_c,clustering_r,deg_assort,Q,N.olap,N.temp,N.nodf,H2,H3,H4,H17,cent_between,cent_close,cent_eigen,diam,mean_path_length,deg_het_row,deg_het_col
erdos-renyi,Chicago_crimes_2016-03-22,crimes,10.911994,5.303895,4.973203,0.01966136689254202,0.02930706801431297,0.03780140637035873,10.86654501768999,10.761972721152109,8.49438202247191,5.4731812916596905,3.782585559901385,12.911993959173016,7.303895415060862,6.973202975185281,-3.303895415060885,0.8577844991529769,0.9947053610988037,-0.8388447463509091,0.2490061868368745,-0.0012814768022607799,63.58073986278971,28.27796074493224,4337,35621,20760,81692,0.06616270572740042,0.14804586755851737,0.5521959393251165,4,2.440755873340143,1.1421852691693963,1.0332157554379777
