randomization,name,type,l1,l2,l3,ipr1,ipr2,ipr3,l1_cm,l1_er,l1_reg,l2_mp,l3_mp,l1_lap,l2_lap,l3_lap,alg_conn,clustering_c,clustering_r,deg_assort,Q,N.olap,N.temp,N.nodf,H2,H3,H4,H17,cent_between,cent_close,cent_eigen,diam,mean_path_length,deg_het_row,deg_het_col
erdos-renyi,Chicago_crimes_2016-02-17,crimes,9.810311,5.610407,4.829841,0.019089789780470285,0.03712898482571952,0.047248260400831604,9.84588531707325,9.816642664337294,7.419354838709677,5.365162333539319,3.706821685938629,11.810310868450062,7.610407170585798,6.8298410435974475,-3.610407170585774,0.7688945155742404,0.9945986923149815,-0.8743642191000515,0.28262129804662856,3.992898150116259e-4,60.47807181748077,25.442054298817652,3674,25470,17023,64929,0.10034602798070831,0.15382962696772995,0.5535083216593489,4,2.5610098176718092,1.1475152278932998,1.0362528880487294
