randomization,name,type,l1,l2,l3,ipr1,ipr2,ipr3,l1_cm,l1_er,l1_reg,l2_mp,l3_mp,l1_lap,l2_lap,l3_lap,alg_conn,clustering_c,clustering_r,deg_assort,Q,N.olap,N.temp,N.nodf,H2,H3,H4,H17,cent_between,cent_close,cent_eigen,diam,mean_path_length,deg_het_row,deg_het_col
erdos-renyi,Chicago_crimes_2016-04-27,crimes,9.812462,5.09918,4.916651,0.02159209392608749,0.05339253997081137,0.035038586826065476,9.746574491609893,9.745020371986401,7.237113402061856,5.401123196713889,3.7451430253583275,11.812461679377195,7.099180115436862,6.916651235700216,-3.099180115436859,0.7614454388762408,0.9900645109907614,-0.8384014202748529,0.2836665286807737,-3.9311993199673856e-4,65.3872795515682,23.635260569948258,3773,25429,18276,74178,0.08613389221732443,0.13789313870161585,0.6636744690090619,4,2.5927835051546393,1.138115762047386,1.0433356872103312
