randomization,name,type,l1,l2,l3,ipr1,ipr2,ipr3,l1_cm,l1_er,l1_reg,l2_mp,l3_mp,l1_lap,l2_lap,l3_lap,alg_conn,clustering_c,clustering_r,deg_assort,Q,N.olap,N.temp,N.nodf,H2,H3,H4,H17,cent_between,cent_close,cent_eigen,diam,mean_path_length,deg_het_row,deg_het_col
erdos-renyi,Chicago_crimes_2016-08-21,crimes,10.535219,5.104422,4.914321,0.021484040929278567,0.04805113937412224,0.040649114983447775,10.465842053094766,10.247965240234274,7.852631578947369,5.428924193057249,3.766367797057184,12.535219160184017,7.104422415944838,6.914321176271016,-3.1044224159448,0.8013069152169509,0.9940436443281071,-0.8058783658432191,0.26346771701083194,0.001392475075029847,63.74655065546528,26.30462379841918,4183,32120,20360,82096,0.07881928005770027,0.2429695726011919,0.6066410048272309,4,2.5222844344904813,1.1738602304336263,1.0422341855400383
