randomization,name,type,l1,l2,l3,ipr1,ipr2,ipr3,l1_cm,l1_er,l1_reg,l2_mp,l3_mp,l1_lap,l2_lap,l3_lap,alg_conn,clustering_c,clustering_r,deg_assort,Q,N.olap,N.temp,N.nodf,H2,H3,H4,H17,cent_between,cent_close,cent_eigen,diam,mean_path_length,deg_het_row,deg_het_col
erdos-renyi,Chicago_crimes_2016-04-13,crimes,10.020504,5.259734,5.056592,0.019037335573234122,0.0381412156032333,0.03298664345810124,9.99703956179028,9.963990261119925,7.653061224489796,5.438333949562531,3.787284687894676,12.020504247458552,7.259733611656546,7.056592168117327,-3.2597336116565416,0.7695066171153749,0.9885458402074004,-0.837340240536038,0.2733013333333331,7.528427237195971e-4,62.82294351363884,24.36471366849623,4005,29002,18405,70157,0.08442114341312291,0.17009910411510001,0.6095472687720962,4,2.5747948664001683,1.14304,1.0395733333333332
