randomization,name,type,l1,l2,l3,ipr1,ipr2,ipr3,l1_cm,l1_er,l1_reg,l2_mp,l3_mp,l1_lap,l2_lap,l3_lap,alg_conn,clustering_c,clustering_r,deg_assort,Q,N.olap,N.temp,N.nodf,H2,H3,H4,H17,cent_between,cent_close,cent_eigen,diam,mean_path_length,deg_het_row,deg_het_col
erdos-renyi,Chicago_crimes_2016-11-10,crimes,10.13482,5.165911,5.123154,0.018685980513923377,0.028315900837524055,0.046332178603411385,10.13127130581445,10.156811521884636,7.8085106382978715,5.450999997557294,3.780246621917952,12.134819563487909,7.16591118402763,7.123154281157176,-3.165911184027659,0.7980248486779229,0.9888850729026819,-0.847896124756613,0.27039327636258365,0.0016391337755245544,65.84953821883056,25.048499744083408,4004,29151,18940,74669,0.09620028104796127,0.16382533045074146,0.5351579524129663,4,2.5108670784717457,1.123543867724907,1.0397953804690807
