randomization,name,type,l1,l2,l3,ipr1,ipr2,ipr3,l1_cm,l1_er,l1_reg,l2_mp,l3_mp,l1_lap,l2_lap,l3_lap,alg_conn,clustering_c,clustering_r,deg_assort,Q,N.olap,N.temp,N.nodf,H2,H3,H4,H17,cent_between,cent_close,cent_eigen,diam,mean_path_length,deg_het_row,deg_het_col
erdos-renyi,Chicago_crimes_2016-08-28,crimes,10.39267,5.380091,5.121553,0.018991060291755072,0.04222700343428283,0.03649253695201798,10.378083516428749,10.263421814540038,7.833333333333333,5.465716672659924,3.797015663961097,12.392669558014191,7.380090639611585,7.121553085383736,-3.3800906396115957,0.8025552026089421,0.9949142122617783,-0.8636261445937602,0.26266834540516093,-0.0018678731177415855,59.367200819894954,25.865209434742557,4202,31553,20199,79764,0.0807911796447069,0.1255151583095513,0.5583746467543702,4,2.541885964912281,1.1586124943413307,1.0356213218650971
