randomization,name,type,l1,l2,l3,ipr1,ipr2,ipr3,l1_cm,l1_er,l1_reg,l2_mp,l3_mp,l1_lap,l2_lap,l3_lap,alg_conn,clustering_c,clustering_r,deg_assort,Q,N.olap,N.temp,N.nodf,H2,H3,H4,H17,cent_between,cent_close,cent_eigen,diam,mean_path_length,deg_het_row,deg_het_col
erdos-renyi,Chicago_crimes_2016-11-29,crimes,10.388945,5.366806,5.006485,0.019699761407071876,0.037172489625276466,0.05079491540881279,10.336454561052916,10.204615625678029,7.752577319587629,5.461988810802979,3.7969669006712667,12.388944951078807,7.366806353632571,7.006485386953729,-3.3668063536326014,0.8003065590401834,0.9837172923777019,-0.8360219796284628,0.28045778632865587,-0.0016936403550851032,61.14631750826388,25.53228186586165,4205,31361,20520,83356,0.0887296375669914,0.1600804000216254,0.5894490697272468,5,2.5648625429553267,1.159008601177003,1.0406716840199184
