randomization,name,type,l1,l2,l3,ipr1,ipr2,ipr3,l1_cm,l1_er,l1_reg,l2_mp,l3_mp,l1_lap,l2_lap,l3_lap,alg_conn,clustering_c,clustering_r,deg_assort,Q,N.olap,N.temp,N.nodf,H2,H3,H4,H17,cent_between,cent_close,cent_eigen,diam,mean_path_length,deg_het_row,deg_het_col
erdos-renyi,Chicago_crimes_2016-01-12,crimes,9.000672,4.947825,4.758898,0.01958700994148352,0.03200582630170764,0.04752376168972733,8.94697330726692,9.090443214309143,6.914893617021276,5.247116356218942,3.626600500302901,11.000671808642442,6.9478249363995515,6.758897517981092,-2.947824936399567,0.7120988308086791,0.9583433341333973,-0.8581955981110923,0.28391005917159784,-0.008968611211600315,68.53426624010028,21.49097722060957,3076,19559,12390,40738,0.07702987019789177,0.16585413727253817,0.5941857493533547,4,2.645847632120796,1.1313704142011836,1.0268875739644971
