randomization,name,type,l1,l2,l3,ipr1,ipr2,ipr3,l1_cm,l1_er,l1_reg,l2_mp,l3_mp,l1_lap,l2_lap,l3_lap,alg_conn,clustering_c,clustering_r,deg_assort,Q,N.olap,N.temp,N.nodf,H2,H3,H4,H17,cent_between,cent_close,cent_eigen,diam,mean_path_length,deg_het_row,deg_het_col
erdos-renyi,Chicago_crimes_2016-09-18,crimes,10.517079,5.211112,4.928846,0.020896768270164578,0.03535307445069883,0.04212823022727451,10.460047373266937,10.3451092272751,8,5.44584691579912,3.773492495873553,12.517078619841666,7.211112442210332,6.92884553669173,-3.2111124422103487,0.8232863588828515,0.9945863894038312,-0.820384135873348,0.2550583882529775,-8.67510944724952e-4,63.56792498595718,26.338152523080797,4167,31898,20175,81505,0.07691149596264817,0.15514918107034834,0.6083919726430788,4,2.486208508648901,1.145681581685744,1.0434443288241415
