randomization,name,type,l1,l2,l3,ipr1,ipr2,ipr3,l1_cm,l1_er,l1_reg,l2_mp,l3_mp,l1_lap,l2_lap,l3_lap,alg_conn,clustering_c,clustering_r,deg_assort,Q,N.olap,N.temp,N.nodf,H2,H3,H4,H17,cent_between,cent_close,cent_eigen,diam,mean_path_length,deg_het_row,deg_het_col
erdos-renyi,Chicago_crimes_2016-06-19,crimes,10.826875,5.364376,5.073598,0.019356142354904207,0.0316954698161349,0.04409261404747399,10.793553461228836,10.89205644792674,8.27659574468085,5.610164068937517,3.895514800862684,12.826874873609327,7.364376448025881,7.073597923660041,-3.3643764480258627,0.8366253235386526,0.9994939208788496,-0.8756848931071275,0.2534810105669403,-0.005021205496922989,69.71300493575073,26.65869547444082,4640,35651,24399,106437,0.07135421541134974,0.1564109505855197,0.5777682437509309,4,2.441546556851979,1.105689230179552,1.0305245141123838
