randomization,name,type,l1,l2,l3,ipr1,ipr2,ipr3,l1_cm,l1_er,l1_reg,l2_mp,l3_mp,l1_lap,l2_lap,l3_lap,alg_conn,clustering_c,clustering_r,deg_assort,Q,N.olap,N.temp,N.nodf,H2,H3,H4,H17,cent_between,cent_close,cent_eigen,diam,mean_path_length,deg_het_row,deg_het_col
erdos-renyi,Chicago_crimes_2016-10-09,crimes,9.696931,5.222705,4.949308,0.019369195879760447,0.03664173515616497,0.03505219530830101,9.694419412054609,9.67521230895342,7.4042553191489375,5.343341586962093,3.6989258458315675,11.696930791347244,7.222704580798941,6.949308127084749,-3.222704580798953,0.7640831777065222,0.9890395866575488,-0.8415817701608983,0.28262485136742005,-8.183769400288202e-4,63.13003154232436,24.259405180200087,3595,25047,15970,58567,0.07739685481594155,0.18366050757338648,0.5755524185405244,4,2.577213452299245,1.1465021799445103,1.0376535869996035
