randomization,name,type,l1,l2,l3,ipr1,ipr2,ipr3,l1_cm,l1_er,l1_reg,l2_mp,l3_mp,l1_lap,l2_lap,l3_lap,alg_conn,clustering_c,clustering_r,deg_assort,Q,N.olap,N.temp,N.nodf,H2,H3,H4,H17,cent_between,cent_close,cent_eigen,diam,mean_path_length,deg_het_row,deg_het_col
erdos-renyi,Chicago_crimes_2016-01-26,crimes,10.480582,5.239957,4.870333,0.019591109314850214,0.03145030426243715,0.04221727196347926,10.433683851562227,10.32338130325145,7.91578947368421,5.4666264198682955,3.7949075215873402,12.480582443865615,7.2399571598888794,6.870332503233183,-3.2399571598888754,0.8143871184263232,0.996800473207324,-0.8514528936867752,0.25879923042100494,7.553031828541733e-4,62.003619617760634,26.529655295607295,4211,32143,20196,79906,0.06981950470357878,0.13863203784471564,0.5838294800994909,4,2.529003359462486,1.1567734268899956,1.0344330013580805
