randomization,name,type,l1,l2,l3,ipr1,ipr2,ipr3,l1_cm,l1_er,l1_reg,l2_mp,l3_mp,l1_lap,l2_lap,l3_lap,alg_conn,clustering_c,clustering_r,deg_assort,Q,N.olap,N.temp,N.nodf,H2,H3,H4,H17,cent_between,cent_close,cent_eigen,diam,mean_path_length,deg_het_row,deg_het_col
erdos-renyi,Chicago_crimes_2016-02-20,crimes,10.440122,5.50526,5.002927,0.019224303960607637,0.037111293305190585,0.04445454816277289,10.422005712334494,10.465091723574208,7.956989247311828,5.507359707854821,3.8144494545415375,12.44012211599121,7.505259899547524,7.002926871914571,-3.5052598995475,0.8101224830524331,0.994173385061367,-0.8852058866218624,0.26434623813002195,-0.004502951011816135,67.38964404936455,26.035047390823337,4211,31327,20822,84257,0.06051234588076333,0.14148573346466223,0.5419484884563053,4,2.490883590462833,1.1240613586559534,1.0305332359386412
