randomization,name,type,l1,l2,l3,ipr1,ipr2,ipr3,l1_cm,l1_er,l1_reg,l2_mp,l3_mp,l1_lap,l2_lap,l3_lap,alg_conn,clustering_c,clustering_r,deg_assort,Q,N.olap,N.temp,N.nodf,H2,H3,H4,H17,cent_between,cent_close,cent_eigen,diam,mean_path_length,deg_het_row,deg_het_col
erdos-renyi,Chicago_crimes_2016-05-12,crimes,9.776194,5.438948,5.087923,0.01802981385681301,0.033599019988706555,0.0540179308165211,9.776036699125493,9.836689668859544,7.698924731182796,5.3763263056091635,3.726208616267381,11.776194341528667,7.438947748922148,7.087922838344595,-3.438947748922153,0.783269515719672,0.9875838007935422,-0.855229307986953,0.2723697762242124,-0.005138699074677829,62.73703431489852,23.671160920673042,3670,26394,15694,54928,0.07108182709351321,0.1275549574467767,0.5404927581463094,4,2.536231884057971,1.1267906744483627,1.033706813145657
