randomization,name,type,l1,l2,l3,ipr1,ipr2,ipr3,l1_cm,l1_er,l1_reg,l2_mp,l3_mp,l1_lap,l2_lap,l3_lap,alg_conn,clustering_c,clustering_r,deg_assort,Q,N.olap,N.temp,N.nodf,H2,H3,H4,H17,cent_between,cent_close,cent_eigen,diam,mean_path_length,deg_het_row,deg_het_col
erdos-renyi,Chicago_crimes_2016-07-02,crimes,10.716219,5.611406,5.236383,0.018416190519239307,0.03424363740781335,0.029475317504269342,10.714871372992327,10.546289465149574,8.142857142857142,5.527876745280871,3.855137387711512,12.716218623615518,7.611406299156637,7.236383435290994,-3.6114062991566382,0.8154745338157529,0.9965121563281073,-0.8619057323069269,0.2598978649631601,-0.003189779962782811,62.570300348988766,26.21625068912096,4549,36143,21851,85572,0.05576882273827203,0.1745406119950895,0.5670935736370634,4,2.5314538186408586,1.1729323308270678,1.02799605530116
