randomization,name,type,l1,l2,l3,ipr1,ipr2,ipr3,l1_cm,l1_er,l1_reg,l2_mp,l3_mp,l1_lap,l2_lap,l3_lap,alg_conn,clustering_c,clustering_r,deg_assort,Q,N.olap,N.temp,N.nodf,H2,H3,H4,H17,cent_between,cent_close,cent_eigen,diam,mean_path_length,deg_het_row,deg_het_col
erdos-renyi,Chicago_crimes_2016-04-22,crimes,10.819428,5.380734,5.196957,0.01972934842382742,0.03258730651457985,0.041565171591672084,10.746480242704473,10.674981253543397,8.210526315789474,5.54157162867447,3.851797055011493,12.819428273512857,7.380734204625881,7.196956902349164,-3.3807342046258975,0.8261574913414771,0.9948096074985354,-0.8494625178806631,0.26172255095332003,-0.007137446224124603,68.98183131929203,26.384959268646295,4518,35730,22458,92087,0.06644695733454405,0.18009936091515696,0.5841792547859369,4,2.502127659574468,1.1452728468113085,1.03025641025641
