randomization,name,type,l1,l2,l3,ipr1,ipr2,ipr3,l1_cm,l1_er,l1_reg,l2_mp,l3_mp,l1_lap,l2_lap,l3_lap,alg_conn,clustering_c,clustering_r,deg_assort,Q,N.olap,N.temp,N.nodf,H2,H3,H4,H17,cent_between,cent_close,cent_eigen,diam,mean_path_length,deg_het_row,deg_het_col
erdos-renyi,Chicago_crimes_2016-01-01,crimes,12.424787,5.3653130000000004,5.095459,0.0181932720058828,0.0354533673822938,0.04320664157651738,12.41153883675575,12.213049415521679,9.551020408163266,5.810126528736293,4.070932499601086,14.424786661212398,7.365313392108272,7.095459097930021,-3.365313392108265,0.8973777050976616,0.9967655910926626,-0.8717526658555784,0.2209803491854771,-3.267603631505892e-4,68.05071215966933,29.976452272866766,6292,58877,35933,168224,0.06703481229311067,0.1695756273441305,0.5571937099711927,4,2.358931201346518,1.1457739791073125,1.0263532763532763
