randomization,name,type,l1,l2,l3,ipr1,ipr2,ipr3,l1_cm,l1_er,l1_reg,l2_mp,l3_mp,l1_lap,l2_lap,l3_lap,alg_conn,clustering_c,clustering_r,deg_assort,Q,N.olap,N.temp,N.nodf,H2,H3,H4,H17,cent_between,cent_close,cent_eigen,diam,mean_path_length,deg_het_row,deg_het_col
erdos-renyi,Chicago_crimes_2016-02-24,crimes,10.252224,5.510027,5.111534,0.021397418556063662,0.036038451096535605,0.03440001817649172,10.211671564361186,10.145318568956966,7.488888888888889,5.393535063638888,3.707079743982285,12.252224102258113,7.51002719318714,7.111533896002877,-3.510027193187117,0.8141786549863351,0.9921683537559937,-0.8898801511937265,0.27774304607771483,-0.006878117333823251,62.9002153721274,27.690075765255013,3815,27189,19117,78633,0.08807937124921816,0.1636301922200683,0.6075110665373038,5,2.5418227215980025,1.1595417763650293,1.0262483600278245
