randomization,name,type,l1,l2,l3,ipr1,ipr2,ipr3,l1_cm,l1_er,l1_reg,l2_mp,l3_mp,l1_lap,l2_lap,l3_lap,alg_conn,clustering_c,clustering_r,deg_assort,Q,N.olap,N.temp,N.nodf,H2,H3,H4,H17,cent_between,cent_close,cent_eigen,diam,mean_path_length,deg_het_row,deg_het_col
erdos-renyi,Chicago_crimes_2016-01-04,crimes,10.283581999999999,5.07134,4.974587,0.019141104919200517,0.03481966223362838,0.04647904961661841,10.257627274917155,10.051385036468217,7.851063829787234,5.376725166326077,3.729413717908315,12.283581653886083,7.071340077052875,6.974587103163975,-3.071340077052871,0.8027666476645902,0.9954313540427046,-0.8204604962457883,0.27074566138615314,-0.001515810347851446,61.74134819028953,25.84488629747272,3948,30463,17549,64052,0.08759944034158663,0.17961595897858368,0.5736060856122667,4,2.5518188057652713,1.1850089232599643,1.0329389472756516
