randomization,name,type,l1,l2,l3,ipr1,ipr2,ipr3,l1_cm,l1_er,l1_reg,l2_mp,l3_mp,l1_lap,l2_lap,l3_lap,alg_conn,clustering_c,clustering_r,deg_assort,Q,N.olap,N.temp,N.nodf,H2,H3,H4,H17,cent_between,cent_close,cent_eigen,diam,mean_path_length,deg_het_row,deg_het_col
erdos-renyi,Chicago_crimes_2016-02-05,crimes,10.23478,5.43431,5.120389,0.019530387276466832,0.03482884828879318,0.04588442833936445,10.178568704369257,10.292077981045388,7.747368421052632,5.513484897126663,3.8246733953617174,12.234779724104575,7.434309816188502,7.120389491852165,-3.4343098161885055,0.799561888101157,0.9955097394384013,-0.8902159651851835,0.2662526583175802,-0.009235796080233984,67.43331181327736,24.892993289062137,4110,29611,20031,80256,0.06878437020779629,0.1439411929582738,0.6258448505158296,4,2.528107502799552,1.1209239130434785,1.0237476370510399
