randomization,name,type,l1,l2,l3,ipr1,ipr2,ipr3,l1_cm,l1_er,l1_reg,l2_mp,l3_mp,l1_lap,l2_lap,l3_lap,alg_conn,clustering_c,clustering_r,deg_assort,Q,N.olap,N.temp,N.nodf,H2,H3,H4,H17,cent_between,cent_close,cent_eigen,diam,mean_path_length,deg_het_row,deg_het_col
erdos-renyi,Chicago_crimes_2016-03-26,crimes,10.349033,5.205897,4.990281,0.019948167961618173,0.036143171598996444,0.03589133300298338,10.280578309448503,10.061152576384927,7.73469387755102,5.421011333273241,3.77419087696053,12.34903293022438,7.205897011920366,6.990281388903926,-3.20589701192035,0.7897189335056346,0.991192700950913,-0.8159566759787056,0.2694913012301499,2.9077753229015696e-5,58.65240527272737,25.207841231287073,4143,31410,19385,74668,0.06429602525753911,0.1796971093730378,0.612623292051706,4,2.579423521986114,1.178298675169346,1.044089083200479
