randomization,name,type,l1,l2,l3,ipr1,ipr2,ipr3,l1_cm,l1_er,l1_reg,l2_mp,l3_mp,l1_lap,l2_lap,l3_lap,alg_conn,clustering_c,clustering_r,deg_assort,Q,N.olap,N.temp,N.nodf,H2,H3,H4,H17,cent_between,cent_close,cent_eigen,diam,mean_path_length,deg_het_row,deg_het_col
erdos-renyi,Chicago_crimes_2016-04-08,crimes,9.11577,5.080174,4.765852,0.019107152999749646,0.036305487119097486,0.04035380970057181,9.095517737137033,9.031372363731256,7.010309278350515,5.20908165651536,3.617009275508957,11.11576994257325,7.080173533757274,6.7658516931278045,-3.0801735337572724,0.7107359936575053,0.9711571635577432,-0.7991998654422044,0.2889792387543251,-7.877660151905016e-4,58.2592105010424,21.60491024435411,3203,21244,12715,41739,0.08319681441718035,0.174112610729648,0.5719819902482177,4,2.67053264604811,1.1612110726643599,1.0489273356401383
