randomization,name,type,l1,l2,l3,ipr1,ipr2,ipr3,l1_cm,l1_er,l1_reg,l2_mp,l3_mp,l1_lap,l2_lap,l3_lap,alg_conn,clustering_c,clustering_r,deg_assort,Q,N.olap,N.temp,N.nodf,H2,H3,H4,H17,cent_between,cent_close,cent_eigen,diam,mean_path_length,deg_het_row,deg_het_col
erdos-renyi,Chicago_crimes_2016-06-13,crimes,10.93738,5.682535,5.05204,0.019389930903088465,0.036672902652226474,0.045081048400503546,10.903253952172356,10.917737514060844,8.297872340425531,5.5959388911682675,3.884660159815664,12.937380466207403,7.682534629784853,7.052040285390797,-3.682534629784842,0.8460502797186564,0.9904002833864683,-0.871860382632517,0.2675936883629189,-0.0062316413208590845,64.38554002989669,26.855514938000834,4686,36601,24739,108048,0.07678021415514427,0.14920544863142188,0.5555385657718002,5,2.454815831617479,1.1209467455621303,1.0319526627218933
