randomization,name,type,l1,l2,l3,ipr1,ipr2,ipr3,l1_cm,l1_er,l1_reg,l2_mp,l3_mp,l1_lap,l2_lap,l3_lap,alg_conn,clustering_c,clustering_r,deg_assort,Q,N.olap,N.temp,N.nodf,H2,H3,H4,H17,cent_between,cent_close,cent_eigen,diam,mean_path_length,deg_het_row,deg_het_col
erdos-renyi,Chicago_crimes_2016-06-01,crimes,11.871931,5.372123,5.273277,0.017126324178318303,0.033078936244589706,0.03024417561317968,11.872209522504438,11.746800109239858,9.34020618556701,5.736907102685709,4.017075845959104,13.871930995078133,7.372122706122207,7.273276811762902,-3.372122706122222,0.8812861180328136,0.9969174196546963,-0.8549655684266428,0.23607639041172662,-9.431243545156416e-4,67.32884205432146,29.000198394561657,5716,51812,30056,130368,0.06083993899020528,0.1264807614217051,0.5207006662812388,4,2.3990549828178693,1.1348332675467447,1.0301351305254645
