randomization,name,type,l1,l2,l3,ipr1,ipr2,ipr3,l1_cm,l1_er,l1_reg,l2_mp,l3_mp,l1_lap,l2_lap,l3_lap,alg_conn,clustering_c,clustering_r,deg_assort,Q,N.olap,N.temp,N.nodf,H2,H3,H4,H17,cent_between,cent_close,cent_eigen,diam,mean_path_length,deg_het_row,deg_het_col
erdos-renyi,Chicago_crimes_2016-03-16,crimes,10.425964,5.350388,5.061482,0.018777493174924324,0.0336782304177359,0.0338288067651682,10.349642171605405,10.273523961440103,8.104166666666668,5.465891794811839,3.8075882919644615,12.425963987370098,7.350387976767958,7.061482059192536,-3.3503879767679527,0.7975159029167459,0.9814650927991824,-0.816873977165785,0.27150891151922063,-0.005381017888849828,64.69939265537433,24.436322348149652,4209,32932,18923,69694,0.06889573504141018,0.19403876522402666,0.5599859230867741,4,2.542324561403509,1.146707991620462,1.036452309990021
