randomization,name,type,l1,l2,l3,ipr1,ipr2,ipr3,l1_cm,l1_er,l1_reg,l2_mp,l3_mp,l1_lap,l2_lap,l3_lap,alg_conn,clustering_c,clustering_r,deg_assort,Q,N.olap,N.temp,N.nodf,H2,H3,H4,H17,cent_between,cent_close,cent_eigen,diam,mean_path_length,deg_het_row,deg_het_col
erdos-renyi,Chicago_crimes_2016-01-30,crimes,9.757042,5.40602,4.902881,0.018994701292655427,0.038306633215264306,0.03836826346349723,9.735539330379215,9.53863595684317,7.443298969072165,5.29889147829702,3.6843930885267797,11.757042469558115,7.406019839494112,6.902880525104831,-3.4060198394941006,0.7584065700192794,0.979558586401505,-0.7889495205812983,0.2880809692988851,0.002475549466079938,59.811457592738115,23.559919945269293,3651,26414,15532,54985,0.07724622407569805,0.1425962174012238,0.5740852774162339,4,2.625429553264605,1.1793801459473148,1.0495699081498762
