randomization,name,type,l1,l2,l3,ipr1,ipr2,ipr3,l1_cm,l1_er,l1_reg,l2_mp,l3_mp,l1_lap,l2_lap,l3_lap,alg_conn,clustering_c,clustering_r,deg_assort,Q,N.olap,N.temp,N.nodf,H2,H3,H4,H17,cent_between,cent_close,cent_eigen,diam,mean_path_length,deg_het_row,deg_het_col
erdos-renyi,Chicago_crimes_2016-09-16,crimes,10.78142,5.165075,5.099919,0.016711555719437353,0.030602193605500757,0.03458327844806239,10.754220445340072,10.774377466543259,8.565656565656566,5.612011732668928,3.9318601701456446,12.781419645173681,7.165074967281908,7.099918717020178,-3.1650749672818894,0.8205710864937342,0.9961227691123805,-0.8704667943954233,0.2497830633677464,-0.008699433137465446,68.13932982946562,24.648476789227985,4749,39140,21528,78449,0.05181153022410416,0.16578285313578986,0.5341481700976082,4,2.4992784992784993,1.1389173193307227,1.0167319330722675
