randomization,name,type,l1,l2,l3,ipr1,ipr2,ipr3,l1_cm,l1_er,l1_reg,l2_mp,l3_mp,l1_lap,l2_lap,l3_lap,alg_conn,clustering_c,clustering_r,deg_assort,Q,N.olap,N.temp,N.nodf,H2,H3,H4,H17,cent_between,cent_close,cent_eigen,diam,mean_path_length,deg_het_row,deg_het_col
erdos-renyi,Chicago_crimes_2016-09-28,crimes,9.979153,5.211646,4.844342,0.021394584939439593,0.04290088034971033,0.031071216664843526,9.892950546960593,9.73323042285195,7.319148936170212,5.3318117125392925,3.6845385883890964,11.979153472805871,7.21164640914998,6.84434201198199,-3.2116464091499464,0.7882711278394929,0.9914038013893216,-0.834066272573349,0.27039954029204927,-3.438207632385929e-4,59.18810154155668,25.200834575277035,3690,26012,17387,67609,0.07436559975311545,0.14124716115975486,0.6236152885167405,4,2.587051018073667,1.1681314223904815,1.047863710113575
