randomization,name,type,l1,l2,l3,ipr1,ipr2,ipr3,l1_cm,l1_er,l1_reg,l2_mp,l3_mp,l1_lap,l2_lap,l3_lap,alg_conn,clustering_c,clustering_r,deg_assort,Q,N.olap,N.temp,N.nodf,H2,H3,H4,H17,cent_between,cent_close,cent_eigen,diam,mean_path_length,deg_het_row,deg_het_col
erdos-renyi,Chicago_crimes_2016-12-10,crimes,9.449789,4.975335,4.833471,0.02019760029424889,0.03364339458562368,0.0428825608619045,9.450952954143615,9.51502242656495,7.032258064516129,5.3290428810247255,3.673501419728007,11.449789198324616,6.975334672785789,6.833470873713035,-2.9753346727857823,0.7434274911032028,0.9941840903628936,-0.8830072677524771,0.290070981679432,-0.003100430564950747,64.48355904536099,24.32361271641134,3396,21963,15647,59105,0.09093495216920346,0.1492652272101438,0.5728761152152826,4,2.5937353903693317,1.1398030468815756,1.0304127037566984
