randomization,name,type,l1,l2,l3,ipr1,ipr2,ipr3,l1_cm,l1_er,l1_reg,l2_mp,l3_mp,l1_lap,l2_lap,l3_lap,alg_conn,clustering_c,clustering_r,deg_assort,Q,N.olap,N.temp,N.nodf,H2,H3,H4,H17,cent_between,cent_close,cent_eigen,diam,mean_path_length,deg_het_row,deg_het_col
erdos-renyi,Chicago_crimes_2016-10-05,crimes,10.676464,5.154605,4.950634,0.018142968092862054,0.030447666192253774,0.032984485774917235,10.620144623143725,10.636077510219756,8.416666666666666,5.555589467352344,3.875708447930351,12.676463903925477,7.1546045917418395,6.9506341903813444,-3.15460459174179,0.8276835604352515,0.9940111078892779,-0.8309174777955077,0.2583754043721205,-0.003914233655509538,69.68220398179452,25.212966943373345,4520,36140,21139,81634,0.06426813852524461,0.15334801981660784,0.5860846256127556,4,2.476535087719298,1.1217282619351043,1.0343348691304775
