randomization,name,type,l1,l2,l3,ipr1,ipr2,ipr3,l1_cm,l1_er,l1_reg,l2_mp,l3_mp,l1_lap,l2_lap,l3_lap,alg_conn,clustering_c,clustering_r,deg_assort,Q,N.olap,N.temp,N.nodf,H2,H3,H4,H17,cent_between,cent_close,cent_eigen,diam,mean_path_length,deg_het_row,deg_het_col
erdos-renyi,Chicago_crimes_2016-07-13,crimes,10.086767,4.963755,4.8202,0.018781081216446345,0.0408484274514549,0.0431444388169433,10.036617159383907,9.896895318619112,7.810526315789474,5.365377246334124,3.7287111319002593,12.086766619311982,6.963755087738343,6.820200442995749,-2.963755087738331,0.7933173526401376,0.9976388417599819,-0.8206030972780638,0.27473645207459985,-0.00447765263318793,63.64435303856563,23.930217769993064,3836,29346,16133,54598,0.0570311148671424,0.18894722443851503,0.505698535173692,4,2.5634938409854424,1.1764517839887825,1.0301799609128095
