randomization,name,type,l1,l2,l3,ipr1,ipr2,ipr3,l1_cm,l1_er,l1_reg,l2_mp,l3_mp,l1_lap,l2_lap,l3_lap,alg_conn,clustering_c,clustering_r,deg_assort,Q,N.olap,N.temp,N.nodf,H2,H3,H4,H17,cent_between,cent_close,cent_eigen,diam,mean_path_length,deg_het_row,deg_het_col
erdos-renyi,Chicago_crimes_2016-07-01,crimes,11.357524,5.373685,5.302189,0.01612995776434385,0.029665793315916508,0.03148657461241933,11.343591620167377,11.398056706712742,9.168316831683168,5.754275897494941,4.050716291486615,13.357523930037187,7.373685451794848,7.302188974591642,-3.373685451794895,0.8525556074185445,0.994428651779335,-0.8520513092379585,0.24674276597828967,-0.004124839979050152,68.48334838373879,25.24347659122063,5513,47975,26956,108295,0.055614895695767184,0.14039305634987131,0.5555291400781898,4,2.4312871287128712,1.1079027284728669,1.0294165667610522
