randomization,name,type,l1,l2,l3,ipr1,ipr2,ipr3,l1_cm,l1_er,l1_reg,l2_mp,l3_mp,l1_lap,l2_lap,l3_lap,alg_conn,clustering_c,clustering_r,deg_assort,Q,N.olap,N.temp,N.nodf,H2,H3,H4,H17,cent_between,cent_close,cent_eigen,diam,mean_path_length,deg_het_row,deg_het_col
erdos-renyi,Chicago_crimes_2016-01-17,crimes,8.719346,4.943099,4.645771,0.020695821477837023,0.03463518644138285,0.029812103048427466,8.630908848640445,8.753843428879234,6.774193548387097,5.146877734490362,3.5539153164147086,10.719345559896828,6.943098931324684,6.645770965709985,-2.9430989313246716,0.6978790688433392,0.9377603308261664,-0.794627259847502,0.2988158226253461,-0.002528183350910453,61.90749483971124,20.337125554512088,2821,17561,10712,34276,0.10927849429998579,0.15229211642503,0.6397131086989559,5,2.6830294530154277,1.1255530360292265,1.041854371378181
