randomization,name,type,l1,l2,l3,ipr1,ipr2,ipr3,l1_cm,l1_er,l1_reg,l2_mp,l3_mp,l1_lap,l2_lap,l3_lap,alg_conn,clustering_c,clustering_r,deg_assort,Q,N.olap,N.temp,N.nodf,H2,H3,H4,H17,cent_between,cent_close,cent_eigen,diam,mean_path_length,deg_het_row,deg_het_col
erdos-renyi,Chicago_crimes_2016-12-17,crimes,9.023398,4.871277,4.707746,0.0213116067158413,0.05610457397571965,0.04431451040105466,9.000458584399638,9.036198048472142,6.673913043478261,5.208293855414036,3.58003787793503,11.02339841372248,6.871277227610472,6.707745947217405,-2.8712772276104834,0.7290732307352098,0.9854133900761711,-0.8412128122027238,0.2941463569905252,0.004230787813719471,60.964484478787774,22.601192225751305,3039,18403,13643,50970,0.08183407199903853,0.15841427028084437,0.5867401895383726,5,2.6290014333492593,1.1300597353818076,1.0549395749557025
