randomization,name,type,l1,l2,l3,ipr1,ipr2,ipr3,l1_cm,l1_er,l1_reg,l2_mp,l3_mp,l1_lap,l2_lap,l3_lap,alg_conn,clustering_c,clustering_r,deg_assort,Q,N.olap,N.temp,N.nodf,H2,H3,H4,H17,cent_between,cent_close,cent_eigen,diam,mean_path_length,deg_het_row,deg_het_col
erdos-renyi,Chicago_crimes_2016-06-12,crimes,10.35542,5.215674,5.062607,0.018164024793335752,0.034242402050057776,0.032693947220211274,10.330622949629111,10.20109376504371,7.979591836734693,5.462557119245879,3.8107115090947516,12.355420020638455,7.215674326656459,7.062607062940695,-3.215674326656469,0.8060519970842757,0.9790936785986291,-0.8254789935364724,0.2712894342658667,-0.0023402194084908724,59.733323188486025,24.641784106435928,4239,32787,19224,71866,0.06935587945850077,0.15698614642481842,0.5780216168659206,4,2.5510204081632653,1.1611972710801213,1.0370091770723635
