randomization,name,type,l1,l2,l3,ipr1,ipr2,ipr3,l1_cm,l1_er,l1_reg,l2_mp,l3_mp,l1_lap,l2_lap,l3_lap,alg_conn,clustering_c,clustering_r,deg_assort,Q,N.olap,N.temp,N.nodf,H2,H3,H4,H17,cent_between,cent_close,cent_eigen,diam,mean_path_length,deg_het_row,deg_het_col
erdos-renyi,Chicago_crimes_2016-06-15,crimes,10.45169,5.282858,4.955025,0.017254101296614612,0.026637492792104873,0.044691034485646014,10.462903331406924,10.389067059388067,8.357894736842105,5.473642710906094,3.8152678130990694,12.451690165796917,7.282858274035472,6.955024855082298,-3.2828582740354686,0.8189166596083948,0.9915403434163295,-0.8162667406071397,0.2705112017714721,5.730316514695658e-4,63.25159795428641,25.047123608822496,4277,34339,18727,67037,0.06256496597270986,0.18565986123795575,0.5040692943709003,4,2.4994400895856663,1.1401696603620353,1.038062547189564
