randomization,name,type,l1,l2,l3,ipr1,ipr2,ipr3,l1_cm,l1_er,l1_reg,l2_mp,l3_mp,l1_lap,l2_lap,l3_lap,alg_conn,clustering_c,clustering_r,deg_assort,Q,N.olap,N.temp,N.nodf,H2,H3,H4,H17,cent_between,cent_close,cent_eigen,diam,mean_path_length,deg_het_row,deg_het_col
erdos-renyi,Chicago_crimes_2016-11-17,crimes,11.240163,5.375406,5.089119,0.019198543253998362,0.03537814394163571,0.05308271619000514,11.221171495717387,11.211385853605405,8.505263157894737,5.654408308837515,3.9320517036736335,13.240162600896463,7.375405772990325,7.089118962755898,-3.3754057729903497,0.8584913335062057,0.999813033633172,-0.8805777077224852,0.2478249681403785,-0.0023648209664879883,69.84241924805433,28.100256889873013,5020,40385,27444,123820,0.06546335262129556,0.15843128802917963,0.5575618733189756,4,2.4188129899216126,1.123970689148123,1.0295559258896188
