randomization,name,type,l1,l2,l3,ipr1,ipr2,ipr3,l1_cm,l1_er,l1_reg,l2_mp,l3_mp,l1_lap,l2_lap,l3_lap,alg_conn,clustering_c,clustering_r,deg_assort,Q,N.olap,N.temp,N.nodf,H2,H3,H4,H17,cent_between,cent_close,cent_eigen,diam,mean_path_length,deg_het_row,deg_het_col
erdos-renyi,Chicago_crimes_2016-05-28,crimes,10.255689,5.359833,4.998339,0.017469286939748484,0.04077745792908136,0.037022383920986786,10.24514348953555,10.18993007388101,7.9393939393939394,5.485616674129105,3.8309653206798266,12.255689253492656,7.359832738526136,6.998339193461397,-3.359832738526133,0.7896494600940751,0.988335505615019,-0.857714490477084,0.2780464748881507,-0.0016962278600271264,60.11441573974299,24.01120928582743,4240,32266,19073,70150,0.06389611032690064,0.1711463434423378,0.5750074647901932,4,2.5631828488971347,1.1519401226294763,1.031246560353256
