randomization,name,type,l1,l2,l3,ipr1,ipr2,ipr3,l1_cm,l1_er,l1_reg,l2_mp,l3_mp,l1_lap,l2_lap,l3_lap,alg_conn,clustering_c,clustering_r,deg_assort,Q,N.olap,N.temp,N.nodf,H2,H3,H4,H17,cent_between,cent_close,cent_eigen,diam,mean_path_length,deg_het_row,deg_het_col
erdos-renyi,Chicago_crimes_2016-09-22,crimes,10.21079,5.315372,5.15123,0.017464627771381105,0.037971619308599866,0.027365595389421814,10.162153663894657,10.29662635838072,8.061224489795919,5.533694857799129,3.8646710960903072,12.21078999389195,7.31537239571183,7.151229670418401,-3.3153723957118366,0.7997795362685567,0.9788197627485052,-0.8435249229059029,0.26122736740906904,-0.004675435326926301,68.90548149118868,23.080612426945518,4267,31894,19554,74362,0.07597980508927411,0.14665451703313076,0.5679696510507154,4,2.511466442247002,1.1012658227848102,1.0367505207498797
