randomization,name,type,l1,l2,l3,ipr1,ipr2,ipr3,l1_cm,l1_er,l1_reg,l2_mp,l3_mp,l1_lap,l2_lap,l3_lap,alg_conn,clustering_c,clustering_r,deg_assort,Q,N.olap,N.temp,N.nodf,H2,H3,H4,H17,cent_between,cent_close,cent_eigen,diam,mean_path_length,deg_het_row,deg_het_col
erdos-renyi,Chicago_crimes_2016-10-20,crimes,10.896989,5.597336,5.35414,0.019376020670985313,0.04266325578960884,0.03568874379189486,10.895432950721759,10.90535426676263,8.25263157894737,5.6054392146103424,3.894651403072874,12.896989278658252,7.597335813558468,7.354140385467027,-3.597335813558482,0.8357702675646423,0.9993057218099114,-0.8732624233705657,0.25696975218658913,-1.171563174589485e-4,64.85879847783264,27.541239588105242,4726,36530,25222,112004,0.07782191574036422,0.16978061507836265,0.6161022795798462,4,2.450615901455767,1.1216029779258643,1.0331632653061222
