randomization,name,type,l1,l2,l3,ipr1,ipr2,ipr3,l1_cm,l1_er,l1_reg,l2_mp,l3_mp,l1_lap,l2_lap,l3_lap,alg_conn,clustering_c,clustering_r,deg_assort,Q,N.olap,N.temp,N.nodf,H2,H3,H4,H17,cent_between,cent_close,cent_eigen,diam,mean_path_length,deg_het_row,deg_het_col
erdos-renyi,Chicago_crimes_2016-03-01,crimes,10.715978,5.439046,5.135821,0.01775738703813137,0.03988818608078873,0.025992390427899425,10.656389682099297,10.634325750607653,8.444444444444445,5.576358850902606,3.904697173407303,12.715978201053534,7.439045706390679,7.135821064037076,-3.4390457063906723,0.8126442275733048,0.9857348133030676,-0.8277649186652187,0.2712907213662683,-0.0053877325428902485,66.81137397229257,24.57896795683067,4658,37778,21439,80999,0.06511010339466626,0.14201912642159814,0.5921672491448239,5,2.5120593692022264,1.134074311485543,1.0315697900689085
