randomization,name,type,l1,l2,l3,ipr1,ipr2,ipr3,l1_cm,l1_er,l1_reg,l2_mp,l3_mp,l1_lap,l2_lap,l3_lap,alg_conn,clustering_c,clustering_r,deg_assort,Q,N.olap,N.temp,N.nodf,H2,H3,H4,H17,cent_between,cent_close,cent_eigen,diam,mean_path_length,deg_het_row,deg_het_col
erdos-renyi,Chicago_crimes_2016-03-03,crimes,9.434679,5.047468,4.780297,0.021320394510134687,0.033505536215226256,0.034193205859683135,9.335914790083445,9.344952439882322,7.127659574468085,5.277968609393468,3.6497534435947223,11.434678886255885,7.047467956028675,6.7802966778476925,-3.0474679560286813,0.7497774643653977,0.9771866526230868,-0.8090865839754156,0.28664736021385634,-8.313166734258438e-4,62.29681646535296,23.030001491831978,3338,22275,14500,52847,0.08907257040049894,0.14010812693807084,0.6501448794273191,5,2.62434225577671,1.1363867231009133,1.0477077300066828
