randomization,name,type,l1,l2,l3,ipr1,ipr2,ipr3,l1_cm,l1_er,l1_reg,l2_mp,l3_mp,l1_lap,l2_lap,l3_lap,alg_conn,clustering_c,clustering_r,deg_assort,Q,N.olap,N.temp,N.nodf,H2,H3,H4,H17,cent_between,cent_close,cent_eigen,diam,mean_path_length,deg_het_row,deg_het_col
erdos-renyi,Chicago_crimes_2016-05-25,crimes,10.661835,5.266615,5.118552,0.02122535057175091,0.04345180835544294,0.040622935373167836,10.593311100970086,10.549068672199754,7.977777777777778,5.468307658647703,3.770211567515865,12.661835404156397,7.2666149658859585,7.1185523739855645,-3.266614965885981,0.8364921453295573,0.9944654123479044,-0.8610973561725174,0.260216789131059,-0.003909682602655925,68.24888003661194,27.81770544527163,4173,31679,21292,89723,0.0755135797975809,0.19149332116070503,0.5780313486180462,4,2.4696629213483146,1.1387015929423268,1.031517446326456
