randomization,name,type,l1,l2,l3,ipr1,ipr2,ipr3,l1_cm,l1_er,l1_reg,l2_mp,l3_mp,l1_lap,l2_lap,l3_lap,alg_conn,clustering_c,clustering_r,deg_assort,Q,N.olap,N.temp,N.nodf,H2,H3,H4,H17,cent_between,cent_close,cent_eigen,diam,mean_path_length,deg_het_row,deg_het_col
erdos-renyi,Chicago_crimes_2016-05-02,crimes,10.790755,5.329535,4.929105,0.01870733822150332,0.03447633174377071,0.03733310262794313,10.775591922202155,10.77772742058053,8.147368421052631,5.580741649621152,3.875824193213223,12.790755218037203,7.329534735571201,6.929104719446826,-3.329534735571203,0.8382788819325948,0.9957942012083918,-0.8923316211781156,0.25120685856218544,-0.005006264862293374,62.3703226437391,26.789516914832408,4594,35273,23842,102037,0.08185429228805426,0.10796658557394716,0.5629134463414435,5,2.476147816349384,1.1302405704785368,1.0289178668482795
