randomization,name,type,l1,l2,l3,ipr1,ipr2,ipr3,l1_cm,l1_er,l1_reg,l2_mp,l3_mp,l1_lap,l2_lap,l3_lap,alg_conn,clustering_c,clustering_r,deg_assort,Q,N.olap,N.temp,N.nodf,H2,H3,H4,H17,cent_between,cent_close,cent_eigen,diam,mean_path_length,deg_het_row,deg_het_col
erdos-renyi,Chicago_crimes_2016-10-17,crimes,10.308653,5.273748,5.187353,0.017364292793034235,0.035835311458431766,0.04257094568714929,10.322519670441714,10.45309227520487,8.22680412371134,5.55376903177613,3.877138893126067,12.308653368799114,7.2737477571195654,7.187352839563294,-3.2737477571195464,0.8036033687442521,0.9834217592652649,-0.8420838427202686,0.2625234766113276,-3.1927409180793553e-4,68.33128471191723,23.523040907965004,4376,33147,20416,79745,0.07235053793297731,0.1277513474756004,0.5765079524180792,4,2.481529209621993,1.096513212856703,1.0388942280513314
