randomization,name,type,l1,l2,l3,ipr1,ipr2,ipr3,l1_cm,l1_er,l1_reg,l2_mp,l3_mp,l1_lap,l2_lap,l3_lap,alg_conn,clustering_c,clustering_r,deg_assort,Q,N.olap,N.temp,N.nodf,H2,H3,H4,H17,cent_between,cent_close,cent_eigen,diam,mean_path_length,deg_het_row,deg_het_col
erdos-renyi,Chicago_crimes_2016-01-07,crimes,10.260729,5.334883,4.984354,0.01865647234688861,0.03851502305997429,0.02932006456340231,10.255794813969718,10.133993522143621,7.795918367346939,5.455699933262499,3.800421863708591,12.26072854661142,7.3348829272578815,6.984354047006582,-3.334882927257886,0.7890299100154986,0.9926210030433151,-0.8380966881474556,0.2660631561634825,-0.0034457351657925578,64.08273188836478,24.785572823377937,4164,31297,19347,74329,0.08197903087404419,0.1654716333765256,0.5931523949534433,5,2.56217126025668,1.1666346865491626,1.033030892793509
