randomization,name,type,l1,l2,l3,ipr1,ipr2,ipr3,l1_cm,l1_er,l1_reg,l2_mp,l3_mp,l1_lap,l2_lap,l3_lap,alg_conn,clustering_c,clustering_r,deg_assort,Q,N.olap,N.temp,N.nodf,H2,H3,H4,H17,cent_between,cent_close,cent_eigen,diam,mean_path_length,deg_het_row,deg_het_col
erdos-renyi,Chicago_crimes_2016-08-30,crimes,10.767682,5.588811,4.999467,0.01872347347061278,0.042782599515598416,0.040929052522810476,10.755256785424692,10.669440291195205,8.3125,5.545355229607236,3.8628690647588755,12.767681545260178,7.588810575305992,6.999466752650692,-3.5888105753060096,0.8179072418853972,0.9941824552734134,-0.8481096142328355,0.26184508891275815,-0.002012216184432417,63.95899497032352,26.084907532778782,4573,36452,22219,88626,0.07146672798656507,0.19330794680141788,0.5817611844259198,4,2.489912280701754,1.1439249753456322,1.03407641911797
