randomization,name,type,l1,l2,l3,ipr1,ipr2,ipr3,l1_cm,l1_er,l1_reg,l2_mp,l3_mp,l1_lap,l2_lap,l3_lap,alg_conn,clustering_c,clustering_r,deg_assort,Q,N.olap,N.temp,N.nodf,H2,H3,H4,H17,cent_between,cent_close,cent_eigen,diam,mean_path_length,deg_het_row,deg_het_col
erdos-renyi,Chicago_crimes_2016-03-27,crimes,10.515078,5.486767,4.999776,0.021360064107092458,0.05895372470669651,0.037494495067254545,10.485481408735694,10.514627818148334,7.717391304347826,5.509502002410827,3.800558516356115,12.515077830049751,7.486767354012321,6.999776118837398,-3.486767354012335,0.8198417084641133,0.9874617737003059,-0.8798547134427033,0.25832176155524644,-0.0023049147653253395,69.12013879518544,27.541521575485106,4223,30190,22932,103099,0.08565901688170852,0.1858463599725462,0.5914946181668342,4,2.466316292403249,1.1232850624876016,1.0345090259869076
