randomization,name,type,l1,l2,l3,ipr1,ipr2,ipr3,l1_cm,l1_er,l1_reg,l2_mp,l3_mp,l1_lap,l2_lap,l3_lap,alg_conn,clustering_c,clustering_r,deg_assort,Q,N.olap,N.temp,N.nodf,H2,H3,H4,H17,cent_between,cent_close,cent_eigen,diam,mean_path_length,deg_het_row,deg_het_col
erdos-renyi,Chicago_crimes_2016-08-08,crimes,11.296122,5.159023,4.967091,0.01903312235465993,0.03585710344125377,0.034948389205204586,11.264557006477757,11.268024320355442,8.74468085106383,5.650977354423425,3.932466760632913,13.296122048153117,7.159023373637073,6.967090788383059,-3.1590233736371,0.8707126415825338,0.999980680248452,-0.8527427730385013,0.23378975971016033,0.002427965314151826,67.35963484672087,27.73532838709001,5043,41604,26870,119578,0.07221671108051372,0.1565511701858978,0.5679273189805809,4,2.3969343399679706,1.1110696716216457,1.0364430710213648
