randomization,name,type,l1,l2,l3,ipr1,ipr2,ipr3,l1_cm,l1_er,l1_reg,l2_mp,l3_mp,l1_lap,l2_lap,l3_lap,alg_conn,clustering_c,clustering_r,deg_assort,Q,N.olap,N.temp,N.nodf,H2,H3,H4,H17,cent_between,cent_close,cent_eigen,diam,mean_path_length,deg_het_row,deg_het_col
erdos-renyi,Chicago_crimes_2016-04-29,crimes,10.049062,4.990873,4.707693,0.019129494067490083,0.039014395488899775,0.03600123460509464,10.03784505426007,9.768379382820696,7.578947368421052,5.317218765283627,3.687449497018579,12.049061597749413,6.990873369117786,6.707692610030713,-2.990873369117776,0.7911022950105309,0.9882696174020831,-0.8217553354953188,0.2739351851851848,-0.0015001655331169695,56.65647344948555,25.31454042184374,3761,28232,16330,58225,0.08191800718788791,0.165495640510073,0.5862026727699179,4,2.6038073908174693,1.2054012345679013,1.0358333333333334
