randomization,name,type,l1,l2,l3,ipr1,ipr2,ipr3,l1_cm,l1_er,l1_reg,l2_mp,l3_mp,l1_lap,l2_lap,l3_lap,alg_conn,clustering_c,clustering_r,deg_assort,Q,N.olap,N.temp,N.nodf,H2,H3,H4,H17,cent_between,cent_close,cent_eigen,diam,mean_path_length,deg_het_row,deg_het_col
erdos-renyi,Chicago_crimes_2016-05-09,crimes,10.66345,5.58899,5.077025,0.01891647783875924,0.035975440139988824,0.03945790061453625,10.64014071422403,10.5272111023426,8.02061855670103,5.528847495613124,3.847660429772043,12.663450358789227,7.588990315552037,7.07702505551405,-3.588990315552033,0.8230099177867676,0.9965527040885671,-0.8677837829670778,0.27045816509275017,-0.004326877812698578,62.60915572413409,26.417217492328543,4473,34602,22119,90125,0.07142075681294116,0.14807348675798646,0.5700355286084348,6,2.5262027491408934,1.1606849016329526,1.0287600531320833
