randomization,name,type,l1,l2,l3,ipr1,ipr2,ipr3,l1_cm,l1_er,l1_reg,l2_mp,l3_mp,l1_lap,l2_lap,l3_lap,alg_conn,clustering_c,clustering_r,deg_assort,Q,N.olap,N.temp,N.nodf,H2,H3,H4,H17,cent_between,cent_close,cent_eigen,diam,mean_path_length,deg_het_row,deg_het_col
erdos-renyi,Chicago_crimes_2016-12-06,crimes,9.531296,5.290178,5.1101,0.01804651232878597,0.031587347024502103,0.041065032077577474,9.507459044348144,9.45740931690781,7.431578947368421,5.288816052704732,3.671052581731244,11.531295875833916,7.290178464762575,7.110099841194132,-3.290178464762574,0.7549235226662087,0.9590310070395354,-0.8186591089985347,0.2862875073229061,-0.0034076314581844612,59.12754619603829,23.083378657254148,3462,24600,13972,46177,0.0673468354093749,0.14863501001814708,0.5563575100770158,5,2.619484882418813,1.1561925703600864,1.0389859480454862
