randomization,name,type,l1,l2,l3,ipr1,ipr2,ipr3,l1_cm,l1_er,l1_reg,l2_mp,l3_mp,l1_lap,l2_lap,l3_lap,alg_conn,clustering_c,clustering_r,deg_assort,Q,N.olap,N.temp,N.nodf,H2,H3,H4,H17,cent_between,cent_close,cent_eigen,diam,mean_path_length,deg_het_row,deg_het_col
erdos-renyi,Chicago_crimes_2016-07-28,crimes,11.33162,5.376945,5.129651,0.018950875248782032,0.039764729269563474,0.034189135757648134,11.322934113942873,11.386237901294372,8.76086956521739,5.6602886869235105,3.9283221845140517,13.331619508733313,7.376945054919016,7.129650896289132,-3.3769450549190125,0.8785307757166948,0.9997215371151245,-0.8852535439063834,0.23922935305309434,-0.002028461045714686,67.36224119283976,28.659816113545308,5022,41109,27272,122647,0.0690839652839195,0.14063047480366397,0.5647420278475224,4,2.3655040611562352,1.104323036284935,1.0293764508124552
