randomization,name,type,l1,l2,l3,ipr1,ipr2,ipr3,l1_cm,l1_er,l1_reg,l2_mp,l3_mp,l1_lap,l2_lap,l3_lap,alg_conn,clustering_c,clustering_r,deg_assort,Q,N.olap,N.temp,N.nodf,H2,H3,H4,H17,cent_between,cent_close,cent_eigen,diam,mean_path_length,deg_het_row,deg_het_col
erdos-renyi,Chicago_crimes_2016-01-06,crimes,9.241874,5.016093,4.733304,0.019053317817334738,0.0309756014767027,0.031043478863450154,9.192344332236164,9.252490358666286,7.170212765957447,5.260504527881698,3.6419297973936304,11.24187384274381,7.016092623335842,6.7333039746082015,-3.0160926233358363,0.7299135718334617,0.9858955025281646,-0.839972751660807,0.28704135811709197,-0.010739572583911675,66.05271329679445,21.70301659186225,3218,21680,12761,41261,0.0910484460430035,0.19419664333205094,0.5639531905744609,4,2.628231525966598,1.1481302115894303,1.0264949061803836
