randomization,name,type,l1,l2,l3,ipr1,ipr2,ipr3,l1_cm,l1_er,l1_reg,l2_mp,l3_mp,l1_lap,l2_lap,l3_lap,alg_conn,clustering_c,clustering_r,deg_assort,Q,N.olap,N.temp,N.nodf,H2,H3,H4,H17,cent_between,cent_close,cent_eigen,diam,mean_path_length,deg_het_row,deg_het_col
erdos-renyi,Chicago_crimes_2016-05-08,crimes,10.76451,5.226796,5.113263,0.020537159650767117,0.034920308295988786,0.031057099442019558,10.669735463752389,10.384534138432748,8,5.428264635054299,3.763037357918166,12.764510345647416,7.22679623869922,7.1132630845903915,-3.226796238699227,0.8271839556840467,0.9943658217418698,-0.811106720094787,0.27122708239022175,-0.002426372678282186,60.41672364934207,27.447274457103696,4279,34040,20829,84129,0.07247683390529705,0.16151282968548844,0.5906120423858209,4,2.5460992907801416,1.1845150520597554,1.0421570846536892
