randomization,name,type,l1,l2,l3,ipr1,ipr2,ipr3,l1_cm,l1_er,l1_reg,l2_mp,l3_mp,l1_lap,l2_lap,l3_lap,alg_conn,clustering_c,clustering_r,deg_assort,Q,N.olap,N.temp,N.nodf,H2,H3,H4,H17,cent_between,cent_close,cent_eigen,diam,mean_path_length,deg_het_row,deg_het_col
erdos-renyi,Denver_crimes_2016-08-26,crimes,4.097306,3.527744,3.27985,0.040612085393997556,0.03834363130874415,0.042921058203908416,3.883314384935232,3.8379752485841414,3.1531531531531534,3.4185236562317254,2.4023163093083597,6.097305853644996,5.527744322425537,5.279849810769587,-1.5277443224255445,0.20347826086956522,0.2031055900621118,-0.1334450027917359,0.5715265306122435,-0.0016650295167720752,16.22667520175477,6.2158235575957095,510,1418,496,383,0.1555844296468678,0.148501736125435,0.8127764204549569,9,4.3164619164619165,1.2322285714285715,1.2084244897959184
