randomization,name,type,l1,l2,l3,ipr1,ipr2,ipr3,l1_cm,l1_er,l1_reg,l2_mp,l3_mp,l1_lap,l2_lap,l3_lap,alg_conn,clustering_c,clustering_r,deg_assort,Q,N.olap,N.temp,N.nodf,H2,H3,H4,H17,cent_between,cent_close,cent_eigen,diam,mean_path_length,deg_het_row,deg_het_col
erdos-renyi,Denver_crimes_2016-03-23,crimes,3.244506,2.636939,2.463564,0.09221157165113111,0.04473715426179357,0.05333441931752697,3.0143830530162252,2.937892220502627,2.3859649122807016,2.8758424731559886,1.821816704957697,5.244506195636934,4.636939163460596,4.463564295053968,-0.6369391634606136,0.18181818181818182,0.1388888888888889,-0.18197620002674167,0.6321366782006912,-0.008368559222457843,15.742810283732783,8.280187074829932,137,256,83,32,0.32523723435655255,0.18260558935982552,0.8337813713960458,11,4.852130325814536,1.2595155709342563,1.266868512110727
