randomization,name,type,l1,l2,l3,ipr1,ipr2,ipr3,l1_cm,l1_er,l1_reg,l2_mp,l3_mp,l1_lap,l2_lap,l3_lap,alg_conn,clustering_c,clustering_r,deg_assort,Q,N.olap,N.temp,N.nodf,H2,H3,H4,H17,cent_between,cent_close,cent_eigen,diam,mean_path_length,deg_het_row,deg_het_col
erdos-renyi,Denver_crimes_2016-02-22,crimes,3.909027,3.262802,3.157022,0.028495841418149388,0.05252356084477713,0.03550731852042443,3.7492882741096016,3.7635151717766413,3.0784313725490198,3.3797748952041076,2.3474197769314125,5.909026853729336,5.26280222861048,5.1570221438128785,-1.2628022286104705,0.13987591652566272,0.18403041825095057,-0.0990751998820972,0.5475272830540788,-0.00533866482807178,18.31513820907131,6.396965059933691,435,1171,372,213,0.12282801370858355,0.12571993866674575,0.699579695278453,9,4.230052417006407,1.266217696458274,1.1426427035579538
