randomization,name,type,l1,l2,l3,ipr1,ipr2,ipr3,l1_cm,l1_er,l1_reg,l2_mp,l3_mp,l1_lap,l2_lap,l3_lap,alg_conn,clustering_c,clustering_r,deg_assort,Q,N.olap,N.temp,N.nodf,H2,H3,H4,H17,cent_between,cent_close,cent_eigen,diam,mean_path_length,deg_het_row,deg_het_col
erdos-renyi,Denver_crimes_2016-03-05,crimes,3.807711,3.241465,3.080422,0.03305175811985601,0.05406800096580658,0.052225756177208836,3.6619447452952802,3.5952204908824026,2.9583333333333335,3.2756406840482137,2.25738437704468,5.807710815229214,5.241464876132457,5.0804220954529615,-1.2414648761324436,0.13452188006482982,0.15676567656765678,-0.08490349264705853,0.5574290815314411,-0.0031491235310647913,17.099712183700348,6.215023177412557,378,975,332,231,0.1812235828156184,0.15978829600521444,0.7607407351091106,9,4.269298245614035,1.2943860345169609,1.1817099781789326
