randomization,name,type,l1,l2,l3,ipr1,ipr2,ipr3,l1_cm,l1_er,l1_reg,l2_mp,l3_mp,l1_lap,l2_lap,l3_lap,alg_conn,clustering_c,clustering_r,deg_assort,Q,N.olap,N.temp,N.nodf,H2,H3,H4,H17,cent_between,cent_close,cent_eigen,diam,mean_path_length,deg_het_row,deg_het_col
erdos-renyi,Denver_crimes_2016-11-19,crimes,3.247172,2.855154,2.824419,0.035775302923990976,0.03477941231599678,0.05804558403365295,3.0905067962405335,3.125211281758545,2.5319148936170217,3.060347689925632,2.0986127334870193,5.247171973034878,4.855153523241788,4.824418681282064,-0.8551535232417959,0.07722007722007722,0.08932461873638345,-0.1372520770302072,0.6338535414165656,-0.008054153785841367,12.986922414060803,4.901285583103765,249,497,149,53,0.13746779448092727,0.13447318347937018,0.7187509401089184,11,5.176618622740792,1.2785114045618244,1.1569098227526304
