randomization,name,type,l1,l2,l3,ipr1,ipr2,ipr3,l1_cm,l1_er,l1_reg,l2_mp,l3_mp,l1_lap,l2_lap,l3_lap,alg_conn,clustering_c,clustering_r,deg_assort,Q,N.olap,N.temp,N.nodf,H2,H3,H4,H17,cent_between,cent_close,cent_eigen,diam,mean_path_length,deg_het_row,deg_het_col
erdos-renyi,Denver_crimes_2016-06-05,crimes,3.743835,3.26169,2.993185,0.028630009365063016,0.05301580699067854,0.05159475169612018,3.486448829939568,3.564009266187999,2.9158878504672896,3.2925405538417487,2.301609161362479,5.743834732104296,5.261689686390669,4.993185254165277,-1.2616896863906504,0.146795827123696,0.17461832061068702,-0.054347826086956305,0.5705950032873108,-0.01054216264646715,17.108471721190533,4.766349653633909,390,960,287,141,0.10329634814458809,0.10777009733813105,0.7083259306927373,11,4.805501675189561,1.2073471400394478,1.1715976331360947
