randomization,name,type,l1,l2,l3,ipr1,ipr2,ipr3,l1_cm,l1_er,l1_reg,l2_mp,l3_mp,l1_lap,l2_lap,l3_lap,alg_conn,clustering_c,clustering_r,deg_assort,Q,N.olap,N.temp,N.nodf,H2,H3,H4,H17,cent_between,cent_close,cent_eigen,diam,mean_path_length,deg_het_row,deg_het_col
erdos-renyi,Denver_crimes_2016-04-10,crimes,3.516235,3.061467,2.98986,0.02889709672758889,0.05449725559154459,0.050792113355847074,3.4314411279532684,3.5078171417655843,2.8541666666666665,3.2565621688011257,2.2415332085509907,5.516234775485223,5.061467117683569,4.989859570752948,-1.0614671176835384,0.09802073515551367,0.13872832369942195,-0.24764099188062302,0.5875113218605154,-0.006760553122944508,18.754947035168694,6.052060737527115,338,768,254,133,0.11220429121396235,0.10521545278297025,0.7327832984979759,10,4.574780701754386,1.1926581064521289,1.1861580265331133
