randomization,name,type,l1,l2,l3,ipr1,ipr2,ipr3,l1_cm,l1_er,l1_reg,l2_mp,l3_mp,l1_lap,l2_lap,l3_lap,alg_conn,clustering_c,clustering_r,deg_assort,Q,N.olap,N.temp,N.nodf,H2,H3,H4,H17,cent_between,cent_close,cent_eigen,diam,mean_path_length,deg_het_row,deg_het_col
erdos-renyi,Denver_crimes_2016-06-24,crimes,3.531503,3.144368,2.996562,0.028934233478609062,0.03351407480642155,0.042530781323731566,3.3624486872968706,3.3702084617372807,2.7547169811320753,3.188350716075876,2.2256075572050893,5.531503475335417,5.144368367749201,4.996562101188917,-1.144368367749219,0.14411441144114412,0.1547212741751991,-0.06902509255450377,0.6075717770688698,-0.008119870823817373,15.462475118448914,4.926221577164973,345,798,240,104,0.1773497163214247,0.13090071705778958,0.7270098355306718,13,5.052470799640611,1.1984424845186716,1.2431975980484145
