randomization,name,type,l1,l2,l3,ipr1,ipr2,ipr3,l1_cm,l1_er,l1_reg,l2_mp,l3_mp,l1_lap,l2_lap,l3_lap,alg_conn,clustering_c,clustering_r,deg_assort,Q,N.olap,N.temp,N.nodf,H2,H3,H4,H17,cent_between,cent_close,cent_eigen,diam,mean_path_length,deg_het_row,deg_het_col
erdos-renyi,Denver_crimes_2016-10-25,crimes,3.952102,3.432971,3.238656,0.027338403757208557,0.050047801902480364,0.02774482026532748,3.858829011497249,3.8180517997975487,3.1596638655462184,3.4114843861366064,2.420817314851569,5.952101934438184,5.432971472129077,5.238655643417068,-1.4329714721290823,0.1708043694141013,0.1595744680851064,-0.21890500259813955,0.5436849253055666,1.8200127406879187e-5,13.858085677760457,5.862094909782355,538,1441,484,307,0.08728731179534485,0.1291503381973486,0.7448805297413128,9,4.436689930209372,1.1849253055681304,1.2586577636939793
