randomization,name,type,l1,l2,l3,ipr1,ipr2,ipr3,l1_cm,l1_er,l1_reg,l2_mp,l3_mp,l1_lap,l2_lap,l3_lap,alg_conn,clustering_c,clustering_r,deg_assort,Q,N.olap,N.temp,N.nodf,H2,H3,H4,H17,cent_between,cent_close,cent_eigen,diam,mean_path_length,deg_het_row,deg_het_col
erdos-renyi,Denver_crimes_2016-11-28,crimes,3.819296,3.358584,3.012489,0.02890868218269116,0.04142902587534807,0.04511222220892831,3.6752033908749535,3.776702789877773,3.108910891089109,3.386443076009942,2.350657106733882,5.819295726167496,5.358583679755953,5.012488798045636,-1.3585836797559507,0.16613621896880967,0.19820554649265906,-0.17727089039558128,0.5567365816057449,-0.00813798587442572,17.721304312039905,5.988801054018444,422,1084,332,172,0.10762707996018492,0.13428018104565131,0.7044945399472405,9,4.343366336633664,1.2063775406710213,1.1446711834151486
