randomization,name,type,l1,l2,l3,ipr1,ipr2,ipr3,l1_cm,l1_er,l1_reg,l2_mp,l3_mp,l1_lap,l2_lap,l3_lap,alg_conn,clustering_c,clustering_r,deg_assort,Q,N.olap,N.temp,N.nodf,H2,H3,H4,H17,cent_between,cent_close,cent_eigen,diam,mean_path_length,deg_het_row,deg_het_col
erdos-renyi,Denver_crimes_2016-07-24,crimes,3.558223,3.042002,2.99794,0.03246893886490733,0.05116533052275605,0.038357990553157445,3.4573242994684663,3.502248266797269,2.847826086956522,3.2458583337707037,2.220584418308098,5.558223262734029,5.042001771521066,4.99793959261869,-1.0420017715210752,0.10755813953488372,0.11707988980716254,-0.1813879117364888,0.5853388497173835,-0.008125448263534996,18.76920419154413,6.388233443448168,325,763,240,112,0.13419408632949673,0.1486836507515993,0.7311801914885687,10,4.4302436693741045,1.2446244391352483,1.156750772099528
