randomization,name,type,l1,l2,l3,ipr1,ipr2,ipr3,l1_cm,l1_er,l1_reg,l2_mp,l3_mp,l1_lap,l2_lap,l3_lap,alg_conn,clustering_c,clustering_r,deg_assort,Q,N.olap,N.temp,N.nodf,H2,H3,H4,H17,cent_between,cent_close,cent_eigen,diam,mean_path_length,deg_het_row,deg_het_col
erdos-renyi,Denver_crimes_2016-01-23,crimes,3.734537,3.122375,3.028785,0.03758484148951188,0.05650406474293852,0.033499188155977994,3.4842256427469747,3.5220930478792116,2.890909090909091,3.2681401068266718,2.2937198186400223,5.7345374354896625,5.122375080365498,5.028784995449643,-1.12237508036548,0.1305439330543933,0.11784511784511785,0.020603228547153907,0.600094932953602,-0.007900198073774988,16.100122722955348,5.0286195286195285,395,988,304,180,0.1808056716588927,0.1527440125291842,0.796640938873998,10,4.707089241034195,1.1987263162058461,1.211779597326055
