randomization,name,type,l1,l2,l3,ipr1,ipr2,ipr3,l1_cm,l1_er,l1_reg,l2_mp,l3_mp,l1_lap,l2_lap,l3_lap,alg_conn,clustering_c,clustering_r,deg_assort,Q,N.olap,N.temp,N.nodf,H2,H3,H4,H17,cent_between,cent_close,cent_eigen,diam,mean_path_length,deg_het_row,deg_het_col
erdos-renyi,Denver_crimes_2016-10-14,crimes,3.841853,3.33846,3.14358,0.028852427334499553,0.04597708486155369,0.05341709284310138,3.7039360157812187,3.7619967724883216,3.1052631578947367,3.3885353438107058,2.3907992450830085,5.8418528761882635,5.338460223620697,5.143580260947544,-1.3384602236206866,0.13861950941243584,0.1552753815527538,-0.073251015844017,0.5711960164703624,-0.0052082549553715335,16.85220910805261,5.409247110278038,479,1270,392,225,0.15992644830335895,0.1525597494275276,0.7749999002775441,10,4.411116286290949,1.212295317437518,1.170353346739443
