randomization,name,type,l1,l2,l3,ipr1,ipr2,ipr3,l1_cm,l1_er,l1_reg,l2_mp,l3_mp,l1_lap,l2_lap,l3_lap,alg_conn,clustering_c,clustering_r,deg_assort,Q,N.olap,N.temp,N.nodf,H2,H3,H4,H17,cent_between,cent_close,cent_eigen,diam,mean_path_length,deg_het_row,deg_het_col
erdos-renyi,Denver_crimes_2016-10-10,crimes,4.569016,3.496717,3.325658,0.04566206248812157,0.032735775009907125,0.04670571122120196,4.249206270184984,4.1714738549177754,3.4789915966386555,3.5716820980178094,2.536369765396894,6.5690156966756295,5.496717126809114,5.325658455537757,-1.496717126809098,0.19647218453188603,0.244252015527023,0.028073491607440073,0.5056827463884813,-0.0043054747099525205,18.053481077981964,5.9092640198038655,673,2206,718,637,0.1433010525781819,0.14899095938492726,0.841399180203676,9,4.0689360489958695,1.2740554038600667,1.1642045321944503
