randomization,name,type,l1,l2,l3,ipr1,ipr2,ipr3,l1_cm,l1_er,l1_reg,l2_mp,l3_mp,l1_lap,l2_lap,l3_lap,alg_conn,clustering_c,clustering_r,deg_assort,Q,N.olap,N.temp,N.nodf,H2,H3,H4,H17,cent_between,cent_close,cent_eigen,diam,mean_path_length,deg_het_row,deg_het_col
erdos-renyi,Denver_crimes_2016-02-20,crimes,3.35699,2.917858,2.810102,0.03641742203203741,0.045514946522454754,0.03107630517696253,3.2167832742366897,3.364946563591334,2.739130434782609,3.185406023314422,2.179458972909466,5.356989909410542,4.917857871916912,4.810102290666139,-0.9178578719169218,0.09221902017291066,0.10408921933085502,-0.18530854750866474,0.6211892164273095,-0.011435364990540112,18.132465498851055,5.202863961813843,281,594,174,65,0.11369895643051056,0.09226841477099297,0.7734324747193307,12,4.947682752030578,1.188586545729403,1.146636432350718
