randomization,name,type,l1,l2,l3,ipr1,ipr2,ipr3,l1_cm,l1_er,l1_reg,l2_mp,l3_mp,l1_lap,l2_lap,l3_lap,alg_conn,clustering_c,clustering_r,deg_assort,Q,N.olap,N.temp,N.nodf,H2,H3,H4,H17,cent_between,cent_close,cent_eigen,diam,mean_path_length,deg_het_row,deg_het_col
erdos-renyi,Denver_crimes_2016-10-26,crimes,3.952521,3.228735,3.139235,0.027634308312159617,0.03931208050438417,0.048591643250614366,3.758890975226119,3.800097190349427,3.142857142857143,3.4019508137198193,2.395209102568584,5.95252054525199,5.228735242677013,5.139234507925318,-1.2287352426770068,0.15421052631578946,0.16286057692307693,-0.06390328151986113,0.5390302169421489,-0.00645907001977046,16.785709895380688,5.537181150021616,486,1321,395,203,0.09353318636615461,0.12422862361073275,0.7504127185818962,10,4.377734877734878,1.194602272727273,1.1958935950413225
