randomization,name,type,l1,l2,l3,ipr1,ipr2,ipr3,l1_cm,l1_er,l1_reg,l2_mp,l3_mp,l1_lap,l2_lap,l3_lap,alg_conn,clustering_c,clustering_r,deg_assort,Q,N.olap,N.temp,N.nodf,H2,H3,H4,H17,cent_between,cent_close,cent_eigen,diam,mean_path_length,deg_het_row,deg_het_col
erdos-renyi,Denver_crimes_2016-12-13,crimes,4.144606,3.331009,3.140451,0.06864744535520281,0.05202224548796684,0.0988324404059722,3.7697622147254033,3.620861377064416,2.97196261682243,3.2989625030046477,2.3066156438473753,6.144606378783634,5.331008897288551,5.140450968807712,-1.331008897288548,0.18332347723240686,0.23483779971791255,-0.08249177351639628,0.5724457102171601,-0.0020875048070270867,15.333765166988568,5.895487215741722,441,1182,427,331,0.16194180347267628,0.1577646870916651,0.8599909024199641,10,4.506436254628813,1.3145840749970334,1.2152604722914444
