randomization,name,type,l1,l2,l3,ipr1,ipr2,ipr3,l1_cm,l1_er,l1_reg,l2_mp,l3_mp,l1_lap,l2_lap,l3_lap,alg_conn,clustering_c,clustering_r,deg_assort,Q,N.olap,N.temp,N.nodf,H2,H3,H4,H17,cent_between,cent_close,cent_eigen,diam,mean_path_length,deg_het_row,deg_het_col
erdos-renyi,Denver_crimes_2016-02-07,crimes,3.782048,3.179916,2.922913,0.0353479414570277,0.08133621502410528,0.03938258597385591,3.6389482607539843,3.692729059925291,3.037974683544304,3.3041555533748244,2.2143652547575607,5.782047797444275,5.179916150525326,4.922913247178814,-1.1799161505253164,0.20654911838790932,0.22377622377622378,-0.17783857729138136,0.5734722222222218,-0.00837474765821839,23.7877118686116,7.656283798399309,320,810,259,142,0.12379253766033584,0.14198336737856673,0.6789280938816543,9,4.156442713404739,1.1794444444444447,1.2006944444444445
