randomization,name,type,l1,l2,l3,ipr1,ipr2,ipr3,l1_cm,l1_er,l1_reg,l2_mp,l3_mp,l1_lap,l2_lap,l3_lap,alg_conn,clustering_c,clustering_r,deg_assort,Q,N.olap,N.temp,N.nodf,H2,H3,H4,H17,cent_between,cent_close,cent_eigen,diam,mean_path_length,deg_het_row,deg_het_col
erdos-renyi,Denver_crimes_2016-05-29,crimes,3.489243,3.101844,2.95835,0.029357790132124622,0.038350888551568076,0.04852792016464172,3.376006831560836,3.503430720852607,2.860215053763441,3.2514027713448774,2.228961995250601,5.489243494424809,5.101843611964066,4.9583498382236035,-1.1018436119640638,0.12090163934426229,0.1510015408320493,-0.23769238278072408,0.6030866640284929,-0.008670560913889189,18.49056850653376,5.680335507921715,320,715,227,111,0.0984400242558926,0.11083434499447783,0.7413241498722791,12,4.6629266012155215,1.1552942506642547,1.1890440386680987
