randomization,name,type,l1,l2,l3,ipr1,ipr2,ipr3,l1_cm,l1_er,l1_reg,l2_mp,l3_mp,l1_lap,l2_lap,l3_lap,alg_conn,clustering_c,clustering_r,deg_assort,Q,N.olap,N.temp,N.nodf,H2,H3,H4,H17,cent_between,cent_close,cent_eigen,diam,mean_path_length,deg_het_row,deg_het_col
erdos-renyi,Denver_crimes_2016-08-31,crimes,4.046207,3.357157,3.137143,0.022067785254000827,0.038831847499722724,0.04837440742388471,3.9549668880281983,4.0534327909400965,3.36734693877551,3.505515846667921,2.4260809392858373,6.046206630367692,5.357156952948353,5.1371426060839545,-1.3571569529483458,0.1806282722513089,0.2246670526925304,-0.19010663939814468,0.5191919191919186,-0.007538587385667733,21.51129715956878,6.6316084700603,491,1398,434,246,0.07113728856137318,0.1059243425966088,0.6232546085608213,8,3.9377235430254576,1.1682644628099172,1.1684848484848487
