randomization,name,type,l1,l2,l3,ipr1,ipr2,ipr3,l1_cm,l1_er,l1_reg,l2_mp,l3_mp,l1_lap,l2_lap,l3_lap,alg_conn,clustering_c,clustering_r,deg_assort,Q,N.olap,N.temp,N.nodf,H2,H3,H4,H17,cent_between,cent_close,cent_eigen,diam,mean_path_length,deg_het_row,deg_het_col
erdos-renyi,Denver_crimes_2016-05-20,crimes,4.202254,3.455507,3.320882,0.024658274249788264,0.033304206403335194,0.03269480631823213,4.088823131834996,4.055966977861555,3.3617021276595747,3.4890049249987056,2.4000692856914236,6.202253849168804,5.455506698297676,5.320882449876171,-1.4555066982977087,0.24509803921568626,0.27043335161821175,-0.20363613084949675,0.5195481493350428,-0.00488560735300588,21.221258909113242,7.504982884873695,494,1464,482,317,0.07699749520796492,0.11805587377839022,0.687604130143307,9,3.9828414550446123,1.1974042621374783,1.215350104149976
