randomization,name,type,l1,l2,l3,ipr1,ipr2,ipr3,l1_cm,l1_er,l1_reg,l2_mp,l3_mp,l1_lap,l2_lap,l3_lap,alg_conn,clustering_c,clustering_r,deg_assort,Q,N.olap,N.temp,N.nodf,H2,H3,H4,H17,cent_between,cent_close,cent_eigen,diam,mean_path_length,deg_het_row,deg_het_col
erdos-renyi,Denver_crimes_2016-12-04,crimes,3.597477,2.98677,2.925302,0.04328420431638009,0.04711408949442301,0.05740497990735513,3.3564607605077237,3.4572785577174083,2.813953488372093,3.2186333004400667,2.180951652357619,5.59747718582595,4.986769579031407,4.9253024356148405,-0.9867695790314092,0.16647662485746864,0.17404580152671756,-0.062077466103910656,0.5882794891059351,-0.013732119195839821,21.675566222925028,5.7473760405356495,287,667,205,105,0.1596434126829023,0.1557848638754686,0.7863380876520433,12,4.711627906976744,1.2349566286455846,1.1296359538282905
