randomization,name,type,l1,l2,l3,ipr1,ipr2,ipr3,l1_cm,l1_er,l1_reg,l2_mp,l3_mp,l1_lap,l2_lap,l3_lap,alg_conn,clustering_c,clustering_r,deg_assort,Q,N.olap,N.temp,N.nodf,H2,H3,H4,H17,cent_between,cent_close,cent_eigen,diam,mean_path_length,deg_het_row,deg_het_col
erdos-renyi,Denver_crimes_2016-09-17,crimes,3.767119,3.252429,3.029392,0.028152464659456703,0.04216627411166397,0.04164486597048655,3.63481231570405,3.661830822881538,3,3.318212296044958,2.27914856902947,5.767118968058584,5.2524289188356095,5.029391551811295,-1.2524289188356357,0.17168011738811445,0.2017982017982018,-0.21630804077010143,0.5715507268246075,-0.007578180500073565,19.29326796205898,6.14877161055505,376,939,307,168,0.10541476681500807,0.12004941867565468,0.7235770206090862,9,4.374056280027454,1.1969719833006387,1.2064282480760526
