randomization,name,type,l1,l2,l3,ipr1,ipr2,ipr3,l1_cm,l1_er,l1_reg,l2_mp,l3_mp,l1_lap,l2_lap,l3_lap,alg_conn,clustering_c,clustering_r,deg_assort,Q,N.olap,N.temp,N.nodf,H2,H3,H4,H17,cent_between,cent_close,cent_eigen,diam,mean_path_length,deg_het_row,deg_het_col
erdos-renyi,Denver_crimes_2016-01-16,crimes,3.546514,3.132516,2.9718,0.026854767223786297,0.04715561451165146,0.032935722307780024,3.405642919729309,3.5108165034782863,2.875,3.254025158061315,2.2414712708682574,5.546514007995551,5.132516369127234,4.971799632764554,-1.132516369127244,0.12307692307692308,0.12839506172839507,-0.1396065922381714,0.5740390674228114,-0.008933216637229156,17.920194707738197,5.641138497652582,333,775,225,90,0.11004323053613893,0.11259781372116404,0.6770589069507033,10,4.607456140350878,1.2014282713715607,1.1598403696702373
