randomization,name,type,l1,l2,l3,ipr1,ipr2,ipr3,l1_cm,l1_er,l1_reg,l2_mp,l3_mp,l1_lap,l2_lap,l3_lap,alg_conn,clustering_c,clustering_r,deg_assort,Q,N.olap,N.temp,N.nodf,H2,H3,H4,H17,cent_between,cent_close,cent_eigen,diam,mean_path_length,deg_het_row,deg_het_col
erdos-renyi,Denver_crimes_2016-12-06,crimes,3.512162,3.289166,2.841937,0.03914480990360097,0.0362762637905186,0.027639746730219433,3.3889003125969523,3.400390020193158,2.7755102040816326,3.196190308137298,2.206893314711041,5.512162226270331,5.289166031722279,4.841936617661953,-1.2891660317222646,0.17600896860986548,0.16781292984869325,-0.17596366600675448,0.6086721453287184,-0.006364995304872067,16.16413616707599,5.824887387387387,326,737,236,116,0.16038894244643284,0.10158997893628147,0.7946882770924221,10,4.829160530191458,1.2321583044982698,1.2018814878892734
