randomization,name,type,l1,l2,l3,ipr1,ipr2,ipr3,l1_cm,l1_er,l1_reg,l2_mp,l3_mp,l1_lap,l2_lap,l3_lap,alg_conn,clustering_c,clustering_r,deg_assort,Q,N.olap,N.temp,N.nodf,H2,H3,H4,H17,cent_between,cent_close,cent_eigen,diam,mean_path_length,deg_het_row,deg_het_col
erdos-renyi,Denver_crimes_2016-11-09,crimes,3.810226,3.296493,3.168487,0.03661306265846703,0.041397982361110655,0.053058520559801946,3.623629217405412,3.7027064184385363,3.0555555555555554,3.35447058929241,2.3500103559366576,5.810226005731155,5.296492645364356,5.168487061144033,-1.296492645364357,0.15406562054208273,0.15715292459478505,-0.05888893223578928,0.5590449954086315,-0.008204253516552133,17.65590706160133,5.380719524973804,433,1118,338,179,0.10868156671065309,0.11650720245968182,0.7976785392565472,11,4.531844929041191,1.1858585858585857,1.1855647382920111
