randomization,name,type,l1,l2,l3,ipr1,ipr2,ipr3,l1_cm,l1_er,l1_reg,l2_mp,l3_mp,l1_lap,l2_lap,l3_lap,alg_conn,clustering_c,clustering_r,deg_assort,Q,N.olap,N.temp,N.nodf,H2,H3,H4,H17,cent_between,cent_close,cent_eigen,diam,mean_path_length,deg_het_row,deg_het_col
erdos-renyi,Denver_crimes_2016-05-02,crimes,3.938592,3.335847,3.184845,0.026992128979479,0.05727958888026779,0.040034085790070596,3.735154560635575,3.8482152555539386,3.1818181818181817,3.429186007228995,2.4087483769300366,5.9385918746246515,5.335847416558398,5.184844512423233,-1.3358474165583782,0.15647668393782382,0.16809815950920245,0.012139605462822058,0.5338448979591828,-0.01006646385256674,20.030410685155147,5.305871846394284,480,1320,373,173,0.06746075435018459,0.1057352475090459,0.7157150094429857,11,4.385154295246038,1.1809632653061224,1.1607183673469388
