randomization,name,type,l1,l2,l3,ipr1,ipr2,ipr3,l1_cm,l1_er,l1_reg,l2_mp,l3_mp,l1_lap,l2_lap,l3_lap,alg_conn,clustering_c,clustering_r,deg_assort,Q,N.olap,N.temp,N.nodf,H2,H3,H4,H17,cent_between,cent_close,cent_eigen,diam,mean_path_length,deg_het_row,deg_het_col
erdos-renyi,Denver_crimes_2016-06-16,crimes,4.18404,3.52566,3.268331,0.02677032354555018,0.04793919441723358,0.04312413650831082,4.016772592787606,4.032591530852446,3.3577981651376145,3.502338780818201,2.4589058853588996,6.184040077112472,5.525659694470041,5.268331423847351,-1.5256596944700447,0.18347509113001215,0.1976534296028881,-0.06941057765071872,0.5255755621248767,-0.004495342969735055,19.816568952830902,6.073791597405561,553,1635,546,422,0.11482416654235879,0.14834126927146338,0.7032808734231037,9,4.048589874277948,1.1897339424885782,1.200274717071277
