randomization,name,type,l1,l2,l3,ipr1,ipr2,ipr3,l1_cm,l1_er,l1_reg,l2_mp,l3_mp,l1_lap,l2_lap,l3_lap,alg_conn,clustering_c,clustering_r,deg_assort,Q,N.olap,N.temp,N.nodf,H2,H3,H4,H17,cent_between,cent_close,cent_eigen,diam,mean_path_length,deg_het_row,deg_het_col
erdos-renyi,Denver_crimes_2016-11-01,crimes,4.426959,3.623343,3.450845,0.024570027550457903,0.05403895578705275,0.034650736002417803,4.25913016666002,4.198135555062246,3.504424778761062,3.57692229668094,2.5236603316937978,6.426959006953339,5.623342607397564,5.450845045895837,-1.6233426073975588,0.21995094031071136,0.23111888111888113,-0.06829140001753241,0.5016324864809695,-0.004474373681465705,19.858282125510186,6.327177258736194,649,2084,704,579,0.1107968357422821,0.14998076416160114,0.7188769925498887,9,3.987041719342604,1.194980104071013,1.228242016120804
