randomization,name,type,l1,l2,l3,ipr1,ipr2,ipr3,l1_cm,l1_er,l1_reg,l2_mp,l3_mp,l1_lap,l2_lap,l3_lap,alg_conn,clustering_c,clustering_r,deg_assort,Q,N.olap,N.temp,N.nodf,H2,H3,H4,H17,cent_between,cent_close,cent_eigen,diam,mean_path_length,deg_het_row,deg_het_col
erdos-renyi,Denver_crimes_2016-01-11,crimes,4.025874,3.495388,3.170868,0.032446869256882824,0.044605618718145085,0.04831104477889627,3.86628102441743,3.86427643833372,3.1964285714285716,3.4297289649207614,2.414760656667824,6.025873580112938,5.495387998069076,5.170868335761827,-1.4953879980690727,0.16279069767441862,0.18259874069834,-0.1162247201258584,0.557722917511939,-0.004084198806855429,17.910521998295945,5.638535129814199,514,1419,484,355,0.11042921727905664,0.10961914185956147,0.7484555982471478,9,4.248069498069498,1.2302986798164852,1.183109141412565
