randomization,name,type,l1,l2,l3,ipr1,ipr2,ipr3,l1_cm,l1_er,l1_reg,l2_mp,l3_mp,l1_lap,l2_lap,l3_lap,alg_conn,clustering_c,clustering_r,deg_assort,Q,N.olap,N.temp,N.nodf,H2,H3,H4,H17,cent_between,cent_close,cent_eigen,diam,mean_path_length,deg_het_row,deg_het_col
erdos-renyi,Denver_crimes_2016-02-25,crimes,3.75215,3.243751,3.076996,0.026290617965551474,0.03835283318033923,0.030177874907609377,3.5943596769944026,3.7740686352480166,3.1150442477876106,3.402774421994629,2.3982343018441377,5.752149579439754,5.243751225167648,5.076995943588444,-1.243751225167643,0.10880195599022005,0.12573529411764706,-0.027690825908980903,0.53851368801653,-0.009788718782394961,21.342391964546678,4.908936891147819,458,1184,339,161,0.077153175457319,0.1102936881083738,0.7416082489598128,9,4.371681415929204,1.1466942148760333,1.1566373966942147
