randomization,name,type,l1,l2,l3,ipr1,ipr2,ipr3,l1_cm,l1_er,l1_reg,l2_mp,l3_mp,l1_lap,l2_lap,l3_lap,alg_conn,clustering_c,clustering_r,deg_assort,Q,N.olap,N.temp,N.nodf,H2,H3,H4,H17,cent_between,cent_close,cent_eigen,diam,mean_path_length,deg_het_row,deg_het_col
erdos-renyi,Denver_crimes_2016-12-18,crimes,3.021348,2.790911,2.619305,0.03957846151737088,0.0665181060525034,0.05822504281235843,2.993155681307416,3.082041958747922,2.507936507936508,2.9848375475172326,1.925469176675424,5.0213481348126985,4.790910651409342,4.61930491986377,-0.7909106514093492,0.10661764705882353,0.09956709956709957,-0.28571428571428575,0.6071142445120982,-0.015357141187041026,20.6695706749543,6.801661474558671,158,284,90,35,0.1752098999582836,0.12830725676048177,0.6572122450950254,11,4.813108038914491,1.1685627303316777,1.2161512578112483
