randomization,name,type,l1,l2,l3,ipr1,ipr2,ipr3,l1_cm,l1_er,l1_reg,l2_mp,l3_mp,l1_lap,l2_lap,l3_lap,alg_conn,clustering_c,clustering_r,deg_assort,Q,N.olap,N.temp,N.nodf,H2,H3,H4,H17,cent_between,cent_close,cent_eigen,diam,mean_path_length,deg_het_row,deg_het_col
erdos-renyi,Denver_crimes_2016-10-13,crimes,3.776272,3.324406,2.99313,0.026642028252230533,0.044617493448877305,0.03267148701866774,3.5748240420174815,3.6699030468543827,3.0185185185185186,3.3426752501727997,2.340943500758635,5.77627230805405,5.324406237068965,4.993130010875696,-1.3244062370689669,0.12548764629388817,0.1454102355808286,-0.008686064042845965,0.5463886484248563,-0.009582927208138334,17.90033561598378,5.146513782719482,421,1085,313,144,0.09652413802975177,0.13356891624760617,0.6911796203220909,11,4.461751471097266,1.1897323948963077,1.1724189845308444
