randomization,name,type,l1,l2,l3,ipr1,ipr2,ipr3,l1_cm,l1_er,l1_reg,l2_mp,l3_mp,l1_lap,l2_lap,l3_lap,alg_conn,clustering_c,clustering_r,deg_assort,Q,N.olap,N.temp,N.nodf,H2,H3,H4,H17,cent_between,cent_close,cent_eigen,diam,mean_path_length,deg_het_row,deg_het_col
erdos-renyi,Denver_crimes_2016-05-05,crimes,3.66342,3.143238,3.072678,0.027287803118572894,0.037403272926226985,0.04457107509753541,3.5257676680716594,3.5275667781469893,2.8947368421052633,3.2724709409836907,2.3074722152458094,5.663420109808332,5.143237848373595,5.0726781356874975,-1.1432378483735963,0.12908366533864543,0.12889273356401384,-0.11542396341096475,0.5979797979797968,-0.0059225852813106685,14.007203491447331,5.012527403695585,417,1019,313,148,0.117321338412858,0.13667961734303688,0.7122703739255668,10,4.7306318894581585,1.2036730945821856,1.232102846648301
