randomization,name,type,l1,l2,l3,ipr1,ipr2,ipr3,l1_cm,l1_er,l1_reg,l2_mp,l3_mp,l1_lap,l2_lap,l3_lap,alg_conn,clustering_c,clustering_r,deg_assort,Q,N.olap,N.temp,N.nodf,H2,H3,H4,H17,cent_between,cent_close,cent_eigen,diam,mean_path_length,deg_het_row,deg_het_col
erdos-renyi,Denver_crimes_2016-02-03,crimes,3.444849,3.157609,2.911911,0.033291232426673,0.060118774574786114,0.039592212578516875,3.3257440194422054,3.3585839460972085,2.74468085106383,3.170339458123907,2.176595002691053,5.444848690310208,5.1576085426589175,4.911911482742198,-1.1576085426589295,0.10566037735849057,0.11642743221690591,-0.16558018252933562,0.5838591430803455,-0.007198069508143895,16.260690554496836,5.630963373345645,301,660,219,117,0.13721532450800303,0.11855568113392657,0.7224449875151784,11,4.740562800274537,1.1807583678865454,1.2412114656571118
