randomization,name,type,l1,l2,l3,ipr1,ipr2,ipr3,l1_cm,l1_er,l1_reg,l2_mp,l3_mp,l1_lap,l2_lap,l3_lap,alg_conn,clustering_c,clustering_r,deg_assort,Q,N.olap,N.temp,N.nodf,H2,H3,H4,H17,cent_between,cent_close,cent_eigen,diam,mean_path_length,deg_het_row,deg_het_col
erdos-renyi,Denver_crimes_2016-08-17,crimes,4.159763,3.537035,3.352495,0.02807507088120486,0.027394262651250213,0.0358074723209568,4.030777923113538,3.9684919086653676,3.2982456140350878,3.4733228783108263,2.452183325976388,6.159762906853574,5.537034930460169,5.3524954190268,-1.537034930460179,0.21502269913330582,0.22119613016710643,-0.12011643243734918,0.5576052512449059,-0.00195730105302966,16.341108267021944,6.079995828118482,570,1672,542,356,0.09441432673103368,0.1297459940567339,0.7671993450672359,8,4.239248563887595,1.2352874603893165,1.207559981892259
