randomization,name,type,l1,l2,l3,ipr1,ipr2,ipr3,l1_cm,l1_er,l1_reg,l2_mp,l3_mp,l1_lap,l2_lap,l3_lap,alg_conn,clustering_c,clustering_r,deg_assort,Q,N.olap,N.temp,N.nodf,H2,H3,H4,H17,cent_between,cent_close,cent_eigen,diam,mean_path_length,deg_het_row,deg_het_col
erdos-renyi,Denver_crimes_2016-10-18,crimes,3.956194,3.496666,3.22648,0.03259473592994613,0.04960335903821428,0.02950855509917265,3.8067209328180382,3.7756446565802753,3.12,3.369180492596153,2.3362525373689906,5.956193966135242,5.496666355979897,5.226480296970643,-1.4966663559798834,0.22957662492546213,0.21709166092350105,-0.12589306815496254,0.569937541091387,-0.0036418229151059175,16.382516202848553,6.586010573403822,439,1191,383,238,0.1133895345678461,0.13105832310665738,0.7498165645423613,11,4.403838383838384,1.2152366863905326,1.220578566732413
