randomization,name,type,l1,l2,l3,ipr1,ipr2,ipr3,l1_cm,l1_er,l1_reg,l2_mp,l3_mp,l1_lap,l2_lap,l3_lap,alg_conn,clustering_c,clustering_r,deg_assort,Q,N.olap,N.temp,N.nodf,H2,H3,H4,H17,cent_between,cent_close,cent_eigen,diam,mean_path_length,deg_het_row,deg_het_col
erdos-renyi,Denver_crimes_2016-11-20,crimes,3.960648,3.184185,3.078282,0.041397573530095794,0.04593378879438896,0.047613206661237494,3.749783159806467,3.7082800194455854,3.0352941176470587,3.3183944442517896,2.2464860151987445,5.960647971610979,5.184185132265867,5.078281844783401,-1.1841851322658699,0.1966442953020134,0.25680580762250454,-0.05237877401646866,0.5401718646715955,-0.008910819011549744,22.441339601243612,7.331118493909192,357,972,312,192,0.21103970271012948,0.2113491632736175,0.7729316933042206,9,4.169187675070028,1.2926506820503576,1.1530557057869117
