randomization,name,type,l1,l2,l3,ipr1,ipr2,ipr3,l1_cm,l1_er,l1_reg,l2_mp,l3_mp,l1_lap,l2_lap,l3_lap,alg_conn,clustering_c,clustering_r,deg_assort,Q,N.olap,N.temp,N.nodf,H2,H3,H4,H17,cent_between,cent_close,cent_eigen,diam,mean_path_length,deg_het_row,deg_het_col
erdos-renyi,Denver_crimes_2016-12-14,crimes,3.840752,3.20464,3.061492,0.04080059442546176,0.04727837545379051,0.049146178691708294,3.676384345806019,3.8074006054795553,3.14,3.40082683182456,2.358001845992071,5.840751956094521,5.204640411821449,5.061491968378657,-1.2046404118214553,0.15120051914341337,0.18196856906534326,-0.22308555113694312,0.5494340541198426,-0.007874752493687614,18.884581975501447,5.855892255892256,423,1070,343,194,0.11569314322286499,0.1361951657463269,0.7780751958276519,8,4.256363636363637,1.166984461844294,1.1629275021299037
