randomization,name,type,l1,l2,l3,ipr1,ipr2,ipr3,l1_cm,l1_er,l1_reg,l2_mp,l3_mp,l1_lap,l2_lap,l3_lap,alg_conn,clustering_c,clustering_r,deg_assort,Q,N.olap,N.temp,N.nodf,H2,H3,H4,H17,cent_between,cent_close,cent_eigen,diam,mean_path_length,deg_het_row,deg_het_col
erdos-renyi,Denver_crimes_2016-10-06,crimes,3.879183,3.10672,3.066084,0.030944531581875934,0.05385947059712268,0.044130180804810945,3.684599582399395,3.707306098434148,3.06,3.3417513988876477,2.3169741414189478,5.879182841440725,5.106719855097143,5.066084236138548,-1.106719855097145,0.13818424566088117,0.15797207935341662,-0.0630897317298793,0.5317612883933518,-0.0065970643341655795,17.991775667045697,6.038440641130128,411,1084,337,186,0.10428933719333429,0.14291662609457761,0.7294060111503338,9,4.24969696969697,1.2150882139348114,1.1913366653851083
