randomization,name,type,l1,l2,l3,ipr1,ipr2,ipr3,l1_cm,l1_er,l1_reg,l2_mp,l3_mp,l1_lap,l2_lap,l3_lap,alg_conn,clustering_c,clustering_r,deg_assort,Q,N.olap,N.temp,N.nodf,H2,H3,H4,H17,cent_between,cent_close,cent_eigen,diam,mean_path_length,deg_het_row,deg_het_col
erdos-renyi,Denver_crimes_2016-01-03,crimes,4.005191,3.413732,3.119239,0.030368561759742067,0.0480571361523275,0.056352576406178696,3.843013140752969,3.781339764248774,3.1067961165048543,3.378884916719757,2.350908197429411,6.005191234669177,5.41373173526744,5.119239393426713,-1.4137317352674483,0.1823966065747614,0.2126476719944406,-0.2080144868275013,0.5639843750000002,-0.004102436136488166,16.867786446765347,6.280741581536133,458,1222,427,277,0.11800280473328287,0.16045838637241974,0.7262519776846388,9,4.310679611650485,1.2596874999999998,1.1953125
