randomization,name,type,l1,l2,l3,ipr1,ipr2,ipr3,l1_cm,l1_er,l1_reg,l2_mp,l3_mp,l1_lap,l2_lap,l3_lap,alg_conn,clustering_c,clustering_r,deg_assort,Q,N.olap,N.temp,N.nodf,H2,H3,H4,H17,cent_between,cent_close,cent_eigen,diam,mean_path_length,deg_het_row,deg_het_col
erdos-renyi,Denver_crimes_2016-11-23,crimes,3.500618,3.057291,2.933129,0.04232710674880562,0.034309947093252455,0.040327361507525195,3.2989425915317505,3.386892388310291,2.7522935779816513,3.2125983284035198,2.249572849213332,5.500618202458353,5.057291412701592,4.933129021188435,-1.0572914127015942,0.10051282051282051,0.14348462664714495,-0.18598806157712836,0.5949333333333322,-0.00668954512617381,14.3094289365361,4.7689880549921115,348,760,238,110,0.11392830323450633,0.1202049281602015,0.792629744713043,11,5.066258919469929,1.198311111111111,1.1818666666666666
