randomization,name,type,l1,l2,l3,ipr1,ipr2,ipr3,l1_cm,l1_er,l1_reg,l2_mp,l3_mp,l1_lap,l2_lap,l3_lap,alg_conn,clustering_c,clustering_r,deg_assort,Q,N.olap,N.temp,N.nodf,H2,H3,H4,H17,cent_between,cent_close,cent_eigen,diam,mean_path_length,deg_het_row,deg_het_col
erdos-renyi,Denver_crimes_2016-10-04,crimes,4.373692,3.499235,3.279485,0.04728281776726137,0.03687981066993219,0.06225070240303796,4.114273809506586,3.9468997804084185,3.2710280373831777,3.4469760147695845,2.4126623038964308,6.373691793895147,5.499234900103998,5.279485332959452,-1.4992349001039869,0.22020431328036322,0.2550839964633068,-0.07945617271298808,0.5193469387755099,-5.707362665652274e-4,17.6872810096034,6.847531518793449,546,1657,581,468,0.11620356024671108,0.1301024749124888,0.8149830761685142,10,4.158702168929642,1.2935183673469388,1.2144
