randomization,name,type,l1,l2,l3,ipr1,ipr2,ipr3,l1_cm,l1_er,l1_reg,l2_mp,l3_mp,l1_lap,l2_lap,l3_lap,alg_conn,clustering_c,clustering_r,deg_assort,Q,N.olap,N.temp,N.nodf,H2,H3,H4,H17,cent_between,cent_close,cent_eigen,diam,mean_path_length,deg_het_row,deg_het_col
erdos-renyi,Denver_crimes_2016-07-16,crimes,3.807507,3.222665,3.07112,0.03963355763134947,0.038564604874462595,0.040195643051716044,3.523796653773151,3.6167798651564844,2.9473684210526314,3.308989429987692,2.274878387812679,5.807507175996501,5.2226654675745054,5.071119859641478,-1.2226654675745048,0.21319018404907975,0.23232323232323232,-0.16901513457093922,0.5693367346938764,-0.012814456134473592,20.318503847581816,5.439293598233996,359,872,283,163,0.113625227915008,0.11961061216454934,0.7947008093597747,12,4.759238521836506,1.189795918367347,1.1714285714285715
