randomization,name,type,l1,l2,l3,ipr1,ipr2,ipr3,l1_cm,l1_er,l1_reg,l2_mp,l3_mp,l1_lap,l2_lap,l3_lap,alg_conn,clustering_c,clustering_r,deg_assort,Q,N.olap,N.temp,N.nodf,H2,H3,H4,H17,cent_between,cent_close,cent_eigen,diam,mean_path_length,deg_het_row,deg_het_col
erdos-renyi,Denver_crimes_2016-07-09,crimes,3.99442,3.410062,3.279232,0.029170140578745722,0.04730860774713609,0.04359793447029192,3.8727205988690034,3.7923718021685686,3.1294117647058823,3.3467039328769186,2.2678489531659314,5.994419652502475,5.41006236178418,5.279231958123964,-1.4100623617841868,0.22900302114803625,0.257781324820431,-0.15255255255255298,0.5445757250268528,-0.002061127940932086,19.160764420684504,8.277546444586804,385,1061,360,245,0.15104567051576875,0.1490530490966022,0.6865143340632729,9,4.0890756302521005,1.2301995590479957,1.2309344790547798
