randomization,name,type,l1,l2,l3,ipr1,ipr2,ipr3,l1_cm,l1_er,l1_reg,l2_mp,l3_mp,l1_lap,l2_lap,l3_lap,alg_conn,clustering_c,clustering_r,deg_assort,Q,N.olap,N.temp,N.nodf,H2,H3,H4,H17,cent_between,cent_close,cent_eigen,diam,mean_path_length,deg_het_row,deg_het_col
erdos-renyi,Denver_crimes_2016-09-10,crimes,4.277232,3.527205,3.345481,0.038886423998059604,0.04315761438898358,0.03783692460338384,4.065796492413744,3.9917055229012286,3.32,3.4626487243519657,2.4028650779378067,6.277231780857349,5.527204879295914,5.3454813436362665,-1.5272048792958854,0.26411207251751134,0.2465277777777778,-0.10461865574674216,0.5401364494121061,-0.0021044504657070358,17.458501975715198,7.195530509885939,511,1525,507,376,0.12360156189057836,0.12935076162870823,0.7345523441717661,10,4.154949494949495,1.2001741907388588,1.245100885469589
