randomization,name,type,l1,l2,l3,ipr1,ipr2,ipr3,l1_cm,l1_er,l1_reg,l2_mp,l3_mp,l1_lap,l2_lap,l3_lap,alg_conn,clustering_c,clustering_r,deg_assort,Q,N.olap,N.temp,N.nodf,H2,H3,H4,H17,cent_between,cent_close,cent_eigen,diam,mean_path_length,deg_het_row,deg_het_col
erdos-renyi,Denver_crimes_2016-03-03,crimes,4.268946,3.579516,3.45601,0.026352519333731204,0.04516641442247392,0.0342110815885838,4.127941139261903,3.959173371398047,3.2845528455284554,3.4726408343727386,2.4749548694697903,6.268945849489856,5.579516161705185,5.4560095946995215,-1.5795161617051932,0.19876783398184175,0.21238244514106583,-0.09964569742864557,0.5422507597294393,-7.995648988709774e-4,15.489081651608076,5.952827420815634,634,1925,669,523,0.08863392575063421,0.11371133883471364,0.7590276581257822,10,4.268692522990803,1.2361533183021274,1.2736006273894716
