randomization,name,type,l1,l2,l3,ipr1,ipr2,ipr3,l1_cm,l1_er,l1_reg,l2_mp,l3_mp,l1_lap,l2_lap,l3_lap,alg_conn,clustering_c,clustering_r,deg_assort,Q,N.olap,N.temp,N.nodf,H2,H3,H4,H17,cent_between,cent_close,cent_eigen,diam,mean_path_length,deg_het_row,deg_het_col
erdos-renyi,Denver_crimes_2016-02-02,crimes,3.317086,2.778694,2.629843,0.07684850512996864,0.05654460604835357,0.03985824768716111,3.000038539853422,3.034792190121536,2.4473684210526314,2.993116434448069,1.9871134845151814,5.317086317956469,4.778694429789267,4.629842611376617,-0.7786944297892882,0.11574074074074074,0.1474820143884892,-0.10778097982708905,0.6419239218406753,-0.011500127835091894,17.036402680564063,5.492662473794549,189,366,121,56,0.36677787859654537,0.18936851352166456,0.8435795886413451,13,5.3098245614035084,1.198173199213782,1.232396808879639
