randomization,name,type,l1,l2,l3,ipr1,ipr2,ipr3,l1_cm,l1_er,l1_reg,l2_mp,l3_mp,l1_lap,l2_lap,l3_lap,alg_conn,clustering_c,clustering_r,deg_assort,Q,N.olap,N.temp,N.nodf,H2,H3,H4,H17,cent_between,cent_close,cent_eigen,diam,mean_path_length,deg_het_row,deg_het_col
erdos-renyi,Denver_crimes_2016-10-22,crimes,3.856408,3.245273,2.943752,0.03459809961810572,0.04791395365903738,0.035243381015874965,3.6541723680791303,3.5896662064495746,2.948453608247423,3.276354947247368,2.2606756430058073,5.85640816548461,5.245272729574941,4.943751547288296,-1.2452727295749293,0.17128279883381925,0.18198037466547726,-0.14357547082289593,0.5734754755733785,-0.005273102710608404,15.833768437621618,6.116148531951641,381,961,337,221,0.148999619094898,0.16615258729307125,0.7217536690862313,10,4.414948453608248,1.2333121424030515,1.2389358892855398
