randomization,name,type,l1,l2,l3,ipr1,ipr2,ipr3,l1_cm,l1_er,l1_reg,l2_mp,l3_mp,l1_lap,l2_lap,l3_lap,alg_conn,clustering_c,clustering_r,deg_assort,Q,N.olap,N.temp,N.nodf,H2,H3,H4,H17,cent_between,cent_close,cent_eigen,diam,mean_path_length,deg_het_row,deg_het_col
erdos-renyi,Denver_crimes_2016-03-21,crimes,3.8424,3.432478,2.99956,0.042391253181836244,0.04785166218224305,0.03622302504194192,3.6871659966275554,3.744798516902781,3.066666666666667,3.3772803882941664,2.3552084582720023,5.84239981284545,5.432477989366716,4.999560333401357,-1.4324779893667263,0.1512401693889897,0.1656222023276634,-0.2558874352011849,0.5687666370896172,-0.0046795109820335495,17.399341438530975,6.01147342995169,438,1095,377,238,0.13786572207627076,0.1337877693757129,0.7931106439253345,9,4.337362637362637,1.2013425407970375,1.17877396705374
