randomization,name,type,l1,l2,l3,ipr1,ipr2,ipr3,l1_cm,l1_er,l1_reg,l2_mp,l3_mp,l1_lap,l2_lap,l3_lap,alg_conn,clustering_c,clustering_r,deg_assort,Q,N.olap,N.temp,N.nodf,H2,H3,H4,H17,cent_between,cent_close,cent_eigen,diam,mean_path_length,deg_het_row,deg_het_col
erdos-renyi,Denver_crimes_2016-04-13,crimes,4.229626,3.411879,3.286925,0.029518978083530843,0.028810725501859674,0.03682355489373353,3.9866385485113986,4.002221687428993,3.3217391304347825,3.4982293267774818,2.472322715308567,6.2296257543824645,5.411878707691697,5.286925414567949,-1.4118787076917076,0.19658119658119658,0.2298507462686567,-0.05256464603645693,0.5362243359557035,-0.006346721758058645,18.17545156903321,5.636571545106265,571,1683,531,346,0.08913478901167182,0.1538109323758591,0.7262659633964372,9,4.244698703279939,1.2457443600778486,1.14917354239193
