randomization,name,type,l1,l2,l3,ipr1,ipr2,ipr3,l1_cm,l1_er,l1_reg,l2_mp,l3_mp,l1_lap,l2_lap,l3_lap,alg_conn,clustering_c,clustering_r,deg_assort,Q,N.olap,N.temp,N.nodf,H2,H3,H4,H17,cent_between,cent_close,cent_eigen,diam,mean_path_length,deg_het_row,deg_het_col
erdos-renyi,Denver_crimes_2016-01-21,crimes,4.043771,3.363464,3.228511,0.020748585749624973,0.03727646828883967,0.04082172487962663,3.9332705581933483,3.9076225278201036,3.2432432432432434,3.4444846080635787,2.4231284128290964,6.043771041737169,5.363463567127797,5.2285106218964374,-1.3634635671278077,0.18844566712517194,0.19914651493598862,-0.09238814642649569,0.5404012345679013,-0.004404270412818927,14.633396334594478,6.162316925448739,528,1517,455,239,0.08739026074552475,0.10145896981646531,0.6542573065637256,10,4.277477477477477,1.2525925925925925,1.1733333333333331
