randomization,name,type,l1,l2,l3,ipr1,ipr2,ipr3,l1_cm,l1_er,l1_reg,l2_mp,l3_mp,l1_lap,l2_lap,l3_lap,alg_conn,clustering_c,clustering_r,deg_assort,Q,N.olap,N.temp,N.nodf,H2,H3,H4,H17,cent_between,cent_close,cent_eigen,diam,mean_path_length,deg_het_row,deg_het_col
erdos-renyi,Denver_crimes_2016-04-29,crimes,3.778913,3.213313,3.13463,0.03607982604275731,0.03696407644350023,0.06847456988317367,3.575646256483057,3.654160551605392,3,3.335352870395739,2.335328863349586,5.7789125711633345,5.213312811748276,5.134630054313831,-1.2133128117482714,0.15737051792828685,0.17197986577181207,-0.07085383624421834,0.5802088096326774,-0.010116477834884554,18.150241865694,5.056575453180925,419,1063,319,160,0.12145566589386751,0.1198007694011324,0.7942715319797966,11,4.557805469020423,1.204999237921049,1.1688004877305287
