randomization,name,type,l1,l2,l3,ipr1,ipr2,ipr3,l1_cm,l1_er,l1_reg,l2_mp,l3_mp,l1_lap,l2_lap,l3_lap,alg_conn,clustering_c,clustering_r,deg_assort,Q,N.olap,N.temp,N.nodf,H2,H3,H4,H17,cent_between,cent_close,cent_eigen,diam,mean_path_length,deg_het_row,deg_het_col
erdos-renyi,Denver_crimes_2016-08-03,crimes,3.996751,3.196673,3.060661,0.039410035755090465,0.04794156613933983,0.03848554160711177,3.6917381837841727,3.768715733324312,3.1176470588235294,3.3771202699512655,2.3484957168004783,5.996750625989801,5.1966731436037845,5.060660598945636,-1.1966731436037632,0.19361022364217254,0.19188667095943335,0.052506318838440834,0.5633084134330131,-0.009894605215775475,20.703814903945002,5.315562524500196,428,1170,355,213,0.14033696571699789,0.16445210109866923,0.7857546616386384,9,4.336245389244807,1.1991614255765202,1.1688619912187017
