randomization,name,type,l1,l2,l3,ipr1,ipr2,ipr3,l1_cm,l1_er,l1_reg,l2_mp,l3_mp,l1_lap,l2_lap,l3_lap,alg_conn,clustering_c,clustering_r,deg_assort,Q,N.olap,N.temp,N.nodf,H2,H3,H4,H17,cent_between,cent_close,cent_eigen,diam,mean_path_length,deg_het_row,deg_het_col
erdos-renyi,Denver_crimes_2016-04-18,crimes,4.445457,3.507078,3.309459,0.04483964009631813,0.04703918329393605,0.0709958185122973,4.189007563929703,4.007398326524273,3.3271028037383177,3.472822726406446,2.431215376947177,6.445457135946998,5.507077938551413,5.309458949340482,-1.5070779385514115,0.2329700272479564,0.25810372771474877,-0.07179768313397002,0.5089319530362343,-2.9698029650301736e-4,17.991788427659014,7.0423673180831186,569,1774,625,525,0.11637769214197086,0.13415837494886798,0.8065061868952391,10,4.10051137365544,1.2850650170433027,1.22484534780962
