randomization,name,type,l1,l2,l3,ipr1,ipr2,ipr3,l1_cm,l1_er,l1_reg,l2_mp,l3_mp,l1_lap,l2_lap,l3_lap,alg_conn,clustering_c,clustering_r,deg_assort,Q,N.olap,N.temp,N.nodf,H2,H3,H4,H17,cent_between,cent_close,cent_eigen,diam,mean_path_length,deg_het_row,deg_het_col
erdos-renyi,Denver_crimes_2016-05-31,crimes,4.3688650000000004,3.535966,3.426643,0.02273179355529364,0.03603481328839683,0.04279874986757058,4.176746745909959,4.2074613684032505,3.4871794871794872,3.6002565359733474,2.549819863091999,6.368865093599403,5.535965894107347,5.426643047118563,-1.5359658941073622,0.206951871657754,0.251865671641791,-0.08859494470476248,0.547025182622067,-0.006785180835023823,20.977522964179382,6.025001385886136,655,2057,656,451,0.09387933615503156,0.10727760455862911,0.6848562608237527,8,4.079280872384321,1.2074682814302191,1.1630142252979623
