randomization,name,type,l1,l2,l3,ipr1,ipr2,ipr3,l1_cm,l1_er,l1_reg,l2_mp,l3_mp,l1_lap,l2_lap,l3_lap,alg_conn,clustering_c,clustering_r,deg_assort,Q,N.olap,N.temp,N.nodf,H2,H3,H4,H17,cent_between,cent_close,cent_eigen,diam,mean_path_length,deg_het_row,deg_het_col
erdos-renyi,Denver_crimes_2016-07-22,crimes,4.226209,3.555032,3.329615,0.025111371140568158,0.04654935475491618,0.04415731437506061,4.065028129554417,4.091571225139129,3.4128440366972477,3.5296232203892086,2.478552340045378,6.226209185253137,5.555031896786973,5.329615108657972,-1.5550318967869736,0.19637462235649547,0.20659062103929024,-0.0762777069258088,0.5225459590704136,-0.004691944901135106,20.067475934446918,6.279130406440468,571,1714,564,428,0.10895264335316919,0.14449691549073243,0.6883134606998597,9,4.017329255861366,1.186264308012487,1.193432766793849
