randomization,name,type,l1,l2,l3,ipr1,ipr2,ipr3,l1_cm,l1_er,l1_reg,l2_mp,l3_mp,l1_lap,l2_lap,l3_lap,alg_conn,clustering_c,clustering_r,deg_assort,Q,N.olap,N.temp,N.nodf,H2,H3,H4,H17,cent_between,cent_close,cent_eigen,diam,mean_path_length,deg_het_row,deg_het_col
erdos-renyi,Denver_crimes_2016-07-18,crimes,3.867206,3.481427,3.237824,0.03088179740747371,0.035651672775182004,0.0461287008807966,3.7026403991417633,3.7800979187394947,3.1171171171171173,3.396666256703392,2.3880068275602557,5.867205500660463,5.481427271820134,5.2378243115348635,-1.4814272718201238,0.20256696428571427,0.22359796067006554,-0.1605147364051471,0.570049116241773,-0.007374198448700918,17.195895776039677,5.2212057236687786,470,1221,385,225,0.11917589430908823,0.09818995384977909,0.7670925321096159,9,4.552006552006552,1.1767850579705301,1.1911189815897625
