randomization,name,type,l1,l2,l3,ipr1,ipr2,ipr3,l1_cm,l1_er,l1_reg,l2_mp,l3_mp,l1_lap,l2_lap,l3_lap,alg_conn,clustering_c,clustering_r,deg_assort,Q,N.olap,N.temp,N.nodf,H2,H3,H4,H17,cent_between,cent_close,cent_eigen,diam,mean_path_length,deg_het_row,deg_het_col
erdos-renyi,Denver_crimes_2016-05-21,crimes,4.093265,3.533628,3.26674,0.029541366848175682,0.044032907777894786,0.03703342921476451,3.9640761099004935,3.898722743515256,3.2149532710280373,3.437452486901155,2.4048857989167383,6.093265016379751,5.533627507849469,5.266740160805855,-1.5336275078494566,0.1826883062838119,0.2243161094224924,-0.18728522336769754,0.5442806922660901,-0.002554449867116737,18.08328734845721,6.379131800036746,516,1439,538,484,0.16942381148496555,0.17489687714808377,0.76434122524747,9,4.214424263798272,1.208761492698756,1.2391833423472147
