randomization,name,type,l1,l2,l3,ipr1,ipr2,ipr3,l1_cm,l1_er,l1_reg,l2_mp,l3_mp,l1_lap,l2_lap,l3_lap,alg_conn,clustering_c,clustering_r,deg_assort,Q,N.olap,N.temp,N.nodf,H2,H3,H4,H17,cent_between,cent_close,cent_eigen,diam,mean_path_length,deg_het_row,deg_het_col
erdos-renyi,Denver_crimes_2016-08-29,crimes,4.530642,3.701484,3.307373,0.02382824088686944,0.042454503905779324,0.03974539300501321,4.371577654583786,4.380453779949937,3.6699029126213594,3.6481985196593887,2.544309379388023,6.530641866646231,5.701484338149582,5.307372771673186,-1.7014843381495706,0.2643106022896964,0.2799174690508941,-0.16794744670302433,0.4827132499090161,-0.005174112269811953,23.682513783892446,7.233036506126585,644,2094,716,606,0.09155234864889657,0.12024880298196484,0.690180066728828,7,3.7628022082619457,1.1600739061056522,1.20920466952213
