randomization,name,type,l1,l2,l3,ipr1,ipr2,ipr3,l1_cm,l1_er,l1_reg,l2_mp,l3_mp,l1_lap,l2_lap,l3_lap,alg_conn,clustering_c,clustering_r,deg_assort,Q,N.olap,N.temp,N.nodf,H2,H3,H4,H17,cent_between,cent_close,cent_eigen,diam,mean_path_length,deg_het_row,deg_het_col
erdos-renyi,Denver_crimes_2016-03-04,crimes,4.191822,3.468175,3.273297,0.0315740658968425,0.04619336875922903,0.049175531060471414,4.026675696434427,4.077213246093178,3.386138613861386,3.5171774322863487,2.4439637687182403,6.191821919817666,5.468175130512352,5.2732966832259835,-1.4681751305123327,0.21794362842397777,0.24240864642305712,-0.15820274786483396,0.5328477138264752,-0.006926388700286846,20.410008471120523,6.73338979860719,520,1519,485,312,0.09796424428105205,0.14538370270505618,0.7281702906609606,8,4.017821782178218,1.2122704421873398,1.1526623576485073
