randomization,name,type,l1,l2,l3,ipr1,ipr2,ipr3,l1_cm,l1_er,l1_reg,l2_mp,l3_mp,l1_lap,l2_lap,l3_lap,alg_conn,clustering_c,clustering_r,deg_assort,Q,N.olap,N.temp,N.nodf,H2,H3,H4,H17,cent_between,cent_close,cent_eigen,diam,mean_path_length,deg_het_row,deg_het_col
erdos-renyi,Denver_crimes_2016-05-06,crimes,4.052894,3.64625,3.341161,0.032241174012340446,0.08648848959323874,0.04035507154827192,3.9121248923626935,3.9564005617411504,3.2641509433962264,3.472717890630596,2.42688248811802,6.052893609007246,5.646249860839393,5.34116123655772,-1.6462498608394,0.22695346795434593,0.2133676092544987,-0.22680461353890755,0.5649370176083403,-0.004117245963353176,18.599095173851666,6.140904846787199,511,1399,495,380,0.13860033645928105,0.11464073258324411,0.7561032297483486,9,4.239712488769093,1.1727755688462695,1.2034481606468643
