randomization,name,type,l1,l2,l3,ipr1,ipr2,ipr3,l1_cm,l1_er,l1_reg,l2_mp,l3_mp,l1_lap,l2_lap,l3_lap,alg_conn,clustering_c,clustering_r,deg_assort,Q,N.olap,N.temp,N.nodf,H2,H3,H4,H17,cent_between,cent_close,cent_eigen,diam,mean_path_length,deg_het_row,deg_het_col
erdos-renyi,Denver_crimes_2016-02-13,crimes,4.015493,3.340277,3.198267,0.0321804482612508,0.047607426445571976,0.03924300090641522,3.8604689660348668,3.875266213500637,3.191919191919192,3.4227651154385534,2.3695377655469656,6.0154934261399875,5.340277498461445,5.198267251271241,-1.3402774984614336,0.1783405172413793,0.22826086956521738,-0.18557073427032747,0.553036372376223,-0.0037719023154948674,17.676641172440718,6.733231974738319,454,1233,412,272,0.11627478051982877,0.13629934845246935,0.7521420046910617,8,4.14553700267986,1.2606954013779843,1.140282006088768
