randomization,name,type,l1,l2,l3,ipr1,ipr2,ipr3,l1_cm,l1_er,l1_reg,l2_mp,l3_mp,l1_lap,l2_lap,l3_lap,alg_conn,clustering_c,clustering_r,deg_assort,Q,N.olap,N.temp,N.nodf,H2,H3,H4,H17,cent_between,cent_close,cent_eigen,diam,mean_path_length,deg_het_row,deg_het_col
erdos-renyi,Denver_crimes_2016-04-05,crimes,4.038795,3.413727,3.267343,0.02822562166721415,0.03895658178809633,0.04433291135133369,3.86129473142184,3.912363834840813,3.25,3.4433118791577035,2.401899317392207,6.038795492979615,5.413726858730733,5.267342858201223,-1.4137268587307341,0.20070957932083122,0.19955654101995565,-0.03465617142232403,0.5397219985294617,-0.007903401816591184,20.380407801898258,5.8139033977707175,484,1373,427,267,0.12284774694248526,0.14733343793936968,0.7142974336753511,9,4.219006721433906,1.1672210356780226,1.2088862434788696
