randomization,name,type,l1,l2,l3,ipr1,ipr2,ipr3,l1_cm,l1_er,l1_reg,l2_mp,l3_mp,l1_lap,l2_lap,l3_lap,alg_conn,clustering_c,clustering_r,deg_assort,Q,N.olap,N.temp,N.nodf,H2,H3,H4,H17,cent_between,cent_close,cent_eigen,diam,mean_path_length,deg_het_row,deg_het_col
erdos-renyi,Denver_crimes_2016-10-12,crimes,3.917083,3.380507,3.182311,0.026531823297909016,0.05416754316253645,0.030086901138888976,3.702712876341899,3.736364609717804,3.0841121495327104,3.3660002217492466,2.355190470233083,5.917083454238947,5.380506895960248,5.182310907277844,-1.380506895960227,0.1725181598062954,0.18021424070573408,0.04119634635377958,0.5543067033976128,-0.008745075408052331,19.048029977311778,5.441681468324453,446,1219,362,192,0.11355666996104619,0.14100518022299924,0.7139492016159336,9,4.339975312995945,1.2403305785123964,1.1595592286501375
