randomization,name,type,l1,l2,l3,ipr1,ipr2,ipr3,l1_cm,l1_er,l1_reg,l2_mp,l3_mp,l1_lap,l2_lap,l3_lap,alg_conn,clustering_c,clustering_r,deg_assort,Q,N.olap,N.temp,N.nodf,H2,H3,H4,H17,cent_between,cent_close,cent_eigen,diam,mean_path_length,deg_het_row,deg_het_col
erdos-renyi,Denver_crimes_2016-09-27,crimes,4.099045,3.501303,3.3442,0.028450879893879576,0.04130450733026315,0.05725875433134577,3.9608194527446057,3.9608738726865487,3.2857142857142856,3.4739745333820253,2.4466535985862183,6.099044929349935,5.501303132983527,5.344199582362313,-1.5013031329835218,0.17282889079965605,0.18880407124681933,-0.12448149490556204,0.5385456049149346,-0.0035962840212884284,18.648598496412767,5.738433616340593,546,1553,538,421,0.10727310589762257,0.1172558689484824,0.7247658644541316,8,4.142857142857143,1.219281663516068,1.1857277882797732
