randomization,name,type,l1,l2,l3,ipr1,ipr2,ipr3,l1_cm,l1_er,l1_reg,l2_mp,l3_mp,l1_lap,l2_lap,l3_lap,alg_conn,clustering_c,clustering_r,deg_assort,Q,N.olap,N.temp,N.nodf,H2,H3,H4,H17,cent_between,cent_close,cent_eigen,diam,mean_path_length,deg_het_row,deg_het_col
erdos-renyi,Denver_crimes_2016-12-26,crimes,3.023847,2.824449,2.702688,0.040769255367231895,0.06378361026628614,0.035853586309503686,2.871476885121967,2.9832786818885304,2.412371134020619,2.9978944219429344,2.0643973990806286,5.0238466187991975,4.824448703415714,4.702688386426479,-0.824448703415697,0.04310344827586207,0.07228915662650602,-0.17506493506493523,0.6848564540872213,-0.011434694430312824,13.593918706521283,4.1269841269841265,219,384,113,39,0.2188235802736899,0.12066705578417755,0.7708377319137166,13,5.742697594501718,1.233179925487618,1.145883556139966
