randomization,name,type,l1,l2,l3,ipr1,ipr2,ipr3,l1_cm,l1_er,l1_reg,l2_mp,l3_mp,l1_lap,l2_lap,l3_lap,alg_conn,clustering_c,clustering_r,deg_assort,Q,N.olap,N.temp,N.nodf,H2,H3,H4,H17,cent_between,cent_close,cent_eigen,diam,mean_path_length,deg_het_row,deg_het_col
erdos-renyi,Denver_crimes_2016-07-26,crimes,4.030102,3.506058,3.248541,0.027159644787275106,0.05481010723035811,0.04887166595374632,3.878575308054442,3.914133079764994,3.2477064220183487,3.4504379667355902,2.4215659681077053,6.030101633465431,5.506058441838192,5.248540891317838,-1.5060584418381944,0.16989567809239942,0.1792,-0.07993614019454934,0.5377445816974681,-0.006577202743560274,19.298811143670687,5.560689025781428,510,1433,472,340,0.14414770782163155,0.15560076828697486,0.7136542235756562,10,4.261977573904179,1.202623767116729,1.183440263015098
