randomization,name,type,l1,l2,l3,ipr1,ipr2,ipr3,l1_cm,l1_er,l1_reg,l2_mp,l3_mp,l1_lap,l2_lap,l3_lap,alg_conn,clustering_c,clustering_r,deg_assort,Q,N.olap,N.temp,N.nodf,H2,H3,H4,H17,cent_between,cent_close,cent_eigen,diam,mean_path_length,deg_het_row,deg_het_col
erdos-renyi,Denver_crimes_2016-02-14,crimes,3.895324,3.215643,3.070739,0.04262597747678304,0.04746582143107815,0.0496788981753688,3.6272478958113736,3.681951959369526,3.033707865168539,3.317120671834413,2.262394396998677,5.8953236068139905,5.215642511447162,5.070738801434647,-1.2156425114471643,0.20945945945945946,0.22211981566820277,0.01834814563840667,0.5585733882030175,-0.009032763677802235,23.346013422773872,6.682922655715264,356,944,289,168,0.16135987393418855,0.16016208626083586,0.7630596009393092,10,4.346271705822268,1.1983539094650204,1.1855692729766805
