randomization,name,type,l1,l2,l3,ipr1,ipr2,ipr3,l1_cm,l1_er,l1_reg,l2_mp,l3_mp,l1_lap,l2_lap,l3_lap,alg_conn,clustering_c,clustering_r,deg_assort,Q,N.olap,N.temp,N.nodf,H2,H3,H4,H17,cent_between,cent_close,cent_eigen,diam,mean_path_length,deg_het_row,deg_het_col
erdos-renyi,Denver_crimes_2016-10-11,crimes,3.820497,3.379602,3.106647,0.0240306047646714,0.0326273028183814,0.037192844163086804,3.67237332015904,3.6726273987576126,3.026086956521739,3.3424349471729635,2.3604540682629587,5.820497403804542,5.379601803888632,5.106646543692458,-1.3796018038886178,0.16209317166560305,0.16035353535353536,-0.03956079444534186,0.5476284846082715,-0.006093169082535815,15.626449608457678,5.282477186506716,465,1230,366,178,0.07938527108516151,0.11457886007224447,0.704678542437342,10,4.5995423340961095,1.2393975426080062,1.1874752279032896
