randomization,name,type,l1,l2,l3,ipr1,ipr2,ipr3,l1_cm,l1_er,l1_reg,l2_mp,l3_mp,l1_lap,l2_lap,l3_lap,alg_conn,clustering_c,clustering_r,deg_assort,Q,N.olap,N.temp,N.nodf,H2,H3,H4,H17,cent_between,cent_close,cent_eigen,diam,mean_path_length,deg_het_row,deg_het_col
erdos-renyi,Denver_crimes_2016-06-06,crimes,3.947747,3.31745,3.244147,0.04614729034590399,0.03635503573904601,0.040784823994468866,3.751840987625597,3.745340921865219,3.094736842105263,3.349162340420732,2.306030530866745,5.947747167608286,5.31744988587254,5.244146932715741,-1.3174498858725325,0.2042581503659348,0.20577069096431283,-0.09506917346576862,0.5530565967883756,-0.00678863632465566,17.800911433479982,6.210684725357411,405,1083,352,227,0.16779570904185725,0.16388397161794233,0.8030120812132059,10,4.273684210526316,1.224027025776297,1.197417742607247
