randomization,name,type,l1,l2,l3,ipr1,ipr2,ipr3,l1_cm,l1_er,l1_reg,l2_mp,l3_mp,l1_lap,l2_lap,l3_lap,alg_conn,clustering_c,clustering_r,deg_assort,Q,N.olap,N.temp,N.nodf,H2,H3,H4,H17,cent_between,cent_close,cent_eigen,diam,mean_path_length,deg_het_row,deg_het_col
erdos-renyi,Denver_crimes_2016-10-15,crimes,3.403774,3.004334,2.901081,0.04007285098168401,0.051586816251783345,0.05782193504549708,3.1370989886521525,3.293451442245047,2.68,3.159216220042737,2.1868197396201587,5.4037739642942935,5.00433350769926,4.901081292348134,-1.0043335076992639,0.14265129682997119,0.15140845070422534,-0.02060182294918151,0.6307640899977724,-0.013023017242769051,18.92990499914194,4.542443903757772,287,611,169,62,0.18101115235046855,0.14410183773358437,0.7900750780311402,12,5.305858585858586,1.1969258186678549,1.1374470928937401
