randomization,name,type,l1,l2,l3,ipr1,ipr2,ipr3,l1_cm,l1_er,l1_reg,l2_mp,l3_mp,l1_lap,l2_lap,l3_lap,alg_conn,clustering_c,clustering_r,deg_assort,Q,N.olap,N.temp,N.nodf,H2,H3,H4,H17,cent_between,cent_close,cent_eigen,diam,mean_path_length,deg_het_row,deg_het_col
erdos-renyi,Denver_crimes_2016-10-07,crimes,3.923821,3.441332,3.146342,0.027432061408441382,0.04990194006018187,0.045582898021199456,3.7727956614174034,3.7730525832313884,3.1171171171171173,3.385268265013539,2.380350742045051,5.9238209904400945,5.441332474208555,5.14634157142765,-1.4413324742085527,0.15394013439218082,0.15969162995594713,-0.06758599361812755,0.5525744261418704,-0.004158352379989637,16.18435015007428,5.653249752556912,480,1304,421,272,0.16759846757440508,0.16164474772583376,0.7287437298324217,8,4.285339885339885,1.1917872297771392,1.2267031975675764
