randomization,name,type,l1,l2,l3,ipr1,ipr2,ipr3,l1_cm,l1_er,l1_reg,l2_mp,l3_mp,l1_lap,l2_lap,l3_lap,alg_conn,clustering_c,clustering_r,deg_assort,Q,N.olap,N.temp,N.nodf,H2,H3,H4,H17,cent_between,cent_close,cent_eigen,diam,mean_path_length,deg_het_row,deg_het_col
erdos-renyi,Denver_crimes_2016-06-20,crimes,4.242283,3.653773,3.39887,0.04086914901241949,0.04481114826101303,0.044921858844273424,3.935891023638346,3.883910383094497,3.2181818181818183,3.4310892941649236,2.4103969900663476,6.2422827144639275,5.653773318368717,5.398869871476701,-1.6537733183687107,0.2553011026293469,0.28088304368248,0.057758242891392295,0.5505442242012178,-0.006444991109244497,18.584817762311136,5.831375181828355,520,1553,482,307,0.08229186129159338,0.10958655338815362,0.7884396110374399,11,4.379649708090075,1.249640907785119,1.1933990871077915
