randomization,name,type,l1,l2,l3,ipr1,ipr2,ipr3,l1_cm,l1_er,l1_reg,l2_mp,l3_mp,l1_lap,l2_lap,l3_lap,alg_conn,clustering_c,clustering_r,deg_assort,Q,N.olap,N.temp,N.nodf,H2,H3,H4,H17,cent_between,cent_close,cent_eigen,diam,mean_path_length,deg_het_row,deg_het_col
erdos-renyi,Denver_crimes_2016-12-21,crimes,3.670614,3.308835,3.097474,0.03127853175022831,0.05449109281033964,0.0480478798722828,3.4575983210292787,3.564581493177039,2.923076923076923,3.2894926614336866,2.291322826327724,5.670614327677831,5.308834901867185,5.097473629242827,-1.308834901867156,0.1915966386554622,0.18461538461538463,-0.08521503424574654,0.5983379501385045,-0.010056948968908411,16.747148158099815,5.022488755622189,375,902,274,142,0.17231613337465007,0.1585947080884119,0.761744124808519,11,4.8659447348767735,1.1828254847645427,1.1759002770083102
