randomization,name,type,l1,l2,l3,ipr1,ipr2,ipr3,l1_cm,l1_er,l1_reg,l2_mp,l3_mp,l1_lap,l2_lap,l3_lap,alg_conn,clustering_c,clustering_r,deg_assort,Q,N.olap,N.temp,N.nodf,H2,H3,H4,H17,cent_between,cent_close,cent_eigen,diam,mean_path_length,deg_het_row,deg_het_col
erdos-renyi,Denver_crimes_2016-09-16,crimes,3.343891,2.98796,2.917947,0.025249479874431824,0.033208923430209814,0.05935753408505421,3.2425393380275205,3.273465764745971,2.6666666666666665,3.1487026942667957,2.2107283839482235,5.343890860630039,4.987959945233777,4.917946908165842,-0.9879599452337812,0.08278580814717477,0.09612625538020086,-0.1821504362178737,0.6379200146092016,-0.0060262138514270945,11.997576172497936,4.601365488382337,332,703,214,84,0.10667178844216099,0.1085841089458059,0.6971613004923258,13,5.207207207207207,1.223064280496713,1.20799853907962
