randomization,name,type,l1,l2,l3,ipr1,ipr2,ipr3,l1_cm,l1_er,l1_reg,l2_mp,l3_mp,l1_lap,l2_lap,l3_lap,alg_conn,clustering_c,clustering_r,deg_assort,Q,N.olap,N.temp,N.nodf,H2,H3,H4,H17,cent_between,cent_close,cent_eigen,diam,mean_path_length,deg_het_row,deg_het_col
erdos-renyi,Denver_crimes_2016-05-11,crimes,3.963222,3.319503,3.257604,0.019399706690387007,0.03225483300131243,0.04702007120467367,3.872155722495809,3.925994930317137,3.2612612612612613,3.4590684149420747,2.433712139558252,5.963221527495074,5.319503484257859,5.257603594874821,-1.319503484257875,0.14634146341463414,0.1457157516675218,-0.07274871611131083,0.5227557156374961,-0.006301890225055243,18.47124965576532,5.741046831955922,520,1467,448,260,0.10250919027411398,0.11252315208544475,0.6841971958071065,10,4.202784602784603,1.1743231281096425,1.2003601843655567
