randomization,name,type,l1,l2,l3,ipr1,ipr2,ipr3,l1_cm,l1_er,l1_reg,l2_mp,l3_mp,l1_lap,l2_lap,l3_lap,alg_conn,clustering_c,clustering_r,deg_assort,Q,N.olap,N.temp,N.nodf,H2,H3,H4,H17,cent_between,cent_close,cent_eigen,diam,mean_path_length,deg_het_row,deg_het_col
erdos-renyi,Denver_crimes_2016-04-01,crimes,3.806594,3.232635,2.985677,0.030867714222945944,0.03465750101684492,0.040639315413879724,3.5825511871183955,3.7645609455625704,3.0851063829787235,3.382178195420849,2.3236319667880885,5.806593636829507,5.232635040125861,4.985677022561027,-1.232635040125879,0.18503401360544217,0.21648460774577954,-0.16472184531885967,0.5706064209274669,-0.013859821451468482,22.769940864425873,5.60907583295643,380,954,290,143,0.09768859627756986,0.1383268770185165,0.7297771370524684,9,4.4291924044841,1.1531985731272296,1.1434007134363853
