randomization,name,type,l1,l2,l3,ipr1,ipr2,ipr3,l1_cm,l1_er,l1_reg,l2_mp,l3_mp,l1_lap,l2_lap,l3_lap,alg_conn,clustering_c,clustering_r,deg_assort,Q,N.olap,N.temp,N.nodf,H2,H3,H4,H17,cent_between,cent_close,cent_eigen,diam,mean_path_length,deg_het_row,deg_het_col
erdos-renyi,Denver_crimes_2016-01-25,crimes,4.351539,3.359394,3.31291,0.02720325426420801,0.027733882667501417,0.04579029933778438,4.127879361225729,4.119499469301113,3.4285714285714284,3.5457660508597892,2.4981085633904874,6.3515385503628305,5.35939384227539,5.3129102199789955,-1.3593938422753777,0.2088341346153846,0.23214285714285715,-0.023978832478915472,0.5062391493055559,-0.005573039845644788,20.676133276742622,6.26585384556399,604,1888,600,426,0.10598955919943429,0.14429417090902338,0.7449866606061443,9,4.053571428571429,1.1947157118055558,1.20361328125
