randomization,name,type,l1,l2,l3,ipr1,ipr2,ipr3,l1_cm,l1_er,l1_reg,l2_mp,l3_mp,l1_lap,l2_lap,l3_lap,alg_conn,clustering_c,clustering_r,deg_assort,Q,N.olap,N.temp,N.nodf,H2,H3,H4,H17,cent_between,cent_close,cent_eigen,diam,mean_path_length,deg_het_row,deg_het_col
erdos-renyi,Denver_crimes_2016-07-13,crimes,4.18219,3.401326,3.220725,0.04838569395619215,0.03772276136741691,0.05419740374758252,3.853948963178089,3.7844453019569224,3.1228070175438596,3.389896080814607,2.3915251290026927,6.182189800593509,5.401325978629479,5.220724965622448,-1.4013259786294865,0.19443155452436195,0.1859612362493452,0.02101661170907721,0.5437129150359823,-0.0034539745341146963,16.00630752020573,5.7948877805486285,509,1465,466,318,0.13894880074949834,0.13999383588584202,0.8383208873439081,9,4.374941779226828,1.2514202752177754,1.2110844590329501
