randomization,name,type,l1,l2,l3,ipr1,ipr2,ipr3,l1_cm,l1_er,l1_reg,l2_mp,l3_mp,l1_lap,l2_lap,l3_lap,alg_conn,clustering_c,clustering_r,deg_assort,Q,N.olap,N.temp,N.nodf,H2,H3,H4,H17,cent_between,cent_close,cent_eigen,diam,mean_path_length,deg_het_row,deg_het_col
erdos-renyi,Denver_crimes_2016-06-17,crimes,3.837355,3.285197,3.113223,0.027137051814126022,0.04147937354555825,0.04166400069036704,3.662990489323133,3.901516090958501,3.22,3.454825313529206,2.3959348069726247,5.837354759478932,5.285197290068355,5.113222932282818,-1.2851972900683317,0.16193181818181818,0.1808,-0.09763166021331705,0.5367848462636468,-0.012826449607767142,25.134665681856195,5.431751139715741,433,1139,331,162,0.07252030381442037,0.12512093090337176,0.6701221578301789,8,4.21010101010101,1.1298946799891978,1.1288144747502025
