randomization,name,type,l1,l2,l3,ipr1,ipr2,ipr3,l1_cm,l1_er,l1_reg,l2_mp,l3_mp,l1_lap,l2_lap,l3_lap,alg_conn,clustering_c,clustering_r,deg_assort,Q,N.olap,N.temp,N.nodf,H2,H3,H4,H17,cent_between,cent_close,cent_eigen,diam,mean_path_length,deg_het_row,deg_het_col
erdos-renyi,Denver_crimes_2016-02-16,crimes,3.777976,3.386724,3.102183,0.03083023873206969,0.042327188128384007,0.04824780972242181,3.641967371231048,3.6662149043489234,3.017857142857143,3.33886387776743,2.349615512899777,5.777976358342426,5.386724188506115,5.102182701579837,-1.386724188506113,0.12984364377974167,0.14479638009049775,-0.07228462659209459,0.5699730401596567,-0.0051419450634816585,16.827027472861484,5.303226502643789,447,1155,371,235,0.16012370686887586,0.12854892566400936,0.7754322229201139,9,4.4683075933075935,1.2208606141241556,1.189489163544694
