randomization,name,type,l1,l2,l3,ipr1,ipr2,ipr3,l1_cm,l1_er,l1_reg,l2_mp,l3_mp,l1_lap,l2_lap,l3_lap,alg_conn,clustering_c,clustering_r,deg_assort,Q,N.olap,N.temp,N.nodf,H2,H3,H4,H17,cent_between,cent_close,cent_eigen,diam,mean_path_length,deg_het_row,deg_het_col
erdos-renyi,Denver_crimes_2016-07-28,crimes,3.886753,3.391709,3.19512,0.02583641727892395,0.04619280284288413,0.0314112122896342,3.7154125823977404,3.7939278884126644,3.1192660550458715,3.40408904347717,2.3867905709228,5.8867528146991726,5.391709398503817,5.195119536080758,-1.3917093985038138,0.15834218916046758,0.19332298136645962,-0.17654551630434773,0.55,-0.006064167317273265,18.405869698187118,5.432161370295245,468,1215,412,278,0.13905838163187517,0.12676957435633393,0.7379850447099802,9,4.4284743459055385,1.1566782006920415,1.2091349480968858
