randomization,name,type,l1,l2,l3,ipr1,ipr2,ipr3,l1_cm,l1_er,l1_reg,l2_mp,l3_mp,l1_lap,l2_lap,l3_lap,alg_conn,clustering_c,clustering_r,deg_assort,Q,N.olap,N.temp,N.nodf,H2,H3,H4,H17,cent_between,cent_close,cent_eigen,diam,mean_path_length,deg_het_row,deg_het_col
erdos-renyi,Denver_crimes_2016-07-31,crimes,3.937402,3.379262,3.207126,0.02936418553298827,0.05100289949459844,0.051525336254908925,3.810786850605144,3.731692806274533,3.0833333333333335,3.337314039543607,2.30105438826853,5.937402283362411,5.379262134242929,5.207125685597882,-1.3792621342429259,0.1725955204216074,0.19328859060402684,-0.08351970925356475,0.5464755295836371,-0.002420331250208674,17.477433155450694,6.692161820480404,416,1137,380,261,0.1493812070244337,0.14681356017469582,0.7409937678454425,8,4.154824561403509,1.2828707085463844,1.1886413440467494
