randomization,name,type,l1,l2,l3,ipr1,ipr2,ipr3,l1_cm,l1_er,l1_reg,l2_mp,l3_mp,l1_lap,l2_lap,l3_lap,alg_conn,clustering_c,clustering_r,deg_assort,Q,N.olap,N.temp,N.nodf,H2,H3,H4,H17,cent_between,cent_close,cent_eigen,diam,mean_path_length,deg_het_row,deg_het_col
erdos-renyi,Denver_crimes_2016-11-05,crimes,3.406138,2.856762,2.828795,0.055964999948929645,0.06169149276049476,0.04130287300915348,3.096824990033574,3.260247749382394,2.6526315789473682,3.137361536070859,2.1561377982143375,5.4061380802344585,4.85676220320316,4.828794669876412,-0.8567622032031614,0.12980769230769232,0.12878787878787878,-0.0216041463539799,0.6121819098009567,-0.012979136288102098,19.381712641026514,4.59627795287408,265,554,149,47,0.16773388436335984,0.1352787074756695,0.8085768835776576,13,5.191489361702128,1.1757369614512472,1.1529352481733433
