randomization,name,type,l1,l2,l3,ipr1,ipr2,ipr3,l1_cm,l1_er,l1_reg,l2_mp,l3_mp,l1_lap,l2_lap,l3_lap,alg_conn,clustering_c,clustering_r,deg_assort,Q,N.olap,N.temp,N.nodf,H2,H3,H4,H17,cent_between,cent_close,cent_eigen,diam,mean_path_length,deg_het_row,deg_het_col
erdos-renyi,Denver_crimes_2016-05-22,crimes,4.091803,3.372223,3.333097,0.02248601847242336,0.040715674799610316,0.03664810066883673,4.012240342048103,4.041522519342314,3.3267326732673266,3.5063244413029113,2.434106001530073,6.09180279180223,5.372223107214724,5.333096574772229,-1.3722231072147113,0.2116991643454039,0.2331002331002331,-0.2347507768271399,0.547335600907029,-0.005757140063761319,19.26268182372639,6.900596163815448,513,1468,491,321,0.10017888927396344,0.14126625664439862,0.6654756508987393,8,4.073663366336634,1.2208049886621317,1.1577380952380953
