randomization,name,type,l1,l2,l3,ipr1,ipr2,ipr3,l1_cm,l1_er,l1_reg,l2_mp,l3_mp,l1_lap,l2_lap,l3_lap,alg_conn,clustering_c,clustering_r,deg_assort,Q,N.olap,N.temp,N.nodf,H2,H3,H4,H17,cent_between,cent_close,cent_eigen,diam,mean_path_length,deg_het_row,deg_het_col
erdos-renyi,Denver_crimes_2016-01-09,crimes,3.421626,3.019104,2.931798,0.03284572770879623,0.049388911026828484,0.057894172569183264,3.2765640736250194,3.371490510540339,2.7435897435897436,3.1617745836161038,2.1112513586711263,5.421626319319399,5.019103536930872,4.931798402749994,-1.0191035369308652,0.16066481994459833,0.1589958158995816,-0.14784686562611235,0.6179579002532983,-0.012969293344266697,21.06039030142974,6.552753815527538,247,543,169,78,0.1849908200175841,0.1366807287206637,0.6856163909792796,11,4.602064602064602,1.17215477334265,1.1967857454799546
