randomization,name,type,l1,l2,l3,ipr1,ipr2,ipr3,l1_cm,l1_er,l1_reg,l2_mp,l3_mp,l1_lap,l2_lap,l3_lap,alg_conn,clustering_c,clustering_r,deg_assort,Q,N.olap,N.temp,N.nodf,H2,H3,H4,H17,cent_between,cent_close,cent_eigen,diam,mean_path_length,deg_het_row,deg_het_col
erdos-renyi,Minneapolis_crimes_2016-01-16,crimes,2.755651,2.603486,2.092307,0.13066139838049548,0.13301739070285382,0.16232355120016143,2.7700122497733006,2.6809260417529464,1.9166666666666667,2.6489871581027145,1.352676780477398,4.7556508614704756,4.603486480026536,4.0923069106890395,-0.6034864800265405,0,0,-0.7754104086622424,0.6219281663516066,-0.01721396697225426,40.9872292240653,13.941068139963168,55,35,67,55,0.5153806495961505,0.21084587311142816,0.7528512775341436,8,4.047101449275362,1.1852551984877127,1.1625708884688093
