randomization,name,type,l1,l2,l3,ipr1,ipr2,ipr3,l1_cm,l1_er,l1_reg,l2_mp,l3_mp,l1_lap,l2_lap,l3_lap,alg_conn,clustering_c,clustering_r,deg_assort,Q,N.olap,N.temp,N.nodf,H2,H3,H4,H17,cent_between,cent_close,cent_eigen,diam,mean_path_length,deg_het_row,deg_het_col
erdos-renyi,Minneapolis_crimes_2016-02-14,crimes,2.693289,2.425389,2.012488,0.09701431058362238,0.1441840988893426,0.15320827613344384,2.765863337187866,2.7864714383827938,2.1052631578947367,2.5108479687545424,1.2202701764410886,4.693289404067675,4.425389358131189,4.012487711835321,-0.4253893581312009,0.16666666666666666,0,-0.7637540453074435,0.5349999999999999,-0.0416900023335667,41.033371844174624,21.03960396039604,42,41,36,21,0.34120067780198504,0.20537800921005817,0.5833822039353547,6,3.3567251461988303,1.19,1.125
