randomization,name,type,l1,l2,l3,ipr1,ipr2,ipr3,l1_cm,l1_er,l1_reg,l2_mp,l3_mp,l1_lap,l2_lap,l3_lap,alg_conn,clustering_c,clustering_r,deg_assort,Q,N.olap,N.temp,N.nodf,H2,H3,H4,H17,cent_between,cent_close,cent_eigen,diam,mean_path_length,deg_het_row,deg_het_col
erdos-renyi,Minneapolis_crimes_2016-02-02,crimes,2.824867,2.39922,2.175547,0.11287880765506608,0.15832372387251373,0.14595002262935464,2.7664166758624407,2.7783625115549695,2.074074074074074,2.713542491559461,1.4482524148556677,4.824867144283629,4.39922025779374,4.175547421740105,-0.3992202577937486,0.0967741935483871,0.4375,-0.7151607963246548,0.6071428571428571,-0.04543219341449058,46.27372643725088,16.034755134281202,57,66,43,18,0.4771597633136095,0.22340541311511652,0.718475970078869,10,4.3076923076923075,1.2755102040816328,1.0714285714285714
