randomization,name,type,l1,l2,l3,ipr1,ipr2,ipr3,l1_cm,l1_er,l1_reg,l2_mp,l3_mp,l1_lap,l2_lap,l3_lap,alg_conn,clustering_c,clustering_r,deg_assort,Q,N.olap,N.temp,N.nodf,H2,H3,H4,H17,cent_between,cent_close,cent_eigen,diam,mean_path_length,deg_het_row,deg_het_col
erdos-renyi,Minneapolis_crimes_2016-08-11,crimes,3.120916,2.752441,2.439844,0.11029353050297376,0.09603924528455295,0.1114825638667086,2.9249881291307074,2.9162302424499122,2.1818181818181817,2.92326147977071,1.7411078568843787,5.12091634779625,4.752441468393828,4.439844201490435,-0.7524414683938317,0.125,0.1590909090909091,-0.5846994535519126,0.6618923611111113,-0.010120156072624675,26.4480243437295,10.302491103202847,108,136,106,87,0.3801927621598486,0.1779367477129715,0.8258052646651322,14,5.120507399577167,1.2222222222222223,1.1666666666666667
