randomization,name,type,l1,l2,l3,ipr1,ipr2,ipr3,l1_cm,l1_er,l1_reg,l2_mp,l3_mp,l1_lap,l2_lap,l3_lap,alg_conn,clustering_c,clustering_r,deg_assort,Q,N.olap,N.temp,N.nodf,H2,H3,H4,H17,cent_between,cent_close,cent_eigen,diam,mean_path_length,deg_het_row,deg_het_col
erdos-renyi,Minneapolis_crimes_2016-06-21,crimes,3.522121,2.683539,2.556478,0.09021132982389149,0.11035833152121699,0.1219030000598167,3.4226138716316967,3.212127986948034,2.27027027027027,2.9676182993352813,1.6918240868582064,5.5221210704905985,4.683539321665847,4.556477890511067,-0.6835393216658567,0.22026431718061673,0.7457627118644068,-0.6973488233541848,0.5975056689342404,-0.004828994705415112,37.88896104928523,15.785604564406409,123,193,159,144,0.4684237213403881,0.2658976737324628,0.7510078059512013,6,3.7177177177177176,1.3809523809523807,1.1156462585034013
