randomization,name,type,l1,l2,l3,ipr1,ipr2,ipr3,l1_cm,l1_er,l1_reg,l2_mp,l3_mp,l1_lap,l2_lap,l3_lap,alg_conn,clustering_c,clustering_r,deg_assort,Q,N.olap,N.temp,N.nodf,H2,H3,H4,H17,cent_between,cent_close,cent_eigen,diam,mean_path_length,deg_het_row,deg_het_col
erdos-renyi,Minneapolis_crimes_2016-03-11,crimes,2.604657,2.269107,1.978425,0.1555227001551389,0.24068329841381578,0.08669388680339525,2.606319130168833,2.4188895802109376,1.9259259259259258,2.4488311995656784,1.3130711696337796,4.60465749216476,4.269106785736608,3.978425329413909,-0.26910678573660696,0,0,-0.5316363636363636,0.6464497041420121,-0.020202342163668133,21.700288907315677,13.627992633517497,43,43,27,11,0.5996449704142012,0.24859006691464158,0.8050133261424185,10,4.871794871794871,1.4082840236686391,1.2130177514792897
