randomization,name,type,l1,l2,l3,ipr1,ipr2,ipr3,l1_cm,l1_er,l1_reg,l2_mp,l3_mp,l1_lap,l2_lap,l3_lap,alg_conn,clustering_c,clustering_r,deg_assort,Q,N.olap,N.temp,N.nodf,H2,H3,H4,H17,cent_between,cent_close,cent_eigen,diam,mean_path_length,deg_het_row,deg_het_col
erdos-renyi,Minneapolis_crimes_2016-10-19,crimes,3.148504,2.687071,2.526892,0.12668940009376883,0.07797726160830228,0.10079735460819249,2.9724634148064712,2.899759815849734,2.13953488372093,2.9157711982631205,1.7234998624954758,5.148504416875348,4.687071016613921,4.526891666607376,-0.6870710166139277,0.12444444444444444,0,-0.6168631198895612,0.6583175803402649,-0.006593642836524123,28.771556271282865,10.387174833635813,109,132,118,100,0.3754558191840421,0.2191778080270787,0.8404824520286095,10,4.613510520487265,1.2400756143667298,1.1852551984877129
