randomization,name,type,l1,l2,l3,ipr1,ipr2,ipr3,l1_cm,l1_er,l1_reg,l2_mp,l3_mp,l1_lap,l2_lap,l3_lap,alg_conn,clustering_c,clustering_r,deg_assort,Q,N.olap,N.temp,N.nodf,H2,H3,H4,H17,cent_between,cent_close,cent_eigen,diam,mean_path_length,deg_het_row,deg_het_col
erdos-renyi,Minneapolis_crimes_2016-05-11,crimes,2.936925,2.70576,2.215313,0.15166370676521285,0.22478834765479505,0.1634107522519314,2.821202522590214,2.6376384247276037,2,2.7494809822106423,1.6190644497321471,4.93692530064619,4.705759737286084,4.21531289363178,-0.7057597372860659,0,0,-0.4989898989898991,0.6865079365079363,-0.0032387248520200002,26.394269668644206,9.115103127079173,87,92,90,76,0.643694229625223,0.2371793249759526,0.8521372891260454,12,5.328687572590011,1.326530612244898,1.2244897959183674
