randomization,name,type,l1,l2,l3,ipr1,ipr2,ipr3,l1_cm,l1_er,l1_reg,l2_mp,l3_mp,l1_lap,l2_lap,l3_lap,alg_conn,clustering_c,clustering_r,deg_assort,Q,N.olap,N.temp,N.nodf,H2,H3,H4,H17,cent_between,cent_close,cent_eigen,diam,mean_path_length,deg_het_row,deg_het_col
erdos-renyi,Minneapolis_crimes_2016-01-29,crimes,2.978617,2.363225,2.265191,0.12804125426255694,0.08164702827806203,0.1082563855912396,2.896162133244756,2.828831420634471,2.1875,2.731165750218419,1.5274432184070184,4.978616615656309,4.36322485791484,4.265191125372819,-0.36322485791484893,0.1523809523809524,0.3953488372093023,-0.5470255898969753,0.59265306122449,-0.0332461681490123,29.693333047248704,11.624396135265702,71,97,53,27,0.34029367556942997,0.18670610810650418,0.7789209801430476,8,4.298387096774194,1.3469387755102042,1.1183673469387754
