randomization,name,type,l1,l2,l3,ipr1,ipr2,ipr3,l1_cm,l1_er,l1_reg,l2_mp,l3_mp,l1_lap,l2_lap,l3_lap,alg_conn,clustering_c,clustering_r,deg_assort,Q,N.olap,N.temp,N.nodf,H2,H3,H4,H17,cent_between,cent_close,cent_eigen,diam,mean_path_length,deg_het_row,deg_het_col
erdos-renyi,Minneapolis_crimes_2016-07-18,crimes,3.053486,2.490922,2.343867,0.10812803432482691,0.09981916558656127,0.119351169424159,2.886274157525008,2.875790745828546,2.1463414634146343,2.891146737028706,1.6962098661820093,5.0534864892426885,4.490922305640477,4.343867144705052,-0.49092230564047634,0.08333333333333333,0.26666666666666666,-0.6105417276720347,0.6394628099173553,-0.030939797164286967,31.720413437161792,8.918367346938776,94,125,77,39,0.47278739316239315,0.23760701041124097,0.7958176957795697,10,4.692682926829268,1.3016528925619837,1.0909090909090908
