randomization,name,type,l1,l2,l3,ipr1,ipr2,ipr3,l1_cm,l1_er,l1_reg,l2_mp,l3_mp,l1_lap,l2_lap,l3_lap,alg_conn,clustering_c,clustering_r,deg_assort,Q,N.olap,N.temp,N.nodf,H2,H3,H4,H17,cent_between,cent_close,cent_eigen,diam,mean_path_length,deg_het_row,deg_het_col
erdos-renyi,Minneapolis_crimes_2016-06-12,crimes,2.987036,2.692463,2.480628,0.09156380014863241,0.06687796442013319,0.06440030003544223,2.9297162348007717,2.893683263893297,2.1702127659574466,2.9232685596844044,1.7637199756480488,4.9870364915167755,4.6924626753358725,4.48062775176086,-0.692462675335894,0.02631578947368421,0.14634146341463414,-0.670863938440014,0.6416762783544794,-0.005443183284411851,24.918811037188906,10.50339071465832,114,142,103,66,0.2344970544403436,0.11116928050573201,0.8039569283565133,11,4.7104532839963,1.2418300653594772,1.1745482506728182
