randomization,name,type,l1,l2,l3,ipr1,ipr2,ipr3,l1_cm,l1_er,l1_reg,l2_mp,l3_mp,l1_lap,l2_lap,l3_lap,alg_conn,clustering_c,clustering_r,deg_assort,Q,N.olap,N.temp,N.nodf,H2,H3,H4,H17,cent_between,cent_close,cent_eigen,diam,mean_path_length,deg_het_row,deg_het_col
erdos-renyi,Minneapolis_crimes_2016-05-28,crimes,3.579878,2.647913,2.473088,0.12010838426551289,0.09872440374330661,0.05793679255497624,3.373199108001516,3.1333978072025612,2.4,2.8905781346079222,1.696539620727374,5.579878420455122,4.647913184002474,4.47308838412154,-0.647913184002479,0.3106060606060606,0.41935483870967744,-0.34347703578472805,0.5872395833333335,-0.007944214980828253,33.77079695469088,14.86111111111111,123,239,138,143,0.40829226254327483,0.23862470422225585,0.8272514021619598,8,4.125641025641026,1.4097222222222225,1.1770833333333333
