randomization,name,type,l1,l2,l3,ipr1,ipr2,ipr3,l1_cm,l1_er,l1_reg,l2_mp,l3_mp,l1_lap,l2_lap,l3_lap,alg_conn,clustering_c,clustering_r,deg_assort,Q,N.olap,N.temp,N.nodf,H2,H3,H4,H17,cent_between,cent_close,cent_eigen,diam,mean_path_length,deg_het_row,deg_het_col
erdos-renyi,Minneapolis_crimes_2016-04-23,crimes,3.352364,2.872063,2.609705,0.08063175213958598,0.06914737913812578,0.05352914078990289,3.2260945593527652,3.2334010177796015,2.30188679245283,3.1641334282703237,1.9432336191561235,5.352363729583367,4.872062520117748,4.6097053071574825,-0.8720625201177543,0.06967213114754098,0.3023255813953488,-0.7177050334389302,0.6173071754904594,-0.01970712454811512,33.507555227608414,9.294582392776524,163,235,184,144,0.3471710594165346,0.20424657653071215,0.7658986142484727,8,4.296081277213353,1.289169578070411,1.0674549852190272
