randomization,name,type,l1,l2,l3,ipr1,ipr2,ipr3,l1_cm,l1_er,l1_reg,l2_mp,l3_mp,l1_lap,l2_lap,l3_lap,alg_conn,clustering_c,clustering_r,deg_assort,Q,N.olap,N.temp,N.nodf,H2,H3,H4,H17,cent_between,cent_close,cent_eigen,diam,mean_path_length,deg_het_row,deg_het_col
erdos-renyi,Minneapolis_crimes_2016-08-06,crimes,2.940444,2.748976,2.402121,0.09045565532201601,0.11659175759823404,0.10353258747259818,2.864598737332321,2.8870282220681807,2.1951219512195124,2.8774420614029323,1.6943365108717636,4.940444394214121,4.748976498560214,4.402121457641522,-0.7489764985602211,0.13756613756613756,0.16666666666666666,-0.5860163840731571,0.6488888888888893,-0.01910256365523038,33.359524440537754,11.49364406779661,94,128,73,39,0.32348717948717953,0.15050734660659368,0.7601671559040296,11,4.7317073170731705,1.2459259259259259,1.1318518518518519
