randomization,name,type,l1,l2,l3,ipr1,ipr2,ipr3,l1_cm,l1_er,l1_reg,l2_mp,l3_mp,l1_lap,l2_lap,l3_lap,alg_conn,clustering_c,clustering_r,deg_assort,Q,N.olap,N.temp,N.nodf,H2,H3,H4,H17,cent_between,cent_close,cent_eigen,diam,mean_path_length,deg_het_row,deg_het_col
erdos-renyi,Minneapolis_crimes_2016-06-25,crimes,3.088723,2.583648,2.440552,0.13848416480743148,0.10017936367538019,0.10684815856994545,2.8896249057569787,2.8541739458584026,2.1363636363636362,2.8936758026835574,1.7221383273903497,5.088723186414168,4.5836483516563336,4.440551869375052,-0.583648351656332,0.05641025641025641,0.13157894736842105,-0.5748691099476444,0.6604798551380718,-0.006178520238527598,26.27251624492467,10.376631079478056,104,125,103,86,0.3869015426614127,0.1789563218478069,0.8531048191122537,14,5.13107822410148,1.2313263920325939,1.1788139429606157
