randomization,name,type,l1,l2,l3,ipr1,ipr2,ipr3,l1_cm,l1_er,l1_reg,l2_mp,l3_mp,l1_lap,l2_lap,l3_lap,alg_conn,clustering_c,clustering_r,deg_assort,Q,N.olap,N.temp,N.nodf,H2,H3,H4,H17,cent_between,cent_close,cent_eigen,diam,mean_path_length,deg_het_row,deg_het_col
erdos-renyi,Minneapolis_crimes_2016-11-24,crimes,2.881576,2.627221,2.269227,0.14911731205517773,0.12199086570191363,0.12003152478476181,2.7883952246756705,2.878189454341097,2,2.84076528525936,1.4873744392514543,4.881575616750342,4.627221200193215,4.269227305674612,-0.6272212001932251,0.13043478260869565,0,-0.824561403508772,0.6153846153846154,-0.02796345811051695,57.02087301304128,15.492424242424244,65,45,80,66,0.5541333333333334,0.22547656883073444,0.7976490584216541,10,4.212307692307692,1.1183431952662721,1.0798816568047336
