randomization,name,type,l1,l2,l3,ipr1,ipr2,ipr3,l1_cm,l1_er,l1_reg,l2_mp,l3_mp,l1_lap,l2_lap,l3_lap,alg_conn,clustering_c,clustering_r,deg_assort,Q,N.olap,N.temp,N.nodf,H2,H3,H4,H17,cent_between,cent_close,cent_eigen,diam,mean_path_length,deg_het_row,deg_het_col
erdos-renyi,Minneapolis_crimes_2016-06-18,crimes,3.233393,2.958976,2.61059,0.07314363844192584,0.06836053937659965,0.07784323101420537,3.221369108765905,3.2659863237109037,2.5365853658536586,3.008576625262655,1.7843307227317766,5.233392970372408,4.958976402790562,4.610590223149774,-0.9589764027905364,0.21428571428571427,0.3983050847457627,-0.6095238095238097,0.5939349112426033,-0.027161684152888395,34.2208385066767,12.130847953216374,124,212,103,61,0.17814529914529909,0.1292295734505554,0.7096418687838183,8,3.995121951219512,1.2633136094674555,1.1057692307692308
