randomization,name,type,l1,l2,l3,ipr1,ipr2,ipr3,l1_cm,l1_er,l1_reg,l2_mp,l3_mp,l1_lap,l2_lap,l3_lap,alg_conn,clustering_c,clustering_r,deg_assort,Q,N.olap,N.temp,N.nodf,H2,H3,H4,H17,cent_between,cent_close,cent_eigen,diam,mean_path_length,deg_het_row,deg_het_col
erdos-renyi,Minneapolis_crimes_2016-11-21,crimes,2.950253,2.682126,2.218119,0.09577938773697099,0.086618892418658,0.12449643240340076,2.8080142655822367,2.822835976431381,2.0526315789473686,2.895187145879897,1.6632051332928264,4.9502532879706,4.682125747782178,4.2181188739456275,-0.6821257477821848,0.09444444444444444,0.25,-0.6711886304909558,0.6660092044707433,-0.03171882375280958,46.19883133770689,10.701357466063348,84,101,72,37,0.4632335037740443,0.16901097333693801,0.777532310292719,12,4.951635846372689,1.2774490466798158,1.0591715976331362
