randomization,name,type,l1,l2,l3,ipr1,ipr2,ipr3,l1_cm,l1_er,l1_reg,l2_mp,l3_mp,l1_lap,l2_lap,l3_lap,alg_conn,clustering_c,clustering_r,deg_assort,Q,N.olap,N.temp,N.nodf,H2,H3,H4,H17,cent_between,cent_close,cent_eigen,diam,mean_path_length,deg_het_row,deg_het_col
erdos-renyi,Minneapolis_crimes_2016-05-14,crimes,3.208148,2.661472,2.506403,0.08112349861434605,0.10598293916920049,0.10439859231192967,3.217421413805879,3.224026274291052,2.375,2.9323552119727876,1.6355239740092173,5.20814768465201,4.661471989883911,4.506403161960894,-0.6614719898839029,0.1590909090909091,0.52,-0.7333761644715715,0.551939058171745,-0.004273454534168228,43.011714621286416,19.232456140350877,100,143,109,86,0.2572412995722048,0.17560012280660942,0.6890206258004222,6,3.463709677419355,1.2299168975069255,1.1191135734072022
