randomization,name,type,l1,l2,l3,ipr1,ipr2,ipr3,l1_cm,l1_er,l1_reg,l2_mp,l3_mp,l1_lap,l2_lap,l3_lap,alg_conn,clustering_c,clustering_r,deg_assort,Q,N.olap,N.temp,N.nodf,H2,H3,H4,H17,cent_between,cent_close,cent_eigen,diam,mean_path_length,deg_het_row,deg_het_col
erdos-renyi,Minneapolis_crimes_2016-12-25,crimes,2.707046,2.284894,1.9162,0.23659365838752325,0.12251039541424803,0.14643108945031394,2.596883064924673,2.5383782465402014,1.9130434782608696,2.541908853285527,1.2952907630998398,4.707045774266861,4.284894274518269,3.9161997929933556,-0.284894274518287,0,0,-0.6372093023255814,0.6157024793388429,-0.043919050044877846,40.476837059959536,11.644591611479028,43,28,43,36,0.4807162534435262,0.19330207537791547,0.869925530897657,8,4.434782608695652,1.1942148760330578,1.1900826446280992
