randomization,name,type,l1,l2,l3,ipr1,ipr2,ipr3,l1_cm,l1_er,l1_reg,l2_mp,l3_mp,l1_lap,l2_lap,l3_lap,alg_conn,clustering_c,clustering_r,deg_assort,Q,N.olap,N.temp,N.nodf,H2,H3,H4,H17,cent_between,cent_close,cent_eigen,diam,mean_path_length,deg_het_row,deg_het_col
erdos-renyi,Minneapolis_crimes_2016-09-27,crimes,3.227843,2.882178,2.541954,0.08067113460274886,0.118246307646068,0.06412863567976976,3.167283358536856,3.1843644080084093,2.3043478260869565,3.084414540716681,1.8485786699951225,5.227842755743119,4.882178358167973,4.541953545116774,-0.8821783581679606,0.12643678160919541,0.3582089552238806,-0.7314290404662237,0.6126735493058023,-0.02186233100881322,35.1247615134679,9.961538461538462,137,186,149,112,0.3725320934209823,0.23865770787141757,0.7419191550566713,8,4.292753623188406,1.2584549661801352,1.092559629761481
