randomization,name,type,l1,l2,l3,ipr1,ipr2,ipr3,l1_cm,l1_er,l1_reg,l2_mp,l3_mp,l1_lap,l2_lap,l3_lap,alg_conn,clustering_c,clustering_r,deg_assort,Q,N.olap,N.temp,N.nodf,H2,H3,H4,H17,cent_between,cent_close,cent_eigen,diam,mean_path_length,deg_het_row,deg_het_col
erdos-renyi,Minneapolis_crimes_2016-10-23,crimes,3.238774,2.677919,2.293477,0.08891840334135477,0.10850821431406471,0.09143243274577005,3.0832157852071194,3.039732203521555,2.324324324324324,2.879959889229637,1.6637838012408146,5.238774405945247,4.677919410545226,4.293476878164923,-0.6779194105452355,0.18214285714285713,0.3291139240506329,-0.47781712143303523,0.5700378583017849,-0.022791191582381517,32.65765387506272,13.17543859649123,98,170,79,41,0.28093621399176955,0.19193851064869588,0.7414260949954053,8,3.834834834834835,1.3077339102217416,1.124391563007031
