randomization,name,type,l1,l2,l3,ipr1,ipr2,ipr3,l1_cm,l1_er,l1_reg,l2_mp,l3_mp,l1_lap,l2_lap,l3_lap,alg_conn,clustering_c,clustering_r,deg_assort,Q,N.olap,N.temp,N.nodf,H2,H3,H4,H17,cent_between,cent_close,cent_eigen,diam,mean_path_length,deg_het_row,deg_het_col
erdos-renyi,Minneapolis_crimes_2016-07-24,crimes,3.260885,3.070155,2.634015,0.09236570026346147,0.1266943168286226,0.10216146207866698,3.144555342118068,2.953263886995051,2.1886792452830193,2.9644860930268373,1.8258203861978533,5.26088536184062,5.070154713693733,4.634014844534643,-1.0701547136937302,0.08118081180811808,0.10526315789473684,-0.5277924362357079,0.6542806183115334,0.00894454444546357,24.576667342346607,8.984375,150,181,210,264,0.36678800711606147,0.17920211259578547,0.8232506028735078,9,4.763425253991292,1.252080856123662,1.2818073721759808
