randomization,name,type,l1,l2,l3,ipr1,ipr2,ipr3,l1_cm,l1_er,l1_reg,l2_mp,l3_mp,l1_lap,l2_lap,l3_lap,alg_conn,clustering_c,clustering_r,deg_assort,Q,N.olap,N.temp,N.nodf,H2,H3,H4,H17,cent_between,cent_close,cent_eigen,diam,mean_path_length,deg_het_row,deg_het_col
erdos-renyi,Minneapolis_crimes_2016-03-18,crimes,3.270141,2.816157,2.394478,0.1028640426802192,0.1178033597886454,0.11363467080137114,3.1628753877344717,2.8112359209398328,2.1904761904761907,2.73731712272097,1.6219814233308874,5.27014143160506,4.816156783590235,4.394478160235428,-0.8161567835902284,0.1187214611872146,0.25,-0.43105926113788146,0.6181474480151227,0.026093657586194904,20.094529779884148,13.468372423596303,111,157,138,148,0.392587745389649,0.1901920367660666,0.8029904956924432,10,4.348432055749129,1.2967863894139888,1.4291115311909266
