randomization,name,type,l1,l2,l3,ipr1,ipr2,ipr3,l1_cm,l1_er,l1_reg,l2_mp,l3_mp,l1_lap,l2_lap,l3_lap,alg_conn,clustering_c,clustering_r,deg_assort,Q,N.olap,N.temp,N.nodf,H2,H3,H4,H17,cent_between,cent_close,cent_eigen,diam,mean_path_length,deg_het_row,deg_het_col
erdos-renyi,Minneapolis_crimes_2016-06-20,crimes,3.308213,2.905741,2.513418,0.10343221408943641,0.12145868712920443,0.0859450094757576,3.153359316176318,3.036323547214923,2.326530612244898,2.9476221067668,1.8006471362618857,5.308213261792581,4.905741294821005,4.5134184316109724,-0.9057412948210064,0.12643678160919541,0.21568627450980393,-0.48184870013271913,0.5946445060018466,0.002680207998874838,22.399498314800457,10.988488488488489,137,221,139,118,0.27253850842198585,0.1506029351079359,0.8258251386089736,9,4.282312925170068,1.2662357648507232,1.2326869806094183
