randomization,name,type,l1,l2,l3,ipr1,ipr2,ipr3,l1_cm,l1_er,l1_reg,l2_mp,l3_mp,l1_lap,l2_lap,l3_lap,alg_conn,clustering_c,clustering_r,deg_assort,Q,N.olap,N.temp,N.nodf,H2,H3,H4,H17,cent_between,cent_close,cent_eigen,diam,mean_path_length,deg_het_row,deg_het_col
erdos-renyi,Minneapolis_crimes_2016-08-27,crimes,3.468573,2.634309,2.447757,0.1413929636650922,0.11671522501740897,0.059772056128560055,3.2604627407701834,2.9425971861587357,2.25,2.8002857484526302,1.6392023918905438,5.468572677151601,4.634308729992266,4.447757245082528,-0.6343087299922586,0.2832764505119454,0.3287671232876712,-0.36837532580364923,0.62962962962963,9.034488153481289e-4,31.895347125413828,13.603603603603604,111,189,131,142,0.4712669247082203,0.23264451214442683,0.8507375690785081,8,4.412820512820513,1.4241975308641974,1.2385185185185186
