randomization,name,type,l1,l2,l3,ipr1,ipr2,ipr3,l1_cm,l1_er,l1_reg,l2_mp,l3_mp,l1_lap,l2_lap,l3_lap,alg_conn,clustering_c,clustering_r,deg_assort,Q,N.olap,N.temp,N.nodf,H2,H3,H4,H17,cent_between,cent_close,cent_eigen,diam,mean_path_length,deg_het_row,deg_het_col
erdos-renyi,Minneapolis_crimes_2016-06-19,crimes,2.982685,2.544496,2.228544,0.14334381964099416,0.112013615558896,0.1516722027797551,2.919363363091236,2.6795150166844897,2.108108108108108,2.6580394931152638,1.5354323938893568,4.982685227957205,4.544495912268406,4.228544269540062,-0.5444959122683978,0.05405405405405406,0.13953488372093023,-0.3836289805513997,0.6344510190664041,0.010843101060606434,23.956800540904478,13.192090395480227,79,114,67,45,0.4024691358024691,0.19996390801177696,0.8374788711107954,10,4.516516516516517,1.3727810650887573,1.2735042735042734
