randomization,name,type,l1,l2,l3,ipr1,ipr2,ipr3,l1_cm,l1_er,l1_reg,l2_mp,l3_mp,l1_lap,l2_lap,l3_lap,alg_conn,clustering_c,clustering_r,deg_assort,Q,N.olap,N.temp,N.nodf,H2,H3,H4,H17,cent_between,cent_close,cent_eigen,diam,mean_path_length,deg_het_row,deg_het_col
erdos-renyi,Minneapolis_crimes_2016-11-15,crimes,3.509875,3.029097,2.79784,0.06645757527767486,0.07153014819170193,0.05518216450393678,3.4484262656791036,3.4238882056566124,2.490566037735849,3.203202606755722,1.976356073679235,5.509875000222506,5.0290966383914295,4.797839674712549,-1.0290966383914357,0.16796267496111975,0.35877862595419846,-0.6757637474541756,0.6186868686868683,-0.010032593000435568,31.054936175962435,10.664335664335665,189,315,229,214,0.23266581646106516,0.1617110138281868,0.7542085609601504,8,4.1088534107402035,1.2855831037649221,1.1042240587695134
