randomization,name,type,l1,l2,l3,ipr1,ipr2,ipr3,l1_cm,l1_er,l1_reg,l2_mp,l3_mp,l1_lap,l2_lap,l3_lap,alg_conn,clustering_c,clustering_r,deg_assort,Q,N.olap,N.temp,N.nodf,H2,H3,H4,H17,cent_between,cent_close,cent_eigen,diam,mean_path_length,deg_het_row,deg_het_col
erdos-renyi,Minneapolis_crimes_2016-12-26,crimes,2.865342,2.502141,1.590316,0.25644326629111397,0.2517431042601138,0.25690903845338736,2.814323226801338,2.7797394073232677,1.8888888888888888,2.5177059158375394,1.1672132045563999,4.865341887084917,4.50214136019683,3.5903158440099237,-0.5021413601968308,0,0,-0.8331283312833132,0.5328719723183389,0.06312463256907704,47.03468468491858,13.580246913580245,48,16,77,85,0.5449826989619377,0.21771597734212886,0.8427208554143764,6,3.4705882352941178,1.0899653979238755,1.1314878892733564
