randomization,name,type,l1,l2,l3,ipr1,ipr2,ipr3,l1_cm,l1_er,l1_reg,l2_mp,l3_mp,l1_lap,l2_lap,l3_lap,alg_conn,clustering_c,clustering_r,deg_assort,Q,N.olap,N.temp,N.nodf,H2,H3,H4,H17,cent_between,cent_close,cent_eigen,diam,mean_path_length,deg_het_row,deg_het_col
erdos-renyi,Minneapolis_crimes_2016-09-11,crimes,3.403453,2.849052,2.64513,0.074640417598746,0.07543318210434706,0.04839925674304099,3.25059315845116,3.309990824570423,2.5357142857142856,3.1302711334652367,1.9638599215486852,5.403452769931044,4.8490523631920155,4.645129776666492,-0.8490523631920092,0.13237924865831843,0.23952095808383234,-0.56251185733257425,0.5711168418964493,-0.013739082606775782,27.17182622549802,9.694032687191182,176,311,161,110,0.21351629549242046,0.16857623331646118,0.7723372651956568,8,4.187662337662338,1.2301130728030152,1.1297361634596308
