randomization,name,type,l1,l2,l3,ipr1,ipr2,ipr3,l1_cm,l1_er,l1_reg,l2_mp,l3_mp,l1_lap,l2_lap,l3_lap,alg_conn,clustering_c,clustering_r,deg_assort,Q,N.olap,N.temp,N.nodf,H2,H3,H4,H17,cent_between,cent_close,cent_eigen,diam,mean_path_length,deg_het_row,deg_het_col
erdos-renyi,Minneapolis_crimes_2016-10-18,crimes,3.243892,2.989689,2.463777,0.07568642150531535,0.10126199869066224,0.06599995715474731,3.100786357209708,2.978085627301448,2.2,2.9759965406904048,1.8130322748386274,5.243892322262994,4.98968879292864,4.463777151874487,-0.989688792928636,0.1111111111111111,0.24193548387096775,-0.5630620907978989,0.6350413223140492,-8.80726729566764e-4,27.886265999326113,10.75268817204301,136,194,151,131,0.30746737470498403,0.16137728491895642,0.760269594942372,9,4.53469387755102,1.2842975206611573,1.1904132231404958
