randomization,name,type,l1,l2,l3,ipr1,ipr2,ipr3,l1_cm,l1_er,l1_reg,l2_mp,l3_mp,l1_lap,l2_lap,l3_lap,alg_conn,clustering_c,clustering_r,deg_assort,Q,N.olap,N.temp,N.nodf,H2,H3,H4,H17,cent_between,cent_close,cent_eigen,diam,mean_path_length,deg_het_row,deg_het_col
erdos-renyi,Minneapolis_crimes_2016-11-01,crimes,3.16833,2.738732,2.572023,0.08669534146562338,0.09291551380627786,0.07431109110610352,3.048409421321224,3.038584907562928,2.272727272727273,2.9696848097162274,1.7709604517483568,5.1683297440545,4.738731885894019,4.572022865829774,-0.7387318858940087,0.10989010989010989,0.16666666666666666,-0.6287996680153541,0.6431999999999999,-0.009622209311332718,26.446652357417697,11.316725978647687,119,162,119,95,0.24420922506374096,0.159373328893804,0.7902221926019466,12,4.608879492600423,1.2288,1.1616
