randomization,name,type,l1,l2,l3,ipr1,ipr2,ipr3,l1_cm,l1_er,l1_reg,l2_mp,l3_mp,l1_lap,l2_lap,l3_lap,alg_conn,clustering_c,clustering_r,deg_assort,Q,N.olap,N.temp,N.nodf,H2,H3,H4,H17,cent_between,cent_close,cent_eigen,diam,mean_path_length,deg_het_row,deg_het_col
erdos-renyi,Minneapolis_crimes_2016-01-26,crimes,3.321489,2.811288,2.415328,0.09648747509820223,0.12311746529833212,0.11531962294239562,3.211510489151198,3.1942479107286217,2.358974358974359,2.9983846243377794,1.7444409310863191,5.321489382526362,4.8112883272003915,4.415327720707545,-0.8112883272003879,0.15846994535519127,0.3770491803278688,-0.6400305868858724,0.5647448015122872,-0.0018307707978350246,36.63731301486324,14.756625488332805,122,178,143,130,0.3257346335254923,0.2023021829976502,0.7761911572553332,7,3.7651821862348176,1.206049149338374,1.1720226843100192
