randomization,name,type,l1,l2,l3,ipr1,ipr2,ipr3,l1_cm,l1_er,l1_reg,l2_mp,l3_mp,l1_lap,l2_lap,l3_lap,alg_conn,clustering_c,clustering_r,deg_assort,Q,N.olap,N.temp,N.nodf,H2,H3,H4,H17,cent_between,cent_close,cent_eigen,diam,mean_path_length,deg_het_row,deg_het_col
erdos-renyi,Minneapolis_crimes_2016-03-13,crimes,2.82573,2.314247,2.134693,0.12698222899940856,0.1747620082077277,0.08299947792816166,2.6651166293993955,2.6003680984966357,2,2.670373376833934,1.4974527892398153,4.825729882208034,4.31424728546866,4.1346927072332456,-0.3142472854686602,0.03296703296703297,0.13043478260869565,-0.3755908895573698,0.653810835629017,-0.03413992662491426,40.93987945559136,11.717002237136464,59,79,39,16,0.6211567540322581,0.2711071111015669,0.8000677211226217,10,4.640151515151516,1.3728191000918275,1.0927456382001839
