randomization,name,type,l1,l2,l3,ipr1,ipr2,ipr3,l1_cm,l1_er,l1_reg,l2_mp,l3_mp,l1_lap,l2_lap,l3_lap,alg_conn,clustering_c,clustering_r,deg_assort,Q,N.olap,N.temp,N.nodf,H2,H3,H4,H17,cent_between,cent_close,cent_eigen,diam,mean_path_length,deg_het_row,deg_het_col
erdos-renyi,Minneapolis_crimes_2016-03-17,crimes,2.78665,2.465456,2.407313,0.11789574459080326,0.09027850972216417,0.1307312595056408,2.6581496641814977,2.691358703847333,2.048780487804878,2.803775913608231,1.6475197492837614,4.786650409837744,4.465456220338593,4.407312734020904,-0.46545622033860057,0.07017543859649122,0,-0.5953488372093023,0.6876417233560089,-0.025077452433753093,30.074904569915557,8.527542372881356,78,90,53,24,0.49490384615384614,0.17719034699843195,0.8083404028946305,12,5.419512195121952,1.2494331065759636,1.1156462585034013
