randomization,name,type,l1,l2,l3,ipr1,ipr2,ipr3,l1_cm,l1_er,l1_reg,l2_mp,l3_mp,l1_lap,l2_lap,l3_lap,alg_conn,clustering_c,clustering_r,deg_assort,Q,N.olap,N.temp,N.nodf,H2,H3,H4,H17,cent_between,cent_close,cent_eigen,diam,mean_path_length,deg_het_row,deg_het_col
erdos-renyi,Minneapolis_crimes_2016-12-09,crimes,2.809056,2.709034,2.397537,0.11100745317349148,0.08913245765420143,0.07615008248897472,2.7847800631288644,2.839888110395509,2.051282051282051,2.9295643918414473,1.6911355447022907,4.809055667325653,4.709033794556243,4.397536675442796,-0.709033794556252,0.09333333333333334,0,-0.8048101769031996,0.6637500000000001,-0.03179137210984344,42.880797757428276,10.318471337579618,87,88,76,39,0.4265179306730553,0.15083884449802581,0.8041750383966015,12,5.255060728744939,1.2375000000000003,1.0574999999999999
