randomization,name,type,l1,l2,l3,ipr1,ipr2,ipr3,l1_cm,l1_er,l1_reg,l2_mp,l3_mp,l1_lap,l2_lap,l3_lap,alg_conn,clustering_c,clustering_r,deg_assort,Q,N.olap,N.temp,N.nodf,H2,H3,H4,H17,cent_between,cent_close,cent_eigen,diam,mean_path_length,deg_het_row,deg_het_col
erdos-renyi,Minneapolis_crimes_2016-05-18,crimes,3.731486,2.950216,2.320205,0.1166749610711919,0.14019745938704603,0.12685805187199134,3.626446071722439,3.30928520628757,2.5,2.891403575106851,1.6568230249050586,5.731486366879288,4.950216213562491,4.320205224776194,-0.9502162135624865,0.3166332665330661,0.4358974358974359,-0.48496700073331706,0.5387654320987657,0.04856083515050906,29.021080265063052,20.304054054054053,139,253,218,297,0.4017705367861431,0.26201341575066794,0.7998515239372752,7,3.4095238095238094,1.2711111111111109,1.328395061728395
