randomization,name,type,l1,l2,l3,ipr1,ipr2,ipr3,l1_cm,l1_er,l1_reg,l2_mp,l3_mp,l1_lap,l2_lap,l3_lap,alg_conn,clustering_c,clustering_r,deg_assort,Q,N.olap,N.temp,N.nodf,H2,H3,H4,H17,cent_between,cent_close,cent_eigen,diam,mean_path_length,deg_het_row,deg_het_col
erdos-renyi,Minneapolis_crimes_2016-11-14,crimes,3.101039,2.794678,2.647628,0.06755744248250156,0.07877736990933538,0.12611541284802563,3.082207001484488,2.987378811164019,2.196078431372549,2.997478124130646,1.8318390265084648,5.101038782402537,4.794677552566419,4.647628288050053,-0.7946775525664297,0.0670926517571885,0.19696969696969696,-0.6707872478854913,0.6543367346938777,-0.014311078257658812,29.39154985466582,10.03414425949637,133,187,125,73,0.3154334693877552,0.20422026797908835,0.7239832545195742,8,4.525490196078431,1.3571428571428572,1.1026785714285714
