randomization,name,type,l1,l2,l3,ipr1,ipr2,ipr3,l1_cm,l1_er,l1_reg,l2_mp,l3_mp,l1_lap,l2_lap,l3_lap,alg_conn,clustering_c,clustering_r,deg_assort,Q,N.olap,N.temp,N.nodf,H2,H3,H4,H17,cent_between,cent_close,cent_eigen,diam,mean_path_length,deg_het_row,deg_het_col
erdos-renyi,Minneapolis_crimes_2016-07-12,crimes,3.602247,2.879954,2.536245,0.10421664140774965,0.08982627057905737,0.06736693895144727,3.51959855161026,3.4198978121541845,2.4761904761904763,3.1028913589768368,1.8297308998748631,5.602247239993765,4.879953605556922,4.536244720311068,-0.8799536055569053,0.16580310880829016,0.4230769230769231,-0.6448720039132557,0.5499260355029585,0.008495027256579928,31.80148894637183,15.523721503388787,159,258,227,274,0.3033105294467579,0.21109148447366996,0.804454167579563,8,3.5958188153310107,1.2544378698224852,1.1686390532544377
