randomization,name,type,l1,l2,l3,ipr1,ipr2,ipr3,l1_cm,l1_er,l1_reg,l2_mp,l3_mp,l1_lap,l2_lap,l3_lap,alg_conn,clustering_c,clustering_r,deg_assort,Q,N.olap,N.temp,N.nodf,H2,H3,H4,H17,cent_between,cent_close,cent_eigen,diam,mean_path_length,deg_het_row,deg_het_col
erdos-renyi,Minneapolis_crimes_2016-06-24,crimes,3.459014,2.791709,2.670681,0.08231267867465675,0.08436723164182604,0.05601066740872649,3.3432463143428945,3.4413419406236767,2.6666666666666665,3.100078098121273,1.8498852319882648,5.459014441578834,4.791708538921781,4.670680631730659,-0.7917085389217772,0.225,0.33121019108280253,-0.44680851063829796,0.5682397959183675,-0.029043612680986926,44.656994043453444,12.224517906336088,140,287,117,65,0.29344880184261496,0.20920552961518404,0.7561906622829566,8,3.696864111498258,1.2761479591836733,1.052933673469388
