randomization,name,type,l1,l2,l3,ipr1,ipr2,ipr3,l1_cm,l1_er,l1_reg,l2_mp,l3_mp,l1_lap,l2_lap,l3_lap,alg_conn,clustering_c,clustering_r,deg_assort,Q,N.olap,N.temp,N.nodf,H2,H3,H4,H17,cent_between,cent_close,cent_eigen,diam,mean_path_length,deg_het_row,deg_het_col
erdos-renyi,Minneapolis_crimes_2016-12-01,crimes,2.882249,2.328179,2.261587,0.11458116590225494,0.12855438745724457,0.07233779229893841,2.7764314197493567,2.7612398357162045,2.121212121212121,2.7413160573508684,1.5413547146463105,4.882248897787655,4.328179436165227,4.26158674775886,-0.328179436165236,0.05,0.1875,-0.4509879891514919,0.605714285714286,-0.03409609968246492,39.843193308469495,12.276286353467562,67,95,45,18,0.5515688004032255,0.2665652679247955,0.777464358144126,10,4.242424242424242,1.333061224489796,1.0857142857142859
