randomization,name,type,l1,l2,l3,ipr1,ipr2,ipr3,l1_cm,l1_er,l1_reg,l2_mp,l3_mp,l1_lap,l2_lap,l3_lap,alg_conn,clustering_c,clustering_r,deg_assort,Q,N.olap,N.temp,N.nodf,H2,H3,H4,H17,cent_between,cent_close,cent_eigen,diam,mean_path_length,deg_het_row,deg_het_col
erdos-renyi,Minneapolis_crimes_2016-08-01,crimes,3.695902,3.29824,3.083141,0.04926146530940345,0.07402436663652794,0.07304167375819985,3.74273550442829,3.510216991198056,2.3934426229508197,3.3144356475879517,2.0771026146505323,5.695902047345681,5.298239918777899,5.083140677536793,-1.2982399187778577,0.1628162816281628,0.45454545454545453,-0.7630141662399726,0.6365171702007888,-0.0032753864609183308,27.51480663433965,10.526416685836976,252,380,420,530,0.2544615617433415,0.20602022370880246,0.7071388369127007,8,4.219672131147541,1.37005066616626,1.1281666353912554
