randomization,name,type,l1,l2,l3,ipr1,ipr2,ipr3,l1_cm,l1_er,l1_reg,l2_mp,l3_mp,l1_lap,l2_lap,l3_lap,alg_conn,clustering_c,clustering_r,deg_assort,Q,N.olap,N.temp,N.nodf,H2,H3,H4,H17,cent_between,cent_close,cent_eigen,diam,mean_path_length,deg_het_row,deg_het_col
erdos-renyi,Minneapolis_crimes_2016-08-22,crimes,2.967193,2.814317,2.324573,0.08845758276968219,0.08755595481298158,0.12621301684252859,2.9600514796038193,2.852591840677953,2.1538461538461537,2.8278175940697934,1.6438073437748986,4.967193166445794,4.814316899938712,4.324573227976561,-0.8143168999387066,0.18181818181818182,0.2222222222222222,-0.6407420620763471,0.6286848072562362,-0.01847078148614448,28.61220098087926,11.397228637413395,92,116,81,47,0.4472860672306655,0.20252509610928557,0.7682525598505092,10,4.920377867746288,1.3333333333333333,1.147392290249433
