randomization,name,type,l1,l2,l3,ipr1,ipr2,ipr3,l1_cm,l1_er,l1_reg,l2_mp,l3_mp,l1_lap,l2_lap,l3_lap,alg_conn,clustering_c,clustering_r,deg_assort,Q,N.olap,N.temp,N.nodf,H2,H3,H4,H17,cent_between,cent_close,cent_eigen,diam,mean_path_length,deg_het_row,deg_het_col
erdos-renyi,Minneapolis_crimes_2016-09-21,crimes,2.911681,2.571664,2.525118,0.13143771945290533,0.07892420859990161,0.06592504438655016,2.7553287888551297,2.760310560865142,1.9534883720930232,2.961266890795742,1.7343573996200334,4.911680890185784,4.571663869824287,4.525118331320587,-0.571663869824279,0,0,-0.759381623238997,0.7120181405895694,-0.018043282363337708,39.63257257518622,8.394751535455054,97,79,106,77,0.6189923123721033,0.20631057660581456,0.8444173129206346,12,5.401993355481728,1.1950113378684806,1.1020408163265305
