randomization,name,type,l1,l2,l3,ipr1,ipr2,ipr3,l1_cm,l1_er,l1_reg,l2_mp,l3_mp,l1_lap,l2_lap,l3_lap,alg_conn,clustering_c,clustering_r,deg_assort,Q,N.olap,N.temp,N.nodf,H2,H3,H4,H17,cent_between,cent_close,cent_eigen,diam,mean_path_length,deg_het_row,deg_het_col
erdos-renyi,Minneapolis_crimes_2016-12-19,crimes,3.125492,2.769149,2.450486,0.08038938045369773,0.1056345366844847,0.0799694922294838,3.182884285360625,3.0024104065005575,2.176470588235294,2.8492424935222593,1.5974642144938296,5.125492123623937,4.769149473666505,4.4504862953119595,-0.7691494736665245,0.1218274111675127,0.3783783783783784,-0.7420459409330862,0.6245434623813004,-0.004543643462229486,33.07884524148087,14.3342776203966,98,119,117,96,0.38267141108050184,0.23780119352455142,0.6743816224964212,8,3.942959001782531,1.3104455807158508,1.1745799853907961
