randomization,name,type,l1,l2,l3,ipr1,ipr2,ipr3,l1_cm,l1_er,l1_reg,l2_mp,l3_mp,l1_lap,l2_lap,l3_lap,alg_conn,clustering_c,clustering_r,deg_assort,Q,N.olap,N.temp,N.nodf,H2,H3,H4,H17,cent_between,cent_close,cent_eigen,diam,mean_path_length,deg_het_row,deg_het_col
erdos-renyi,Minneapolis_crimes_2016-10-28,crimes,3.486836,2.838386,2.621982,0.06574626511086813,0.0693489606812703,0.09313296012765337,3.3514176105045457,3.3309792757137804,2.3255813953488373,3.1432831480597465,1.8514561570999182,5.48683604841308,4.838385753743253,4.621982366943728,-0.8383857537432556,0.15073529411764705,0.6086956521739131,-0.7463290833282978,0.5668,-0.010642302731953173,41.50131771706815,13.92837201882428,151,209,212,215,0.27038004903858553,0.22572801759676883,0.694873055707084,10,4,1.2239999999999998,1.1232
