randomization,name,type,l1,l2,l3,ipr1,ipr2,ipr3,l1_cm,l1_er,l1_reg,l2_mp,l3_mp,l1_lap,l2_lap,l3_lap,alg_conn,clustering_c,clustering_r,deg_assort,Q,N.olap,N.temp,N.nodf,H2,H3,H4,H17,cent_between,cent_close,cent_eigen,diam,mean_path_length,deg_het_row,deg_het_col
erdos-renyi,Minneapolis_crimes_2016-11-07,crimes,2.967564,2.714025,2.432874,0.13771877605590332,0.15752106315660935,0.12631660044108697,2.8576829087226057,2.7442356270300867,2,2.8942609579905345,1.7259421059201603,4.967563640672323,4.714025280278414,4.432873642862745,-0.7140252802784289,0.07692307692307693,0,-0.6664275466284074,0.7126654064272214,-0.017467314217731355,30.039959852234148,8.261538461538462,102,105,102,69,0.5912906846240179,0.22829573017128524,0.8458964388607555,10,5.326570048309179,1.3232514177693762,1.1228733459357279
