randomization,name,type,l1,l2,l3,ipr1,ipr2,ipr3,l1_cm,l1_er,l1_reg,l2_mp,l3_mp,l1_lap,l2_lap,l3_lap,alg_conn,clustering_c,clustering_r,deg_assort,Q,N.olap,N.temp,N.nodf,H2,H3,H4,H17,cent_between,cent_close,cent_eigen,diam,mean_path_length,deg_het_row,deg_het_col
erdos-renyi,Minneapolis_crimes_2016-08-08,crimes,3.426285,2.654723,2.604822,0.12457626851435198,0.08198221402668768,0.09025627073190054,3.2689867711270906,3.04730245372657,2.2666666666666666,2.9381604837896607,1.7561954758296587,5.426285054271835,4.654722723607411,4.604821785183944,-0.6547227236074061,0.11581920903954802,0.2714285714285714,-0.448597470500954,0.6147635524798158,9.291147251207937e-5,31.21541481885264,11.593714927048259,131,212,161,169,0.4329052950221028,0.25672549645693254,0.8261272506047921,10,4.149494949494949,1.3829296424452135,1.1764705882352942
