randomization,name,type,l1,l2,l3,ipr1,ipr2,ipr3,l1_cm,l1_er,l1_reg,l2_mp,l3_mp,l1_lap,l2_lap,l3_lap,alg_conn,clustering_c,clustering_r,deg_assort,Q,N.olap,N.temp,N.nodf,H2,H3,H4,H17,cent_between,cent_close,cent_eigen,diam,mean_path_length,deg_het_row,deg_het_col
erdos-renyi,Minneapolis_crimes_2016-09-10,crimes,3.581115,2.771719,2.552299,0.07667492951097385,0.08879610813295309,0.07942071681996442,3.2431321798668877,3.2590534435881526,2.4444444444444446,3.115963500837723,1.9355239154060502,5.581115060656523,4.771719449638027,4.552299072160199,-0.7717194496380254,0.22112211221122113,0.38666666666666666,-0.504166902885651,0.5858585858585856,-0.012413403088953499,32.44817880059249,10.6295733423393,169,298,177,145,0.2368890187775911,0.19036629093594754,0.8093162951157793,10,4.512229210342418,1.2355371900826446,1.143250688705234
