randomization,name,type,l1,l2,l3,ipr1,ipr2,ipr3,l1_cm,l1_er,l1_reg,l2_mp,l3_mp,l1_lap,l2_lap,l3_lap,alg_conn,clustering_c,clustering_r,deg_assort,Q,N.olap,N.temp,N.nodf,H2,H3,H4,H17,cent_between,cent_close,cent_eigen,diam,mean_path_length,deg_het_row,deg_het_col
erdos-renyi,Minneapolis_crimes_2016-05-12,crimes,2.867215,2.44949,2.406108,0.0784518714222115,0.14583333333333376,0.1468178166326926,2.8986836432948877,2.9702178405891955,2.08,2.8140602181265786,1.4625548706945168,4.8672154884607055,4.449489742783198,4.406107819897203,-0.44948974278317744,0.025423728813559324,0.3,-0.8818565400843881,0.5724852071005918,-0.042480158730158736,52.73245434570935,17.95,65,58,72,50,0.3240237520128824,0.16694974789957648,0.5556130096556672,6,3.3733333333333335,1.1834319526627217,1.0502958579881656
