randomization,name,type,l1,l2,l3,ipr1,ipr2,ipr3,l1_cm,l1_er,l1_reg,l2_mp,l3_mp,l1_lap,l2_lap,l3_lap,alg_conn,clustering_c,clustering_r,deg_assort,Q,N.olap,N.temp,N.nodf,H2,H3,H4,H17,cent_between,cent_close,cent_eigen,diam,mean_path_length,deg_het_row,deg_het_col
erdos-renyi,Minneapolis_crimes_2016-12-07,crimes,2.662221,2.457573,2.071442,0.08909839948154413,0.12105930319971722,0.1200190319397291,2.7029215904215462,2.745217603743952,2,2.644018024994023,1.331268207458242,4.66222116117715,4.457572617388544,4.071441576017914,-0.45757261738856364,0,0,-0.7991581479254356,0.5826446280991736,-0.043373065290873515,52.288993721832746,16.894977168949772,47,40,43,25,0.3975056689342404,0.2318841858445904,0.594213690564737,6,3.554112554112554,1.1942148760330578,1.0743801652892562
