randomization,name,type,l1,l2,l3,ipr1,ipr2,ipr3,l1_cm,l1_er,l1_reg,l2_mp,l3_mp,l1_lap,l2_lap,l3_lap,alg_conn,clustering_c,clustering_r,deg_assort,Q,N.olap,N.temp,N.nodf,H2,H3,H4,H17,cent_between,cent_close,cent_eigen,diam,mean_path_length,deg_het_row,deg_het_col
erdos-renyi,Minneapolis_crimes_2016-05-05,crimes,2.784024,2.385877,2.339056,0.13040738139823466,0.07156990185657656,0.0877210877786824,2.6392019050294517,2.662212363931972,2.0476190476190474,2.7796079245703904,1.6439223830494296,4.784024183603136,4.385877131564844,4.339055991658086,-0.3858771315648202,0,0,-0.5039171796306661,0.6668469442942133,-0.02212423394600901,28.53047661123226,9.00482093663912,77,96,48,20,0.5190065437239738,0.1926381032133075,0.82659950211770306,13,5.360046457607433,1.2704164413196322,1.1179015684153597
