randomization,name,type,l1,l2,l3,ipr1,ipr2,ipr3,l1_cm,l1_er,l1_reg,l2_mp,l3_mp,l1_lap,l2_lap,l3_lap,alg_conn,clustering_c,clustering_r,deg_assort,Q,N.olap,N.temp,N.nodf,H2,H3,H4,H17,cent_between,cent_close,cent_eigen,diam,mean_path_length,deg_het_row,deg_het_col
erdos-renyi,Minneapolis_crimes_2016-10-09,crimes,3.378727,2.621847,2.509129,0.12439024520613225,0.09941283408457112,0.1688301334128904,3.1281182789245916,3.0216602218502486,2.1463414634146343,2.9838112505095036,1.737512769286638,5.378726518681723,4.621846806685664,4.509129009205993,-0.6218468066856427,0.14696485623003194,0.3488372093023256,-0.6558951965065503,0.6311983471074379,0.001623029194088598,35.711414277616775,12.612781954887216,121,145,166,178,0.44644123931623936,0.2388626941574729,0.8309624146076521,8,4.295121951219512,1.2231404958677685,1.190082644628099
