randomization,name,type,l1,l2,l3,ipr1,ipr2,ipr3,l1_cm,l1_er,l1_reg,l2_mp,l3_mp,l1_lap,l2_lap,l3_lap,alg_conn,clustering_c,clustering_r,deg_assort,Q,N.olap,N.temp,N.nodf,H2,H3,H4,H17,cent_between,cent_close,cent_eigen,diam,mean_path_length,deg_het_row,deg_het_col
erdos-renyi,Minneapolis_crimes_2016-07-21,crimes,3.35597,2.794119,2.499066,0.11132622875871111,0.054167656897787055,0.07441943423633926,3.2732683535398857,3.127764331653924,2.3333333333333335,3.0039054741466824,1.8211371762638413,5.355970040400409,4.79411927564167,4.4990657835552454,-0.7941192756416793,0.09138381201044386,0.24719101123595505,-0.5936952714535905,0.6052295918367346,-0.0027998009779521926,24.59837434225138,10.767706785537396,144,225,157,127,0.4090892987186805,0.2415125517714418,0.8074957422921198,8,4.036347517730497,1.339285714285714,1.1607142857142858
