randomization,name,type,l1,l2,l3,ipr1,ipr2,ipr3,l1_cm,l1_er,l1_reg,l2_mp,l3_mp,l1_lap,l2_lap,l3_lap,alg_conn,clustering_c,clustering_r,deg_assort,Q,N.olap,N.temp,N.nodf,H2,H3,H4,H17,cent_between,cent_close,cent_eigen,diam,mean_path_length,deg_het_row,deg_het_col
erdos-renyi,Minneapolis_crimes_2016-04-11,crimes,3.184453,2.494535,2.19231,0.14458764776544905,0.10183907184372937,0.09457006153785139,2.9917241221644244,2.960540436577075,2.129032258064516,2.854584588764713,1.5671623646266764,5.18445260203455,4.494535105475186,4.192309901427098,-0.49453510547517393,0.17277486910994763,0.30434782608695654,-0.6183908045977012,0.5932047750229567,-0.018649949790300657,54.22492246621829,15.875420875420875,81,101,92,83,0.3737675606641123,0.1996693748676433,0.8219042053796303,8,4.021505376344086,1.256198347107438,1.0991735537190082
