randomization,name,type,l1,l2,l3,ipr1,ipr2,ipr3,l1_cm,l1_er,l1_reg,l2_mp,l3_mp,l1_lap,l2_lap,l3_lap,alg_conn,clustering_c,clustering_r,deg_assort,Q,N.olap,N.temp,N.nodf,H2,H3,H4,H17,cent_between,cent_close,cent_eigen,diam,mean_path_length,deg_het_row,deg_het_col
erdos-renyi,Minneapolis_crimes_2016-07-17,crimes,3.0296,2.769548,2.367229,0.08004923727540914,0.10021285276417682,0.0855863249291089,3.075304862936356,2.8284271247461903,2.1052631578947367,2.792056688444585,1.6073432854279703,5.029599539304591,4.769548411809153,4.367228921243358,-0.769548411809157,0.03550295857988166,0.1875,-0.6130760986066451,0.6337499999999998,-0.002737001808848869,28.587201848328522,12.494089834515366,96,116,107,86,0.3403673944214484,0.21061391134355564,0.7046046968088234,8,4.267425320056899,1.365,1.2125
