randomization,name,type,l1,l2,l3,ipr1,ipr2,ipr3,l1_cm,l1_er,l1_reg,l2_mp,l3_mp,l1_lap,l2_lap,l3_lap,alg_conn,clustering_c,clustering_r,deg_assort,Q,N.olap,N.temp,N.nodf,H2,H3,H4,H17,cent_between,cent_close,cent_eigen,diam,mean_path_length,deg_het_row,deg_het_col
erdos-renyi,Minneapolis_crimes_2016-10-05,crimes,3.061192,2.683121,2.346569,0.1012564011701426,0.12405285050064156,0.11911056097236843,2.938631578737892,2.9424676105524292,2.1951219512195124,2.9191780180789118,1.7140809314271497,5.061191512865197,4.683120883717494,4.346569089578541,-0.6831208837175033,0.1308411214953271,0.2553191489361702,-0.6359447004608298,0.641481481481482,-0.030262315915377147,32.12693190097238,9.224489795918368,99,135,83,43,0.4788530982905983,0.24327982191071112,0.7796543202754813,10,4.624390243902439,1.2888888888888888,1.0918518518518519
