randomization,name,type,l1,l2,l3,ipr1,ipr2,ipr3,l1_cm,l1_er,l1_reg,l2_mp,l3_mp,l1_lap,l2_lap,l3_lap,alg_conn,clustering_c,clustering_r,deg_assort,Q,N.olap,N.temp,N.nodf,H2,H3,H4,H17,cent_between,cent_close,cent_eigen,diam,mean_path_length,deg_het_row,deg_het_col
erdos-renyi,Minneapolis_crimes_2016-05-07,crimes,2.60671,2.393834,2.190867,0.08418326778029726,0.1145725573569943,0.08190581424355431,2.6843549163388265,2.6027033484407496,2,2.5936714134067747,1.3858791926201306,4.606709956231563,4.393833991309936,4.190866753139383,-0.3938339913099297,0,0,-0.7038834951456312,0.6076817558299039,-0.02742083433038206,33.39508047392382,15.075376884422111,50,55,32,10,0.33331360946745564,0.16707149124908843,0.6165210261173655,8,4.091168091168091,1.3292181069958846,1.1303155006858712
