randomization,name,type,l1,l2,l3,ipr1,ipr2,ipr3,l1_cm,l1_er,l1_reg,l2_mp,l3_mp,l1_lap,l2_lap,l3_lap,alg_conn,clustering_c,clustering_r,deg_assort,Q,N.olap,N.temp,N.nodf,H2,H3,H4,H17,cent_between,cent_close,cent_eigen,diam,mean_path_length,deg_het_row,deg_het_col
erdos-renyi,Minneapolis_crimes_2016-02-21,crimes,2.941679,2.499857,2.131789,0.087655275961279,0.09130441700000531,0.08770987597950476,2.944804747347437,2.798846225594694,2.206896551724138,2.6354143283459437,1.4438198240367552,4.941679048841509,4.499857303158387,4.131789037005553,-0.4998573031583921,0.1619047619047619,0.3404255319148936,-0.5448275862068965,0.599609375,-0.026071790598955636,25.53198545733741,16.589506172839506,65,95,45,18,0.40868291761148895,0.22269773768642614,0.6549245866208437,8,4.024630541871921,1.3730468750000002,1.1718749999999998
