randomization,name,type,l1,l2,l3,ipr1,ipr2,ipr3,l1_cm,l1_er,l1_reg,l2_mp,l3_mp,l1_lap,l2_lap,l3_lap,alg_conn,clustering_c,clustering_r,deg_assort,Q,N.olap,N.temp,N.nodf,H2,H3,H4,H17,cent_between,cent_close,cent_eigen,diam,mean_path_length,deg_het_row,deg_het_col
erdos-renyi,Minneapolis_crimes_2016-05-26,crimes,3.157908,2.917652,2.503071,0.19060641715134596,0.2150396059594956,0.12630230857647554,2.9620237854649947,2.686804604325154,2,2.8422652884967343,1.7462934285696168,5.15790773661161,4.917651966292317,4.503071492637646,-0.9176519662922948,0,0,-0.4950964187327824,0.7166251334994663,0.010095758910199785,22.282320699765236,8.04286858974359,126,130,172,205,0.5715642765982133,0.21796568501671912,0.9046639018990522,12,5.496371552975327,1.291206835172659,1.320754716981132
