randomization,name,type,l1,l2,l3,ipr1,ipr2,ipr3,l1_cm,l1_er,l1_reg,l2_mp,l3_mp,l1_lap,l2_lap,l3_lap,alg_conn,clustering_c,clustering_r,deg_assort,Q,N.olap,N.temp,N.nodf,H2,H3,H4,H17,cent_between,cent_close,cent_eigen,diam,mean_path_length,deg_het_row,deg_het_col
erdos-renyi,Minneapolis_crimes_2016-06-23,crimes,2.841687,2.514184,2.205357,0.13899625516453049,0.11821157536764763,0.0912184851765455,2.6675274092947654,2.673059811516803,2.046511627906977,2.7932325810962317,1.6584264601090215,4.841687053805169,4.514184313054415,4.205357068795821,-0.514184313054405,0.02727272727272727,0.10344827586206896,-0.49680365296803636,0.6766528925619836,-0.024544461386566647,29.10300935579839,8.576998050682262,80,96,55,27,0.6508627841380453,0.23289285090942913,0.8296480709360847,12,5.530454042081949,1.3016528925619837,1.1012396694214877
