randomization,name,type,l1,l2,l3,ipr1,ipr2,ipr3,l1_cm,l1_er,l1_reg,l2_mp,l3_mp,l1_lap,l2_lap,l3_lap,alg_conn,clustering_c,clustering_r,deg_assort,Q,N.olap,N.temp,N.nodf,H2,H3,H4,H17,cent_between,cent_close,cent_eigen,diam,mean_path_length,deg_het_row,deg_het_col
erdos-renyi,Minneapolis_crimes_2016-01-15,crimes,3.0177,2.440968,2.372249,0.1111633699588852,0.12249228064784379,0.0936196377564085,2.9725304876485286,3.01663249110655,2.206896551724138,2.8452223846399596,1.546091597748077,5.017700425159321,4.440967669201302,4.37224850287083,-0.44096766920130964,0.08588957055214724,0.37037037037037035,-0.7097911581231353,0.5791015625,-0.03724720752498528,48.03194331235967,16.67989417989418,75,94,72,49,0.4176996724615773,0.24480329920873642,0.7404722124667665,8,3.6157635467980294,1.24609375,1.06640625
