randomization,name,type,l1,l2,l3,ipr1,ipr2,ipr3,l1_cm,l1_er,l1_reg,l2_mp,l3_mp,l1_lap,l2_lap,l3_lap,alg_conn,clustering_c,clustering_r,deg_assort,Q,N.olap,N.temp,N.nodf,H2,H3,H4,H17,cent_between,cent_close,cent_eigen,diam,mean_path_length,deg_het_row,deg_het_col
erdos-renyi,Minneapolis_crimes_2016-09-30,crimes,3.526233,2.757512,2.696125,0.10573334927303396,0.06785432842163082,0.09656107329394588,3.388214869219483,3.283154990541749,2.4444444444444446,3.052765814382531,1.830244943088831,5.526233155872624,4.757511842180139,4.696125205696168,-0.757511842180142,0.18875502008032127,0.3490566037735849,-0.489422709315662,0.6026446280991732,-0.011044846844655272,35.39212962054878,11.010101010101012,149,264,180,182,0.40139004938459555,0.25069205129178235,0.8064871239037367,10,4.002020202020202,1.3199999999999998,1.138512396694215
