randomization,name,type,l1,l2,l3,ipr1,ipr2,ipr3,l1_cm,l1_er,l1_reg,l2_mp,l3_mp,l1_lap,l2_lap,l3_lap,alg_conn,clustering_c,clustering_r,deg_assort,Q,N.olap,N.temp,N.nodf,H2,H3,H4,H17,cent_between,cent_close,cent_eigen,diam,mean_path_length,deg_het_row,deg_het_col
erdos-renyi,Minneapolis_crimes_2016-10-10,crimes,3.335836,2.959297,2.643182,0.07765194270255707,0.075146917472048,0.11610407118981107,3.3640107085645967,3.256482417122216,2.311111111111111,3.095152465536011,1.8413624393851367,5.335836065231553,4.95929670929733,4.643182128044733,-0.9592967092973319,0.11358574610244988,0.3225806451612903,-0.7906194339996041,0.6013313609467452,-0.0032778219645137794,31.859196616203878,12.949404761904763,151,208,193,170,0.27269767098651876,0.1655722778255216,0.7593009608112329,7,3.8545454545454545,1.294378698224852,1.1316568047337277
