randomization,name,type,l1,l2,l3,ipr1,ipr2,ipr3,l1_cm,l1_er,l1_reg,l2_mp,l3_mp,l1_lap,l2_lap,l3_lap,alg_conn,clustering_c,clustering_r,deg_assort,Q,N.olap,N.temp,N.nodf,H2,H3,H4,H17,cent_between,cent_close,cent_eigen,diam,mean_path_length,deg_het_row,deg_het_col
erdos-renyi,Minneapolis_crimes_2016-11-19,crimes,3.008296,2.689185,2.405726,0.06998284474785353,0.0845847103142201,0.08742508899778911,2.924897736636256,2.9761420078907346,2.1578947368421053,2.956412700670613,1.7020217603650747,5.008296378014415,4.689184643568501,4.40572600088277,-0.6891846435685205,0.07589285714285714,0.16129032258064516,-0.7080211949570617,0.6287923854848306,-0.03225459719090448,46.54704280499611,12.01734539969834,94,121,85,48,0.3462002543083623,0.17488786588916513,0.7006996659634486,8,4.1152204836415365,1.2593694229625225,1.0547293277810827
