randomization,name,type,l1,l2,l3,ipr1,ipr2,ipr3,l1_cm,l1_er,l1_reg,l2_mp,l3_mp,l1_lap,l2_lap,l3_lap,alg_conn,clustering_c,clustering_r,deg_assort,Q,N.olap,N.temp,N.nodf,H2,H3,H4,H17,cent_between,cent_close,cent_eigen,diam,mean_path_length,deg_het_row,deg_het_col
erdos-renyi,Minneapolis_crimes_2016-05-06,crimes,3.133539,2.904467,2.505504,0.08670804200935837,0.0801754412207417,0.0792516803288531,2.977345014158308,3.0299499154350276,2.0869565217391304,3.113729088854027,1.8482957192276896,5.133539473233163,4.904467419935498,4.505504029812651,-0.9044674199355158,0.06825938566552901,0.3333333333333333,-0.7582549830763446,0.6610243055555557,-0.018917569979629668,47.48497816394789,9.869420702754036,127,126,162,147,0.4574186307519641,0.17537305885137291,0.7956452394912396,12,4.955555555555556,1.1883680555555554,1.078125
