randomization,name,type,l1,l2,l3,ipr1,ipr2,ipr3,l1_cm,l1_er,l1_reg,l2_mp,l3_mp,l1_lap,l2_lap,l3_lap,alg_conn,clustering_c,clustering_r,deg_assort,Q,N.olap,N.temp,N.nodf,H2,H3,H4,H17,cent_between,cent_close,cent_eigen,diam,mean_path_length,deg_het_row,deg_het_col
erdos-renyi,Minneapolis_crimes_2016-12-24,crimes,2.838646,2.411927,2.205134,0.10466515076482068,0.07403811967777982,0.06751838473819069,2.7578459503232384,2.71408926861884,2.121212121212121,2.6939798028549604,1.5184996672765645,4.838646455285982,4.411927114448901,4.205134037529791,-0.4119271144488901,0.12903225806451613,0.26666666666666666,-0.4916839916839912,0.6318367346938778,-0.03730413105413106,31.670382419111636,12.762237762237762,64,90,36,10,0.3765120967741936,0.20004608738910415,0.7713308572709965,8,4.431818181818182,1.3828571428571428,1.0865306122448979
