randomization,name,type,l1,l2,l3,ipr1,ipr2,ipr3,l1_cm,l1_er,l1_reg,l2_mp,l3_mp,l1_lap,l2_lap,l3_lap,alg_conn,clustering_c,clustering_r,deg_assort,Q,N.olap,N.temp,N.nodf,H2,H3,H4,H17,cent_between,cent_close,cent_eigen,diam,mean_path_length,deg_het_row,deg_het_col
erdos-renyi,Minneapolis_crimes_2016-03-04,crimes,2.720027,2.278238,2.026504,0.14785869192887563,0.25611057782592217,0.09044125796321863,2.6669238559103245,2.512254509987577,2,2.4918289543674277,1.3387370658135516,4.720026964061891,4.278238222080531,4.02650434747883,-0.27823822208052057,0.058823529411764705,0.26666666666666666,-0.5107604017216643,0.6351165980795611,-0.035785285923407475,22.9318210769843,13.996316758747696,46,52,28,11,0.5755029585798817,0.24461812561484883,0.8034468048299003,10,4.837606837606837,1.422496570644719,1.1659807956104251
