randomization,name,type,l1,l2,l3,ipr1,ipr2,ipr3,l1_cm,l1_er,l1_reg,l2_mp,l3_mp,l1_lap,l2_lap,l3_lap,alg_conn,clustering_c,clustering_r,deg_assort,Q,N.olap,N.temp,N.nodf,H2,H3,H4,H17,cent_between,cent_close,cent_eigen,diam,mean_path_length,deg_het_row,deg_het_col
erdos-renyi,Minneapolis_crimes_2016-08-10,crimes,3.130276,2.697382,2.44492,0.07055959421555574,0.09748507230966318,0.08772497185730169,2.9476728974233355,2.942323252499863,2.1538461538461537,3.009113452916633,1.844149884338165,5.130275948877237,4.697382267444676,4.444920006953664,-0.6973822674446708,0.08843537414965986,0.21666666666666667,-0.6687067322163136,0.6731505102040815,-0.019462161969164775,30.33961498715648,8.866503866503866,127,169,113,64,0.3560374215045495,0.18820017881838083,0.7770817564096718,12,5.131975867269985,1.2933673469387754,1.0860969387755102
