randomization,name,type,l1,l2,l3,ipr1,ipr2,ipr3,l1_cm,l1_er,l1_reg,l2_mp,l3_mp,l1_lap,l2_lap,l3_lap,alg_conn,clustering_c,clustering_r,deg_assort,Q,N.olap,N.temp,N.nodf,H2,H3,H4,H17,cent_between,cent_close,cent_eigen,diam,mean_path_length,deg_het_row,deg_het_col
erdos-renyi,Minneapolis_crimes_2016-09-15,crimes,3.51401,2.683817,2.607805,0.07448664738374026,0.07124693475040926,0.13367592889989596,3.2999542771089065,3.262981111851643,2.384615384615384,3.1275962998726277,1.9217764968082078,5.514010088858036,4.683817426890996,4.607805127792032,-0.6838174268910027,0.17518248175182483,0.4405594405594406,-0.6262166603463528,0.6217481789802292,-0.021708088398097743,34.2986056782944,10.795685795685797,164,274,175,136,0.25654137907886465,0.1729016188654134,0.8009214012304927,8,4.444193061840121,1.318938605619147,1.0889698231009366
