randomization,name,type,l1,l2,l3,ipr1,ipr2,ipr3,l1_cm,l1_er,l1_reg,l2_mp,l3_mp,l1_lap,l2_lap,l3_lap,alg_conn,clustering_c,clustering_r,deg_assort,Q,N.olap,N.temp,N.nodf,H2,H3,H4,H17,cent_between,cent_close,cent_eigen,diam,mean_path_length,deg_het_row,deg_het_col
erdos-renyi,Minneapolis_crimes_2016-05-01,crimes,3.665453,2.916919,2.70955,0.06947816929536522,0.09294279549735243,0.06352120021889243,3.663366892857657,3.4565856583550247,2.571428571428571,3.126450116570547,1.9062708725728748,5.665453005062808,4.916918880629648,4.709550053860592,-0.9169188806296498,0.19602272727272727,0.49056603773584906,-0.5915413000283846,0.5588309397833207,-0.012654244028499325,30.11580344890429,13.660546139359697,184,372,211,167,0.27794871751819883,0.20067273529258542,0.7578070502213835,7,3.7091836734693877,1.4421768707482994,1.0972537163013356
