randomization,name,type,l1,l2,l3,ipr1,ipr2,ipr3,l1_cm,l1_er,l1_reg,l2_mp,l3_mp,l1_lap,l2_lap,l3_lap,alg_conn,clustering_c,clustering_r,deg_assort,Q,N.olap,N.temp,N.nodf,H2,H3,H4,H17,cent_between,cent_close,cent_eigen,diam,mean_path_length,deg_het_row,deg_het_col
erdos-renyi,Minneapolis_crimes_2016-01-01,crimes,3.073139,2.724013,2.349128,0.08228776278623641,0.09131320598801797,0.0901250771564562,2.9488391230979425,2.9595468680031787,2.3,2.8694120118352955,1.6886952738497292,5.0731389010590355,4.724012613401547,4.349127723921991,-0.7240126134015404,0.17391304347826086,0.27692307692307694,-0.4391353811149033,0.6049149338374292,-0.02662472683223672,37.089359105248576,10.796425796425797,96,150,73,41,0.2567645280195888,0.13516683097626075,0.7408318017811985,12,4.637179487179488,1.275992438563327,1.1304347826086958
