randomization,name,type,l1,l2,l3,ipr1,ipr2,ipr3,l1_cm,l1_er,l1_reg,l2_mp,l3_mp,l1_lap,l2_lap,l3_lap,alg_conn,clustering_c,clustering_r,deg_assort,Q,N.olap,N.temp,N.nodf,H2,H3,H4,H17,cent_between,cent_close,cent_eigen,diam,mean_path_length,deg_het_row,deg_het_col
erdos-renyi,Minneapolis_crimes_2016-05-02,crimes,2.786286,2.451496,2.335622,0.121416648488235,0.08010898298368509,0.08470859917065643,2.7228776138489956,2.7038045429008326,2,2.7651999310133215,1.530952711764913,4.786286077518472,4.451495875365075,4.335621609155618,-0.45149587536506913,0,0,-0.6952435203645685,0.640625,-0.018250445691581418,39.49199590971655,11.880482456140351,67,64,61,37,0.5369406867845994,0.2320685997573405,0.7799522163869727,8,4.395161290322581,1.21875,1.140625
