randomization,name,type,l1,l2,l3,ipr1,ipr2,ipr3,l1_cm,l1_er,l1_reg,l2_mp,l3_mp,l1_lap,l2_lap,l3_lap,alg_conn,clustering_c,clustering_r,deg_assort,Q,N.olap,N.temp,N.nodf,H2,H3,H4,H17,cent_between,cent_close,cent_eigen,diam,mean_path_length,deg_het_row,deg_het_col
erdos-renyi,Minneapolis_crimes_2016-02-19,crimes,2.555795,2.312422,1.766526,0.17256761404976875,0.17317025661970042,0.17305964918015357,2.5499455331873704,2.6581273531644465,1.875,2.491532608711094,1.1307799610992944,4.555795157331269,4.3124221836277785,3.7665261839067607,-0.3124221836277779,0,0,-0.9230769230769235,0.5377777777777779,-0.00578703703703701,52.90449294264901,16.666666666666668,33,15,34,21,0.5212698412698412,0.2688069702082914,0.7329159219443818,6,3.3583333333333334,1.097777777777778,1.0266666666666666
