randomization,name,type,l1,l2,l3,ipr1,ipr2,ipr3,l1_cm,l1_er,l1_reg,l2_mp,l3_mp,l1_lap,l2_lap,l3_lap,alg_conn,clustering_c,clustering_r,deg_assort,Q,N.olap,N.temp,N.nodf,H2,H3,H4,H17,cent_between,cent_close,cent_eigen,diam,mean_path_length,deg_het_row,deg_het_col
erdos-renyi,Minneapolis_crimes_2016-06-30,crimes,3.072884,2.747177,2.529857,0.08088131402876345,0.08306946050493146,0.07055881482755395,2.9980269646007813,2.9511961682560877,2.2127659574468086,2.9437026416775822,1.7769184174950183,5.072884027153059,4.747176663090109,4.529857130165572,-0.7471766630901112,0.04477611940298507,0.2553191489361702,-0.6490704841435533,0.6242603550295858,-0.0030466742890504824,24.927998776965747,10.821596244131458,121,156,118,86,0.23701088206759285,0.12363488630585352,0.7807639378424082,11,4.630897317298797,1.2322485207100593,1.1923076923076923
