randomization,name,type,l1,l2,l3,ipr1,ipr2,ipr3,l1_cm,l1_er,l1_reg,l2_mp,l3_mp,l1_lap,l2_lap,l3_lap,alg_conn,clustering_c,clustering_r,deg_assort,Q,N.olap,N.temp,N.nodf,H2,H3,H4,H17,cent_between,cent_close,cent_eigen,diam,mean_path_length,deg_het_row,deg_het_col
erdos-renyi,San_Francisco_crimes_2016-01-27,crimes,8.215858,3.405328,3.337043,0.04005838664295283,0.06274136580378956,0.06305715544334,8.211582255836499,8.33088761883364,7,3.9210183482732264,2.347903379497122,10.21585766994445,5.405327985403608,5.337042879397265,-1.4053279854036256,1,0.9360290016731735,-0.8619889075196696,0.20716805240614783,-0.014610879224515549,64.9419895461732,45.47404397404398,1015,6320,3105,7524,0.11070395934876072,0.12352003203284642,0.46966268162430125,4,2.06031746031746,1.0216679264298312,1.0808767951625096
