randomization,name,type,l1,l2,l3,ipr1,ipr2,ipr3,l1_cm,l1_er,l1_reg,l2_mp,l3_mp,l1_lap,l2_lap,l3_lap,alg_conn,clustering_c,clustering_r,deg_assort,Q,N.olap,N.temp,N.nodf,H2,H3,H4,H17,cent_between,cent_close,cent_eigen,diam,mean_path_length,deg_het_row,deg_het_col
erdos-renyi,San_Francisco_crimes_2016-05-08,crimes,8.10877,3.540206,2.922041,0.04210587700304982,0.0606740111131724,0.0824052639054208,8.112785166837917,8.186565538983615,7.225806451612903,3.631978681253114,2.111171622931999,10.108770296943568,5.5402062276418595,4.922041421663406,-1.5402062276418689,1,0.959853747714808,-0.7796610169491522,0.19236288265306123,-0.031599199275669836,63.86182261431392,50.823818882642406,852,5535,2281,4709,0.11678211434853933,0.1822454539319105,0.4240003188925426,4,2.0043010752688173,1.0251913265306123,1.0747767857142858
