randomization,name,type,l1,l2,l3,ipr1,ipr2,ipr3,l1_cm,l1_er,l1_reg,l2_mp,l3_mp,l1_lap,l2_lap,l3_lap,alg_conn,clustering_c,clustering_r,deg_assort,Q,N.olap,N.temp,N.nodf,H2,H3,H4,H17,cent_between,cent_close,cent_eigen,diam,mean_path_length,deg_het_row,deg_het_col
erdos-renyi,San_Francisco_crimes_2016-12-13,crimes,8.12186,3.301575,2.977878,0.042006534369213186,0.06759935077184978,0.07197201119561118,8.084660730694564,8.2236001388598865,7.1875,3.7300579623072676,2.187059620904942,10.121859857343916,5.301575198968173,4.977877727837432,-1.3015751989681645,1,0.9545314056114564,-0.8147950021015629,0.19236294896030232,-0.03499607142723082,67.76641427286211,48.08354688789472,882,5652,2416,5084,0.07232321822216499,0.11231805798998491,0.4131933624107527,4,2.0080645161290325,1.026086956521739,1.0596597353497164
