randomization,name,type,l1,l2,l3,ipr1,ipr2,ipr3,l1_cm,l1_er,l1_reg,l2_mp,l3_mp,l1_lap,l2_lap,l3_lap,alg_conn,clustering_c,clustering_r,deg_assort,Q,N.olap,N.temp,N.nodf,H2,H3,H4,H17,cent_between,cent_close,cent_eigen,diam,mean_path_length,deg_het_row,deg_het_col
erdos-renyi,San_Francisco_crimes_2016-08-08,crimes,7.568434,3.395465,2.993282,0.044303732544267886,0.11708007092059836,0.05643202040589778,7.533857097800773,7.503186058788388,6.162162162162162,3.8485437463875716,2.3022692564868747,9.568433846879458,5.395465338306828,4.993281578495799,-1.3954653383068236,1,0.8692053655155543,-0.78391355444688815,0.24484456755924902,0.00994143608662671,58.29976326826471,41.86422303846546,839,4671,2418,5556,0.09477320632339055,0.14572138102520782,0.49190119853882774,4,2.1981981981981984,1.0510926438904278,1.1218836565096952
