randomization,name,type,l1,l2,l3,ipr1,ipr2,ipr3,l1_cm,l1_er,l1_reg,l2_mp,l3_mp,l1_lap,l2_lap,l3_lap,alg_conn,clustering_c,clustering_r,deg_assort,Q,N.olap,N.temp,N.nodf,H2,H3,H4,H17,cent_between,cent_close,cent_eigen,diam,mean_path_length,deg_het_row,deg_het_col
erdos-renyi,San_Francisco_crimes_2016-04-20,crimes,9.19188,3.428895,3.004512,0.038314867360789345,0.06328253752435267,0.08286150956776214,9.183421132263378,9.3412533371221,8.117647058823529,3.811902780431124,2.2580312721009417,11.191880057746214,5.4288953760058325,5.004511575907498,-1.4288953760058405,1,0.9796882040191043,-0.9254987771914015,0.1510186935517748,-0.06839771282138879,70.90629281655012,52.85805575525202,1238,9022,4040,10147,0.06410938592973356,0.07309674698787647,0.35676087229620923,4,1.946524064171123,1.0039907582440661,1.0586011342155008
