randomization,name,type,l1,l2,l3,ipr1,ipr2,ipr3,l1_cm,l1_er,l1_reg,l2_mp,l3_mp,l1_lap,l2_lap,l3_lap,alg_conn,clustering_c,clustering_r,deg_assort,Q,N.olap,N.temp,N.nodf,H2,H3,H4,H17,cent_between,cent_close,cent_eigen,diam,mean_path_length,deg_het_row,deg_het_col
erdos-renyi,San_Francisco_crimes_2016-09-02,crimes,8.197001,3.671239,3.422848,0.038303472754927965,0.06924268376957357,0.06347867820558345,8.197375781124695,8.302906493742633,6.769230769230769,4.04049752110855,2.4504070103842652,10.197000912015795,5.671238728405686,5.422847557474997,-1.6712387284056671,1,0.9167091836734694,-0.89191207701100494,0.22365702479338848,-0.008765528944317124,61.989257291286755,43.931068931068936,1085,6548,3497,8941,0.1070417015368084,0.11711227119471723,0.4607014304389548,4,2.1376518218623484,1.018135904499541,1.0984848484848484
