randomization,name,type,l1,l2,l3,ipr1,ipr2,ipr3,l1_cm,l1_er,l1_reg,l2_mp,l3_mp,l1_lap,l2_lap,l3_lap,alg_conn,clustering_c,clustering_r,deg_assort,Q,N.olap,N.temp,N.nodf,H2,H3,H4,H17,cent_between,cent_close,cent_eigen,diam,mean_path_length,deg_het_row,deg_het_col
erdos-renyi,San_Francisco_crimes_2016-07-15,crimes,7.975374,3.597816,3.331088,0.041565117783519186,0.0689409607113901,0.07339576128696076,7.966422590403353,7.853502327809896,6.486486486486487,3.824774170656912,2.285506326592735,9.975373845502897,5.597816346406904,5.331087829453914,-1.5978163464069213,1,0.8993774908599849,-0.8269139710756652,0.23638888888888893,0.0055808754958946325,56.509722388679485,46.31746830610467,927,5633,2694,6071,0.09890114924044338,0.17684619366445847,0.4553093323229094,4,2.1981981981981984,1.0236111111111112,1.1624999999999999
