randomization,name,type,l1,l2,l3,ipr1,ipr2,ipr3,l1_cm,l1_er,l1_reg,l2_mp,l3_mp,l1_lap,l2_lap,l3_lap,alg_conn,clustering_c,clustering_r,deg_assort,Q,N.olap,N.temp,N.nodf,H2,H3,H4,H17,cent_between,cent_close,cent_eigen,diam,mean_path_length,deg_het_row,deg_het_col
erdos-renyi,San_Francisco_crimes_2016-09-10,crimes,8.494724,3.584059,3.140098,0.03957294367232218,0.07416809640223071,0.07926203481193252,8.498563757335706,8.586308295733266,7.314285714285714,3.8553061243827313,2.2950594959913113,10.494723597416975,5.5840593559422205,5.140097600007187,-1.5840593559421994,1,0.9472354265699274,-0.8672191886931404,0.20330810546875,-0.013663861025521062,64.69738374788768,50.84041562302432,1059,6986,3250,7766,0.09423515304889296,0.11171929837975143,0.4107482205368711,4,2.030252100840336,1.0144042968749998,1.08642578125
