randomization,name,type,l1,l2,l3,ipr1,ipr2,ipr3,l1_cm,l1_er,l1_reg,l2_mp,l3_mp,l1_lap,l2_lap,l3_lap,alg_conn,clustering_c,clustering_r,deg_assort,Q,N.olap,N.temp,N.nodf,H2,H3,H4,H17,cent_between,cent_close,cent_eigen,diam,mean_path_length,deg_het_row,deg_het_col
erdos-renyi,San_Francisco_crimes_2016-07-06,crimes,8.768378,3.152009,2.833122,0.04365016294523773,0.06472026686306093,0.07016159062178128,8.79126134251727,8.732566099123137,7.931034482758621,3.350878609767489,1.9026487195815351,10.768377717738723,5.152009123807127,4.833122051104667,-1.1520091238071248,1,0.9836892308579004,-0.7236882194264663,0.1566729678638942,-0.031438428398304914,50.99117889534873,63.02220541803876,941,6853,2643,5629,0.0999364961669209,0.20250476896726236,0.37119643227749294,4,1.9113300492610839,1.0291115311909262,1.0789413988657848
