randomization,name,type,l1,l2,l3,ipr1,ipr2,ipr3,l1_cm,l1_er,l1_reg,l2_mp,l3_mp,l1_lap,l2_lap,l3_lap,alg_conn,clustering_c,clustering_r,deg_assort,Q,N.olap,N.temp,N.nodf,H2,H3,H4,H17,cent_between,cent_close,cent_eigen,diam,mean_path_length,deg_het_row,deg_het_col
erdos-renyi,San_Francisco_crimes_2016-02-23,crimes,7.368022,3.964351,3.171616,0.041593698417604894,0.06380784010963866,0.0884590892907775,7.397470955036745,7.386124298350949,6.054054054054054,3.8497680933353187,2.303134098996159,9.36802188474235,5.964350844840871,5.171616370888444,-1.9643508448408864,1,0.8638059701492538,-0.8214451714398086,0.2525510204081632,0.012702634540312823,55.107052069481995,43.12238547087032,805,4350,2243,4954,0.12958461607079516,0.18519324514491278,0.4766508807925466,4,2.21021021021021,1.0443239795918369,1.127869897959184
