randomization,name,type,l1,l2,l3,ipr1,ipr2,ipr3,l1_cm,l1_er,l1_reg,l2_mp,l3_mp,l1_lap,l2_lap,l3_lap,alg_conn,clustering_c,clustering_r,deg_assort,Q,N.olap,N.temp,N.nodf,H2,H3,H4,H17,cent_between,cent_close,cent_eigen,diam,mean_path_length,deg_het_row,deg_het_col
erdos-renyi,San_Francisco_crimes_2016-11-04,crimes,8.987907,3.147771,3.113767,0.041587108478964636,0.06435169823769475,0.07588475421024567,8.964096696589056,9.010311802467882,7.878787878787879,3.697290742508325,2.1707098536004885,10.98790696494464,5.147771456877082,5.113767294346107,-1.147771456877089,1,0.9716572957381435,-0.8064334066591624,0.16911242603550303,-0.0033182519160467085,62.10440473240823,54.29869347654583,1133,8050,3668,9427,0.0833023941284262,0.14938784111815276,0.41857712639774197,4,1.9696969696969697,1.0355029585798816,1.056094674556213
