randomization,name,type,l1,l2,l3,ipr1,ipr2,ipr3,l1_cm,l1_er,l1_reg,l2_mp,l3_mp,l1_lap,l2_lap,l3_lap,alg_conn,clustering_c,clustering_r,deg_assort,Q,N.olap,N.temp,N.nodf,H2,H3,H4,H17,cent_between,cent_close,cent_eigen,diam,mean_path_length,deg_het_row,deg_het_col
erdos-renyi,San_Francisco_crimes_2016-11-27,crimes,8.333338,3.531552,3.146149,0.041546965587379664,0.06030909888133597,0.07965014862983928,8.337431582067047,8.36488238243778,7.176470588235294,3.769849389833562,2.2282723704752367,10.333337588885287,5.531552390068479,5.146149066573078,-1.5315523900684773,1,0.9426704121997362,-0.8090077135426377,0.2016930932545015,-0.006209752518163707,62.1607634059335,51.39649032172397,980,6378,2913,6810,0.11441191732550805,0.15390622011710026,0.45306893238900137,4,2.028520499108734,1.0252620263370062,1.0932545014780974
