randomization,name,type,l1,l2,l3,ipr1,ipr2,ipr3,l1_cm,l1_er,l1_reg,l2_mp,l3_mp,l1_lap,l2_lap,l3_lap,alg_conn,clustering_c,clustering_r,deg_assort,Q,N.olap,N.temp,N.nodf,H2,H3,H4,H17,cent_between,cent_close,cent_eigen,diam,mean_path_length,deg_het_row,deg_het_col
erdos-renyi,San_Francisco_crimes_2016-02-09,crimes,8.432094,3.304954,3.229353,0.040684269177434354,0.07228254761412858,0.08690409071741743,8.396475451044921,8.548403359692383,7.352941176470588,3.841423755074964,2.279028470992665,10.432093864222358,5.3049537469306305,5.2293525403467305,-1.3049537469306114,1,0.9503085591628656,-0.8636064133538303,0.19763199999999995,-0.03422652554343289,67.05359435426156,47.32528634397793,1015,6669,3016,6959,0.08705319348724837,0.1048114136771118,0.4184642451236553,4,2.0071301247771838,1.0144,1.06752
