randomization,name,type,l1,l2,l3,ipr1,ipr2,ipr3,l1_cm,l1_er,l1_reg,l2_mp,l3_mp,l1_lap,l2_lap,l3_lap,alg_conn,clustering_c,clustering_r,deg_assort,Q,N.olap,N.temp,N.nodf,H2,H3,H4,H17,cent_between,cent_close,cent_eigen,diam,mean_path_length,deg_het_row,deg_het_col
erdos-renyi,San_Francisco_crimes_2016-04-17,crimes,7.619323,3.597703,3.275414,0.04264162136090748,0.07049742070450939,0.07332359068357198,7.600745363289307,7.51305959637623,6.051282051282051,3.895281277881031,2.346848084289776,9.619322544527982,5.5977029669291545,5.275413826762407,-1.5977029669291654,1,0.8606773779889869,-0.8025374855824685,0.24267451881643207,0.006306324135669215,55.03460957769306,44.71966318972971,885,4898,2640,6318,0.12651878238859798,0.14521020411012625,0.535866082579027,4,2.242914979757085,1.042803792013789,1.153835104854927
