randomization,name,type,l1,l2,l3,ipr1,ipr2,ipr3,l1_cm,l1_er,l1_reg,l2_mp,l3_mp,l1_lap,l2_lap,l3_lap,alg_conn,clustering_c,clustering_r,deg_assort,Q,N.olap,N.temp,N.nodf,H2,H3,H4,H17,cent_between,cent_close,cent_eigen,diam,mean_path_length,deg_het_row,deg_het_col
erdos-renyi,San_Francisco_crimes_2016-01-26,crimes,8.711457,3.496905,3.319133,0.03941819395587638,0.07533440086993437,0.0567058457960786,8.691164029054496,8.782400806620577,7.351351351351352,3.9553969673962577,2.3782726232071334,10.711457089364433,5.496905140994979,5.31913342969097,-1.49690514099498,1,0.9535545811599925,-0.8710188894643935,0.18631055363321802,-0.019227999025493145,64.54538555838077,48.15453485908031,1178,7780,3936,10465,0.09019255548444394,0.12606245387854306,0.46969977887790465,4,2.036036036036036,1.0207612456747406,1.0802335640138407
