randomization,name,type,l1,l2,l3,ipr1,ipr2,ipr3,l1_cm,l1_er,l1_reg,l2_mp,l3_mp,l1_lap,l2_lap,l3_lap,alg_conn,clustering_c,clustering_r,deg_assort,Q,N.olap,N.temp,N.nodf,H2,H3,H4,H17,cent_between,cent_close,cent_eigen,diam,mean_path_length,deg_het_row,deg_het_col
erdos-renyi,San_Francisco_crimes_2016-09-17,crimes,8.045631,3.314403,3.100474,0.04180763943828066,0.07421255467492409,0.07747435571838476,8.0227417778008,8.075245876107795,6.96969696969697,3.7339974506906786,2.1965006772213496,10.045630891591951,5.314402557087888,5.10047375451578,-1.314402557087903,1,0.9396743545367853,-0.8133021432635777,0.21844990548204163,-0.03578944020524249,63.554563434570305,48.47840824350891,875,5539,2386,4997,0.0737092348549911,0.11427700011521931,0.4438138824368949,4,2.0643939393939394,1.020037807183365,1.097391304347826
