randomization,name,type,l1,l2,l3,ipr1,ipr2,ipr3,l1_cm,l1_er,l1_reg,l2_mp,l3_mp,l1_lap,l2_lap,l3_lap,alg_conn,clustering_c,clustering_r,deg_assort,Q,N.olap,N.temp,N.nodf,H2,H3,H4,H17,cent_between,cent_close,cent_eigen,diam,mean_path_length,deg_het_row,deg_het_col
erdos-renyi,San_Francisco_crimes_2016-01-10,crimes,8.10458,3.481396,3.188869,0.040888304722045576,0.06808617856221819,0.06809892786828069,8.066848124178462,8.165708150412007,6.914285714285715,3.8605402879312414,2.2987850354699213,10.104579552005415,5.481396106923285,5.188868510039442,-1.4813961069232828,1,0.9422245882131897,-0.8489759320434158,0.21979372993647972,-0.03678408803902871,64.63039599738546,44.58867702345963,944,5878,2724,6132,0.08595274781518891,0.12087685355045892,0.45821754573649015,4,2.0941176470588236,1.0183730619493203,1.0911139949457005
