randomization,name,type,l1,l2,l3,ipr1,ipr2,ipr3,l1_cm,l1_er,l1_reg,l2_mp,l3_mp,l1_lap,l2_lap,l3_lap,alg_conn,clustering_c,clustering_r,deg_assort,Q,N.olap,N.temp,N.nodf,H2,H3,H4,H17,cent_between,cent_close,cent_eigen,diam,mean_path_length,deg_het_row,deg_het_col
erdos-renyi,San_Francisco_crimes_2016-01-01,crimes,9.317582,3.536464,3.223601,0.03843829135701471,0.07279406895995273,0.06958404732759937,9.301703111858387,9.417537550719754,7.945945945945946,3.9558761691226496,2.3786159004111394,11.317581658532132,5.53646351730206,5.223601035911787,-1.5364635173020542,1,0.9681705668858483,-0.8882549663805184,0.15984080707112772,-0.028627240917793464,64.32426584908012,52.18385984930103,1377,9820,4996,14480,0.08956493357683605,0.1388446882937677,0.4506848510123086,4,1.987987987987988,1.0167060021287426,1.0633069554352352
