randomization,name,type,l1,l2,l3,ipr1,ipr2,ipr3,l1_cm,l1_er,l1_reg,l2_mp,l3_mp,l1_lap,l2_lap,l3_lap,alg_conn,clustering_c,clustering_r,deg_assort,Q,N.olap,N.temp,N.nodf,H2,H3,H4,H17,cent_between,cent_close,cent_eigen,diam,mean_path_length,deg_het_row,deg_het_col
erdos-renyi,San_Francisco_crimes_2016-11-01,crimes,9.324933,3.81381,3.181411,0.03989744694599491,0.06966217554448305,0.06880687050497063,9.30881133170144,9.33124140271285,7.944444444444445,3.845857939885611,2.294403239177148,11.324933000199373,5.813809510314579,5.181411088535794,-1.8138095103145893,1,0.9698671871281002,-0.8469895775172164,0.17903075945033992,-0.00866633440162848,61.904173245849634,53.016851855087154,1331,9588,4788,13847,0.09182973876899234,0.1618268553649524,0.4663706567942533,4,1.9873015873015873,1.0303682331654358,1.0692943420216148
