randomization,name,type,l1,l2,l3,ipr1,ipr2,ipr3,l1_cm,l1_er,l1_reg,l2_mp,l3_mp,l1_lap,l2_lap,l3_lap,alg_conn,clustering_c,clustering_r,deg_assort,Q,N.olap,N.temp,N.nodf,H2,H3,H4,H17,cent_between,cent_close,cent_eigen,diam,mean_path_length,deg_het_row,deg_het_col
erdos-renyi,San_Francisco_crimes_2016-11-06,crimes,7.793244,3.500739,3.342472,0.04115625251989327,0.07033301084842138,0.06656835377745354,7.8225618199651255,7.857614075823956,6.555555555555555,3.8615753270650495,2.3055461276267546,9.793244457780046,5.500739436255045,5.342471879478573,-1.5007394362550293,0.999781013905617,0.9127805641518159,-0.8122397308192021,0.24195633438667058,0.0033118808743809068,59.043518629926105,46.690503190503186,902,5242,2676,6392,0.14349295179888935,0.14565401278372292,0.4618818838361425,4,2.111111111111111,1.0442401608733123,1.0942257971847174
