randomization,name,type,l1,l2,l3,ipr1,ipr2,ipr3,l1_cm,l1_er,l1_reg,l2_mp,l3_mp,l1_lap,l2_lap,l3_lap,alg_conn,clustering_c,clustering_r,deg_assort,Q,N.olap,N.temp,N.nodf,H2,H3,H4,H17,cent_between,cent_close,cent_eigen,diam,mean_path_length,deg_het_row,deg_het_col
erdos-renyi,San_Francisco_crimes_2016-03-15,crimes,8.377975,3.255937,2.913295,0.04420952749164734,0.07708963646501989,0.08190070014452913,8.328324140351857,8.38178057197012,7.419354838709677,3.610536107889962,2.096200874962342,10.3779754826446,5.255936943108884,4.91329528372362,-1.2559369431088754,1,0.9601429619938092,-0.7467868469370731,0.177164461247637,-0.020847174793253202,63.59770333296299,50.14808394220159,903,6079,2514,5432,0.08557210260607705,0.17283218662187114,0.444365237676316,4,1.9870967741935484,1.0306238185255199,1.0686578449905482
