randomization,name,type,l1,l2,l3,ipr1,ipr2,ipr3,l1_cm,l1_er,l1_reg,l2_mp,l3_mp,l1_lap,l2_lap,l3_lap,alg_conn,clustering_c,clustering_r,deg_assort,Q,N.olap,N.temp,N.nodf,H2,H3,H4,H17,cent_between,cent_close,cent_eigen,diam,mean_path_length,deg_het_row,deg_het_col
erdos-renyi,San_Francisco_crimes_2016-01-22,crimes,8.70817,3.849816,3.259879,0.03970428561284672,0.07167488962650659,0.07508172045848238,8.676432064666965,8.853780930995082,7.647058823529412,3.849180880417949,2.284560604456331,10.708170359073979,5.849815866431563,5.259879428315734,-1.8498158664315425,1,0.9555867012843784,-0.88013151929165645,0.19615384615384607,-0.04629037691909396,74.18607275266538,47.89020429207345,1097,7480,3393,8174,0.07504899619041082,0.14164302372461943,0.4627525688541233,4,2.0035650623885917,1.0118343195266273,1.056568047337278
