randomization,name,type,l1,l2,l3,ipr1,ipr2,ipr3,l1_cm,l1_er,l1_reg,l2_mp,l3_mp,l1_lap,l2_lap,l3_lap,alg_conn,clustering_c,clustering_r,deg_assort,Q,N.olap,N.temp,N.nodf,H2,H3,H4,H17,cent_between,cent_close,cent_eigen,diam,mean_path_length,deg_het_row,deg_het_col
erdos-renyi,San_Francisco_crimes_2016-06-26,crimes,8.047383,3.750703,3.170295,0.04028369217687316,0.08033653868935622,0.10952037290028262,8.088015825899452,8.023698115712417,6.578947368421052,3.899750010687615,2.344324872569886,10.04738293001,5.750703290514155,5.170294611885732,-1.7507032905141646,0.9984887125720223,0.9154202436793817,-0.8256747180725359,0.21945599999999998,0.008766690851431972,54.91361722315981,47.88996267719672,1002,5972,3175,8134,0.15594837339124787,0.15001443039336046,0.46780805915865264,4,2.1337126600284493,1.04,1.127168
