randomization,name,type,l1,l2,l3,ipr1,ipr2,ipr3,l1_cm,l1_er,l1_reg,l2_mp,l3_mp,l1_lap,l2_lap,l3_lap,alg_conn,clustering_c,clustering_r,deg_assort,Q,N.olap,N.temp,N.nodf,H2,H3,H4,H17,cent_between,cent_close,cent_eigen,diam,mean_path_length,deg_het_row,deg_het_col
erdos-renyi,San_Francisco_crimes_2016-10-13,crimes,7.959256,3.635182,3.143628,0.039335989326363736,0.06543281364574254,0.06988725535272095,7.975796720913425,8.105512797211619,6.857142857142857,3.8764088002412462,2.3100964718545187,9.959256003673888,5.6351822868371695,5.143628020979257,-1.6351822868371626,1,0.9447858875120428,-0.8638162504023787,0.21458333333333343,-0.027364469936933665,62.487154897054566,45.26840309449005,926,5625,2660,6030,0.11410680475953579,0.15193591737931483,0.46042429135298685,4,2.077310924369748,1.0194444444444446,1.0833333333333335
