randomization,name,type,l1,l2,l3,ipr1,ipr2,ipr3,l1_cm,l1_er,l1_reg,l2_mp,l3_mp,l1_lap,l2_lap,l3_lap,alg_conn,clustering_c,clustering_r,deg_assort,Q,N.olap,N.temp,N.nodf,H2,H3,H4,H17,cent_between,cent_close,cent_eigen,diam,mean_path_length,deg_het_row,deg_het_col
erdos-renyi,San_Francisco_crimes_2016-10-31,crimes,8.868073,4.075425,3.090092,0.03976819272068084,0.0638048039057641,0.07691302970107078,8.868297013156837,8.945862606671744,7.6571428571428575,3.8407244518744834,2.284694944642413,10.868073157175733,6.075424934951587,5.090092439154104,-2.07542493495157,1,0.9536417039806104,-0.855424218229409,0.20906660726219647,-0.01530309771292969,65.63184725666058,50.560479375696765,1168,8054,3833,9984,0.09080143714458157,0.16351838972497412,0.47009169451575494,4,2.0201680672268907,1.0213856092670974,1.072065047894854
