randomization,name,type,l1,l2,l3,ipr1,ipr2,ipr3,l1_cm,l1_er,l1_reg,l2_mp,l3_mp,l1_lap,l2_lap,l3_lap,alg_conn,clustering_c,clustering_r,deg_assort,Q,N.olap,N.temp,N.nodf,H2,H3,H4,H17,cent_between,cent_close,cent_eigen,diam,mean_path_length,deg_het_row,deg_het_col
erdos-renyi,San_Francisco_crimes_2016-09-16,crimes,8.492056,3.66585,3.188053,0.042002226176544546,0.07202228885954105,0.08339734607090749,8.481172145248326,8.487255391629098,7.294117647058823,3.754825609023044,2.2176837086430234,10.492056422897098,5.665849506468745,5.188053265504067,-1.6658495064687544,1,0.9493315684976836,-0.7978454777989109,0.21462018730489066,-0.007728680583395926,57.80479848556845,52.22691638579489,1016,6755,3092,7417,0.09423452032020128,0.1557576917959482,0.46890692093314346,4,2.035650623885918,1.0275754422476586,1.09261186264308
