randomization,name,type,l1,l2,l3,ipr1,ipr2,ipr3,l1_cm,l1_er,l1_reg,l2_mp,l3_mp,l1_lap,l2_lap,l3_lap,alg_conn,clustering_c,clustering_r,deg_assort,Q,N.olap,N.temp,N.nodf,H2,H3,H4,H17,cent_between,cent_close,cent_eigen,diam,mean_path_length,deg_het_row,deg_het_col
erdos-renyi,San_Francisco_crimes_2016-10-21,crimes,8.372909,3.209847,3.097559,0.04016994733752175,0.0686075445651703,0.08264154807643298,8.376509056182543,8.449961695046374,7.333333333333333,3.7413085615474673,2.2016539783335123,10.372908665632856,5.209846576212085,5.097559409658343,-1.2098465762120683,1,0.9662195439928152,-0.8528015941686982,0.1855064544771532,-0.025435420148024343,62.078024821523435,49.79706162592068,969,6416,2789,6210,0.11174028482730575,0.13544178641042032,0.4403016422860882,4,2.0265151515151514,1.0183730619493203,1.0823714227170274
