randomization,name,type,l1,l2,l3,ipr1,ipr2,ipr3,l1_cm,l1_er,l1_reg,l2_mp,l3_mp,l1_lap,l2_lap,l3_lap,alg_conn,clustering_c,clustering_r,deg_assort,Q,N.olap,N.temp,N.nodf,H2,H3,H4,H17,cent_between,cent_close,cent_eigen,diam,mean_path_length,deg_het_row,deg_het_col
erdos-renyi,San_Francisco_crimes_2016-05-11,crimes,8.498858,3.6541960000000002,3.225491,0.040861480152285884,0.06010029375837288,0.06148666070291599,8.510441519406012,8.526300368424511,7.257142857142857,3.8135357998167945,2.2654252938085184,10.498858248221548,5.654195551758867,5.22549109826901,-1.6541955517588882,1,0.9483752422663545,-0.8238089623062865,0.19833839667679354,0.001632665062616791,58.757126426400866,51.875149005583786,1054,6932,3299,8206,0.10156528031001633,0.13019073583414806,0.4554184535097479,4,2.030252100840336,1.0273420546841094,1.092752185504371
