randomization,name,type,l1,l2,l3,ipr1,ipr2,ipr3,l1_cm,l1_er,l1_reg,l2_mp,l3_mp,l1_lap,l2_lap,l3_lap,alg_conn,clustering_c,clustering_r,deg_assort,Q,N.olap,N.temp,N.nodf,H2,H3,H4,H17,cent_between,cent_close,cent_eigen,diam,mean_path_length,deg_het_row,deg_het_col
erdos-renyi,San_Francisco_crimes_2016-11-28,crimes,7.927367,3.814219,3.147962,0.04046698582508154,0.07253403876906046,0.08592955457975658,7.949636552162332,7.970007811028544,6.594594594594595,3.9007094525908212,2.339240407453775,9.927366509980994,5.81421868999816,5.147962076222236,-1.814218689998147,1,0.9098138965805912,-0.8261774539979183,0.23743617307175507,-0.0063912766430484205,57.86352151137909,45.5804464895374,954,5625,2909,7162,0.15911861982973519,0.16321577688764763,0.468354973619045,4,2.1171171171171173,1.0360118247782855,1.1065573770491803
