randomization,name,type,l1,l2,l3,ipr1,ipr2,ipr3,l1_cm,l1_er,l1_reg,l2_mp,l3_mp,l1_lap,l2_lap,l3_lap,alg_conn,clustering_c,clustering_r,deg_assort,Q,N.olap,N.temp,N.nodf,H2,H3,H4,H17,cent_between,cent_close,cent_eigen,diam,mean_path_length,deg_het_row,deg_het_col
erdos-renyi,San_Francisco_crimes_2016-11-07,crimes,7.828548,3.166091,3.068317,0.04714737071870695,0.08725322305451524,0.07372282896460762,7.7755996656334725,7.648675703480567,6.625,3.572761721293221,2.077160638003397,9.828547814750667,5.166091008194309,5.068316752097236,-1.16609100819431,1,0.9320267604425766,-0.7060767824497258,0.21520113919544315,0.05979416249343788,53.7768062755585,51.19028013049753,776,4770,2065,4205,0.089637708218489,0.1425142791762845,0.44161275424361696,4,2.0766129032258065,1.064435742257031,1.1121395514417942
