randomization,name,type,l1,l2,l3,ipr1,ipr2,ipr3,l1_cm,l1_er,l1_reg,l2_mp,l3_mp,l1_lap,l2_lap,l3_lap,alg_conn,clustering_c,clustering_r,deg_assort,Q,N.olap,N.temp,N.nodf,H2,H3,H4,H17,cent_between,cent_close,cent_eigen,diam,mean_path_length,deg_het_row,deg_het_col
erdos-renyi,San_Francisco_crimes_2016-03-22,crimes,8.151488,3.5254,2.997213,0.04100091868660911,0.06960371076914529,0.0697926057787658,8.171495639965014,8.26273007685739,7.151515151515151,3.7557267841950797,2.2118328588993634,10.151487579495765,5.525399592560587,4.99721265397299,-1.5253995925605761,1,0.9512179362925631,-0.8291163519464027,0.1841424877908647,-0.008070888066693404,58.06885121403961,50.882319581984014,921,5888,2612,5727,0.07941467145343895,0.11870406144355991,0.40263688176469487,4,2.0303030303030303,1.0241309968399883,1.0769893708704397
