randomization,name,type,l1,l2,l3,ipr1,ipr2,ipr3,l1_cm,l1_er,l1_reg,l2_mp,l3_mp,l1_lap,l2_lap,l3_lap,alg_conn,clustering_c,clustering_r,deg_assort,Q,N.olap,N.temp,N.nodf,H2,H3,H4,H17,cent_between,cent_close,cent_eigen,diam,mean_path_length,deg_het_row,deg_het_col
erdos-renyi,San_Francisco_crimes_2016-02-11,crimes,8.40963,3.587585,3.258252,0.040283176475730736,0.05790192666167033,0.07673330153154188,8.400963587378092,8.51231924636668,7.393939393939393,3.7629470211086202,2.2169381979144362,10.409629861451231,5.587584816680008,5.258251552541749,-1.58758481668,1,0.953582694907616,-0.8408754457149893,0.1994087610857297,-0.028907500370282533,63.88558202224655,50.191389520248585,983,6519,2868,6484,0.10244684941573692,0.12955667070118243,0.37884797969634176,4,2.0113636363636362,1.0198871271163668,1.0693361999462512
