randomization,name,type,l1,l2,l3,ipr1,ipr2,ipr3,l1_cm,l1_er,l1_reg,l2_mp,l3_mp,l1_lap,l2_lap,l3_lap,alg_conn,clustering_c,clustering_r,deg_assort,Q,N.olap,N.temp,N.nodf,H2,H3,H4,H17,cent_between,cent_close,cent_eigen,diam,mean_path_length,deg_het_row,deg_het_col
erdos-renyi,San_Francisco_crimes_2016-02-18,crimes,7.660103,3.476938,3.21233,0.044191973217083944,0.06865038803703398,0.07548520154915447,7.659340536167562,7.501317757366527,6.222222222222222,3.7416718381838896,2.221127434771323,9.660103043809201,5.476938031411946,5.212330424476104,-1.4769380314119689,0.9992628086988573,0.8846153846153846,-0.7596596136154558,0.23158482142857145,0.028166698740228185,49.34785781462978,46.31665331665332,832,4765,2404,5516,0.12553914009298406,0.14005077128715804,0.5171289694491793,4,2.1809523809523808,1.0666454081632655,1.1399872448979593
