randomization,name,type,l1,l2,l3,ipr1,ipr2,ipr3,l1_cm,l1_er,l1_reg,l2_mp,l3_mp,l1_lap,l2_lap,l3_lap,alg_conn,clustering_c,clustering_r,deg_assort,Q,N.olap,N.temp,N.nodf,H2,H3,H4,H17,cent_between,cent_close,cent_eigen,diam,mean_path_length,deg_het_row,deg_het_col
erdos-renyi,San_Francisco_crimes_2016-04-08,crimes,8.972756,3.505251,3.181392,0.04252377618280596,0.07288375985937023,0.07380275738101187,8.925276890158235,8.914787760670894,7.705882352941177,3.728401599726003,2.1991143691452,10.97275610963642,5.505251004742665,5.181392383218605,-1.505251004742664,1,0.9655605676738965,-0.7790196879587187,0.18472117009498282,-0.01664155764623051,63.73016213642192,48.858747690523394,1145,8043,3795,10138,0.0834442466350269,0.14127745133067937,0.44632357555218827,4,2.0106951871657754,1.0413146087057863,1.0698677233261467
