randomization,name,type,l1,l2,l3,ipr1,ipr2,ipr3,l1_cm,l1_er,l1_reg,l2_mp,l3_mp,l1_lap,l2_lap,l3_lap,alg_conn,clustering_c,clustering_r,deg_assort,Q,N.olap,N.temp,N.nodf,H2,H3,H4,H17,cent_between,cent_close,cent_eigen,diam,mean_path_length,deg_het_row,deg_het_col
erdos-renyi,San_Francisco_crimes_2016-03-29,crimes,8.737273,3.167041,2.894268,0.04157679753266609,0.10890530947561444,0.0749794494158065,8.751176411594338,8.771491016752925,7.806451612903226,3.5618672525383683,2.062401025184549,10.737272999180826,5.167041472269853,4.89426836125867,-1.167041472269835,1,0.9850220727349169,-0.8286195863329907,0.1657673656171026,-0.0448439890719302,55.142591165318436,56.862594921418456,1002,7099,2914,6467,0.0951818802358499,0.10197796137062684,0.38468513683512445,4,1.939784946236559,1.0224711426815107,1.0743118639437197
