randomization,name,type,l1,l2,l3,ipr1,ipr2,ipr3,l1_cm,l1_er,l1_reg,l2_mp,l3_mp,l1_lap,l2_lap,l3_lap,alg_conn,clustering_c,clustering_r,deg_assort,Q,N.olap,N.temp,N.nodf,H2,H3,H4,H17,cent_between,cent_close,cent_eigen,diam,mean_path_length,deg_het_row,deg_het_col
erdos-renyi,San_Francisco_crimes_2016-11-08,crimes,8.897668,3.259265,3.030891,0.03991039151935846,0.06681898577622118,0.07417324181805737,8.900491559458949,9.050036808877268,8,3.697717803404087,2.16425490920096,10.897668137160531,5.259264605197017,5.03089114757784,-1.2592646051970235,1,0.9834993143448059,-0.8607053731916304,0.1651611328125,-0.05773257070358515,65.920953038711545,53.96602190080451,1094,7809,3349,7955,0.09131034649720456,0.16159587725238658,0.3987716857424175,4,1.9314516129032258,1.0156249999999998,1.04736328125
