randomization,name,type,l1,l2,l3,ipr1,ipr2,ipr3,l1_cm,l1_er,l1_reg,l2_mp,l3_mp,l1_lap,l2_lap,l3_lap,alg_conn,clustering_c,clustering_r,deg_assort,Q,N.olap,N.temp,N.nodf,H2,H3,H4,H17,cent_between,cent_close,cent_eigen,diam,mean_path_length,deg_het_row,deg_het_col
erdos-renyi,San_Francisco_crimes_2016-10-06,crimes,8.162233,3.495412,3.131961,0.044666329306816854,0.0699363682276568,0.06745784369870773,8.153222496268148,8.045288026771205,6.8,3.7413146732418747,2.2145872600344827,10.162233025441296,5.4954122746266085,5.131961043047972,-1.4954122746266179,1,0.9395977276216797,-0.7488877242671248,0.2049290304357038,0.04592200851152261,52.92904869630099,50.34318097361575,948,5859,2955,7494,0.13001411334490862,0.18473738970101797,0.4981504502315119,4,2.0638655462184876,1.0670150413106418,1.0998517053880377
