randomization,name,type,l1,l2,l3,ipr1,ipr2,ipr3,l1_cm,l1_er,l1_reg,l2_mp,l3_mp,l1_lap,l2_lap,l3_lap,alg_conn,clustering_c,clustering_r,deg_assort,Q,N.olap,N.temp,N.nodf,H2,H3,H4,H17,cent_between,cent_close,cent_eigen,diam,mean_path_length,deg_het_row,deg_het_col
erdos-renyi,San_Francisco_crimes_2016-02-03,crimes,8.707605,3.795258,3.274028,0.04042005880987781,0.0617572964388044,0.06599074403415307,8.69793350358224,8.792751897101105,7.588235294117647,3.8005626158769057,2.2499889424808837,10.707605142284372,5.795258125242389,5.274028443608576,-1.7952581252423856,1,0.9551633896106904,-0.8342563492121117,0.19596178114296015,-0.022425779796213068,67.28144030905024,51.18750927162142,1091,7445,3424,8513,0.11786975326000806,0.18646462004309347,0.4507358307482675,4,2.0106951871657754,1.0209722973379005,1.0686857760951867
