randomization,name,type,l1,l2,l3,ipr1,ipr2,ipr3,l1_cm,l1_er,l1_reg,l2_mp,l3_mp,l1_lap,l2_lap,l3_lap,alg_conn,clustering_c,clustering_r,deg_assort,Q,N.olap,N.temp,N.nodf,H2,H3,H4,H17,cent_between,cent_close,cent_eigen,diam,mean_path_length,deg_het_row,deg_het_col
erdos-renyi,San_Francisco_crimes_2016-10-16,crimes,8.718122,3.171821,2.803521,0.04282206765844204,0.060413131076756055,0.07904808518282916,8.730470268611601,8.706601559407995,7.741935483870968,3.5361926663146424,2.044669583304181,10.718122091529262,5.171820605115812,4.803520948721906,-1.1718206051158093,1,0.9887573038397329,-0.7647058823529429,0.180625,0.029120766488413587,54.015560601619654,56.50699409522939,1e3,6990,3030,7249,0.1047648457078787,0.19809259699744375,0.4119493725415686,4,1.939784946236559,1.0527777777777778,1.0558333333333332
