randomization,name,type,l1,l2,l3,ipr1,ipr2,ipr3,l1_cm,l1_er,l1_reg,l2_mp,l3_mp,l1_lap,l2_lap,l3_lap,alg_conn,clustering_c,clustering_r,deg_assort,Q,N.olap,N.temp,N.nodf,H2,H3,H4,H17,cent_between,cent_close,cent_eigen,diam,mean_path_length,deg_het_row,deg_het_col
erdos-renyi,San_Francisco_crimes_2016-02-02,crimes,8.044625,3.793987,3.461811,0.04044649375038874,0.06256372663202796,0.06832940970318874,8.0681282233301,8.086390426554813,6.702702702702703,3.9040920038287825,2.3416464527454366,10.044625270221056,5.793987241217508,5.461810550895996,-1.7939872412174986,1,0.9306151645207439,-0.8232609190325122,0.2321800208116546,0.017101927247389,55.59535095330119,45.8156812323479,990,5920,3108,7889,0.1472693578892089,0.12643582672797596,0.4802915889257822,4,2.114114114114114,1.0431841831425597,1.0957336108220603
