randomization,name,type,l1,l2,l3,ipr1,ipr2,ipr3,l1_cm,l1_er,l1_reg,l2_mp,l3_mp,l1_lap,l2_lap,l3_lap,alg_conn,clustering_c,clustering_r,deg_assort,Q,N.olap,N.temp,N.nodf,H2,H3,H4,H17,cent_between,cent_close,cent_eigen,diam,mean_path_length,deg_het_row,deg_het_col
erdos-renyi,San_Francisco_crimes_2016-06-11,crimes,8.496524,3.277069,3.069106,0.04032349450233863,0.06604033016765636,0.07265301656734822,8.498158323152232,8.609526430596635,7.411764705882353,3.8160391585320848,2.260967987707553,10.496524283746375,5.2770688395603305,5.069106196208239,-1.27706883956034,1,0.966297618741812,-0.837042515608463,0.17951625094482235,-0.017513478012324925,64.00826162971197,48.954659048116994,1039,6879,3182,7744,0.1205411286959542,0.18617078741348864,0.481845056895702,4,2.0071301247771838,1.0229276895943564,1.0672713529856388
