randomization,name,type,l1,l2,l3,ipr1,ipr2,ipr3,l1_cm,l1_er,l1_reg,l2_mp,l3_mp,l1_lap,l2_lap,l3_lap,alg_conn,clustering_c,clustering_r,deg_assort,Q,N.olap,N.temp,N.nodf,H2,H3,H4,H17,cent_between,cent_close,cent_eigen,diam,mean_path_length,deg_het_row,deg_het_col
erdos-renyi,San_Francisco_crimes_2016-01-07,crimes,8.24704,3.678038,3.12193,0.03916886619202832,0.058695222063924635,0.09231063060974831,8.251074880668005,8.434856112266205,7.027027027027027,4.002740871109785,2.4122943050193566,10.2470404284627,5.678037863180204,5.121930255195522,-1.6780378631801987,1,0.9336082474226804,-0.853780334666938,0.21899408284023675,-0.014586072947815325,65.62436186093788,42.67114619387347,1070,6558,3457,9044,0.11149115937943285,0.13725590114992153,0.4768679705893312,4,2.057057057057057,1.0284023668639053,1.0576331360946747
