randomization,name,type,l1,l2,l3,ipr1,ipr2,ipr3,l1_cm,l1_er,l1_reg,l2_mp,l3_mp,l1_lap,l2_lap,l3_lap,alg_conn,clustering_c,clustering_r,deg_assort,Q,N.olap,N.temp,N.nodf,H2,H3,H4,H17,cent_between,cent_close,cent_eigen,diam,mean_path_length,deg_het_row,deg_het_col
erdos-renyi,San_Francisco_crimes_2016-10-07,crimes,9.354633,3.097572,2.95991,0.04106912810992983,0.08271046455417391,0.05639700718646203,9.359988662124653,9.304647720294982,8,3.736526759233647,2.211234565754296,11.35463310078691,5.097571883313268,4.9599097155150655,-1.0975718833132766,1,0.9818623875516654,-0.8089303586995126,0.16571428571428581,0.034247387349476056,53.45385518653115,55.40217391304348,1305,9480,4726,13922,0.11892190905707099,0.22471322958392234,0.4775160842387281,4,1.969747899159664,1.0479591836734694,1.066326530612245
