randomization,name,type,l1,l2,l3,ipr1,ipr2,ipr3,l1_cm,l1_er,l1_reg,l2_mp,l3_mp,l1_lap,l2_lap,l3_lap,alg_conn,clustering_c,clustering_r,deg_assort,Q,N.olap,N.temp,N.nodf,H2,H3,H4,H17,cent_between,cent_close,cent_eigen,diam,mean_path_length,deg_het_row,deg_het_col
erdos-renyi,San_Francisco_crimes_2016-08-21,crimes,8.663681,3.612183,3.413657,0.040527775521401285,0.06432725006978976,0.05440283567649603,8.671777471655183,8.684699304478775,7.333333333333333,3.8613288674114896,2.3053712172923007,10.66368084493539,5.612182763737549,5.413657274688839,-1.612182763737538,1,0.9501513263307816,-0.8360565087077875,0.20798898071625344,0.0021041376041376378,61.74355441255886,51.964094464094465,1129,7503,3701,9701,0.10870613320198311,0.14704394402538473,0.48347638650155,4,2.034920634920635,1.0273186409550048,1.0922865013774106
