randomization,name,type,l1,l2,l3,ipr1,ipr2,ipr3,l1_cm,l1_er,l1_reg,l2_mp,l3_mp,l1_lap,l2_lap,l3_lap,alg_conn,clustering_c,clustering_r,deg_assort,Q,N.olap,N.temp,N.nodf,H2,H3,H4,H17,cent_between,cent_close,cent_eigen,diam,mean_path_length,deg_het_row,deg_het_col
erdos-renyi,San_Francisco_crimes_2016-02-20,crimes,7.334626,3.618447,3.043243,0.04081515636153802,0.07441811576264368,0.08262872935641848,7.326465020878581,7.443274480554034,6.294117647058823,3.7997417119267793,2.249407269626346,9.33462642653438,5.6184472048005425,5.043242672322792,-1.618447204800562,0.9975476839237057,0.8974795992149571,-0.8682736877830077,0.23329548432177477,-0.03892516275693843,65.85476872270235,41.94924321092545,736,4154,1791,3246,0.09487818280220521,0.13245544106699964,0.37266085850933695,4,2.1497326203208558,1.007074853699013,1.1173028212070926
