randomization,name,type,l1,l2,l3,ipr1,ipr2,ipr3,l1_cm,l1_er,l1_reg,l2_mp,l3_mp,l1_lap,l2_lap,l3_lap,alg_conn,clustering_c,clustering_r,deg_assort,Q,N.olap,N.temp,N.nodf,H2,H3,H4,H17,cent_between,cent_close,cent_eigen,diam,mean_path_length,deg_het_row,deg_het_col
erdos-renyi,San_Francisco_crimes_2016-02-27,crimes,7.742136,3.408477,3.310228,0.04316655783682284,0.08028565135746442,0.08577604797626495,7.785623508274982,7.620098136652797,6.27027027027027,3.7856046141249675,2.2579948573848805,9.742136226844634,5.408476873256416,5.310228330808236,-1.4084768732564075,0.9998838829540176,0.8816882685277501,-0.76984894825541506,0.23461652794292517,0.0332263892386015,51.841158560270074,47.60440107031016,886,5066,2697,6654,0.1348425981291899,0.15031912055995514,0.5256812519300869,4,2.1681681681681684,1.06718192627824,1.1397146254458976
