randomization,name,type,l1,l2,l3,ipr1,ipr2,ipr3,l1_cm,l1_er,l1_reg,l2_mp,l3_mp,l1_lap,l2_lap,l3_lap,alg_conn,clustering_c,clustering_r,deg_assort,Q,N.olap,N.temp,N.nodf,H2,H3,H4,H17,cent_between,cent_close,cent_eigen,diam,mean_path_length,deg_het_row,deg_het_col
erdos-renyi,San_Francisco_crimes_2016-01-31,crimes,7.763563,3.465503,2.997942,0.04272242912953335,0.07066599469181042,0.08723738429254134,7.779650325282844,7.887489323623648,6.787878787878788,3.764894075473423,2.2183158575961794,9.7635629807365,5.465503226457161,4.99794210228397,-1.4655032264571681,1,0.9482744751025661,-0.7740902610606029,0.21803252551020408,5.063399674661228e-4,62.68951306146443,46.747048626243256,830,4968,2283,5062,0.13924336218243888,0.18692932948954843,0.4915591502348466,4,2.037878787878788,1.0363520408163267,1.0707908163265305
