randomization,name,type,l1,l2,l3,ipr1,ipr2,ipr3,l1_cm,l1_er,l1_reg,l2_mp,l3_mp,l1_lap,l2_lap,l3_lap,alg_conn,clustering_c,clustering_r,deg_assort,Q,N.olap,N.temp,N.nodf,H2,H3,H4,H17,cent_between,cent_close,cent_eigen,diam,mean_path_length,deg_het_row,deg_het_col
erdos-renyi,San_Francisco_crimes_2016-08-10,crimes,7.873593,3.462403,3.307924,0.043731048572364206,0.07775855865332555,0.07633404215650591,7.7985245195188835,7.851818740240428,6.421052631578947,3.9517310451482515,2.3813006921635074,9.87359269746837,5.462402981126981,5.307923996024926,-1.462402981126982,0.9984775989560678,0.8892828102130428,-0.780467705480271,0.2213114754098361,-0.004918145423180919,62.741599729031144,42.620889748549324,945,5449,2924,7394,0.1266681413105314,0.1308714285215242,0.5445950099746643,4,2.1650071123755334,1.0413867239989252,1.0986294006987372
