randomization,name,type,l1,l2,l3,ipr1,ipr2,ipr3,l1_cm,l1_er,l1_reg,l2_mp,l3_mp,l1_lap,l2_lap,l3_lap,alg_conn,clustering_c,clustering_r,deg_assort,Q,N.olap,N.temp,N.nodf,H2,H3,H4,H17,cent_between,cent_close,cent_eigen,diam,mean_path_length,deg_het_row,deg_het_col
erdos-renyi,San_Francisco_crimes_2016-05-23,crimes,8.036464,3.910905,3.445812,0.03889658127289434,0.06282616497852772,0.05818175475975494,8.056272575270503,8.138133678720523,6.684210526315789,3.981121246510451,2.402316867340513,10.036464494647602,5.910904974024289,5.445812315761305,-1.9109049740243178,0.9997154240182129,0.906977414150726,-0.8807015832764393,0.23560047120094255,-0.008236537234764146,59.78713817561583,44.801912035954594,1018,6027,3188,7935,0.11400106307904058,0.11280313007662983,0.4476389159018599,4,2.1223328591749646,1.0285820571641144,1.0954181908363818
