randomization,name,type,l1,l2,l3,ipr1,ipr2,ipr3,l1_cm,l1_er,l1_reg,l2_mp,l3_mp,l1_lap,l2_lap,l3_lap,alg_conn,clustering_c,clustering_r,deg_assort,Q,N.olap,N.temp,N.nodf,H2,H3,H4,H17,cent_between,cent_close,cent_eigen,diam,mean_path_length,deg_het_row,deg_het_col
erdos-renyi,Washington_DC_crimes_2016-04-18,crimes,5.263936,3.464633,2.892094,0.061192039459186096,0.1004589135101127,0.08291943996471231,5.214511854701711,5.221209256605777,3.6216216216216215,3.5366776175635137,2.051035386293096,7.263936053646826,5.46463340021735,4.89209443576754,-1.4646334002173529,0.6416953035509737,0.9386084583901774,-0.8663444639718804,0.3947427043885053,-0.02174174984799405,55.03258847151038,31.085581694134326,358,1030,858,1584,0.2291788480643556,0.2519779204043765,0.6225112629416044,6,2.7387387387387387,1.2229895299621296,1.0400980173758076
