randomization,name,type,l1,l2,l3,ipr1,ipr2,ipr3,l1_cm,l1_er,l1_reg,l2_mp,l3_mp,l1_lap,l2_lap,l3_lap,alg_conn,clustering_c,clustering_r,deg_assort,Q,N.olap,N.temp,N.nodf,H2,H3,H4,H17,cent_between,cent_close,cent_eigen,diam,mean_path_length,deg_het_row,deg_het_col
erdos-renyi,Washington_DC_crimes_2016-06-20,crimes,4.32542,3.118018,2.766148,0.06254907537658722,0.09042633053508803,0.0980266294976538,4.248384611227282,4.273913023299491,2.9444444444444446,3.3323322147978613,1.9081850536092644,6.325420348088494,5.118017939732696,4.766148289257996,-1.1180179397326881,0.4791139240506329,0.8436213991769548,-0.8245287928919297,0.4524741901032395,-0.04566423331373073,62.48599954102265,23.89929742388759,217,470,393,533,0.21030349242594143,0.20181469006493172,0.6278934102261191,6,3.0587301587301585,1.249199003203987,1.0441438234247062
