randomization,name,type,l1,l2,l3,ipr1,ipr2,ipr3,l1_cm,l1_er,l1_reg,l2_mp,l3_mp,l1_lap,l2_lap,l3_lap,alg_conn,clustering_c,clustering_r,deg_assort,Q,N.olap,N.temp,N.nodf,H2,H3,H4,H17,cent_between,cent_close,cent_eigen,diam,mean_path_length,deg_het_row,deg_het_col
erdos-renyi,Washington_DC_crimes_2016-08-30,crimes,4.828325,3.439252,2.716482,0.05913796653336121,0.06766549587349457,0.09526273625226148,4.8125,4.936426564622692,3.3684210526315788,3.5632086931728804,2.0747600584188604,6.828324876099473,5.4392515169436555,4.716481699411162,-1.439251516943659,0.5342639593908629,0.9593679458239278,-0.8680713284685643,0.410400390625,-0.00992638102514408,57.63577705532268,27.119133724071993,321,768,753,1364,0.22322727700311162,0.18864015463934733,0.6491204757027812,5,2.77524893314367,1.1655273437500002,1.052734375
