randomization,name,type,l1,l2,l3,ipr1,ipr2,ipr3,l1_cm,l1_er,l1_reg,l2_mp,l3_mp,l1_lap,l2_lap,l3_lap,alg_conn,clustering_c,clustering_r,deg_assort,Q,N.olap,N.temp,N.nodf,H2,H3,H4,H17,cent_between,cent_close,cent_eigen,diam,mean_path_length,deg_het_row,deg_het_col
erdos-renyi,Washington_DC_crimes_2016-07-20,crimes,5.507251,3.203315,2.994767,0.055633830302065174,0.07135678924097771,0.07696613051265072,5.483308003994183,5.549016214824116,3.75,3.7004670443115106,2.179542291059152,7.507250551845027,5.203315333893864,4.994767250988988,-1.2033153338938527,0.6339952343129468,1,-0.8931226765799252,0.3504,-0.01109371474244363,61.846318717070716,32.69185479567993,440,1300,1192,2504,0.19692651101806818,0.23891989584349774,0.6383288728339702,4,2.6910256410256412,1.2026666666666663,1.0266666666666668
