randomization,name,type,l1,l2,l3,ipr1,ipr2,ipr3,l1_cm,l1_er,l1_reg,l2_mp,l3_mp,l1_lap,l2_lap,l3_lap,alg_conn,clustering_c,clustering_r,deg_assort,Q,N.olap,N.temp,N.nodf,H2,H3,H4,H17,cent_between,cent_close,cent_eigen,diam,mean_path_length,deg_het_row,deg_het_col
erdos-renyi,Washington_DC_crimes_2016-02-15,crimes,3.52968,2.905679,2.838007,0.08216153359716247,0.08515575578322217,0.06717469336047406,3.4768890399967765,3.7385739464078185,2.7857142857142856,3.0927584342300527,1.695748726918295,5.529679621792436,4.905678679270768,4.838007192079292,-0.9056786792707836,0.45964125560538116,0.4473684210526316,-0.8600661104989772,0.5167652859960554,-0.051634199134199116,59.264824894592344,18.36940836940837,115,199,129,100,0.2795239757253053,0.2131071929667524,0.6707528009530463,6,3.240740740740741,1.1183431952662721,1.044707429322814
