randomization,name,type,l1,l2,l3,ipr1,ipr2,ipr3,l1_cm,l1_er,l1_reg,l2_mp,l3_mp,l1_lap,l2_lap,l3_lap,alg_conn,clustering_c,clustering_r,deg_assort,Q,N.olap,N.temp,N.nodf,H2,H3,H4,H17,cent_between,cent_close,cent_eigen,diam,mean_path_length,deg_het_row,deg_het_col
erdos-renyi,Washington_DC_crimes_2016-08-17,crimes,5.623374,3.778556,2.996978,0.07294210684789736,0.07064508264690529,0.08569859496528895,5.596500364203563,5.648898824802102,3.6842105263157894,3.638421962680929,2.1088748549338847,7.623373864564487,5.778555818518727,4.996977651857022,-1.7785558185187216,0.6906298003072197,0.9360119047619048,-0.8439363817097416,0.3583673469387756,0.032693504372038815,54.19801602901256,30.540363094179142,454,1198,1520,4096,0.2870841206348626,0.2598892926278399,0.6853228690442568,6,2.6173541963015645,1.1493877551020408,1.0677551020408167
