randomization,name,type,l1,l2,l3,ipr1,ipr2,ipr3,l1_cm,l1_er,l1_reg,l2_mp,l3_mp,l1_lap,l2_lap,l3_lap,alg_conn,clustering_c,clustering_r,deg_assort,Q,N.olap,N.temp,N.nodf,H2,H3,H4,H17,cent_between,cent_close,cent_eigen,diam,mean_path_length,deg_het_row,deg_het_col
erdos-renyi,Washington_DC_crimes_2016-10-01,crimes,4.532467,3.118104,2.698503,0.07721931468237422,0.10709633192466594,0.13285850505829874,4.417069385689132,4.570584599198942,3.0285714285714285,3.4371584009947886,1.9554017509477684,6.532467063763746,5.118104259463674,4.698503209009742,-1.1181042594636754,0.5151057401812689,0.9409090909090909,-0.871491763270287,0.4407262370950519,-0.02813556166966413,60.91114541508069,27.461542811899108,246,495,546,926,0.24386358198091448,0.2064093496416654,0.6859880121318032,6,2.8739495798319328,1.1666073335706655,1.0359558561765752
