randomization,name,type,l1,l2,l3,ipr1,ipr2,ipr3,l1_cm,l1_er,l1_reg,l2_mp,l3_mp,l1_lap,l2_lap,l3_lap,alg_conn,clustering_c,clustering_r,deg_assort,Q,N.olap,N.temp,N.nodf,H2,H3,H4,H17,cent_between,cent_close,cent_eigen,diam,mean_path_length,deg_het_row,deg_het_col
erdos-renyi,Washington_DC_crimes_2016-08-10,crimes,4.765176,3.229037,2.927965,0.06850643618206871,0.08606053172915439,0.11139709176484601,4.705549969673342,4.648788752156623,3.189189189189189,3.403065213228605,1.9612087302447894,6.76517563472606,5.229037458589808,4.927964656427456,-1.2290374585898223,0.5360549408622663,0.8186528497409327,-0.8069337253460733,0.41309968399885105,0.011428258311914841,46.947305862396824,27.389132553606238,282,678,632,1088,0.2706061135871124,0.29636483506237116,0.6368379748096751,6,2.9129129129129128,1.2324044814708417,1.0838839413961505
