randomization,name,type,l1,l2,l3,ipr1,ipr2,ipr3,l1_cm,l1_er,l1_reg,l2_mp,l3_mp,l1_lap,l2_lap,l3_lap,alg_conn,clustering_c,clustering_r,deg_assort,Q,N.olap,N.temp,N.nodf,H2,H3,H4,H17,cent_between,cent_close,cent_eigen,diam,mean_path_length,deg_het_row,deg_het_col
erdos-renyi,Washington_DC_crimes_2016-12-25,crimes,3.452592,2.732491,2.518222,0.09958502458011394,0.13517325598384552,0.15412489251291725,3.37879166130892,3.465090187489026,2.3846153846153846,2.9447705550734926,1.5528582617045297,5.452592473352603,4.732490786119416,4.518221762170688,-0.7324907861194221,0.336283185840708,0.48148148148148145,-0.8427189988623435,NA,NA,NA,NA,99,125,148,155,0.3702044444444445,0.224896075543932,0.7026683851351049,8,3.246153846153846,1.1581685744016648,1.0770031217481788
