randomization,name,type,l1,l2,l3,ipr1,ipr2,ipr3,l1_cm,l1_er,l1_reg,l2_mp,l3_mp,l1_lap,l2_lap,l3_lap,alg_conn,clustering_c,clustering_r,deg_assort,Q,N.olap,N.temp,N.nodf,H2,H3,H4,H17,cent_between,cent_close,cent_eigen,diam,mean_path_length,deg_het_row,deg_het_col
erdos-renyi,Washington_DC_crimes_2016-07-22,crimes,6.278302,3.900028,2.911811,0.06819162316192176,0.06491533609457137,0.0770801448835153,6.265965800750398,6.226295762607064,4.105263157894737,3.6411718519905905,2.1107607197458886,8.278301833178215,5.900027665284851,4.911810893918039,-1.900027665284856,0.7789416651616399,1,-0.8567880061702788,0.33680555555555547,0.028615132229728762,55.461451243450746,35.89241238213841,571,1823,2120,6313,0.22652700711488677,0.2769620449948998,0.6699243007274913,4,2.477951635846373,1.1676528599605522,1.0611439842209074
