randomization,name,type,l1,l2,l3,ipr1,ipr2,ipr3,l1_cm,l1_er,l1_reg,l2_mp,l3_mp,l1_lap,l2_lap,l3_lap,alg_conn,clustering_c,clustering_r,deg_assort,Q,N.olap,N.temp,N.nodf,H2,H3,H4,H17,cent_between,cent_close,cent_eigen,diam,mean_path_length,deg_het_row,deg_het_col
erdos-renyi,Washington_DC_crimes_2016-03-30,crimes,5.787196,3.293524,2.902488,0.061384591859560064,0.11113606899053412,0.08263470983266738,5.753310501150589,5.640023755928355,3.945945945945946,3.5406977256196575,2.0537625073085204,7.787195561920514,5.293523811281151,4.902487670254605,-1.2935238112811591,0.7301282996608169,0.9651539708265803,-0.8463431531708527,0.3477200225182961,0.0016920474067659717,50.448657836089524,34.554267613478146,434,1459,1157,2428,0.2453604893738967,0.24384036555790464,0.6363549215340409,6,2.6216216216216215,1.2553950084443612,1.0390317132670295
