randomization,name,type,l1,l2,l3,ipr1,ipr2,ipr3,l1_cm,l1_er,l1_reg,l2_mp,l3_mp,l1_lap,l2_lap,l3_lap,alg_conn,clustering_c,clustering_r,deg_assort,Q,N.olap,N.temp,N.nodf,H2,H3,H4,H17,cent_between,cent_close,cent_eigen,diam,mean_path_length,deg_het_row,deg_het_col
erdos-renyi,Washington_DC_crimes_2016-06-05,crimes,4.47816,2.970346,2.81374,0.07874573423626001,0.11798825770103598,0.13508089109708407,4.4498988752554816,4.474756733640518,3.0303030303030303,3.3010220668975476,1.852349247525674,6.478159953011058,4.970345850333154,4.813739703437834,-0.9703458503331533,0.5412521942656524,0.9344978165938864,-0.8197293886296262,0.4224000000000001,-0.01526622929873702,52.89213149059542,29.782071298464743,227,472,495,861,0.304629896313364,0.25013983943422996,0.7119440149871907,6,2.856060606060606,1.2095999999999998,1.0608
