randomization,name,type,l1,l2,l3,ipr1,ipr2,ipr3,l1_cm,l1_er,l1_reg,l2_mp,l3_mp,l1_lap,l2_lap,l3_lap,alg_conn,clustering_c,clustering_r,deg_assort,Q,N.olap,N.temp,N.nodf,H2,H3,H4,H17,cent_between,cent_close,cent_eigen,diam,mean_path_length,deg_het_row,deg_het_col
erdos-renyi,Washington_DC_crimes_2016-04-02,crimes,5.229511,3.392951,3.180335,0.06355713319181237,0.12398937364734516,0.09571111515783262,5.309367924254453,5.282466178285592,3.58974358974359,3.5870188619398387,2.0965290558312013,7.229510934457169,5.392951353868164,5.180335234478621,-1.392951353868169,0.5965405405405405,1,-0.791367572434802,0.35836734693877564,0.02883298031796014,45.252388768541564,31.02663294152656,407,1023,1219,3075,0.35244620597545145,0.24183854449313694,0.6965164284442666,4,2.642375168690958,1.1624489795918367,1.1085714285714285
