randomization,name,type,l1,l2,l3,ipr1,ipr2,ipr3,l1_cm,l1_er,l1_reg,l2_mp,l3_mp,l1_lap,l2_lap,l3_lap,alg_conn,clustering_c,clustering_r,deg_assort,Q,N.olap,N.temp,N.nodf,H2,H3,H4,H17,cent_between,cent_close,cent_eigen,diam,mean_path_length,deg_het_row,deg_het_col
erdos-renyi,Washington_DC_crimes_2016-04-12,crimes,5.101382,2.922342,2.735179,0.07155353181200122,0.10111782872428332,0.11404124139977359,5.084774783770141,5.125986040467589,3.5151515151515156,3.4057566845080927,1.9221991633113271,7.101382353353973,4.922341959515709,4.735178994830493,-0.9223419595157313,0.6728465487735311,1,-0.8205245641354459,0.34066587395957204,0.023232493922327246,53.66460903333066,33.79477838494232,316,795,845,1818,0.26468014266678247,0.2159853400305134,0.643661380766106,4,2.5643939393939394,1.1557669441141496,1.0772889417360287
