randomization,name,type,l1,l2,l3,ipr1,ipr2,ipr3,l1_cm,l1_er,l1_reg,l2_mp,l3_mp,l1_lap,l2_lap,l3_lap,alg_conn,clustering_c,clustering_r,deg_assort,Q,N.olap,N.temp,N.nodf,H2,H3,H4,H17,cent_between,cent_close,cent_eigen,diam,mean_path_length,deg_het_row,deg_het_col
erdos-renyi,Washington_DC_crimes_2016-10-27,crimes,4.693313,3.285663,3.024204,0.0808943743912319,0.0850893093180361,0.07303770550945368,4.698226615791679,4.583222826019656,3.076923076923077,3.416352966087449,1.9817272396373722,6.693313082323351,5.285662926718779,5.024204088893166,-1.2856629267187798,0.463365539452496,0.8200692041522492,-0.7462165308498252,0.4266666666666668,0.06617513975686495,41.50530654649268,27.936814958091556,307,620,846,1958,0.40721402679589636,0.2726403115486838,0.7485497530564755,5,2.852901484480432,1.1733333333333333,1.1705555555555556
