randomization,name,type,l1,l2,l3,ipr1,ipr2,ipr3,l1_cm,l1_er,l1_reg,l2_mp,l3_mp,l1_lap,l2_lap,l3_lap,alg_conn,clustering_c,clustering_r,deg_assort,Q,N.olap,N.temp,N.nodf,H2,H3,H4,H17,cent_between,cent_close,cent_eigen,diam,mean_path_length,deg_het_row,deg_het_col
erdos-renyi,Washington_DC_crimes_2016-12-14,crimes,5.580521,3.388619,3.12542,0.05343151662958627,0.08226353116659846,0.08513287640715722,5.61944615346402,5.610168667431568,3.7560975609756095,3.7031456047169558,2.1866351963315616,7.580521287847485,5.388619187733502,5.1254202826803175,-1.388619187733485,0.6472775959535852,1,-0.9032954860149542,0.35098667566200026,-0.0149324695522021,50.37535567306811,33.68510355623758,469,1374,1343,3005,0.22504941053155894,0.21144505336241373,0.6301467703528604,4,2.678048780487805,1.2214538708045202,1.037780401416765
