randomization,name,type,l1,l2,l3,ipr1,ipr2,ipr3,l1_cm,l1_er,l1_reg,l2_mp,l3_mp,l1_lap,l2_lap,l3_lap,alg_conn,clustering_c,clustering_r,deg_assort,Q,N.olap,N.temp,N.nodf,H2,H3,H4,H17,cent_between,cent_close,cent_eigen,diam,mean_path_length,deg_het_row,deg_het_col
erdos-renyi,Washington_DC_crimes_2016-09-22,crimes,5.799358,3.828844,3.088282,0.07400774565476337,0.06917932236959655,0.08185754748497132,5.740249101610983,5.867055172255337,3.8421052631578947,3.7023134280304797,2.1528782119027516,7.799357552769908,5.828843699651982,5.088281857843718,-1.828843699651969,0.7198535181794402,0.9365482233502538,-0.8524708515323252,0.34152749108650793,0.01769003990139021,61.31577229649689,28.47061614184902,490,1348,1692,4706,0.24042037210560585,0.24385036692829123,0.6907309449054214,6,2.5633001422475106,1.1229123662976168,1.0572340026271345
