randomization,name,type,l1,l2,l3,ipr1,ipr2,ipr3,l1_cm,l1_er,l1_reg,l2_mp,l3_mp,l1_lap,l2_lap,l3_lap,alg_conn,clustering_c,clustering_r,deg_assort,Q,N.olap,N.temp,N.nodf,H2,H3,H4,H17,cent_between,cent_close,cent_eigen,diam,mean_path_length,deg_het_row,deg_het_col
erdos-renyi,Washington_DC_crimes_2016-12-16,crimes,4.58065,3.453871,2.617832,0.057804388646049046,0.0739516764986149,0.09120599634398195,4.686647557269026,4.386407074017389,3.1052631578947367,3.2626935401834247,1.8883710748025853,6.580650388115067,5.453870808783129,4.6178315168424575,-1.4538708087831176,0.511921458625526,0.8865740740740741,-0.811650743099787,0.45044527434645215,0.01995973488954051,33.65761395125281,29.067674586033117,263,654,516,766,0.2388992720073802,0.22208187705317511,0.6111765196881296,6,2.9644381223328593,1.3530594656707844,1.1192186153404193
