randomization,name,type,l1,l2,l3,ipr1,ipr2,ipr3,l1_cm,l1_er,l1_reg,l2_mp,l3_mp,l1_lap,l2_lap,l3_lap,alg_conn,clustering_c,clustering_r,deg_assort,Q,N.olap,N.temp,N.nodf,H2,H3,H4,H17,cent_between,cent_close,cent_eigen,diam,mean_path_length,deg_het_row,deg_het_col
erdos-renyi,Washington_DC_crimes_2016-01-10,crimes,4.1011,3.079826,2.605443,0.07941017523137656,0.11091330600209824,0.08514635640133396,4.039168094141857,3.8888734899382804,2.7567567567567566,3.1758555261822266,1.8255099869158187,6.101100257979932,5.079825923374729,4.605443338791397,-1.0798259233747352,0.4010938924339107,0.8373205741626795,-0.7379725085910653,0.49903883121876225,-0.01799137545706369,47.161830892671595,22.747970155804257,183,404,272,290,0.18228316326530616,0.23888261235037103,0.7259363152965768,6,3.2732732732732734,1.3713956170703574,1.0611303344867358
