randomization,name,type,l1,l2,l3,ipr1,ipr2,ipr3,l1_cm,l1_er,l1_reg,l2_mp,l3_mp,l1_lap,l2_lap,l3_lap,alg_conn,clustering_c,clustering_r,deg_assort,Q,N.olap,N.temp,N.nodf,H2,H3,H4,H17,cent_between,cent_close,cent_eigen,diam,mean_path_length,deg_het_row,deg_het_col
erdos-renyi,Washington_DC_crimes_2016-12-24,crimes,4.51089,3.33127,2.685486,0.07469473425551974,0.10498358315934368,0.07747484844099836,4.575967683679489,4.418234382057262,3.1176470588235294,3.2298018870813503,1.8280147888489966,6.510889515528504,5.331269991705435,4.685485740664752,-1.3312699917054556,0.5235661555934128,0.8202614379084967,-0.7422520238776682,0.42363830544677816,0.032717086834733906,43.65939687710877,31.411290322580644,237,546,505,882,0.323381446380084,0.25118120308808917,0.702513878702027,6,2.8467023172905526,1.2591669633321467,1.1189035243859025
