randomization,name,type,l1,l2,l3,ipr1,ipr2,ipr3,l1_cm,l1_er,l1_reg,l2_mp,l3_mp,l1_lap,l2_lap,l3_lap,alg_conn,clustering_c,clustering_r,deg_assort,Q,N.olap,N.temp,N.nodf,H2,H3,H4,H17,cent_between,cent_close,cent_eigen,diam,mean_path_length,deg_het_row,deg_het_col
erdos-renyi,Washington_DC_crimes_2016-06-06,crimes,5.054325,3.434994,2.794471,0.060874862454859985,0.06575481483100626,0.08528113896155616,5.018588747250995,5.147209447561639,3.526315789473684,3.6054449649131266,2.1035221752029685,7.054324904203817,5.434994286649649,4.794470550586635,-1.4349942866496408,0.58634742740703,0.9479166666666666,-0.8638819961400604,0.37959456449097795,-0.016769186079885645,59.528961279387055,28.47715841543002,352,914,860,1650,0.23519913843264686,0.19970937438515238,0.6805004854219898,5,2.72972972972973,1.167075072399198,1.0432167520605926
