randomization,name,type,l1,l2,l3,ipr1,ipr2,ipr3,l1_cm,l1_er,l1_reg,l2_mp,l3_mp,l1_lap,l2_lap,l3_lap,alg_conn,clustering_c,clustering_r,deg_assort,Q,N.olap,N.temp,N.nodf,H2,H3,H4,H17,cent_between,cent_close,cent_eigen,diam,mean_path_length,deg_het_row,deg_het_col
erdos-renyi,Washington_DC_crimes_2016-11-01,crimes,5.447504,3.869268,3.116993,0.0611189302508313,0.07380804644180264,0.07008100427078208,5.474989516344451,5.5021601777665685,3.5,3.6677634559948036,2.1394749709887817,7.4475041020884385,5.869268431115132,5.11699291345012,-1.869268431115119,0.625,0.9352159468438538,-0.8747003813653312,0.37877551020408173,0.01745362622530067,50.814590798310014,33.55536246161247,447,1108,1468,3827,0.33920648779985646,0.23075059698483297,0.6610649433913901,6,2.7051282051282053,1.1795918367346943,1.0579591836734696
