randomization,name,type,l1,l2,l3,ipr1,ipr2,ipr3,l1_cm,l1_er,l1_reg,l2_mp,l3_mp,l1_lap,l2_lap,l3_lap,alg_conn,clustering_c,clustering_r,deg_assort,Q,N.olap,N.temp,N.nodf,H2,H3,H4,H17,cent_between,cent_close,cent_eigen,diam,mean_path_length,deg_het_row,deg_het_col
erdos-renyi,Washington_DC_crimes_2016-07-11,crimes,5.283078,3.872235,3.129854,0.056948055178007696,0.07285636525567467,0.07179799188558976,5.290398154861435,5.34250103513474,3.5238095238095237,3.7103740496254067,2.196769812186945,7.283077878931508,5.872235148548957,5.1298538541207,-1.8722351485489344,0.5842125094197438,0.9252615844544095,-0.8581662484368144,0.39663988312636944,-0.0018491567697965713,54.32936831702085,27.900169365266766,431,1110,1237,2840,0.29289790442684505,0.24482813210850587,0.6669244726634742,6,2.7909407665505226,1.1888239590942293,1.0533235938641343
