randomization,name,type,l1,l2,l3,ipr1,ipr2,ipr3,l1_cm,l1_er,l1_reg,l2_mp,l3_mp,l1_lap,l2_lap,l3_lap,alg_conn,clustering_c,clustering_r,deg_assort,Q,N.olap,N.temp,N.nodf,H2,H3,H4,H17,cent_between,cent_close,cent_eigen,diam,mean_path_length,deg_het_row,deg_het_col
erdos-renyi,Washington_DC_crimes_2016-03-28,crimes,4.844238,3.368475,3.113838,0.07232798900252203,0.09944052956111049,0.06687129820406881,4.884274259970588,4.796123237053512,3.230769230769231,3.4707413426770684,2.018051182343137,6.84423753845872,5.368475110039544,5.1138379104330625,-1.3684751100395423,0.50115397296406194,0.872,-0.757142857142857,0.40639959687578747,0.058534932133179965,42.89683214424354,28.838383838383837,336,732,952,2245,0.3784986675777973,0.25500235886058426,0.7243295794528004,5,2.785425101214575,1.1690602166792643,1.1516754850088184
