randomization,name,type,l1,l2,l3,ipr1,ipr2,ipr3,l1_cm,l1_er,l1_reg,l2_mp,l3_mp,l1_lap,l2_lap,l3_lap,alg_conn,clustering_c,clustering_r,deg_assort,Q,N.olap,N.temp,N.nodf,H2,H3,H4,H17,cent_between,cent_close,cent_eigen,diam,mean_path_length,deg_het_row,deg_het_col
erdos-renyi,Washington_DC_crimes_2016-03-24,crimes,5.123511,3.127115,2.809993,0.06414964597022929,0.11403172173759756,0.10162234702771801,5.185911297825492,5.088305340895796,3.6,3.4066998908651276,1.951486515323244,7.123510851271886,5.127115059252666,4.809993235759378,-1.1271150592526864,0.6617890668139149,0.948170731707317,-0.7509247489967008,0.3474426807760142,-0.0034734271576376536,49.96892986695879,33.65904841468751,332,915,843,1868,0.3400757807010597,0.2678923178656707,0.6761472192253406,6,2.635294117647059,1.2204585537918873,1.0881834215167547
