randomization,name,type,l1,l2,l3,ipr1,ipr2,ipr3,l1_cm,l1_er,l1_reg,l2_mp,l3_mp,l1_lap,l2_lap,l3_lap,alg_conn,clustering_c,clustering_r,deg_assort,Q,N.olap,N.temp,N.nodf,H2,H3,H4,H17,cent_between,cent_close,cent_eigen,diam,mean_path_length,deg_het_row,deg_het_col
erdos-renyi,Washington_DC_crimes_2016-02-01,crimes,5.307445,3.167729,2.681812,0.071913200475201,0.07629339443132672,0.08375879806477253,5.270804934692668,5.0353760550071645,3.6875,3.2292967970121644,1.8142732533036137,7.307445018240897,5.167728858572951,4.681812128985813,-1.1677288585729648,0.7316612729234089,0.8835616438356164,-0.7023422491502882,0.3401321459350761,0.06045030958074203,43.74421088291204,39.79565346387776,307,953,736,1466,0.3175507260531886,0.248812720216189,0.6433144204795044,6,2.631048387096774,1.2424590634875037,1.124102269462798
