randomization,name,type,l1,l2,l3,ipr1,ipr2,ipr3,l1_cm,l1_er,l1_reg,l2_mp,l3_mp,l1_lap,l2_lap,l3_lap,alg_conn,clustering_c,clustering_r,deg_assort,Q,N.olap,N.temp,N.nodf,H2,H3,H4,H17,cent_between,cent_close,cent_eigen,diam,mean_path_length,deg_het_row,deg_het_col
erdos-renyi,Washington_DC_crimes_2016-04-19,crimes,5.714865,3.47958,2.58679,0.0675031364254594,0.10941219223920456,0.17909705027527134,5.7151228996221475,5.656228937885214,3.7777777777777777,3.512158621458827,2.011798396513305,7.714864897987456,5.4795802261988005,4.586789525645393,-1.4795802261987903,0.7363138686131386,1,-0.8635813593112031,0.3393166089965399,0.045424919192721055,52.581518140697085,40.46043771043771,431,1273,1330,3270,0.2574934545947178,0.2415339281861773,0.6841964449381555,4,2.5619047619047617,1.2067474048442908,1.0536332179930796
