randomization,name,type,l1,l2,l3,ipr1,ipr2,ipr3,l1_cm,l1_er,l1_reg,l2_mp,l3_mp,l1_lap,l2_lap,l3_lap,alg_conn,clustering_c,clustering_r,deg_assort,Q,N.olap,N.temp,N.nodf,H2,H3,H4,H17,cent_between,cent_close,cent_eigen,diam,mean_path_length,deg_het_row,deg_het_col
erdos-renyi,Washington_DC_crimes_2016-07-15,crimes,5.17038,3.080187,2.899022,0.06916114851259669,0.09621877374173239,0.07202233306020067,5.021796641032544,4.988279046020502,3.5384615384615383,3.5277849480759724,2.0707321793096054,7.170380471528581,5.080186998201522,4.899022089959782,-1.0801869982015226,0.6138833992094862,0.9307909604519774,-0.751204331329667,0.38962402856542744,-0.017497350282660407,56.904860240431084,26.150552174892947,348,989,809,1504,0.19086936092420512,0.2303058634601581,0.6934916842469714,5,2.796221322537112,1.2045788699852973,1.090527200168032
