randomization,name,type,l1,l2,l3,ipr1,ipr2,ipr3,l1_cm,l1_er,l1_reg,l2_mp,l3_mp,l1_lap,l2_lap,l3_lap,alg_conn,clustering_c,clustering_r,deg_assort,Q,N.olap,N.temp,N.nodf,H2,H3,H4,H17,cent_between,cent_close,cent_eigen,diam,mean_path_length,deg_het_row,deg_het_col
erdos-renyi,Washington_DC_crimes_2016-02-05,crimes,4.292322,2.957096,2.678257,0.08435551401254365,0.11501504916062164,0.10063724797930564,4.17612260356422,4.32597725512082,2.857142857142857,3.3891237432619867,1.923250238232233,6.29232168894175,4.957095827477593,4.678257488577887,-0.9570958274775883,0.43108108108108106,0.8431372549019608,-0.8537135197709136,0.4532,-0.017872637518843274,57.12737215751101,25.114806017418847,218,390,463,751,0.2915258673555309,0.22651463458318957,0.7148522007560291,6,2.954621848739496,1.1600000000000001,1.0463999999999998
