randomization,name,type,l1,l2,l3,ipr1,ipr2,ipr3,l1_cm,l1_er,l1_reg,l2_mp,l3_mp,l1_lap,l2_lap,l3_lap,alg_conn,clustering_c,clustering_r,deg_assort,Q,N.olap,N.temp,N.nodf,H2,H3,H4,H17,cent_between,cent_close,cent_eigen,diam,mean_path_length,deg_het_row,deg_het_col
erdos-renyi,Washington_DC_crimes_2016-09-20,crimes,5.185959,3.406371,3.198503,0.0663151129940217,0.12049390892834137,0.090627927308916,5.25855340877613,5.213765223409366,3.5384615384615383,3.5671028722665175,2.083006449688097,7.185959425197364,5.406370941705683,5.198502540737574,-1.406370941705692,0.5871643149749659,1,-0.7764235644530412,0.3671497584541065,0.03794286822876781,45.23840255356795,30.819393372584862,398,981,1197,3040,0.3568887608044834,0.2456191422036201,0.7060975541979536,4,2.6558704453441297,1.1627809283763915,1.1188825876916613
