randomization,name,type,l1,l2,l3,ipr1,ipr2,ipr3,l1_cm,l1_er,l1_reg,l2_mp,l3_mp,l1_lap,l2_lap,l3_lap,alg_conn,clustering_c,clustering_r,deg_assort,Q,N.olap,N.temp,N.nodf,H2,H3,H4,H17,cent_between,cent_close,cent_eigen,diam,mean_path_length,deg_het_row,deg_het_col
erdos-renyi,Washington_DC_crimes_2016-03-05,crimes,4.573311,3.034498,2.927909,0.08907340153064901,0.09380951646827984,0.0992799314294327,4.649820044505055,4.4964524099596925,3.142857142857143,3.275518290414244,1.8644589805168692,6.573311447662325,5.034498327447614,4.927908533842129,-1.0344983274476216,0.5010537407797682,0.9183673469387755,-0.6692028861607907,0.40264462809917345,0.029849244322928556,44.65750580826127,28.654970760233915,263,546,686,1629,0.41371929716743105,0.3031195627220889,0.7502429660135952,6,2.749579831932773,1.1940495867768595,1.173223140495868
