randomization,name,type,l1,l2,l3,ipr1,ipr2,ipr3,l1_cm,l1_er,l1_reg,l2_mp,l3_mp,l1_lap,l2_lap,l3_lap,alg_conn,clustering_c,clustering_r,deg_assort,Q,N.olap,N.temp,N.nodf,H2,H3,H4,H17,cent_between,cent_close,cent_eigen,diam,mean_path_length,deg_het_row,deg_het_col
erdos-renyi,Washington_DC_crimes_2016-09-19,crimes,4.995975,3.622475,3.083766,0.06802800249826936,0.11999100088890495,0.12329282126068022,5.006553082759814,5.051539319767936,3.2972972972972974,3.52390777609431,2.025406003281333,6.99597463975117,5.622474671042845,5.083765992109999,-1.6224746710428508,0.5879828326180258,0.924791086350975,-0.8639457412644393,0.40419242139209893,0.017936247885833145,49.66993462706106,28.50347222222222,344,758,988,2211,0.2976381905870832,0.19870417881944338,0.6823617854411403,4,2.72972972972973,1.1580220370868044,1.0819672131147542
