randomization,name,type,l1,l2,l3,ipr1,ipr2,ipr3,l1_cm,l1_er,l1_reg,l2_mp,l3_mp,l1_lap,l2_lap,l3_lap,alg_conn,clustering_c,clustering_r,deg_assort,Q,N.olap,N.temp,N.nodf,H2,H3,H4,H17,cent_between,cent_close,cent_eigen,diam,mean_path_length,deg_het_row,deg_het_col
erdos-renyi,Washington_DC_crimes_2016-09-10,crimes,5.194518,3.268757,2.878905,0.06193881273733154,0.095543847423597,0.08692480577371485,5.249362581131967,5.251204959778087,3.8181818181818183,3.4177903586751395,1.9463170314274925,7.194517899323294,5.268756577633153,4.878904799171394,-1.2687565776331506,0.6937098844672658,1,-0.800264982988746,0.32980599647266323,0.025430849925069606,55.44035755636394,34.896654405324924,332,973,796,1553,0.25523786533650367,0.205825596721034,0.63838461621428,4,2.5303030303030303,1.1725875535399348,1.0776014109347443
