randomization,name,type,l1,l2,l3,ipr1,ipr2,ipr3,l1_cm,l1_er,l1_reg,l2_mp,l3_mp,l1_lap,l2_lap,l3_lap,alg_conn,clustering_c,clustering_r,deg_assort,Q,N.olap,N.temp,N.nodf,H2,H3,H4,H17,cent_between,cent_close,cent_eigen,diam,mean_path_length,deg_het_row,deg_het_col
erdos-renyi,Washington_DC_crimes_2016-04-23,crimes,4.556473,2.94781,2.814983,0.06892421688346262,0.08470186623029594,0.07786249612604428,4.482509627650952,4.424427180852207,3.0555555555555554,3.3302282622850505,1.906793449827901,6.556473416429608,4.947809729722956,4.814982670378084,-0.9478097297229541,0.5066864784546805,0.9174603174603174,-0.784050179211469,0.4178512396694213,-0.020041413190799086,60.21807921104014,26.324764878629047,240,570,472,713,0.20112383175048237,0.2512237467963262,0.6823742099531284,6,2.9571428571428573,1.2750413223140495,1.057520661157025
