randomization,name,type,l1,l2,l3,ipr1,ipr2,ipr3,l1_cm,l1_er,l1_reg,l2_mp,l3_mp,l1_lap,l2_lap,l3_lap,alg_conn,clustering_c,clustering_r,deg_assort,Q,N.olap,N.temp,N.nodf,H2,H3,H4,H17,cent_between,cent_close,cent_eigen,diam,mean_path_length,deg_het_row,deg_het_col
erdos-renyi,Washington_DC_crimes_2016-08-22,crimes,5.155928,3.759866,3.136422,0.05695049068810556,0.07298159081439604,0.08033198524466692,5.146016078626404,5.20973648529115,3.4285714285714284,3.6904359571972054,2.183100823753165,7.155928086663046,5.759866054910445,5.136421974409216,-1.7598660549104455,0.5569593147751606,0.922945205479452,-0.8672450544108302,0.4110725308641974,-0.010603923043046401,55.74254783933066,25.583958790127618,406,1001,1123,2441,0.2825498562017004,0.25322088005018706,0.650514441735327,6,2.821138211382114,1.1882716049382718,1.0532407407407405
