randomization,name,type,l1,l2,l3,ipr1,ipr2,ipr3,l1_cm,l1_er,l1_reg,l2_mp,l3_mp,l1_lap,l2_lap,l3_lap,alg_conn,clustering_c,clustering_r,deg_assort,Q,N.olap,N.temp,N.nodf,H2,H3,H4,H17,cent_between,cent_close,cent_eigen,diam,mean_path_length,deg_het_row,deg_het_col
erdos-renyi,Washington_DC_crimes_2016-12-01,crimes,4.83598,3.350943,2.683238,0.0591192959296284,0.09094126767710571,0.08537882587538008,4.916471920986014,4.591352807062921,3.2631578947368425,3.2974375612747635,1.9111960420783725,6.835979653775752,5.350943347620676,4.6832376441216175,-1.350943347620678,0.5691144708423326,0.9135593220338983,-0.81682371868536,0.41181061394380836,0.02325596469764937,33.83214901345248,30.690544756419488,292,802,595,909,0.23818546521249231,0.1997670186804491,0.640562690272302,5,2.87624466571835,1.3579604578563993,1.1113423517169616
