randomization,name,type,l1,l2,l3,ipr1,ipr2,ipr3,l1_cm,l1_er,l1_reg,l2_mp,l3_mp,l1_lap,l2_lap,l3_lap,alg_conn,clustering_c,clustering_r,deg_assort,Q,N.olap,N.temp,N.nodf,H2,H3,H4,H17,cent_between,cent_close,cent_eigen,diam,mean_path_length,deg_het_row,deg_het_col
erdos-renyi,Washington_DC_crimes_2016-04-04,crimes,4.875004,3.44524,2.886889,0.05662027047741956,0.08876613429796017,0.08936769170017508,4.789514915416801,4.798035809506881,3.4594594594594597,3.4554251876613993,2.0101398702680147,6.875003834975205,5.445240002364738,4.886889258890358,-1.445240002364733,0.593322203672788,0.8092783505154639,-0.791459299361511,0.406494140625,-0.035442661260698574,59.26893077618799,26.57861531709458,293,832,564,820,0.18134801413498242,0.23552182454518952,0.6185221992343816,6,2.945945945945946,1.23193359375,1.0546875
