randomization,name,type,l1,l2,l3,ipr1,ipr2,ipr3,l1_cm,l1_er,l1_reg,l2_mp,l3_mp,l1_lap,l2_lap,l3_lap,alg_conn,clustering_c,clustering_r,deg_assort,Q,N.olap,N.temp,N.nodf,H2,H3,H4,H17,cent_between,cent_close,cent_eigen,diam,mean_path_length,deg_het_row,deg_het_col
erdos-renyi,Washington_DC_crimes_2016-03-13,crimes,4.790708,3.218671,2.82677,0.07507895951345873,0.10583215039130237,0.07862767842900972,4.803462637380494,4.800714296218998,3.454545454545455,3.3438284243944265,1.8967643823373068,6.790708134508846,5.218671123749257,4.826770284959434,-1.2186711237492522,0.6084168336673347,0.8985507246376812,-0.7411650964742664,0.36903662665435527,0.028951261825082963,51.36684473539122,29.01321222130471,274,685,632,1218,0.30445037419046406,0.24245156314953378,0.6984914762133185,5,2.643939393939394,1.16035703293321,1.1138811942136044
