randomization,name,type,l1,l2,l3,ipr1,ipr2,ipr3,l1_cm,l1_er,l1_reg,l2_mp,l3_mp,l1_lap,l2_lap,l3_lap,alg_conn,clustering_c,clustering_r,deg_assort,Q,N.olap,N.temp,N.nodf,H2,H3,H4,H17,cent_between,cent_close,cent_eigen,diam,mean_path_length,deg_het_row,deg_het_col
erdos-renyi,Washington_DC_crimes_2016-01-25,crimes,3.597628,2.552177,2.276662,0.10678082624980079,0.09300119273020878,0.08332798230996831,3.565986956759453,3.593903050552318,2.6153846153846154,2.915019264768697,1.5516066443867755,5.5976277888733295,4.552177413719288,4.276661505236761,-0.5521774137192886,0.3747016706443914,0.7536231884057971,-0.7041564792176038,0.4714532871972317,-0.02283233027135464,53.21393702235792,24.682926829268293,106,178,147,164,0.35304444444444444,0.26904125328150497,0.7305941219591722,6,2.8861538461538463,1.2110726643598617,1.0899653979238753
