randomization,name,type,l1,l2,l3,ipr1,ipr2,ipr3,l1_cm,l1_er,l1_reg,l2_mp,l3_mp,l1_lap,l2_lap,l3_lap,alg_conn,clustering_c,clustering_r,deg_assort,Q,N.olap,N.temp,N.nodf,H2,H3,H4,H17,cent_between,cent_close,cent_eigen,diam,mean_path_length,deg_het_row,deg_het_col
erdos-renyi,Washington_DC_crimes_2016-08-11,crimes,4.605,3.021803,2.77875,0.05947346442760763,0.07771786098488243,0.09125037396380226,4.613901672409077,4.611624457431345,3.454545454545454,3.3080042793114584,1.8859154546001846,6.60500016562189,5.021803373467397,4.7787496096743425,-1.0218033734673908,0.5662591687041565,0.9262295081967213,-0.7418267610380852,0.38596491228070184,-0.002334066025497341,53.34898599147482,30.11759581881533,240,663,413,561,0.21455935246597865,0.18804799022625188,0.6005464871362193,5,2.7234848484848486,1.2234533702677748,1.0710987996306556
