randomization,name,type,l1,l2,l3,ipr1,ipr2,ipr3,l1_cm,l1_er,l1_reg,l2_mp,l3_mp,l1_lap,l2_lap,l3_lap,alg_conn,clustering_c,clustering_r,deg_assort,Q,N.olap,N.temp,N.nodf,H2,H3,H4,H17,cent_between,cent_close,cent_eigen,diam,mean_path_length,deg_het_row,deg_het_col
erdos-renyi,Washington_DC_crimes_2016-12-05,crimes,4.99846,3.237778,2.998533,0.08223201330997507,0.15324940299561166,0.1028870586039338,4.9903593145173915,4.893525569406953,3.2222222222222223,3.3989660138337534,1.9357568538341225,6.998460368389173,5.237778151032709,4.998533269782792,-1.2377781510327241,0.614736184826725,1,-0.820466041960361,0.4045778834720571,0.024114022619811566,47.88437385994338,33.43028699695366,318,720,891,1994,0.29886753822408085,0.2372537233436318,0.7306836890352849,4,2.7396825396825397,1.2128418549346016,1.0986920332936982
