randomization,name,type,l1,l2,l3,ipr1,ipr2,ipr3,l1_cm,l1_er,l1_reg,l2_mp,l3_mp,l1_lap,l2_lap,l3_lap,alg_conn,clustering_c,clustering_r,deg_assort,Q,N.olap,N.temp,N.nodf,H2,H3,H4,H17,cent_between,cent_close,cent_eigen,diam,mean_path_length,deg_het_row,deg_het_col
erdos-renyi,Washington_DC_crimes_2016-01-29,crimes,5.123545,3.371153,2.966619,0.07046496749352155,0.09763795698818434,0.0900935844533089,5.074214075262392,5.2024002282144775,3.4857142857142858,3.526462532267736,2.0157736433351063,7.1235449759347595,5.371152920100019,4.966619419870393,-1.3711529201000199,0.6503896103896104,1,-0.8850541516245487,0.3880677237301801,-0.015341484550825044,56.4655420067334,32.66663067731952,335,835,880,1807,0.24196669262336998,0.2168485941934865,0.6866131576531127,4,2.66890756302521,1.1612469766191884,1.0368180596613814
