randomization,name,type,l1,l2,l3,ipr1,ipr2,ipr3,l1_cm,l1_er,l1_reg,l2_mp,l3_mp,l1_lap,l2_lap,l3_lap,alg_conn,clustering_c,clustering_r,deg_assort,Q,N.olap,N.temp,N.nodf,H2,H3,H4,H17,cent_between,cent_close,cent_eigen,diam,mean_path_length,deg_het_row,deg_het_col
erdos-renyi,Washington_DC_crimes_2016-02-18,crimes,4.821804,3.464815,2.778027,0.0561431461314692,0.08642870559665014,0.10653201480628902,4.737796114032408,4.729983836429202,3.4054054054054053,3.434014825844119,1.9957780790411925,6.821803879386624,5.464815456214917,4.778027167858759,-1.464815456214905,0.5894063277639531,0.8132854578096947,-0.7943887882340401,0.4114386495338878,-0.03871956271171474,58.00942583812271,26.072068612391192,283,798,528,736,0.15666746979809187,0.24343712264148526,0.610457584451759,6,2.981981981981982,1.2494331065759636,1.0501385739480977
