randomization,name,type,l1,l2,l3,ipr1,ipr2,ipr3,l1_cm,l1_er,l1_reg,l2_mp,l3_mp,l1_lap,l2_lap,l3_lap,alg_conn,clustering_c,clustering_r,deg_assort,Q,N.olap,N.temp,N.nodf,H2,H3,H4,H17,cent_between,cent_close,cent_eigen,diam,mean_path_length,deg_het_row,deg_het_col
erdos-renyi,Washington_DC_crimes_2016-04-28,crimes,3.945329,3.34121,2.706904,0.06462544527247213,0.08346215212385466,0.08112995658427355,3.9824763276530457,4.148139354319,2.764705882352941,3.332732691517126,1.8796412895409442,5.9453288319577,5.341210289223058,4.706904442940004,-1.3412102892230522,0.36180904522613067,0.78301886792452835,-0.8754311696456571,0.47668628338614755,-0.018789148784658417,54.9744077618687,23.568702290076335,191,301,376,570,0.34571827583191217,0.21990478713951406,0.6593284272867166,6,2.9768270944741535,1.1534631054775917,1.0457220461747398
