randomization,name,type,l1,l2,l3,ipr1,ipr2,ipr3,l1_cm,l1_er,l1_reg,l2_mp,l3_mp,l1_lap,l2_lap,l3_lap,alg_conn,clustering_c,clustering_r,deg_assort,Q,N.olap,N.temp,N.nodf,H2,H3,H4,H17,cent_between,cent_close,cent_eigen,diam,mean_path_length,deg_het_row,deg_het_col
erdos-renyi,Washington_DC_crimes_2016-10-11,crimes,5.390836,3.435607,3.206037,0.060863756974931404,0.08712699217172441,0.08391344344386889,5.488835469825527,5.419188060037631,3.6923076923076925,3.5896805573406514,2.0983388740063167,7.390835906758834,5.435606834432239,5.206037499483684,-1.43560683443224,0.6312108943687891,1,-0.7977582697973934,0.35358796296296285,0.042139381475153656,43.663546364129324,33.747351938841305,434,1157,1337,3446,0.33797056358374616,0.23038523626489837,0.6745743984715407,4,2.6072874493927127,1.1728395061728396,1.1099537037037035
