randomization,name,type,l1,l2,l3,ipr1,ipr2,ipr3,l1_cm,l1_er,l1_reg,l2_mp,l3_mp,l1_lap,l2_lap,l3_lap,alg_conn,clustering_c,clustering_r,deg_assort,Q,N.olap,N.temp,N.nodf,H2,H3,H4,H17,cent_between,cent_close,cent_eigen,diam,mean_path_length,deg_het_row,deg_het_col
erdos-renyi,Washington_DC_crimes_2016-06-28,crimes,5.180185,3.197232,2.833362,0.0662713473273703,0.07841154422177354,0.071828314562462,5.113895524709291,5.01146489086058,3.5,3.4215623526986447,1.9675568299707138,7.1801845334417775,5.197231958745991,4.83336193310026,-1.1972319587459819,0.6314566115702479,0.9223454833597464,-0.7785510291172901,0.3827160493827162,0.008262651106257509,53.58522517209138,31.966376714620274,326,934,776,1466,0.2362190172172146,0.23185355007574632,0.6713183839736949,6,2.7793650793650793,1.2494331065759636,1.0705467372134039
