randomization,name,type,l1,l2,l3,ipr1,ipr2,ipr3,l1_cm,l1_er,l1_reg,l2_mp,l3_mp,l1_lap,l2_lap,l3_lap,alg_conn,clustering_c,clustering_r,deg_assort,Q,N.olap,N.temp,N.nodf,H2,H3,H4,H17,cent_between,cent_close,cent_eigen,diam,mean_path_length,deg_het_row,deg_het_col
erdos-renyi,Washington_DC_crimes_2016-03-31,crimes,4.713972,3.241686,2.890099,0.061864226872376825,0.06894701251635768,0.08198418270824012,4.731177078625858,4.5879436051970375,3.05,3.430486064516829,1.996790061604763,6.713971939648596,5.241686498333251,4.890099170637158,-1.2416864983332354,0.4635958395245171,1,-0.8434622827765501,0.4447729105079281,-1.4572565628832165e-4,52.201703219287864,27.977130135600078,293,700,651,1102,0.2573492898570297,0.2786626618208656,0.6748956920052608,4,2.937179487179487,1.3214189733942492,1.0515990325181406
