randomization,name,type,l1,l2,l3,ipr1,ipr2,ipr3,l1_cm,l1_er,l1_reg,l2_mp,l3_mp,l1_lap,l2_lap,l3_lap,alg_conn,clustering_c,clustering_r,deg_assort,Q,N.olap,N.temp,N.nodf,H2,H3,H4,H17,cent_between,cent_close,cent_eigen,diam,mean_path_length,deg_het_row,deg_het_col
erdos-renyi,Washington_DC_crimes_2016-02-11,crimes,4.169923,2.796818,2.708682,0.0958115977011979,0.07840311551232745,0.14610851403739036,4.023639967441943,4.075898877811305,2.6857142857142855,3.296805623930513,1.862069130943874,6.169923493161103,4.7968178025765225,4.7086819421097585,-0.7968178025765137,0.3969335604770017,0.768595041322314,-0.802803871335041,0.47759167043911266,-0.010947535469350678,55.25956724217199,24.591109602986087,195,329,404,650,0.3331753230109632,0.25068958938153796,0.7379498307210596,6,3.0689075630252103,1.1946582163875057,1.0674513354459032
