randomization,name,type,l1,l2,l3,ipr1,ipr2,ipr3,l1_cm,l1_er,l1_reg,l2_mp,l3_mp,l1_lap,l2_lap,l3_lap,alg_conn,clustering_c,clustering_r,deg_assort,Q,N.olap,N.temp,N.nodf,H2,H3,H4,H17,cent_between,cent_close,cent_eigen,diam,mean_path_length,deg_het_row,deg_het_col
erdos-renyi,Washington_DC_crimes_2016-05-09,crimes,5.6662,3.372376,2.856548,0.06146110557870024,0.1101990455446089,0.10748339031344767,5.63060420414219,5.570734770890797,3.891891891891892,3.558263745393637,2.0656958614912355,7.666200164574105,5.372376186581432,4.856548376356269,-1.3723761865814346,0.7085815488649171,0.9646098003629764,-0.8515704542219984,0.3514660493827161,-0.004338453444977954,51.4471457819845,33.93039100275943,419,1358,1096,2259,0.25315889209060205,0.2502667612488482,0.6458673258927673,6,2.6396396396396398,1.238425925925926,1.0370370370370368
