randomization,name,type,l1,l2,l3,ipr1,ipr2,ipr3,l1_cm,l1_er,l1_reg,l2_mp,l3_mp,l1_lap,l2_lap,l3_lap,alg_conn,clustering_c,clustering_r,deg_assort,Q,N.olap,N.temp,N.nodf,H2,H3,H4,H17,cent_between,cent_close,cent_eigen,diam,mean_path_length,deg_het_row,deg_het_col
erdos-renyi,Washington_DC_crimes_2016-06-21,crimes,5.176883,3.159807,3.01421,0.058345464159279714,0.0809979659668711,0.1027041685157028,5.177524822250895,5.14337944569111,3.45,3.585862587752745,2.1012288847157055,7.176883198124055,5.159807055375184,5.014210489048221,-1.1598070553751842,0.579052258635961,1,-0.8598382749326149,0.3801722327242176,8.125052639783201e-4,54.284220061026154,31.015482695810565,377,1015,966,1931,0.2230143763195145,0.2648147128821904,0.6660462134598077,4,2.7858974358974358,1.2407057340894772,1.0483091787439613
