randomization,name,type,l1,l2,l3,ipr1,ipr2,ipr3,l1_cm,l1_er,l1_reg,l2_mp,l3_mp,l1_lap,l2_lap,l3_lap,alg_conn,clustering_c,clustering_r,deg_assort,Q,N.olap,N.temp,N.nodf,H2,H3,H4,H17,cent_between,cent_close,cent_eigen,diam,mean_path_length,deg_het_row,deg_het_col
erdos-renyi,Washington_DC_crimes_2016-06-23,crimes,5.662258,3.538107,2.964307,0.06503690089144656,0.1023531560023158,0.1259935361080822,5.65194165260439,5.718984409006074,3.6923076923076925,3.685509381172192,2.1464854153258885,7.662257928440489,5.538106814529954,4.964306720795212,-1.5381068145299526,0.6899437310633386,1,-0.8458612702669754,0.33564814814814814,0.018329550458949344,57.45437866045483,34.39896199564708,478,1246,1658,4687,0.3181033381705883,0.23337425957840469,0.6662412351702184,4,2.5775978407557356,1.1458333333333335,1.0648148148148149
