randomization,name,type,l1,l2,l3,ipr1,ipr2,ipr3,l1_cm,l1_er,l1_reg,l2_mp,l3_mp,l1_lap,l2_lap,l3_lap,alg_conn,clustering_c,clustering_r,deg_assort,Q,N.olap,N.temp,N.nodf,H2,H3,H4,H17,cent_between,cent_close,cent_eigen,diam,mean_path_length,deg_het_row,deg_het_col
erdos-renyi,Washington_DC_crimes_2016-03-01,crimes,4.153969,3.046874,2.862376,0.08205346701547198,0.08160605996126222,0.07891456809560354,4.156921938165306,4.1142124356593985,2.857142857142857,3.2430144706958766,1.8431288902448861,6.153969012905273,5.046873586103172,4.8623763685432975,-1.0468735861031857,0.41083333333333333,0.7647058823529411,-0.7315388587658146,0.44879999999999987,-4.10812508634277e-4,49.810570055096726,24.7827903091061,204,379,416,713,0.3124985436836648,0.2077197464866589,0.7347380941323463,6,3.042016806722689,1.2096,1.12
