randomization,name,type,l1,l2,l3,ipr1,ipr2,ipr3,l1_cm,l1_er,l1_reg,l2_mp,l3_mp,l1_lap,l2_lap,l3_lap,alg_conn,clustering_c,clustering_r,deg_assort,Q,N.olap,N.temp,N.nodf,H2,H3,H4,H17,cent_between,cent_close,cent_eigen,diam,mean_path_length,deg_het_row,deg_het_col
erdos-renyi,Washington_DC_crimes_2016-02-07,crimes,4.003725,2.834017,2.605204,0.07022364983700638,0.10964104957214987,0.09892622868064548,3.994894701174161,4.098760626170565,2.896551724137931,3.1473526101745803,1.7242270977430727,6.003724598767054,4.834016864453543,4.60520436980707,-0.8340168644535346,0.4685777287761852,0.8482758620689655,-0.8551507629407903,0.41836734693877553,-0.0431845238095238,55.161949932669806,27.12375621890547,157,308,252,301,0.2698065445514425,0.22430160685776984,0.6368037218572764,6,2.9064039408866993,1.1995464852607711,1.0408163265306123
