randomization,name,type,l1,l2,l3,ipr1,ipr2,ipr3,l1_cm,l1_er,l1_reg,l2_mp,l3_mp,l1_lap,l2_lap,l3_lap,alg_conn,clustering_c,clustering_r,deg_assort,Q,N.olap,N.temp,N.nodf,H2,H3,H4,H17,cent_between,cent_close,cent_eigen,diam,mean_path_length,deg_het_row,deg_het_col
erdos-renyi,Washington_DC_crimes_2016-11-03,crimes,4.239099,3.010845,2.885547,0.08916229216468649,0.08299402960934121,0.08141082623722974,4.258785613524211,4.191601244639923,2.914285714285714,3.25008080054697,1.847758337108785,6.239098787135039,5.010845374489077,4.88554670849081,-1.0108453744890846,0.41450381679389314,0.8279569892473119,-0.7007210264022901,0.4405997693194927,0.013233715477998972,47.52333645776842,25.459482038429403,217,405,482,933,0.3689723066885697,0.28234740694763033,0.7499846120085767,6,2.907563025210084,1.1949250288350635,1.1437908496732028
