randomization,name,type,l1,l2,l3,ipr1,ipr2,ipr3,l1_cm,l1_er,l1_reg,l2_mp,l3_mp,l1_lap,l2_lap,l3_lap,alg_conn,clustering_c,clustering_r,deg_assort,Q,N.olap,N.temp,N.nodf,H2,H3,H4,H17,cent_between,cent_close,cent_eigen,diam,mean_path_length,deg_het_row,deg_het_col
erdos-renyi,Washington_DC_crimes_2016-12-29,crimes,4.991749,3.4378320000000002,3.017909,0.0628727028347928,0.07305473519375144,0.0844198178176416,4.9553368525055195,5.007155774150525,3.317073170731707,3.621650887739222,2.130919962502646,6.991748969931813,5.437832082949212,5.017908603261143,-1.4378320829492217,0.5300487276664861,0.9272030651340997,-0.8838483453868071,0.40441176470588236,-0.0331330308223544,53.98378371030531,26.25560960612507,357,866,886,1702,0.25263333306765656,0.21368496940386303,0.6982579432777255,6,2.895121951219512,1.2205882352941178,1.0354671280276817
