randomization,name,type,l1,l2,l3,ipr1,ipr2,ipr3,l1_cm,l1_er,l1_reg,l2_mp,l3_mp,l1_lap,l2_lap,l3_lap,alg_conn,clustering_c,clustering_r,deg_assort,Q,N.olap,N.temp,N.nodf,H2,H3,H4,H17,cent_between,cent_close,cent_eigen,diam,mean_path_length,deg_het_row,deg_het_col
erdos-renyi,Washington_DC_crimes_2016-08-28,crimes,5.600117,3.27338,2.926762,0.058228456432439964,0.10542750223039761,0.09135182716185698,5.68126892595277,5.5327214868008205,4,3.4093036318383407,1.9469783559910738,7.600117043839604,5.273379717898731,4.926761897632097,-1.2733797178987274,0.7348963029756538,1,-0.8195558297347321,0.31963667820069186,0.043221614534978615,47.414856963760094,40.25110940433522,390,1299,997,2046,0.2564671998739216,0.2847375917161881,0.6050645601858048,4,2.515151515151515,1.2378892733564013,1.0657439446366783
