randomization,name,type,l1,l2,l3,ipr1,ipr2,ipr3,l1_cm,l1_er,l1_reg,l2_mp,l3_mp,l1_lap,l2_lap,l3_lap,alg_conn,clustering_c,clustering_r,deg_assort,Q,N.olap,N.temp,N.nodf,H2,H3,H4,H17,cent_between,cent_close,cent_eigen,diam,mean_path_length,deg_het_row,deg_het_col
erdos-renyi,Washington_DC_crimes_2016-05-20,crimes,5.629347,3.676913,3.212355,0.06455115853229673,0.0919383857654993,0.09951300763247405,5.667852650272093,5.651999727599768,3.72972972972973,3.569750141049105,2.056521375489447,7.629347228751557,5.676913168168546,5.21235476350743,-1.6769131681685574,0.6963562753036437,1,-0.8548556790631718,0.3635790800252048,0.03979474426772522,54.375801102447625,35.75297619047618,444,1232,1438,3723,0.2726214048977488,0.2801304812885839,0.6636689805733019,4,2.5795795795795797,1.1785339214450747,1.0649023314429742
