randomization,name,type,l1,l2,l3,ipr1,ipr2,ipr3,l1_cm,l1_er,l1_reg,l2_mp,l3_mp,l1_lap,l2_lap,l3_lap,alg_conn,clustering_c,clustering_r,deg_assort,Q,N.olap,N.temp,N.nodf,H2,H3,H4,H17,cent_between,cent_close,cent_eigen,diam,mean_path_length,deg_het_row,deg_het_col
erdos-renyi,Washington_DC_crimes_2016-02-06,crimes,4.302359,3.166239,2.673539,0.06380192313101227,0.11174287896624292,0.07471768010756301,4.376328270930792,4.26385163255531,3,3.2190667941239464,1.8209921534111984,6.302358693182565,5.1662391453840275,4.673539448688526,-1.16623914538404,0.45587213342599026,0.8156862745098039,-0.7855416392001764,0.4302191464821226,0.009233532122526445,46.714564215183735,29.114396654719236,213,469,404,597,0.2694700109731101,0.24133367290621544,0.6164320375707364,6,2.9215686274509802,1.2768166089965398,1.0899653979238755
