randomization,name,type,l1,l2,l3,ipr1,ipr2,ipr3,l1_cm,l1_er,l1_reg,l2_mp,l3_mp,l1_lap,l2_lap,l3_lap,alg_conn,clustering_c,clustering_r,deg_assort,Q,N.olap,N.temp,N.nodf,H2,H3,H4,H17,cent_between,cent_close,cent_eigen,diam,mean_path_length,deg_het_row,deg_het_col
erdos-renyi,Washington_DC_crimes_2016-02-17,crimes,4.318025,3.030062,2.924941,0.07808754696151908,0.0913965477413751,0.10696599787201715,4.381915498038804,4.268491740240955,2.9714285714285715,3.246918039312852,1.8456857527937247,6.318025366960352,5.030061524740543,4.924940776598243,-1.0300615247405482,0.43609022556390975,0.92,-0.7213537017673608,0.42862426035502954,0.0069832522271399975,47.67871774994841,26.580737558181163,227,447,506,969,0.349885223941531,0.2700543071836932,0.7257123589749717,6,2.857142857142857,1.2218934911242603,1.1390532544378698
