randomization,name,type,l1,l2,l3,ipr1,ipr2,ipr3,l1_cm,l1_er,l1_reg,l2_mp,l3_mp,l1_lap,l2_lap,l3_lap,alg_conn,clustering_c,clustering_r,deg_assort,Q,N.olap,N.temp,N.nodf,H2,H3,H4,H17,cent_between,cent_close,cent_eigen,diam,mean_path_length,deg_het_row,deg_het_col
erdos-renyi,Washington_DC_crimes_2016-06-04,crimes,4.765487,3.48219,2.606832,0.07800829688062395,0.08600883222256604,0.10038019390962667,4.7368783527683735,4.806766939453226,3.235294117647059,3.407983033597132,1.9298221230253625,6.765486817656882,5.48218972614966,4.606832043209487,-1.4821897261496482,0.5724465558194775,0.9146757679180887,-0.8158710932481781,0.39537190082644635,0.023984575341378624,49.38123322546096,30.814552284017932,279,607,709,1456,0.3545064120528996,0.23648472576933235,0.689997808080979,6,2.734402852049911,1.15702479338843,1.0770247933884298
