randomization,name,type,l1,l2,l3,ipr1,ipr2,ipr3,l1_cm,l1_er,l1_reg,l2_mp,l3_mp,l1_lap,l2_lap,l3_lap,alg_conn,clustering_c,clustering_r,deg_assort,Q,N.olap,N.temp,N.nodf,H2,H3,H4,H17,cent_between,cent_close,cent_eigen,diam,mean_path_length,deg_het_row,deg_het_col
erdos-renyi,Washington_DC_crimes_2016-06-27,crimes,5.617489,3.798239,3.239535,0.05318186344569413,0.076559787078042,0.07806007497848523,5.618670663282579,5.6707016580907466,3.761904761904762,3.7671477010906185,2.235871929422176,7.617489414527074,5.798239174498332,5.239535334565175,-1.7982391744983532,0.6271351201222053,1,-0.8888335753301532,0.3885595257170324,-0.009113943479398898,60.18752836799483,31.613730335321243,490,1412,1460,3438,0.2735950440957992,0.22383530776680127,0.6101541567899142,4,2.7166085946573753,1.1945201089568978,1.0374939913475403
