randomization,name,type,l1,l2,l3,ipr1,ipr2,ipr3,l1_cm,l1_er,l1_reg,l2_mp,l3_mp,l1_lap,l2_lap,l3_lap,alg_conn,clustering_c,clustering_r,deg_assort,Q,N.olap,N.temp,N.nodf,H2,H3,H4,H17,cent_between,cent_close,cent_eigen,diam,mean_path_length,deg_het_row,deg_het_col
erdos-renyi,Washington_DC_crimes_2016-07-30,crimes,4.936541,3.39415,2.971442,0.07589969330064623,0.07656498217444632,0.09348762052985592,4.947300127009964,4.722150071598879,3.238095238095238,3.4639195962447067,2.0447191702451724,6.936540661039398,5.394150469296427,4.97144244857122,-1.3941504692964175,0.5168639053254438,0.8518518518518519,-0.711901231161844,0.41025086505190306,0.032518821838469096,44.99404432094829,28.10709569622982,347,860,901,2002,0.3262042914254457,0.26184207879253474,0.7582917693099326,6,2.908246225319396,1.2647058823529411,1.1384083044982698
