randomization,name,type,l1,l2,l3,ipr1,ipr2,ipr3,l1_cm,l1_er,l1_reg,l2_mp,l3_mp,l1_lap,l2_lap,l3_lap,alg_conn,clustering_c,clustering_r,deg_assort,Q,N.olap,N.temp,N.nodf,H2,H3,H4,H17,cent_between,cent_close,cent_eigen,diam,mean_path_length,deg_het_row,deg_het_col
erdos-renyi,Washington_DC_crimes_2016-04-08,crimes,4.542887,3.379292,2.604217,0.08184026450927599,0.08534526810654074,0.07911126029325698,4.5050924505681,4.563784040871623,3.0588235294117645,3.3627919612839454,1.8996201475879093,6.542886944977416,5.379292184876732,4.604216870973106,-1.3792921848767241,0.5139751552795031,0.9014084507042254,-0.7925181171247633,0.4238165680473373,0.02411701206043372,50.17189257953665,29.651476598041487,249,492,609,1215,0.37837622024949835,0.253206659671147,0.6945113302228636,6,2.7950089126559714,1.1597633136094674,1.087278106508876
