randomization,name,type,l1,l2,l3,ipr1,ipr2,ipr3,l1_cm,l1_er,l1_reg,l2_mp,l3_mp,l1_lap,l2_lap,l3_lap,alg_conn,clustering_c,clustering_r,deg_assort,Q,N.olap,N.temp,N.nodf,H2,H3,H4,H17,cent_between,cent_close,cent_eigen,diam,mean_path_length,deg_het_row,deg_het_col
erdos-renyi,Washington_DC_crimes_2016-10-29,crimes,4.486766,3.228639,2.950263,0.07010677268505977,0.08302059589106764,0.0800592050848094,4.387355569006106,4.452581301444191,2.926829268292683,3.507585178625405,2.05384570696836,6.486766141751192,5.228639484707217,4.950262944841278,-1.2286394847072144,0.4069284064665127,0.8237885462555066,-0.8227848101265822,0.445,0.0019614793919232776,50.7390376762441,22.270991703981394,285,525,692,1293,0.2675810949671244,0.2278295396236784,0.7189883645909918,6,3.046341463414634,1.1522222222222223,1.1044444444444446
