randomization,name,type,l1,l2,l3,ipr1,ipr2,ipr3,l1_cm,l1_er,l1_reg,l2_mp,l3_mp,l1_lap,l2_lap,l3_lap,alg_conn,clustering_c,clustering_r,deg_assort,Q,N.olap,N.temp,N.nodf,H2,H3,H4,H17,cent_between,cent_close,cent_eigen,diam,mean_path_length,deg_het_row,deg_het_col
erdos-renyi,Washington_DC_crimes_2016-09-26,crimes,5.276905,3.157914,2.804831,0.06527866297267679,0.10187463186888332,0.12539018710909208,5.359112169624564,5.094484714919783,3.6470588235294117,3.290650211138297,1.868013198910864,7.276904746684756,5.157913591030762,4.804830693726115,-1.1579135910307647,0.653467843631778,1,-0.7559112164921289,0.3498959417273672,0.07481712884172724,42.208397405867686,38.77752176139273,330,1016,802,1584,0.2719884550205642,0.2848087613272829,0.6497403073220775,4,2.6327985739750446,1.2924037460978148,1.0926118626430799
