randomization,name,type,l1,l2,l3,ipr1,ipr2,ipr3,l1_cm,l1_er,l1_reg,l2_mp,l3_mp,l1_lap,l2_lap,l3_lap,alg_conn,clustering_c,clustering_r,deg_assort,Q,N.olap,N.temp,N.nodf,H2,H3,H4,H17,cent_between,cent_close,cent_eigen,diam,mean_path_length,deg_het_row,deg_het_col
erdos-renyi,Washington_DC_crimes_2016-04-03,crimes,5.313155,3.260738,3.053099,0.06129984765906825,0.06950450217978714,0.07550531106306055,5.268284439610215,5.226637090505649,3.6666666666666665,3.4858237145313185,2.010751129875258,7.313155312768782,5.260737616713807,5.053098532883811,-1.2607376167138216,0.6504227859368046,0.9491525423728814,-0.8262184873949577,0.37488521579430656,-0.0072243633576525,56.21323437365541,33.1440281030445,352,1058,839,1568,0.2294742428897838,0.21760082039447948,0.6351007936861218,6,2.7222222222222223,1.2382920110192837,1.044536271808999
