randomization,name,type,l1,l2,l3,ipr1,ipr2,ipr3,l1_cm,l1_er,l1_reg,l2_mp,l3_mp,l1_lap,l2_lap,l3_lap,alg_conn,clustering_c,clustering_r,deg_assort,Q,N.olap,N.temp,N.nodf,H2,H3,H4,H17,cent_between,cent_close,cent_eigen,diam,mean_path_length,deg_het_row,deg_het_col
erdos-renyi,Washington_DC_crimes_2016-10-09,crimes,5.602222,3.654643,3.185108,0.06592618927129515,0.10039302417061548,0.1091103676639726,5.652494320344117,5.577951338244423,3.675675675675676,3.529536216784436,2.0292156237698125,7.602222433323776,5.654642957824808,5.185107638447303,-1.6546429578248083,0.6919339164237124,1,-0.8445964857720419,0.3561851211072665,0.04896262343252519,46.58522550313321,36.03943452380952,436,1198,1417,3688,0.2917618360150339,0.28433662019942924,0.6728517661530343,4,2.5945945945945947,1.193339100346021,1.0769896193771626
