randomization,name,type,l1,l2,l3,ipr1,ipr2,ipr3,l1_cm,l1_er,l1_reg,l2_mp,l3_mp,l1_lap,l2_lap,l3_lap,alg_conn,clustering_c,clustering_r,deg_assort,Q,N.olap,N.temp,N.nodf,H2,H3,H4,H17,cent_between,cent_close,cent_eigen,diam,mean_path_length,deg_het_row,deg_het_col
erdos-renyi,Washington_DC_crimes_2016-07-29,crimes,5.066501,3.408926,3.136417,0.06796491135980745,0.1004553587906268,0.07683429775388961,5.137906597617019,5.075632971333406,3.4358974358974357,3.5347903435754175,2.0611385779258464,7.066501437657273,5.408925526185663,5.136416813664983,-1.4089255261856555,0.5611011062516079,1,-0.7729891445296581,0.3829360659389619,0.049590457477935425,42.94151210725214,30.521322648982224,378,887,1122,2815,0.3789910273187933,0.2549849072796152,0.7117092963416812,4,2.688259109311741,1.1619514368456227,1.1336600579193585
