randomization,name,type,l1,l2,l3,ipr1,ipr2,ipr3,l1_cm,l1_er,l1_reg,l2_mp,l3_mp,l1_lap,l2_lap,l3_lap,alg_conn,clustering_c,clustering_r,deg_assort,Q,N.olap,N.temp,N.nodf,H2,H3,H4,H17,cent_between,cent_close,cent_eigen,diam,mean_path_length,deg_het_row,deg_het_col
erdos-renyi,Washington_DC_crimes_2016-03-12,crimes,3.619778,2.971512,2.719388,0.07673059679230573,0.11688047568548106,0.09337496385491967,3.639042509436724,3.541597535775784,2.4705882352941178,3.0588993292893596,1.7173881798667288,5.619778220403921,4.971512306801677,4.719388278664779,-0.9715123068016742,0.24714828897338403,0.5507246376811594,-0.7221014492753621,0.5153061224489799,0.012504844245958532,43.577113128196864,20.624999999999996,144,209,248,330,0.31224680393068827,0.23935767530810678,0.6591287638200676,6,3.2566844919786098,1.2244897959183672,1.1587301587301588
