randomization,name,type,l1,l2,l3,ipr1,ipr2,ipr3,l1_cm,l1_er,l1_reg,l2_mp,l3_mp,l1_lap,l2_lap,l3_lap,alg_conn,clustering_c,clustering_r,deg_assort,Q,N.olap,N.temp,N.nodf,H2,H3,H4,H17,cent_between,cent_close,cent_eigen,diam,mean_path_length,deg_het_row,deg_het_col
erdos-renyi,Washington_DC_crimes_2016-11-14,crimes,4.747017,3.100944,2.916405,0.07912271620575212,0.10677644234296689,0.10285769469672856,4.802052756916494,4.646409547318443,3.257142857142857,3.3029348631077675,1.8825216734675854,6.747017481066507,5.100944359330874,4.916404657209421,-1.100944359330867,0.5653846153846154,0.9306666666666666,-0.6896783163143011,0.3908895044629117,0.02634444656605324,43.8856416757143,30.499860763018656,282,638,737,1720,0.3974158929892888,0.2929743289830129,0.7238364622615933,6,2.715966386554622,1.1979070483225611,1.1612803939673748
