randomization,name,type,l1,l2,l3,ipr1,ipr2,ipr3,l1_cm,l1_er,l1_reg,l2_mp,l3_mp,l1_lap,l2_lap,l3_lap,alg_conn,clustering_c,clustering_r,deg_assort,Q,N.olap,N.temp,N.nodf,H2,H3,H4,H17,cent_between,cent_close,cent_eigen,diam,mean_path_length,deg_het_row,deg_het_col
erdos-renyi,Washington_DC_crimes_2016-01-02,crimes,5.026017,3.201449,3.024222,0.07537844784078379,0.08637401951853252,0.08119130527695613,4.9503423227413315,5.046807673696911,3.371428571428571,3.488331144923391,1.9898995505497103,7.026016785783181,5.201448705979472,5.024222205498545,-1.2014487059794823,0.627927400468384,1,-0.86618004866180065,0.38954323470267166,-0.010826536331640378,58.426498405332396,32.58578317960741,314,760,803,1607,0.23638043513782564,0.21505300224408422,0.7097166416009724,4,2.712605042016807,1.1746624533180123,1.042803792013789
