randomization,name,type,l1,l2,l3,ipr1,ipr2,ipr3,l1_cm,l1_er,l1_reg,l2_mp,l3_mp,l1_lap,l2_lap,l3_lap,alg_conn,clustering_c,clustering_r,deg_assort,Q,N.olap,N.temp,N.nodf,H2,H3,H4,H17,cent_between,cent_close,cent_eigen,diam,mean_path_length,deg_het_row,deg_het_col
erdos-renyi,Washington_DC_crimes_2016-05-25,crimes,5.382412,3.265414,2.996511,0.05625037791822361,0.07919851152157012,0.06808817236479611,5.373199271123848,5.414675017573006,3.65,3.6671859707446983,2.1566846749775017,7.3824122768662725,5.265413705950343,4.996510740101389,-1.2654137059503474,0.6155765460702192,1,-0.8784505214781658,0.35766560330268354,-0.008612059956797398,60.21409094530875,31.517372528301493,419,1190,1123,2348,0.20067608870845,0.2469695859509049,0.648316259445901,4,2.7192307692307693,1.2075436291987243,1.03640457872021
