randomization,name,type,l1,l2,l3,ipr1,ipr2,ipr3,l1_cm,l1_er,l1_reg,l2_mp,l3_mp,l1_lap,l2_lap,l3_lap,alg_conn,clustering_c,clustering_r,deg_assort,Q,N.olap,N.temp,N.nodf,H2,H3,H4,H17,cent_between,cent_close,cent_eigen,diam,mean_path_length,deg_het_row,deg_het_col
erdos-renyi,Washington_DC_crimes_2016-09-13,crimes,5.193876,3.197295,2.951687,0.06527482414700041,0.07851726460372419,0.087091588736456,5.123761283227391,5.083447727048669,3.5555555555555554,3.4630494727459498,1.9954005328707574,7.193875587512954,5.1972949790305005,4.9516871402845855,-1.197294979030498,0.6331152491192753,0.9127105666156202,-0.7928183931800569,0.383544921875,-0.004025191842253504,57.46701633682224,30.7798037247686,332,955,786,1476,0.23524284168252965,0.2291026453527634,0.6649143119259382,6,2.7666666666666666,1.23193359375,1.0561523437500002
