randomization,name,type,l1,l2,l3,ipr1,ipr2,ipr3,l1_cm,l1_er,l1_reg,l2_mp,l3_mp,l1_lap,l2_lap,l3_lap,alg_conn,clustering_c,clustering_r,deg_assort,Q,N.olap,N.temp,N.nodf,H2,H3,H4,H17,cent_between,cent_close,cent_eigen,diam,mean_path_length,deg_het_row,deg_het_col
erdos-renyi,Washington_DC_crimes_2016-09-29,crimes,5.212793,3.500341,3.163715,0.06352889288027977,0.07901133592715405,0.07730691425534601,5.254654620330697,5.103793449634254,3.5238095238095237,3.5760859840161876,2.120143176563898,7.2127933436135,5.500341354387693,5.163714671285646,-1.5003413543876871,0.5732484076433121,0.8656126482213439,-0.7772212627134909,0.3842220598977355,0.022479228955682284,45.29799340479429,30.599170212922335,404,1111,1070,2356,0.29621885949730176,0.2421107742252702,0.7252082057092689,6,2.8292682926829267,1.2417823228634042,1.1044558071585098
