randomization,name,type,l1,l2,l3,ipr1,ipr2,ipr3,l1_cm,l1_er,l1_reg,l2_mp,l3_mp,l1_lap,l2_lap,l3_lap,alg_conn,clustering_c,clustering_r,deg_assort,Q,N.olap,N.temp,N.nodf,H2,H3,H4,H17,cent_between,cent_close,cent_eigen,diam,mean_path_length,deg_het_row,deg_het_col
erdos-renyi,Washington_DC_crimes_2016-10-07,crimes,5.144047,3.072963,2.736999,0.06883001242994989,0.10233126328204631,0.1273000141748289,5.147382563646836,5.20560129101148,3.5757575757575757,3.424742238535374,1.9349803810083008,7.144047305676016,5.0729634977905125,4.7369989145991065,-1.0729634977904898,0.6817204301075269,1,-0.8384396125893541,0.336397586900316,0.01936212926798118,53.21729121616301,34.87629022465088,325,838,867,1853,0.2596970495359142,0.21113669977475868,0.6360488605357362,4,2.5492424242424243,1.1557023843723067,1.0669347888537775
