randomization,name,type,l1,l2,l3,ipr1,ipr2,ipr3,l1_cm,l1_er,l1_reg,l2_mp,l3_mp,l1_lap,l2_lap,l3_lap,alg_conn,clustering_c,clustering_r,deg_assort,Q,N.olap,N.temp,N.nodf,H2,H3,H4,H17,cent_between,cent_close,cent_eigen,diam,mean_path_length,deg_het_row,deg_het_col
erdos-renyi,Washington_DC_crimes_2016-08-19,crimes,4.59714,3.33492,2.944494,0.07407157256556723,0.13813836449535913,0.11643231337574206,4.599640661494769,4.586236679774093,2.972972972972973,3.419838250826615,1.9554936570378416,6.597139544022948,5.33491999261097,4.9444936835257325,-1.3349199926109707,0.4756928668786915,0.9070796460176991,-0.8399744300021306,0.42512396694214877,0.019582166853852372,50.23776531631278,28.49084595959596,277,535,714,1431,0.29876554026024915,0.20832873101282876,0.6918232891171537,5,2.858858858858859,1.19900826446281,1.0849586776859506
