randomization,name,type,l1,l2,l3,ipr1,ipr2,ipr3,l1_cm,l1_er,l1_reg,l2_mp,l3_mp,l1_lap,l2_lap,l3_lap,alg_conn,clustering_c,clustering_r,deg_assort,Q,N.olap,N.temp,N.nodf,H2,H3,H4,H17,cent_between,cent_close,cent_eigen,diam,mean_path_length,deg_het_row,deg_het_col
erdos-renyi,Washington_DC_crimes_2016-03-10,crimes,4.959584,3.246591,2.719653,0.07081179878365221,0.09945063686700187,0.08741545032398684,5.027195967146087,4.72212641334122,3.3529411764705883,3.212973672993223,1.8170106747990664,6.959584354596254,5.246591404733691,4.719652574668433,-1.2465914047336941,0.6145350908443178,0.8867562380038387,-0.7281496222890097,0.38811942136041877,0.05921376575756353,40.58659349169302,37.48370804822418,283,776,662,1280,0.3274002838335562,0.25435902621203954,0.6894385584596566,6,2.757575757575758,1.3047091412742382,1.1268082486919053
