randomization,name,type,l1,l2,l3,ipr1,ipr2,ipr3,l1_cm,l1_er,l1_reg,l2_mp,l3_mp,l1_lap,l2_lap,l3_lap,alg_conn,clustering_c,clustering_r,deg_assort,Q,N.olap,N.temp,N.nodf,H2,H3,H4,H17,cent_between,cent_close,cent_eigen,diam,mean_path_length,deg_het_row,deg_het_col
erdos-renyi,Washington_DC_crimes_2016-08-02,crimes,4.872802,3.12809,2.814344,0.06873786883260384,0.1039786363928981,0.06116448092860466,4.814731625438743,4.590613544929916,3.2,3.388239007835597,1.983061443666359,6.872801885543134,5.128090494618569,4.81434379428837,-1.12809049461857,0.5049879600963192,0.8950381679389313,-0.7481957262091722,0.427734375,0.026951143488766177,38.50028960378462,26.442905059317273,305,791,678,1198,0.3049150621313712,0.2629225870548829,0.6718086332011896,6,2.9205128205128204,1.296875,1.1171875
