randomization,name,type,l1,l2,l3,ipr1,ipr2,ipr3,l1_cm,l1_er,l1_reg,l2_mp,l3_mp,l1_lap,l2_lap,l3_lap,alg_conn,clustering_c,clustering_r,deg_assort,Q,N.olap,N.temp,N.nodf,H2,H3,H4,H17,cent_between,cent_close,cent_eigen,diam,mean_path_length,deg_het_row,deg_het_col
erdos-renyi,Washington_DC_crimes_2016-12-03,crimes,4.502853,3.167365,2.595577,0.07354174297126985,0.07343055031048804,0.12317759681984895,4.4894543098243025,4.552632861238733,3.125,3.30166669745635,1.8463438349959325,6.5028533023332855,5.1673648832553285,4.595577230743219,-1.1673648832553156,0.5454545454545454,0.8729508196721312,-0.8193429572862827,0.39560000000000023,-0.010647919255421452,52.528975224318764,30.705882352941178,228,488,495,861,0.34599448865502364,0.2515936219867051,0.670352333183556,6,2.8024193548387095,1.1856000000000002,1.0608
