randomization,name,type,l1,l2,l3,ipr1,ipr2,ipr3,l1_cm,l1_er,l1_reg,l2_mp,l3_mp,l1_lap,l2_lap,l3_lap,alg_conn,clustering_c,clustering_r,deg_assort,Q,N.olap,N.temp,N.nodf,H2,H3,H4,H17,cent_between,cent_close,cent_eigen,diam,mean_path_length,deg_het_row,deg_het_col
erdos-renyi,Washington_DC_crimes_2016-09-02,crimes,4.12783,2.940971,2.726015,0.06796345008213595,0.10237171811166797,0.12515091909114343,4.115142767875739,4.2600823187630255,3.0303030303030303,3.3011182453842594,1.8683892553013304,6.127829737418137,4.940970527652737,4.726014687117029,-0.9409705276527262,0.41243862520458263,0.7474747474747475,-0.8136924803591468,0.4171999999999999,-0.012978890471105774,59.273256618454035,24.352692907606205,195,398,337,452,0.24609446543040298,0.18929632101489524,0.6729415723738963,5,2.867424242424242,1.1647999999999998,1.0584
