randomization,name,type,l1,l2,l3,ipr1,ipr2,ipr3,l1_cm,l1_er,l1_reg,l2_mp,l3_mp,l1_lap,l2_lap,l3_lap,alg_conn,clustering_c,clustering_r,deg_assort,Q,N.olap,N.temp,N.nodf,H2,H3,H4,H17,cent_between,cent_close,cent_eigen,diam,mean_path_length,deg_het_row,deg_het_col
erdos-renyi,Washington_DC_crimes_2016-07-06,crimes,4.653374,3.308736,2.749432,0.05939401403785364,0.07235964559518673,0.0969809345106745,4.635229595135905,4.723049470048038,3.2105263157894735,3.5049213299065425,2.035324238899319,6.653373864012839,5.30873620246194,4.749431890372563,-1.3087362024619476,0.48465080583269377,0.9631728045325779,-0.8626832996772789,0.41977962913195405,-5.289334074671135e-4,52.54775785689506,26.345450388660264,293,658,661,1138,0.23278811837370406,0.17924579624582762,0.6287538206802533,5,2.8264580369843526,1.1746842246707874,1.0666487503359314
