randomization,name,type,l1,l2,l3,ipr1,ipr2,ipr3,l1_cm,l1_er,l1_reg,l2_mp,l3_mp,l1_lap,l2_lap,l3_lap,alg_conn,clustering_c,clustering_r,deg_assort,Q,N.olap,N.temp,N.nodf,H2,H3,H4,H17,cent_between,cent_close,cent_eigen,diam,mean_path_length,deg_het_row,deg_het_col
erdos-renyi,Washington_DC_crimes_2016-02-14,crimes,3.47727,2.830745,2.577721,0.11471771730320121,0.13021754577895914,0.13705822480833774,3.397137109470346,3.3289370335383657,2.242424242424242,3.030965899106738,1.677107005668697,5.477270003481978,4.830745329179717,4.577721229248985,-0.8307453291797247,0.23548387096774193,0.6060606060606061,-0.7676789745830599,0.564645726807889,-0.008322425500647072,41.01471285351238,16.0724043715847,123,124,219,305,0.3524162046370968,0.18054524503270272,0.7887071019161868,8,3.8446969696969697,1.2030679327976623,1.135135135135135
