randomization,name,type,l1,l2,l3,ipr1,ipr2,ipr3,l1_cm,l1_er,l1_reg,l2_mp,l3_mp,l1_lap,l2_lap,l3_lap,alg_conn,clustering_c,clustering_r,deg_assort,Q,N.olap,N.temp,N.nodf,H2,H3,H4,H17,cent_between,cent_close,cent_eigen,diam,mean_path_length,deg_het_row,deg_het_col
erdos-renyi,Washington_DC_crimes_2016-12-04,crimes,4.173619,3.223145,2.921484,0.06390352970494766,0.07495467031122541,0.09355197709568012,4.168159512183797,4.286794907624553,2.8947368421052633,3.420155282836712,1.978492191387226,6.173619164183892,5.223145150170423,4.921484454421878,-1.2231451501704247,0.3662830060934326,0.7923497267759563,-0.8689788053949903,0.48727272727272747,-0.010163439816792684,50.01590331662799,21.678424456202237,231,429,454,667,0.26218496781559847,0.19928919720850083,0.673618259675688,6,2.991465149359886,1.1785123966942148,1.057520661157025
