randomization,name,type,l1,l2,l3,ipr1,ipr2,ipr3,l1_cm,l1_er,l1_reg,l2_mp,l3_mp,l1_lap,l2_lap,l3_lap,alg_conn,clustering_c,clustering_r,deg_assort,Q,N.olap,N.temp,N.nodf,H2,H3,H4,H17,cent_between,cent_close,cent_eigen,diam,mean_path_length,deg_het_row,deg_het_col
erdos-renyi,Washington_DC_crimes_2016-04-20,crimes,5.14756,3.303165,3.005409,0.07822864943640595,0.07471477288350874,0.13571521095296235,5.105909566375026,5.1340307621415135,3.282051282051282,3.5863756194511005,2.0787036714149933,7.14756025926196,5.303164898348403,5.005409292093848,-1.3031648983484152,0.5714978187106156,1,-0.8015337033427954,0.376708984375,0.03651222420358456,53.04729248690937,30.997956412321052,383,814,1251,3347,0.3464456873916215,0.24597859278579992,0.7271941734292587,4,2.709851551956815,1.1440429687499998,1.1015625
