randomization,name,type,l1,l2,l3,ipr1,ipr2,ipr3,l1_cm,l1_er,l1_reg,l2_mp,l3_mp,l1_lap,l2_lap,l3_lap,alg_conn,clustering_c,clustering_r,deg_assort,Q,N.olap,N.temp,N.nodf,H2,H3,H4,H17,cent_between,cent_close,cent_eigen,diam,mean_path_length,deg_het_row,deg_het_col
erdos-renyi,Washington_DC_crimes_2016-12-17,crimes,4.863709,3.570972,2.9923,0.06548704325221594,0.1118316829388938,0.10932599132170438,4.894491507082078,4.898105196448965,3.189189189189189,3.479971766765767,1.9957692334174242,6.863708744792016,5.570971639122784,4.992299626342234,-1.5709716391227915,0.5535773161885922,0.922360248447205,-0.8579482948294825,0.4113760413674233,0.02285345496130045,48.73893669788245,30.428819444444446,321,689,886,1907,0.30088940686243587,0.21068533567582198,0.6497213705708589,5,2.774774774774775,1.184429761562769,1.0807239299051996
