randomization,name,type,l1,l2,l3,ipr1,ipr2,ipr3,l1_cm,l1_er,l1_reg,l2_mp,l3_mp,l1_lap,l2_lap,l3_lap,alg_conn,clustering_c,clustering_r,deg_assort,Q,N.olap,N.temp,N.nodf,H2,H3,H4,H17,cent_between,cent_close,cent_eigen,diam,mean_path_length,deg_het_row,deg_het_col
erdos-renyi,Washington_DC_crimes_2016-03-08,crimes,4.5203,3.053129,2.750022,0.07507501942026491,0.10866660601654712,0.13622175898469352,4.524485904808039,4.557769871262782,3.090909090909091,3.319043500567549,1.8642899509067248,6.520299862311438,5.053129341102286,4.75002225442086,-1.0531293411022857,0.53470715835141,1,-0.8198037466547731,0.40830449826989634,-0.0029838027290033146,53.272150804228204,30.63332387102879,238,498,540,981,0.2948690716205838,0.22541604135157345,0.6933692054268765,4,2.753787878787879,1.193771626297578,1.0680507497116494
