randomization,name,type,l1,l2,l3,ipr1,ipr2,ipr3,l1_cm,l1_er,l1_reg,l2_mp,l3_mp,l1_lap,l2_lap,l3_lap,alg_conn,clustering_c,clustering_r,deg_assort,Q,N.olap,N.temp,N.nodf,H2,H3,H4,H17,cent_between,cent_close,cent_eigen,diam,mean_path_length,deg_het_row,deg_het_col
erdos-renyi,Washington_DC_crimes_2016-08-14,crimes,5.03191,3.719093,3.05949,0.06480128832223335,0.10191579318085328,0.13268141517336438,5.0545412350453915,5.12770253947451,3.3513513513513513,3.5491761252559333,2.0425322561115546,7.031909738942561,5.71909319370606,5.059490084869295,-1.7190931937060596,0.5982045701849836,0.9104859335038363,-0.8745125925925924,0.40972944849115484,0.004951247895922779,51.437545600413166,28.899305555555554,351,797,999,2221,0.28896838506763023,0.19699609941607718,0.6660191949829471,4,2.7237237237237237,1.1612903225806452,1.064516129032258
