randomization,name,type,l1,l2,l3,ipr1,ipr2,ipr3,l1_cm,l1_er,l1_reg,l2_mp,l3_mp,l1_lap,l2_lap,l3_lap,alg_conn,clustering_c,clustering_r,deg_assort,Q,N.olap,N.temp,N.nodf,H2,H3,H4,H17,cent_between,cent_close,cent_eigen,diam,mean_path_length,deg_het_row,deg_het_col
configuration,Abrego2017_Putxerri,biogeography,5.60094,4.250145,3.810434,0.20421318261113208,0.19037508541383721,0.22791386129686936,4.896025550489132,3.0669528284588985,2.335570469798658,3.0128553122527615,2.1775497855903727,7.600940280301796,6.250145321767592,5.810433784831765,-2.250145321767605,0.14345991561181434,0.1841510983370971,-0.3177650000624092,0.6561302681992349,0.0735258393391734,3.2076719105837395,8.66998156344811,944,1610,5076,27528,0.5463980495816546,0.24744146299393704,0.9497070458175135,13,5.004171957192091,2.7986523979389615,1.3404016382613293
