randomization,name,type,l1,l2,l3,ipr1,ipr2,ipr3,l1_cm,l1_er,l1_reg,l2_mp,l3_mp,l1_lap,l2_lap,l3_lap,alg_conn,clustering_c,clustering_r,deg_assort,Q,N.olap,N.temp,N.nodf,H2,H3,H4,H17,cent_between,cent_close,cent_eigen,diam,mean_path_length,deg_het_row,deg_het_col
configuration,Abrego2017_Irati,biogeography,7.00026,5.695427,5.353012,0.11278203122749957,0.0916831025561491,0.12453308404674722,6.332824905228063,3.7042510170565883,2.3583815028901736,3.4825426473093826,2.5165003723701296,9.000259828097747,7.695426768988765,7.353011546981156,-3.695426768988749,0.36530172413793105,0.2218584170712431,-0.4914508212017454,0.6521289888504422,0.13175102642793238,4.278582867913457,11.838088782071033,2306,3088,23506,197214,0.47252912054816354,0.26477740522187976,0.9250729287831464,10,4.247748353273289,3.136678200692042,1.2473567858515957
