randomization,name,type,l1,l2,l3,ipr1,ipr2,ipr3,l1_cm,l1_er,l1_reg,l2_mp,l3_mp,l1_lap,l2_lap,l3_lap,alg_conn,clustering_c,clustering_r,deg_assort,Q,N.olap,N.temp,N.nodf,H2,H3,H4,H17,cent_between,cent_close,cent_eigen,diam,mean_path_length,deg_het_row,deg_het_col
configuration,Abrego2017_Baztan_zatia_2,biogeography,13.570816,4.046188,3.615691,0.25087769438944285,0.2463575144871368,0.26425174176989563,12.849027421129362,4.672111763609097,2.0404858299595143,3.1021639830537944,2.246248798222372,15.57081645238164,6.046188151739542,5.615690632685902,-2.046188151739565,0.19047619047619047,0.12221396731054977,-0.6063845059981368,0.42537477954144726,0.596504762986517,6.25405812551206,8.704990691098219,17144,3317,1022383,46220342,0.974926215049441,0.6309407402938048,0.9481357669502729,8,2.865935946808861,7.603174603174604,1.115394305870496
