randomization,name,type,l1,l2,l3,ipr1,ipr2,ipr3,l1_cm,l1_er,l1_reg,l2_mp,l3_mp,l1_lap,l2_lap,l3_lap,alg_conn,clustering_c,clustering_r,deg_assort,Q,N.olap,N.temp,N.nodf,H2,H3,H4,H17,cent_between,cent_close,cent_eigen,diam,mean_path_length,deg_het_row,deg_het_col
configuration,ORNIS-ChannelIslands,biogeography,25.77486,10.730406,10.302955,0.04091664091967833,0.10112929552459764,0.11110217189517323,26.382707132541167,21.61683865561219,4.968,9.314402508178322,7.142581511358806,27.774859928054187,12.730406305435324,12.302955321219844,-8.730406305435325,1,0.8112078290353064,-0.8599888423869918,NA,0.16049074360571952,34.391813687104566,44.29483430863938,109431,617213,6675420,323744225,0.29533836525464996,0.2851321602553088,0.9156335316231279,4,2.838589178356713,1.1222043299337985,1.5826273658661814
