randomization,name,type,l1,l2,l3,ipr1,ipr2,ipr3,l1_cm,l1_er,l1_reg,l2_mp,l3_mp,l1_lap,l2_lap,l3_lap,alg_conn,clustering_c,clustering_r,deg_assort,Q,N.olap,N.temp,N.nodf,H2,H3,H4,H17,cent_between,cent_close,cent_eigen,diam,mean_path_length,deg_het_row,deg_het_col
configuration,ORNIS-CanaryIslands,biogeography,10.970788,5.609708,4.361309,0.0764819075237738,0.10448119135838645,0.08515036540491248,12.150086398935688,8.429761869896872,4,3.6471988973543588,2.3893585147449876,12.970788274850742,7.6097080430191415,6.361309125482322,-3.6097080430191255,1,0.8346823672878321,-0.6112938263135473,NA,0.5084166603205336,17.491612132977146,50.13960601044438,4641,17519,78167,1162623,0.6444160022376596,0.47300239253650017,0.8621709704449226,4,2.5735849056603772,1.5959416162335351,1.6135635457458168
