randomization,name,type,l1,l2,l3,ipr1,ipr2,ipr3,l1_cm,l1_er,l1_reg,l2_mp,l3_mp,l1_lap,l2_lap,l3_lap,alg_conn,clustering_c,clustering_r,deg_assort,Q,N.olap,N.temp,N.nodf,H2,H3,H4,H17,cent_between,cent_close,cent_eigen,diam,mean_path_length,deg_het_row,deg_het_col
configuration,ORNIS-HawaiianIslands,biogeography,17.807471,8.864948,8.428186,0.06304810018085855,0.1253537712735547,0.07909188223299553,18.778415062492037,13.012434989588314,3.7450980392156863,6.108407689943248,4.468550182100042,19.80747057552695,10.86494794012663,10.428185854581427,-6.864947940126653,0.9982094590741649,0.7534872274253935,-0.8005373398892821,NA,0.41477955794146776,17.617348765743298,43.35261270012944,33660,119383,1421496,47610148,0.44257712017256473,0.28610856318697014,0.9080854995769663,5,2.834072645451623,1.6259544542212232,1.5747314431561026
