randomization,name,type,l1,l2,l3,ipr1,ipr2,ipr3,l1_cm,l1_er,l1_reg,l2_mp,l3_mp,l1_lap,l2_lap,l3_lap,alg_conn,clustering_c,clustering_r,deg_assort,Q,N.olap,N.temp,N.nodf,H2,H3,H4,H17,cent_between,cent_close,cent_eigen,diam,mean_path_length,deg_het_row,deg_het_col
configuration,Patterson1986,biogeography,13.699365,5.437094,2.878363,0.034433597569821034,0.03080614529241643,0.058226738012111375,15.053559221885441,10.83718813022184,10.26923076923077,2.4927696907776413,1.544308518370571,15.69936475763373,7.437093566423494,4.8783626979470025,-3.4370935664234823,1,0.9884747922277242,-0.5070745972233233,NA,0.8161801129873655,3.809599501638581,88.9071407542472,3753,45208,21293,98297,0.15112658676664853,0.38562395585811965,0.49520720156574805,4,2.1085972850678734,1.4934982956697382,1.4387913983924585
