randomization,name,type,l1,l2,l3,ipr1,ipr2,ipr3,l1_cm,l1_er,l1_reg,l2_mp,l3_mp,l1_lap,l2_lap,l3_lap,alg_conn,clustering_c,clustering_r,deg_assort,Q,N.olap,N.temp,N.nodf,H2,H3,H4,H17,cent_between,cent_close,cent_eigen,diam,mean_path_length,deg_het_row,deg_het_col
empirical,American_Naturalist-2008,authorship,52.531124,19.504687,17.980526,0.009793096117061717,0.007384978384561653,0.006857186429693699,55.71265776201569,21.447224938554186,19.888324873096447,7.54492424914314,6.442281065616528,54.531123766651895,21.504686906554355,19.980525845133847,-17.50468690655442,NA,NA,-0.18019137168978452,0.27379550684715714,0.11759223940477187,3.4180385637731385,17.348436632857968,579613,26508391,25649861,1393807597,0.2002676263591295,0.5538123691698258,0.9134097671882047,4,2.9984235070777103,1.4217474771873952,5.188954006338724
