randomization,name,type,l1,l2,l3,ipr1,ipr2,ipr3,l1_cm,l1_er,l1_reg,l2_mp,l3_mp,l1_lap,l2_lap,l3_lap,alg_conn,clustering_c,clustering_r,deg_assort,Q,N.olap,N.temp,N.nodf,H2,H3,H4,H17,cent_between,cent_close,cent_eigen,diam,mean_path_length,deg_het_row,deg_het_col
empirical,Ecography-2007,authorship,34.485341,13.56743,11.933068,0.010652630575452487,0.025626097912691836,0.010842693827861308,36.687927088664175,15.923425819136202,12.741808650065531,6.844426210807687,5.722891441925157,36.485340940813245,15.56742958185271,13.933068283212723,-11.567429581852732,NA,NA,-0.14631706166779057,0.2894055680935551,0.06977673447798619,4.78883096182809,13.130814178802694,174617,5520712,3745574,91651725,0.21061393223730876,0.5007351835486878,0.9074020621522018,4,3.19328661898914,1.546266648965495,3.9101174341827254
