randomization,name,type,l1,l2,l3,ipr1,ipr2,ipr3,l1_cm,l1_er,l1_reg,l2_mp,l3_mp,l1_lap,l2_lap,l3_lap,alg_conn,clustering_c,clustering_r,deg_assort,Q,N.olap,N.temp,N.nodf,H2,H3,H4,H17,cent_between,cent_close,cent_eigen,diam,mean_path_length,deg_het_row,deg_het_col
empirical,Ecography-2010,authorship,43.475168,16.505835,14.940742,0.00997263460793845,0.007810780030946806,0.009178369416207637,46.130134903914,19.040824555205386,16.65625,7.340573209038912,6.220476535991653,45.47516777563989,18.505835235110528,16.940741865685062,-14.505835235110533,NA,NA,-0.11352793886520657,0.27883579616555987,0.0828285687563247,4.171720574130055,14.15244288943651,340292,13766941,10202040,386359093,0.18735213568496964,0.5236410359996952,0.9120651795795595,4,3.0940343176376697,1.4680074748061491,4.43681826929632
