randomization,name,type,l1,l2,l3,ipr1,ipr2,ipr3,l1_cm,l1_er,l1_reg,l2_mp,l3_mp,l1_lap,l2_lap,l3_lap,alg_conn,clustering_c,clustering_r,deg_assort,Q,N.olap,N.temp,N.nodf,H2,H3,H4,H17,cent_between,cent_close,cent_eigen,diam,mean_path_length,deg_het_row,deg_het_col
empirical,Ecology-2016,authorship,51.977534,21.77976,17.126339,0.011820423765898914,0.0071010371247354764,0.006352412413063483,57.15639124816973,21.019611646538067,20.019386106623585,7.7010362942662685,6.662315461842006,53.977533748834986,23.77975983151527,19.126339408052367,-19.779759831515168,NA,NA,-0.1432697448882723,NA,NA,NA,NA,773787,33284374,50823291,4911761079,0.3071157008885262,0.5793759049976634,0.9334908344687205,6,2.88757259668566,1.6372312818907722,4.940834074316883
