randomization,name,type,l1,l2,l3,ipr1,ipr2,ipr3,l1_cm,l1_er,l1_reg,l2_mp,l3_mp,l1_lap,l2_lap,l3_lap,alg_conn,clustering_c,clustering_r,deg_assort,Q,N.olap,N.temp,N.nodf,H2,H3,H4,H17,cent_between,cent_close,cent_eigen,diam,mean_path_length,deg_het_row,deg_het_col
empirical,Ecology_Letters-2013,authorship,63.443683,23.567486,21.101172,0.01082518386019039,0.0067064229594507125,0.010808686900620475,68.51486420333659,24.781935134247842,23.849246231155778,8.274244690055239,7.2025164871001905,65.44368305125977,25.56748645046853,23.10117155869204,-21.567486450468582,NA,NA,-0.18461116994006477,NA,NA,NA,NA,1372493,66264230,122457088,14621128005,0.27931555901622673,0.6121585627287054,0.932582499995553,5,2.793142642605474,1.5292815841283376,5.3940838470565735
