randomization,name,type,l1,l2,l3,ipr1,ipr2,ipr3,l1_cm,l1_er,l1_reg,l2_mp,l3_mp,l1_lap,l2_lap,l3_lap,alg_conn,clustering_c,clustering_r,deg_assort,Q,N.olap,N.temp,N.nodf,H2,H3,H4,H17,cent_between,cent_close,cent_eigen,diam,mean_path_length,deg_het_row,deg_het_col
empirical,Ecology-2009,authorship,51.24503,20.401431,17.985132,0.011317608635335933,0.007071871597867149,0.00732040439591549,54.15257390606984,21.7316888150431,20.406840684068406,7.891219770956555,6.785972788005191,53.245029660814026,22.401430717040697,19.985131746007127,-18.401430717040604,NA,NA,-0.1463725371036013,NA,NA,NA,NA,658665,28915601,33842332,2393131635,0.24083450464451203,0.5625172162520622,0.9260370916517353,6,2.95982354992256,1.3999379447768279,4.841738061093019
