randomization,name,type,l1,l2,l3,ipr1,ipr2,ipr3,l1_cm,l1_er,l1_reg,l2_mp,l3_mp,l1_lap,l2_lap,l3_lap,alg_conn,clustering_c,clustering_r,deg_assort,Q,N.olap,N.temp,N.nodf,H2,H3,H4,H17,cent_between,cent_close,cent_eigen,diam,mean_path_length,deg_het_row,deg_het_col
empirical,Ecological_Monographs-2015,authorship,25.13364,12.150613,10.337602,0.014297651063037414,0.051978463225427866,0.014346258440676015,27.429539996126312,12.884385238079929,8.536585365853659,6.337477445858827,5.178933296475708,27.133640010574872,14.150612900571915,12.337602026436532,-10.150612900571943,NA,NA,-0.3477891146783584,0.3372666485260708,0.08210072683420458,5.019275289176451,14.17921749631084,77382,1558296,1427376,27913860,0.17721027494254177,0.4714768623628963,0.8979801041592219,5,3.3181854294112973,1.5839571882086168,3.4053514739229023
