randomization,name,type,l1,l2,l3,ipr1,ipr2,ipr3,l1_cm,l1_er,l1_reg,l2_mp,l3_mp,l1_lap,l2_lap,l3_lap,alg_conn,clustering_c,clustering_r,deg_assort,Q,N.olap,N.temp,N.nodf,H2,H3,H4,H17,cent_between,cent_close,cent_eigen,diam,mean_path_length,deg_het_row,deg_het_col
empirical,Ecology_Letters-2008,authorship,56.808257,21.419063,18.503406,0.009392507667655356,0.0063176731121418785,0.009041953678578955,59.44331125050075,23.575204470317015,22.138433515482696,8.059927044691294,6.926613577943141,58.808257054199956,23.41906315115144,20.50340578922427,-19.4190631511514,NA,NA,-0.16298881470112858,NA,NA,NA,NA,774212,38247754,38820035,2480485432,0.19461155561135438,0.5550771745898403,0.9163681571958083,6,2.962163741816147,1.398127870757618,4.930357813577167
