randomization,name,type,l1,l2,l3,ipr1,ipr2,ipr3,l1_cm,l1_er,l1_reg,l2_mp,l3_mp,l1_lap,l2_lap,l3_lap,alg_conn,clustering_c,clustering_r,deg_assort,Q,N.olap,N.temp,N.nodf,H2,H3,H4,H17,cent_between,cent_close,cent_eigen,diam,mean_path_length,deg_het_row,deg_het_col
empirical,Ecological_Monographs-2010,authorship,25.180765,11.416395,9.263926,0.0145578178768616,0.013583073158500375,0.017816332721581125,26.50206657046726,12.343620640902412,8.505747126436782,6.193692785548748,5.0674289061605755,27.180765340286708,13.4163951283005,11.26392615020826,-9.416395128300445,NA,NA,-0.25700508110325837,0.3394526646080485,0.049249955222735724,5.702412870750714,11.464286030370163,69146,1521543,1013121,14314557,0.20819999153712487,0.49150115986567655,0.9066992468302483,4,3.365342234897589,1.4353584472503391,3.8311071689450062
