randomization,name,type,l1,l2,l3,ipr1,ipr2,ipr3,l1_cm,l1_er,l1_reg,l2_mp,l3_mp,l1_lap,l2_lap,l3_lap,alg_conn,clustering_c,clustering_r,deg_assort,Q,N.olap,N.temp,N.nodf,H2,H3,H4,H17,cent_between,cent_close,cent_eigen,diam,mean_path_length,deg_het_row,deg_het_col
empirical,Ecology-2014,authorship,51.387566,20.087068,19.556077,0.01128605368351913,0.0072020473117139,0.00734814708125614,54.92874489009575,21.368713497036758,20.272027373823782,7.823576351749625,6.747991391271638,53.38756604037151,22.08706802028253,21.556077112692506,-18.087068020282608,NA,NA,-0.14083581805454015,NA,NA,NA,NA,707775,30724028,41201441,3507316345,0.2814724317209288,0.5741003692157373,0.9299062049213773,6,2.918584553007488,1.4959035939345382,4.826074974814065
