randomization,name,type,l1,l2,l3,ipr1,ipr2,ipr3,l1_cm,l1_er,l1_reg,l2_mp,l3_mp,l1_lap,l2_lap,l3_lap,alg_conn,clustering_c,clustering_r,deg_assort,Q,N.olap,N.temp,N.nodf,H2,H3,H4,H17,cent_between,cent_close,cent_eigen,diam,mean_path_length,deg_het_row,deg_het_col
empirical,Ecology-2013,authorship,52.346792,20.421669,17.838127,0.011883273183755948,0.007316155309481694,0.007296729017775558,56.48816740597698,21.226705334192292,20.13266162888329,7.735621366124216,6.678164720498805,54.34679224689628,22.421669194717175,19.838126530359418,-18.421669194716966,NA,NA,-0.15335805247157727,NA,NA,NA,NA,747260,32397135,46094447,3984126804,0.26878233023181547,0.5774553257762015,0.9311657053778902,6,2.92546761777759,1.5021400570563614,5.154366006579514
