randomization,name,type,l1,l2,l3,ipr1,ipr2,ipr3,l1_cm,l1_er,l1_reg,l2_mp,l3_mp,l1_lap,l2_lap,l3_lap,alg_conn,clustering_c,clustering_r,deg_assort,Q,N.olap,N.temp,N.nodf,H2,H3,H4,H17,cent_between,cent_close,cent_eigen,diam,mean_path_length,deg_het_row,deg_het_col
empirical,Ecological_Applications-2015,authorship,33.574755,16.385822,13.257781,0.01615825382930737,0.008696334962969,0.008298518446857904,37.28969698615374,14.784752938383097,13.050218340611353,6.6176402386049045,5.617404954995191,35.57475485494164,18.38582192674739,15.257780585736178,-14.385821926747406,NA,NA,-0.10003093509868496,0.33230585069434654,0.08843923832287384,2.771603230027299,12.775033253217403,220053,6654358,7449867,397665343,0.33911286714981814,0.5449889966912529,0.9346686941897171,6,3.1188226310640226,1.6087222591514083,4.508905939669632
