randomization,name,type,l1,l2,l3,ipr1,ipr2,ipr3,l1_cm,l1_er,l1_reg,l2_mp,l3_mp,l1_lap,l2_lap,l3_lap,alg_conn,clustering_c,clustering_r,deg_assort,Q,N.olap,N.temp,N.nodf,H2,H3,H4,H17,cent_between,cent_close,cent_eigen,diam,mean_path_length,deg_het_row,deg_het_col
empirical,Ecology_Letters-2012,authorship,59.14171,26.386395,18.763208,0.010417203805427414,0.006251369344689678,0.006687927327389759,64.22433663559254,24.158844880256208,23.218320610687023,8.231167142121697,7.143566671394566,61.141710464061475,28.386394802025738,20.76320792213148,-24.386394802025745,NA,NA,-0.1595361537006211,NA,NA,NA,NA,1099291,52996276,81415366,8514817483,0.2859299569584745,0.5932739699427396,0.9299659782114209,5,2.8288280197575215,1.5762009135256756,4.8477766813252865
