randomization,name,type,l1,l2,l3,ipr1,ipr2,ipr3,l1_cm,l1_er,l1_reg,l2_mp,l3_mp,l1_lap,l2_lap,l3_lap,alg_conn,clustering_c,clustering_r,deg_assort,Q,N.olap,N.temp,N.nodf,H2,H3,H4,H17,cent_between,cent_close,cent_eigen,diam,mean_path_length,deg_het_row,deg_het_col
empirical,Ecological_Applications-2006,authorship,47.522908,22.223775,18.294217,0.010873760539385952,0.0065868868340266,0.008216255193791006,50.39948028526957,21.65328763046637,20.359929078014183,8.070169680412146,6.946452308035942,49.522907628075224,24.223775057563497,20.294217095724196,-20.22377505756352,NA,NA,-0.09923651442717077,NA,NA,NA,NA,594038,25279842,28355036,2171618367,0.2957483918843719,0.5638101653051173,0.9285394628189466,4,2.937908650971952,1.487852380274855,3.9757617000346483
