randomization,name,type,l1,l2,l3,ipr1,ipr2,ipr3,l1_cm,l1_er,l1_reg,l2_mp,l3_mp,l1_lap,l2_lap,l3_lap,alg_conn,clustering_c,clustering_r,deg_assort,Q,N.olap,N.temp,N.nodf,H2,H3,H4,H17,cent_between,cent_close,cent_eigen,diam,mean_path_length,deg_het_row,deg_het_col
empirical,Ecology_Letters-2009,authorship,54.038071,19.155617,16.827476,0.009760010105842579,0.0082378158030198545,0.009670230671820679,56.02228447645149,22.56987333898274,20.86653771760155,7.9034160192736875,6.766335494799869,56.03807117778619,21.155617092192394,18.827476416365304,-17.155617092192315,NA,NA,-0.16023056087625331,NA,NA,NA,NA,644425,30598311,29044514,1621698505,0.16922069099169973,0.5483842411958051,0.9151205822225352,5,3.0189716156019633,1.3165181578180019,5.096253902185224
