randomization,name,type,l1,l2,l3,ipr1,ipr2,ipr3,l1_cm,l1_er,l1_reg,l2_mp,l3_mp,l1_lap,l2_lap,l3_lap,alg_conn,clustering_c,clustering_r,deg_assort,Q,N.olap,N.temp,N.nodf,H2,H3,H4,H17,cent_between,cent_close,cent_eigen,diam,mean_path_length,deg_het_row,deg_het_col
empirical,Ecology_Letters-2011,authorship,62.618697,24.729973,19.527222,0.009782312421562727,0.0060981089108109714,0.007165121216760007,65.86735559931817,26.372343844989015,25.349514563106798,8.58719338707676,7.431820695753255,64.61869710824185,26.729972766508737,21.527222493667395,-22.729972766508624,NA,NA,-0.1817848746559952,NA,NA,NA,NA,1172476,60070938,79614591,6984594657,0.20872357043742534,0.5822852081939188,0.9220355717434914,5,2.8571230166529094,1.3768919883142758,4.8660068473622795
