randomization,name,type,l1,l2,l3,ipr1,ipr2,ipr3,l1_cm,l1_er,l1_reg,l2_mp,l3_mp,l1_lap,l2_lap,l3_lap,alg_conn,clustering_c,clustering_r,deg_assort,Q,N.olap,N.temp,N.nodf,H2,H3,H4,H17,cent_between,cent_close,cent_eigen,diam,mean_path_length,deg_het_row,deg_het_col
empirical,Ecological_Applications-2014,authorship,46.310626,19.777917,17.00158,0.012875389967260944,0.005839877844202974,0.0067045131560087125,50.75444052761328,19.440339638384554,18.335078534031414,7.495445906582347,6.456871178936537,48.31062604777086,21.777917193674664,19.0015799064666,-17.77791719367464,NA,NA,-0.11929541067426813,NA,NA,NA,NA,563310,22289641,31992897,2794541137,0.32494307931499233,0.5766626427084875,0.9341145569607159,5,2.9278691023266803,1.6161672448537654,4.64886673407985
