randomization,name,type,l1,l2,l3,ipr1,ipr2,ipr3,l1_cm,l1_er,l1_reg,l2_mp,l3_mp,l1_lap,l2_lap,l3_lap,alg_conn,clustering_c,clustering_r,deg_assort,Q,N.olap,N.temp,N.nodf,H2,H3,H4,H17,cent_between,cent_close,cent_eigen,diam,mean_path_length,deg_het_row,deg_het_col
empirical,Journal_Applied_Ecology-2006,authorship,40.75261,16.263204000000002,14.616394,0.010744171349656292,0.007111330602966607,0.009595368796969522,42.50060945183984,18.054228943774206,16.10822060353798,7.353031506458445,6.261509198872557,42.75260979093503,18.263204473747123,16.61639408706682,-14.263204473747168,NA,NA,-0.07998898014422828,0.31888065954900935,0.08290239202277296,4.079653283601668,13.103470136758535,324466,12163784,10418484,508935810,0.28795016836727655,0.5356603071413346,0.9229098639734892,5,3.0759582032604924,1.522070622091354,4.056946697914789
