randomization,name,type,l1,l2,l3,ipr1,ipr2,ipr3,l1_cm,l1_er,l1_reg,l2_mp,l3_mp,l1_lap,l2_lap,l3_lap,alg_conn,clustering_c,clustering_r,deg_assort,Q,N.olap,N.temp,N.nodf,H2,H3,H4,H17,cent_between,cent_close,cent_eigen,diam,mean_path_length,deg_het_row,deg_het_col
empirical,Journal_Ecology-2013,authorship,56.548252,20.27959,17.851809,0.009797524295353377,0.0073784163078407785,0.007757464840283374,60.00200321974586,22.623102113392925,21.622033898305084,7.90040049218084,6.819053023715286,58.548252089934316,22.27959039357443,19.851809348905682,-18.279590393574434,NA,NA,-0.17779558070334328,NA,NA,NA,NA,862615,39934867,53641282,4629168425,0.2667728497474333,0.5868759262873227,0.9258314471910484,6,2.8860137145814466,1.495402797852188,5.112695568282836
