randomization,name,type,l1,l2,l3,ipr1,ipr2,ipr3,l1_cm,l1_er,l1_reg,l2_mp,l3_mp,l1_lap,l2_lap,l3_lap,alg_conn,clustering_c,clustering_r,deg_assort,Q,N.olap,N.temp,N.nodf,H2,H3,H4,H17,cent_between,cent_close,cent_eigen,diam,mean_path_length,deg_het_row,deg_het_col
empirical,Journal_Applied_Ecology-2009,authorship,51.024598,18.688585,16.324158,0.00963120573663848,0.007089399802347918,0.026267792787668724,53.71020495391972,21.27398617919869,19.994599459945995,7.7952850934349165,6.703557367408655,53.02459840868683,20.68858503275306,18.324158105159064,-16.688585032752965,NA,NA,-0.11675780915889837,NA,NA,NA,NA,618030,27821985,30005949,2172564009,0.29248981796530193,0.5613599476558072,0.9227812098156088,5,2.9437484288969435,1.5764372000137576,4.421478286031285
