randomization,name,type,l1,l2,l3,ipr1,ipr2,ipr3,l1_cm,l1_er,l1_reg,l2_mp,l3_mp,l1_lap,l2_lap,l3_lap,alg_conn,clustering_c,clustering_r,deg_assort,Q,N.olap,N.temp,N.nodf,H2,H3,H4,H17,cent_between,cent_close,cent_eigen,diam,mean_path_length,deg_het_row,deg_het_col
empirical,Journal_Ecology-2009,authorship,47.688014,15.791133,14.707336,0.009673466267425416,0.008263873002740797,0.00752156352730616,50.22071521474716,20.19334314523216,18.31135135135135,7.446128137470126,6.330419741570375,49.68801405560653,17.791132706462918,16.707335810177547,-13.791132706462886,NA,NA,-0.1380380914370303,NA,0.0988994806541239,3.7645267949355494,15.506245175023379,432928,18732921,15438091,703320220,0.19528426941531057,0.5345084722082081,0.911773247806463,6,3.043804843804844,1.4426464818361049,4.71896713847134
