randomization,name,type,l1,l2,l3,ipr1,ipr2,ipr3,l1_cm,l1_er,l1_reg,l2_mp,l3_mp,l1_lap,l2_lap,l3_lap,alg_conn,clustering_c,clustering_r,deg_assort,Q,N.olap,N.temp,N.nodf,H2,H3,H4,H17,cent_between,cent_close,cent_eigen,diam,mean_path_length,deg_het_row,deg_het_col
empirical,Journal_Ecology-2016,authorship,50.195916,17.779828,16.365001,0.010462994322553239,0.006837622518427999,0.007700857787747468,55.08067434499778,19.430714081806066,18.357664233576642,7.205740082928522,6.19231814765536,52.195916159586375,19.779827892921944,18.365000741573333,-15.779827892921983,NA,NA,-0.163711157839971,NA,NA,NA,NA,598995,25244485,32907149,2613210071,0.30410039736216704,0.5800056653959677,0.9267371497102265,5,2.925384128253841,1.6826418427802965,5.262925508578745
