randomization,name,type,l1,l2,l3,ipr1,ipr2,ipr3,l1_cm,l1_er,l1_reg,l2_mp,l3_mp,l1_lap,l2_lap,l3_lap,alg_conn,clustering_c,clustering_r,deg_assort,Q,N.olap,N.temp,N.nodf,H2,H3,H4,H17,cent_between,cent_close,cent_eigen,diam,mean_path_length,deg_het_row,deg_het_col
empirical,Oikos-2012,authorship,53.368679,22.615779,17.237987,0.01051416707191272,0.007293735253128634,0.006040684008663582,56.85076142994287,23.01012613531201,21.774869109947645,8.118027773951239,6.994534951169524,55.36867910868049,24.61577920158851,19.2379874433003,-20.615779201588417,NA,NA,-0.1337917464978157,NA,NA,NA,NA,751276,34942277,40475746,3094043338,0.24116476118966165,0.5655953861438123,0.9239423037949673,5,2.9184968411105268,1.4756862268314501,4.492235924889646
