randomization,name,type,l1,l2,l3,ipr1,ipr2,ipr3,l1_cm,l1_er,l1_reg,l2_mp,l3_mp,l1_lap,l2_lap,l3_lap,alg_conn,clustering_c,clustering_r,deg_assort,Q,N.olap,N.temp,N.nodf,H2,H3,H4,H17,cent_between,cent_close,cent_eigen,diam,mean_path_length,deg_het_row,deg_het_col
empirical,Oikos-2013,authorship,51.598281,19.398868,15.94613,0.010885852539949954,0.007978943313786811,0.006915274888975935,55.00435337569612,21.160360184125555,19.875111507582517,7.711589573846458,6.634248548806464,53.59828110640967,21.398867617932858,17.94612986239924,-17.398867617932854,NA,NA,-0.14208709754828855,NA,NA,NA,NA,652644,28940283,34334175,2527009086,0.25493392241182133,0.5663244950604028,0.9255281114745361,4,2.952156875238945,1.5011744759854178,4.924691860408897
