randomization,name,type,l1,l2,l3,ipr1,ipr2,ipr3,l1_cm,l1_er,l1_reg,l2_mp,l3_mp,l1_lap,l2_lap,l3_lap,alg_conn,clustering_c,clustering_r,deg_assort,Q,N.olap,N.temp,N.nodf,H2,H3,H4,H17,cent_between,cent_close,cent_eigen,diam,mean_path_length,deg_het_row,deg_het_col
empirical,Arroyo1982-1,ecologicalinteractions,8.819048,5.851645,5.033195,0.04216782256197018,0.03845285055051792,0.04208650676944716,9.628736566008737,4.767444880590639,4.022598870056497,3.4616512746608117,2.5730989759544958,10.81904801147881,7.851644910689924,7.0331947674102615,-3.851644910689923,0.6051671911301943,0.5193715194908513,-0.21143228447759466,0.4757685267011699,0.11398309214024092,2.937889999307852,15.795807456503464,3086,21278,16517,87541,0.3018974881686413,0.293776536140497,0.8689590137533638,8,3.5812788906009243,2.873200984724151,1.9757606362832973
