randomization,name,type,l1,l2,l3,ipr1,ipr2,ipr3,l1_cm,l1_er,l1_reg,l2_mp,l3_mp,l1_lap,l2_lap,l3_lap,alg_conn,clustering_c,clustering_r,deg_assort,Q,N.olap,N.temp,N.nodf,H2,H3,H4,H17,cent_between,cent_close,cent_eigen,diam,mean_path_length,deg_het_row,deg_het_col
empirical,Arthur1976,ecologicalinteractions,7.324484,2.922731,2.115651,0.07113686413854924,0.1158603756069869,0.13799581179487225,7.135073245381754,6.068160060309762,4.333333333333333,2.9337791855747795,1.6509740438285028,9.32448410969482,4.922730887669079,4.115651124568132,-0.9227308876690727,1,0.6731610082304527,-0.6972329559272569,0.2981551279508033,0.09090255540155173,33.378766713254095,44.47213858220884,568,2813,1822,4656,0.18767763707602153,0.3476550026020338,0.6539453360688046,4,2.6714285714285713,1.1206443129520054,1.5157790927021695
