randomization,name,type,l1,l2,l3,ipr1,ipr2,ipr3,l1_cm,l1_er,l1_reg,l2_mp,l3_mp,l1_lap,l2_lap,l3_lap,alg_conn,clustering_c,clustering_r,deg_assort,Q,N.olap,N.temp,N.nodf,H2,H3,H4,H17,cent_between,cent_close,cent_eigen,diam,mean_path_length,deg_het_row,deg_het_col
empirical,Barrett1987,ecologicalinteractions,8.701615,5.587941,3.952121,0.15287660703365932,0.0650225924052565,0.09903333480284457,9.743852534553547,5.651900184629455,2.9642857142857144,3.3803771140818335,2.2553041167871104,10.701615268491322,7.587941453879832,5.952121406130546,-3.5879414538798264,0.5570361105766147,0.9525633470830878,-0.5176510350945311,0.47866163448976645,0.37858536774347257,11.776995267627939,31.460065198384033,3027,6214,48932,701895,0.6808415188414542,0.45000225119366566,0.904159783250725,6,2.903957528957529,1.612715923936711,2.3735665553781384
