randomization,name,type,l1,l2,l3,ipr1,ipr2,ipr3,l1_cm,l1_er,l1_reg,l2_mp,l3_mp,l1_lap,l2_lap,l3_lap,alg_conn,clustering_c,clustering_r,deg_assort,Q,N.olap,N.temp,N.nodf,H2,H3,H4,H17,cent_between,cent_close,cent_eigen,diam,mean_path_length,deg_het_row,deg_het_col
empirical,Bartomeus-BAT1CA,ecologicalinteractions,3.948948,3.085685,2.401249,0.11202719577908746,0.0976864081513962,0.1593038195141558,4.264782016817452,3.279306974162218,2.533333333333333,2.4549689539327586,1.3362021481507207,5.948948240373246,5.085684853228541,4.401248686659378,-1.08568485322855,0.7122302158273381,0.11342155009451796,-0.5822579802518156,0.5221606648199445,0.2087193636190748,17.272008087271946,26.29887727448703,145,260,304,557,0.4957169550340946,0.31775242202281045,0.7535218332265029,6,3.027586206896552,1.6703601108033241,1.425207756232687
