randomization,name,type,l1,l2,l3,ipr1,ipr2,ipr3,l1_cm,l1_er,l1_reg,l2_mp,l3_mp,l1_lap,l2_lap,l3_lap,alg_conn,clustering_c,clustering_r,deg_assort,Q,N.olap,N.temp,N.nodf,H2,H3,H4,H17,cent_between,cent_close,cent_eigen,diam,mean_path_length,deg_het_row,deg_het_col
empirical,Bartomeus-FRA1OP,ecologicalinteractions,3.592009,2.393827,2.002162,0.1313599925144777,0.15001192490557758,0.14185093381788502,3.633595716731219,3.035088912352051,2.25,2.3919085461818845,1.2166278227901577,5.592008722432045,4.393827372191196,4.002162129871469,-0.39382737219120223,0.6,0.041237113402061855,-0.5854582544076933,0.5048010973936901,0.18956207482993198,29.437854871848575,31.820436507936513,88,138,151,198,0.45870424471558685,0.318458563805142,0.7400701813626799,6,2.949275362318841,1.440329218106996,1.3580246913580245
