randomization,name,type,l1,l2,l3,ipr1,ipr2,ipr3,l1_cm,l1_er,l1_reg,l2_mp,l3_mp,l1_lap,l2_lap,l3_lap,alg_conn,clustering_c,clustering_r,deg_assort,Q,N.olap,N.temp,N.nodf,H2,H3,H4,H17,cent_between,cent_close,cent_eigen,diam,mean_path_length,deg_het_row,deg_het_col
empirical,Bartomeus-SEL1OP,ecologicalinteractions,3.566865,2.315642,2.112141,0.13282880654338083,0.08667763258793118,0.12310168400227357,3.5210735839617824,2.8670773787841024,2.24,2.3545169640967183,1.225578882027196,5.5668646616083315,4.3156420073929835,4.112140635491793,-0.31564200739299125,0.5283018867924528,0.044,-0.45837922895358,0.5076530612244897,0.18355626842669526,23.41737844169877,30.5458768873403,83,142,130,163,0.5667773752012883,0.344730054493384,0.754859442733349,7,3.18,1.653061224489796,1.3010204081632653
