randomization,name,type,l1,l2,l3,ipr1,ipr2,ipr3,l1_cm,l1_er,l1_reg,l2_mp,l3_mp,l1_lap,l2_lap,l3_lap,alg_conn,clustering_c,clustering_r,deg_assort,Q,N.olap,N.temp,N.nodf,H2,H3,H4,H17,cent_between,cent_close,cent_eigen,diam,mean_path_length,deg_het_row,deg_het_col
empirical,Bartomeus-MED1CA,ecologicalinteractions,4.132968,2.843341,1.888839,0.09656302706456453,0.09371299805500484,0.12305879207652216,4.368440506822869,3.2897906242483272,2.642857142857143,2.3362180020933057,1.255572203535044,6.132968105485225,4.843340752127558,3.888839127933645,-0.8433407521275444,0.8917748917748918,0.5267558528428093,-0.4443746729461016,0.4718772826880934,0.23997500898124782,20.05885863441907,36.904761904761905,130,342,195,206,0.4563961872603849,0.408237478169463,0.7049949618821736,6,2.9894179894179893,1.526661796932067,1.6435354273192115
