randomization,name,type,l1,l2,l3,ipr1,ipr2,ipr3,l1_cm,l1_er,l1_reg,l2_mp,l3_mp,l1_lap,l2_lap,l3_lap,alg_conn,clustering_c,clustering_r,deg_assort,Q,N.olap,N.temp,N.nodf,H2,H3,H4,H17,cent_between,cent_close,cent_eigen,diam,mean_path_length,deg_het_row,deg_het_col
empirical,belay19,ecologicalinteractions,17.355682,8.702386,7.121168,0.021932309277966085,0.021461592245681,0.022758844297869667,18.774886830336516,7.641337649489995,5.654822335025381,4.505207231087918,3.5779421089191206,19.35568191862848,10.702386114045273,9.121168309578753,-6.702386114045271,0.6797390975939124,0.9202043187589248,-0.2904621892560938,0.4161866758635783,0.0884027944441828,2.519999787357732,12.935135214959992,20582,293813,219111,2079687,0.14543589304891458,0.3537095299773664,0.8872758970963308,8,3.561036411309593,3.914629861820667,1.9696243984670376
