randomization,name,type,l1,l2,l3,ipr1,ipr2,ipr3,l1_cm,l1_er,l1_reg,l2_mp,l3_mp,l1_lap,l2_lap,l3_lap,alg_conn,clustering_c,clustering_r,deg_assort,Q,N.olap,N.temp,N.nodf,H2,H3,H4,H17,cent_between,cent_close,cent_eigen,diam,mean_path_length,deg_het_row,deg_het_col
empirical,belay29,ecologicalinteractions,11.63028,6.144749,5.176236,0.058598360317690244,0.04153048586661206,0.06199952774790514,12.260694998540671,5.094834254315296,3.790262172284644,3.623937400074911,2.782435637504097,13.630280366479974,8.1447494336841,7.176236443315784,-4.144749433684102,0.48458212874307083,0.8053302145907536,-0.16846538844650766,0.5493211892077703,0.05476510894135754,3.456573798968643,9.311411655253236,5761,50574,49657,448751,0.49364335528872416,0.4177300537717973,0.9250828109041952,10,3.8763763340936612,5.560335265353309,1.428861566342233
