randomization,name,type,l1,l2,l3,ipr1,ipr2,ipr3,l1_cm,l1_er,l1_reg,l2_mp,l3_mp,l1_lap,l2_lap,l3_lap,alg_conn,clustering_c,clustering_r,deg_assort,Q,N.olap,N.temp,N.nodf,H2,H3,H4,H17,cent_between,cent_close,cent_eigen,diam,mean_path_length,deg_het_row,deg_het_col
empirical,belay23,ecologicalinteractions,3.982258,2.691128,2.488257,0.10392594224621211,0.11108880784505012,0.12937239804296688,4.141175965144576,3.0647127000009413,2.3,2.6169240908892784,1.5177382706310265,5.982258066261705,4.691127866199696,4.4882566165079805,-0.6911278661996969,0.23493975903614459,0.37438423645320196,-0.31777601988925297,0.5642722117202268,0.07966461894336081,24.501825109055286,17.188306993079227,152,380,245,286,0.48893271970195057,0.37633870599467967,0.7759548408558341,6,3.291025641025641,1.9735349716446122,1.3100189035916827
