randomization,name,type,l1,l2,l3,ipr1,ipr2,ipr3,l1_cm,l1_er,l1_reg,l2_mp,l3_mp,l1_lap,l2_lap,l3_lap,alg_conn,clustering_c,clustering_r,deg_assort,Q,N.olap,N.temp,N.nodf,H2,H3,H4,H17,cent_between,cent_close,cent_eigen,diam,mean_path_length,deg_het_row,deg_het_col
empirical,belay25,ecologicalinteractions,11.419532,4.704776,4.214178,0.04106155393394776,0.04403949265592912,0.04985169121724082,12.343586456304807,7.997626601925495,6.861111111111111,3.389869378855519,2.2296570059902336,13.419531740667173,6.704775735206856,6.214178081025385,-2.704775735206875,0.9247075257551947,0.8048102966580648,-0.3694399635933673,0.30888885246439085,0.4815837844882193,11.2735255119143,59.48226354729391,3041,27133,20766,150926,0.466589085369905,0.5405853242391894,0.7457633311211282,5,2.445226917057903,1.7777049287809996,1.61838417282696
