randomization,name,type,l1,l2,l3,ipr1,ipr2,ipr3,l1_cm,l1_er,l1_reg,l2_mp,l3_mp,l1_lap,l2_lap,l3_lap,alg_conn,clustering_c,clustering_r,deg_assort,Q,N.olap,N.temp,N.nodf,H2,H3,H4,H17,cent_between,cent_close,cent_eigen,diam,mean_path_length,deg_het_row,deg_het_col
empirical,belay12,ecologicalinteractions,9.012776,6.799544,5.203396,0.0406012852069017,0.047373718944101514,0.043970969474837064,8.905871506807252,5.557077997996127,3.6113744075829386,4.207829275647496,3.1250906445710087,11.012775631606164,8.7995441298536,7.203396017056451,-4.799544129853602,0.4966138548043099,0.7842768588971474,-0.4553309121366279,0.5484668747115292,0.052721867574126356,7.660577370178839,11.014774760406125,3721,20497,22472,129832,0.2179783709077877,0.28031691508925743,0.8907478590307761,8,3.760505529225908,2.166387666108666,1.5889391778783557
