randomization,name,type,l1,l2,l3,ipr1,ipr2,ipr3,l1_cm,l1_er,l1_reg,l2_mp,l3_mp,l1_lap,l2_lap,l3_lap,alg_conn,clustering_c,clustering_r,deg_assort,Q,N.olap,N.temp,N.nodf,H2,H3,H4,H17,cent_between,cent_close,cent_eigen,diam,mean_path_length,deg_het_row,deg_het_col
empirical,belay27,ecologicalinteractions,8.694763,3.135307,3.002815,0.047520121899884936,0.06453783569488858,0.07537160503934368,8.655879067098988,6.4725280230688496,4.981132075471698,3.289865030486971,2.033845439174258,10.694763019834635,5.135306871170916,5.0028151017971005,-1.1353068711709118,0.8119903795389218,1,-0.23581580919836628,0.287878787878788,0.059552024414027634,37.81446039193659,36.25005465914557,1031,7669,2883,5654,0.12087563481718412,0.35595958694679786,0.6438450450538904,4,2.856313497822932,2.1717171717171717,1.0296143250688707
