randomization,name,type,l1,l2,l3,ipr1,ipr2,ipr3,l1_cm,l1_er,l1_reg,l2_mp,l3_mp,l1_lap,l2_lap,l3_lap,alg_conn,clustering_c,clustering_r,deg_assort,Q,N.olap,N.temp,N.nodf,H2,H3,H4,H17,cent_between,cent_close,cent_eigen,diam,mean_path_length,deg_het_row,deg_het_col
empirical,belay15,ecologicalinteractions,3.770477,2.159434,1.682588,0.1109344462248937,0.1466309633831151,0.12472726407086544,3.833826398269881,3.209831567342903,2.4761904761904763,2.2404696544592837,1.0999545756240734,5.770476583051322,4.159433605720548,3.682587561215734,-0.1594336057205554,0.5491329479768786,0.6041666666666666,-0.5442659693686962,0.40384615384615385,0.21449074074074076,26.526587556750346,36.75,79,184,88,57,0.25931578947368417,0.29014774156612255,0.5937592086758156,6,2.8476190476190477,1.5976331360946743,1.2248520710059174
