randomization,name,type,l1,l2,l3,ipr1,ipr2,ipr3,l1_cm,l1_er,l1_reg,l2_mp,l3_mp,l1_lap,l2_lap,l3_lap,alg_conn,clustering_c,clustering_r,deg_assort,Q,N.olap,N.temp,N.nodf,H2,H3,H4,H17,cent_between,cent_close,cent_eigen,diam,mean_path_length,deg_het_row,deg_het_col
empirical,belay11,ecologicalinteractions,7.400057,5.826162,4.043094,0.05522545342311052,0.10258916195247311,0.073068737705215,7.735986745094848,4.3237486195751735,3.1666666666666665,3.4090325862639324,2.4435971461184667,9.400057079555726,7.826161664968539,6.043094183596757,-3.826161664968559,0.4350103544889755,0.7037440930570702,-0.3059070662813081,0.564327485380119,0.108463200144913,5.36759303533016,13.442313599148804,1809,7430,11725,82509,0.4313621283154298,0.34302789015109975,0.8715252183772724,9,3.787878787878788,2.1149584487534625,2.1163434903047094
