randomization,name,type,l1,l2,l3,ipr1,ipr2,ipr3,l1_cm,l1_er,l1_reg,l2_mp,l3_mp,l1_lap,l2_lap,l3_lap,alg_conn,clustering_c,clustering_r,deg_assort,Q,N.olap,N.temp,N.nodf,H2,H3,H4,H17,cent_between,cent_close,cent_eigen,diam,mean_path_length,deg_het_row,deg_het_col
empirical,belay16,ecologicalinteractions,5.783092,3.39894,3.238805,0.08268018697219369,0.21440003968862925,0.09155209230024937,5.441688999443708,3.477997990129144,2.704225352112676,2.8749971681925595,1.8728137591666647,7.783091514338401,5.398940347006181,5.238805449996029,-1.3989403470061783,0.6746439873417721,0.5901826484018264,-0.36163314928321794,0.5597873263888885,0.11230297668031836,6.78476787908687,16.26805972207855,481,1592,1397,3600,0.3773045166349734,0.2615018920650388,0.852709025485821,9,4.237424547283702,1.7291666666666667,2.051432291666667
