randomization,name,type,l1,l2,l3,ipr1,ipr2,ipr3,l1_cm,l1_er,l1_reg,l2_mp,l3_mp,l1_lap,l2_lap,l3_lap,alg_conn,clustering_c,clustering_r,deg_assort,Q,N.olap,N.temp,N.nodf,H2,H3,H4,H17,cent_between,cent_close,cent_eigen,diam,mean_path_length,deg_het_row,deg_het_col
empirical,bodner20096,ecologicalinteractions,2.522223,2.05624,1.805296,0.1763410153303408,0.23255729824038332,0.15014339513121644,2.5531389540169016,2.3190036174568114,1.894736842105263,2.2009945795160255,1.072239387932132,4.522223150243163,4.056239949347393,3.805296078379378,-0.05623994934739196,0,0,-0.386986301369863,0.5740740740740742,-0.019767783656672557,26.76434745970723,22.016460905349792,28,31,16,6,0.6441539578794481,0.317656806052269,0.7725603515886768,8,3.847953216374269,1.2222222222222223,1.4814814814814814
