randomization,name,type,l1,l2,l3,ipr1,ipr2,ipr3,l1_cm,l1_er,l1_reg,l2_mp,l3_mp,l1_lap,l2_lap,l3_lap,alg_conn,clustering_c,clustering_r,deg_assort,Q,N.olap,N.temp,N.nodf,H2,H3,H4,H17,cent_between,cent_close,cent_eigen,diam,mean_path_length,deg_het_row,deg_het_col
empirical,Brosi2017_Past.Rustlers.2013_Manipulation,ecologicalinteractions,4.845309,2.116801,1.942355,0.09675010917271834,0.11489947626008125,0.11634859748602083,5.232714421706774,4.023205784525617,3.3636363636363638,1.9253962848745583,0.9538885958370278,6.845308794732279,4.116800925250433,3.942354588937277,-0.11680092525042328,0.9245283018867925,0.9144736842105263,-0.454705127339053,0.32432432432432434,0.5844392302375495,16.987675436698403,63.24929971988796,164,545,321,557,0.5215360527605425,0.4656110912352332,0.6483960665687716,5,2.346320346320346,1.4901387874360847,1.5032870708546384
