randomization,name,type,l1,l2,l3,ipr1,ipr2,ipr3,l1_cm,l1_er,l1_reg,l2_mp,l3_mp,l1_lap,l2_lap,l3_lap,alg_conn,clustering_c,clustering_r,deg_assort,Q,N.olap,N.temp,N.nodf,H2,H3,H4,H17,cent_between,cent_close,cent_eigen,diam,mean_path_length,deg_het_row,deg_het_col
empirical,Brosi2017_Gothic.Town.2014_Manipulation,ecologicalinteractions,4.582995,2.2698,2.190408,0.09132424643665354,0.16652096374174097,0.11605565423192216,4.807401700618652,3.928738541850886,3.272727272727273,2.228792740482551,1.1223048907256032,6.582995438426005,4.269800301520247,4.1904083943661785,-0.26980030152025203,0.9368686868686869,0.7933194154488518,-0.5539568345323742,0.3395061728395061,0.3834753170887625,15.66894475207321,55.19007603041216,145,445,230,266,0.31196900982615267,0.29326550507145205,0.5281745236996838,5,2.4761904761904763,1.4444444444444444,1.3827160493827158
