randomization,name,type,l1,l2,l3,ipr1,ipr2,ipr3,l1_cm,l1_er,l1_reg,l2_mp,l3_mp,l1_lap,l2_lap,l3_lap,alg_conn,clustering_c,clustering_r,deg_assort,Q,N.olap,N.temp,N.nodf,H2,H3,H4,H17,cent_between,cent_close,cent_eigen,diam,mean_path_length,deg_het_row,deg_het_col
empirical,Brosi2017_Judd.Falls.TH.2013_Manipulation,ecologicalinteractions,3.980619,2.297854,1.559521,0.11081231042132414,0.20696053791399277,0.16816273827644665,4.256447690125595,3.314285714285714,2.8,1.9882306768807774,0.9698481759414359,5.980618609902466,4.297853903813471,3.5595209045396223,-0.29785390381346716,0.8773006134969326,0.6587677725118484,-0.5065989847715732,0.36862244897959184,0.18536155202821866,15.002086108170435,50.81481481481481,92,231,117,107,0.31611924548212633,0.2969353081339854,0.6427511516230473,5,2.6526315789473682,1.3520408163265307,1.709183673469388
