randomization,name,type,l1,l2,l3,ipr1,ipr2,ipr3,l1_cm,l1_er,l1_reg,l2_mp,l3_mp,l1_lap,l2_lap,l3_lap,alg_conn,clustering_c,clustering_r,deg_assort,Q,N.olap,N.temp,N.nodf,H2,H3,H4,H17,cent_between,cent_close,cent_eigen,diam,mean_path_length,deg_het_row,deg_het_col
empirical,Brosi2017_Cold.Springs.Ranch.2014_Manipulation,ecologicalinteractions,3.835595,2.377518,1.732051,0.1536313729499076,0.13578907290060938,0.14353984438348527,3.7844893177856207,3.223473575664009,2.4545454545454546,2.3437374405163167,1.1692734918883803,5.835594997003643,4.3775177176825695,3.7320508075688723,-0.3775177176825663,0.3333333333333333,0.6270718232044199,-0.5359363849525945,0.429355281207133,0.24636171784319932,27.718462928266963,36.904761904761905,98,161,207,366,0.6647921390778535,0.44808105016484695,0.7673737290183165,6,2.787878787878788,1.6213991769547327,1.1632373113854595
