randomization,name,type,l1,l2,l3,ipr1,ipr2,ipr3,l1_cm,l1_er,l1_reg,l2_mp,l3_mp,l1_lap,l2_lap,l3_lap,alg_conn,clustering_c,clustering_r,deg_assort,Q,N.olap,N.temp,N.nodf,H2,H3,H4,H17,cent_between,cent_close,cent_eigen,diam,mean_path_length,deg_het_row,deg_het_col
empirical,Brosi2017_Cold.Springs.Ranch.2014_Control,ecologicalinteractions,4.295866,2.206188,1.894622,0.1036231748654402,0.09697400882618189,0.09505187456273208,4.322628957852667,3.6324328558668433,2.8333333333333335,2.4282793009518064,1.2498614594033985,6.295866027392672,4.206187804295809,3.8946218214090735,-0.2061878042958029,0.92018779342723,0.7037037037037037,-0.46751114238798935,0.3866782006920417,0.1914711254480363,29.739719665671323,40.79087048832272,124,335,193,228,0.35654465257489837,0.39110036292657196,0.6738289890044643,5,2.7427536231884058,1.3079584775086508,1.4705882352941178
