randomization,name,type,l1,l2,l3,ipr1,ipr2,ipr3,l1_cm,l1_er,l1_reg,l2_mp,l3_mp,l1_lap,l2_lap,l3_lap,alg_conn,clustering_c,clustering_r,deg_assort,Q,N.olap,N.temp,N.nodf,H2,H3,H4,H17,cent_between,cent_close,cent_eigen,diam,mean_path_length,deg_het_row,deg_het_col
empirical,Brosi2017_Gothic.CG.2014_Manipulation,ecologicalinteractions,4.421238,2.389966,1.724253,0.10155861870758728,0.15327742989433443,0.10900646265726911,5.079209323008727,3.4972516682059402,2.9166666666666665,1.769966818322166,0.8982488646322323,6.421238077558198,4.389965516044612,3.7242528382993596,-0.38996551604461843,1,0.7220338983050848,-0.50266185814872,0.384,0.4606627373171491,11.771531276551277,57.99019607843137,143,417,258,364,0.4352432582025297,0.4835636332535609,0.6814451243223695,4,2.4927536231884058,1.5265306122448978,1.9314285714285715
