randomization,name,type,l1,l2,l3,ipr1,ipr2,ipr3,l1_cm,l1_er,l1_reg,l2_mp,l3_mp,l1_lap,l2_lap,l3_lap,alg_conn,clustering_c,clustering_r,deg_assort,Q,N.olap,N.temp,N.nodf,H2,H3,H4,H17,cent_between,cent_close,cent_eigen,diam,mean_path_length,deg_het_row,deg_het_col
empirical,Brosi2017_Rustlers.2013_Control,ecologicalinteractions,4.834131,2.456483,1.584034,0.09126142993416671,0.1172228087523037,0.128691495940224,5.052319401694844,4.023205784525617,3.3636363636363638,2.1029099062458783,1.0514916541112642,6.834131482099037,4.456483137809776,3.5840342450839606,-0.4564831378097825,0.8983050847457628,0.8322368421052632,-0.5817759863197739,0.32140248356464574,0.4231771496477379,15.966633025655467,61.286514605842335,156,529,241,253,0.2163876441907654,0.23373772799418394,0.574479187857251,5,2.484848484848485,1.408327246165084,1.4828341855368883
