randomization,name,type,l1,l2,l3,ipr1,ipr2,ipr3,l1_cm,l1_er,l1_reg,l2_mp,l3_mp,l1_lap,l2_lap,l3_lap,alg_conn,clustering_c,clustering_r,deg_assort,Q,N.olap,N.temp,N.nodf,H2,H3,H4,H17,cent_between,cent_close,cent_eigen,diam,mean_path_length,deg_het_row,deg_het_col
empirical,Brosi2017_Brush.Creek.Sign.2014_Manipulation,ecologicalinteractions,4.279949,2.461599,1.981786,0.132109190232444,0.11538068727328066,0.08630220853111922,4.3763282709307925,3.6324328558668433,2.8333333333333335,2.390959338130492,1.228041670832054,6.279948511794352,4.461599361913229,3.9817859363133743,-0.4615993619132254,0.8181818181818182,0.7556179775280899,-0.5096192790603487,0.3650519031141869,0.32326662544815415,22.589558890366536,46.63330300272975,142,297,344,757,0.5547788294652016,0.4613756070757117,0.7528025605833794,5,2.539855072463768,1.6349480968858132,1.2058823529411764
