randomization,name,type,l1,l2,l3,ipr1,ipr2,ipr3,l1_cm,l1_er,l1_reg,l2_mp,l3_mp,l1_lap,l2_lap,l3_lap,alg_conn,clustering_c,clustering_r,deg_assort,Q,N.olap,N.temp,N.nodf,H2,H3,H4,H17,cent_between,cent_close,cent_eigen,diam,mean_path_length,deg_het_row,deg_het_col
empirical,Brosi2017_Past.Rustlers.2013_Control,ecologicalinteractions,4.200905,2.076047,1.691571,0.1036963591251006,0.13975243079077684,0.12909980751400027,4.432026302139592,3.627978597098419,3.111111111111111,1.9362518161339362,0.9106712586529986,6.200905494737629,4.076047135034822,3.6915714776239077,-0.07604713503483483,0.8646864686468647,0.8817480719794345,-0.4278305963699227,0.3239795918367346,0.390807784300935,19.521035776557763,64.04109589041096,97,283,121,108,0.3868697478991596,0.29848623333295926,0.5379386657505334,5,2.4052287581699345,1.4285714285714286,1.4030612244897962
