randomization,name,type,l1,l2,l3,ipr1,ipr2,ipr3,l1_cm,l1_er,l1_reg,l2_mp,l3_mp,l1_lap,l2_lap,l3_lap,alg_conn,clustering_c,clustering_r,deg_assort,Q,N.olap,N.temp,N.nodf,H2,H3,H4,H17,cent_between,cent_close,cent_eigen,diam,mean_path_length,deg_het_row,deg_het_col
empirical,Carlo2003-2,ecologicalinteractions,6.800088,3.268301,2.91894,0.06939251465506979,0.1052070367109728,0.10577763240995376,7.687007611012886,4.401475942821117,3.6153846153846154,2.384025046314322,1.4664142059329195,8.800087995197618,5.268300666669692,4.918939926938334,-1.2683006666696761,0.8599316739873109,0.7739281400966184,-0.5731110228926825,0.38626075147125416,0.42845046542614473,7.8798839891519865,46.60490042464292,705,3122,2787,9123,0.2818027393251074,0.2973736830778415,0.756143953122199,5,2.7654600301659125,2.451335445903123,1.7105024898143955
