randomization,name,type,l1,l2,l3,ipr1,ipr2,ipr3,l1_cm,l1_er,l1_reg,l2_mp,l3_mp,l1_lap,l2_lap,l3_lap,alg_conn,clustering_c,clustering_r,deg_assort,Q,N.olap,N.temp,N.nodf,H2,H3,H4,H17,cent_between,cent_close,cent_eigen,diam,mean_path_length,deg_het_row,deg_het_col
empirical,Carlo2003-1,ecologicalinteractions,5.585922,3.012339,2.588589,0.07609932350568548,0.11893187646651528,0.08984423281659826,6.247490845812591,4.0134533826362535,3.317073170731707,2.422022661253667,1.4251243893424066,7.585922480342812,5.012339091131757,4.5885889024599456,-1.012339091131763,0.8177229388670779,0.6059877038225073,-0.4564434845212383,0.3905709342560555,0.34835910451981883,9.603365117898171,44.69679923251352,374,1423,1024,2308,0.30070895907132433,0.3293050915230718,0.7271085344039145,6,2.795121951219512,1.9515570934256055,1.7301038062283736
