randomization,name,type,l1,l2,l3,ipr1,ipr2,ipr3,l1_cm,l1_er,l1_reg,l2_mp,l3_mp,l1_lap,l2_lap,l3_lap,alg_conn,clustering_c,clustering_r,deg_assort,Q,N.olap,N.temp,N.nodf,H2,H3,H4,H17,cent_between,cent_close,cent_eigen,diam,mean_path_length,deg_het_row,deg_het_col
empirical,Carstensen2017_Brazil.Tinkerbell,ecologicalinteractions,6.047348,4.163836,2.961002,0.2089050806462362,0.22825094999144815,0.1795361035841013,6.488479491790775,3.144959342925834,2.311688311688312,2.438416871370339,1.5892985389320948,8.047348416312339,6.163835855652563,4.961002182435876,-2.163835855652571,0.343855421686747,0.39172749391727496,-0.4582766162949726,0.5968943315237983,0.3481422001748362,4.108537278566143,22.457851188254327,820,1147,6906,49525,0.7262533205483346,0.40560469972699337,0.9097341631320481,8,3.408749145591251,1.4895846484029795,4.067668223709127
