randomization,name,type,l1,l2,l3,ipr1,ipr2,ipr3,l1_cm,l1_er,l1_reg,l2_mp,l3_mp,l1_lap,l2_lap,l3_lap,alg_conn,clustering_c,clustering_r,deg_assort,Q,N.olap,N.temp,N.nodf,H2,H3,H4,H17,cent_between,cent_close,cent_eigen,diam,mean_path_length,deg_het_row,deg_het_col
empirical,Carstensen2017_GranCanaria,ecologicalinteractions,6.730446,3.89902,3.358737,0.06177744091511499,0.09194722589261096,0.07339959273403046,6.845517592637617,5.322226241360663,3.5999999999999996,3.474577668692811,2.1714203893137674,8.730446307547547,5.899020473766404,5.358736873558241,-1.89902047376641,0.6444895591647332,0.9704641350210971,-0.6465336134453782,0.3979766803840877,0.1584982551796128,22.406668595445762,32.413668148006565,804,3113,3208,11001,0.3373200359295266,0.27632123564976235,0.7557274594301318,6,2.968926553672316,1.5879629629629635,1.3636831275720165
