randomization,name,type,l1,l2,l3,ipr1,ipr2,ipr3,l1_cm,l1_er,l1_reg,l2_mp,l3_mp,l1_lap,l2_lap,l3_lap,alg_conn,clustering_c,clustering_r,deg_assort,Q,N.olap,N.temp,N.nodf,H2,H3,H4,H17,cent_between,cent_close,cent_eigen,diam,mean_path_length,deg_het_row,deg_het_col
empirical,Carstensen2017_Gomera,ecologicalinteractions,6.64593,3.879275,3.313167,0.0558489768049889,0.07033217436326496,0.06698743338954036,6.636542622374764,4.817575275152074,3.462686567164179,3.366564963897185,2.1569555021526297,8.645929762640806,5.879275162162581,5.313167282453208,-1.879275162162577,0.6025472112428634,0.9012527634487841,-0.5524808934529023,0.4343043995243756,0.13073771488024583,17.52053784106181,26.134238461282486,760,3369,2378,5943,0.23146956599070115,0.3175701278110642,0.7561357406555363,6,3.2148349163274537,1.7699167657550536,1.4424791914387634
