randomization,name,type,l1,l2,l3,ipr1,ipr2,ipr3,l1_cm,l1_er,l1_reg,l2_mp,l3_mp,l1_lap,l2_lap,l3_lap,alg_conn,clustering_c,clustering_r,deg_assort,Q,N.olap,N.temp,N.nodf,H2,H3,H4,H17,cent_between,cent_close,cent_eigen,diam,mean_path_length,deg_het_row,deg_het_col
empirical,Carstensen2017_Brazil.Soizig,ecologicalinteractions,5.745621,4.10579,3.505486,0.12890408619706276,0.11258411487785605,0.07867595123292637,5.918620855625198,3.602193972509762,2.5977011494252875,3.0137816878131374,2.0081658284707835,7.7456208307432455,6.1057902020530985,5.505486143960755,-2.1057902020531007,0.3274583857882221,0.5371263259402121,-0.4406694702379273,0.5815647270733805,0.1765613591094651,5.390203325188228,16.921727038624752,769,1779,4101,20648,0.49025538920278716,0.31300693001344215,0.8919343455868449,7,3.5402298850574714,1.5868118098519852,2.396193907118803
