randomization,name,type,l1,l2,l3,ipr1,ipr2,ipr3,l1_cm,l1_er,l1_reg,l2_mp,l3_mp,l1_lap,l2_lap,l3_lap,alg_conn,clustering_c,clustering_r,deg_assort,Q,N.olap,N.temp,N.nodf,H2,H3,H4,H17,cent_between,cent_close,cent_eigen,diam,mean_path_length,deg_het_row,deg_het_col
empirical,Carstensen2017_Brazil.Paulino,ecologicalinteractions,7.093018,4.669888,4.264834,0.05520194201935106,0.07837279664840797,0.05917103957745326,7.338707471441977,4.544412169783289,3.2336448598130842,3.4261803374384643,2.3545285723694818,9.093017790641731,6.669887944808728,6.264834335409777,-2.669887944808719,0.4869967607589079,0.7833519137866964,-0.5201668740407662,0.4921647900030074,0.15304220614116668,7.840146326805274,20.720390720390718,1429,5470,7517,34024,0.30221542630532977,0.3182449424741912,0.8222492747729131,8,3.4092752600952214,1.7332687360085535,2.068094490293695
