randomization,name,type,l1,l2,l3,ipr1,ipr2,ipr3,l1_cm,l1_er,l1_reg,l2_mp,l3_mp,l1_lap,l2_lap,l3_lap,alg_conn,clustering_c,clustering_r,deg_assort,Q,N.olap,N.temp,N.nodf,H2,H3,H4,H17,cent_between,cent_close,cent_eigen,diam,mean_path_length,deg_het_row,deg_het_col
empirical,Carstensen2017_Brazil.Midway,ecologicalinteractions,6.314394,4.865428,3.334278,0.08056843623186448,0.078086070895442,0.09033076669718829,7.36922736238914,4.068770187757314,3.1842105263157894,2.7995276691937034,1.8405504280029874,8.314393667848579,6.865428198913382,5.334278393469955,-2.8654281989133947,0.5552744987820873,0.7489724016441573,-0.42200040512638054,0.47899733624752394,0.2792188432934751,4.589660862971315,28.287210431405185,923,2943,5276,30143,0.4990660877182228,0.3126858038817835,0.8398085901018639,7,3.1894736842105265,1.779386653917082,2.601461648794481
