randomization,name,type,l1,l2,l3,ipr1,ipr2,ipr3,l1_cm,l1_er,l1_reg,l2_mp,l3_mp,l1_lap,l2_lap,l3_lap,alg_conn,clustering_c,clustering_r,deg_assort,Q,N.olap,N.temp,N.nodf,H2,H3,H4,H17,cent_between,cent_close,cent_eigen,diam,mean_path_length,deg_het_row,deg_het_col
empirical,Carstensen2017_Brazil.Elefante,ecologicalinteractions,6.196319,4.482483,3.945039,0.05613701104217039,0.15700969982537924,0.08886633187843175,6.341468953564639,3.911470522621062,2.981132075471698,3.20242785793845,2.213897468276657,8.196319306999966,6.482483083007019,5.945039443921264,-2.4824830830070215,0.4081132797550708,0.6870528502192477,-0.3743749144243289,0.5275196282647013,0.10880399170276353,5.123517102378827,14.346227332338442,960,3514,3689,13740,0.3020722651789204,0.3310748535023441,0.8144954174692715,8,3.7079964061096136,1.8686909149174815,2.0042461144047428
