randomization,name,type,l1,l2,l3,ipr1,ipr2,ipr3,l1_cm,l1_er,l1_reg,l2_mp,l3_mp,l1_lap,l2_lap,l3_lap,alg_conn,clustering_c,clustering_r,deg_assort,Q,N.olap,N.temp,N.nodf,H2,H3,H4,H17,cent_between,cent_close,cent_eigen,diam,mean_path_length,deg_het_row,deg_het_col
empirical,Caso1995,ecologicalinteractions,3.763564,1.354838,0,0.15750190555130872,0.35115972633906817,0.27383424255051775,3.680607966083864,3.563204817496262,2.909090909090909,1.4580236780921967,0.521799175013011,5.763564002773033,3.354837996599971,2.0000000000000004,0.6451620034000275,0.9459459459459459,0,-0.7395833333333334,0.14201183431952658,0.25806451612903225,13.279446545929552,25.806451612903224,52,98,71,70,0.2722222222222222,0.47784922049627937,0.5587040304807342,4,2.0727272727272728,1.0625,1.1953125
