randomization,name,type,l1,l2,l3,ipr1,ipr2,ipr3,l1_cm,l1_er,l1_reg,l2_mp,l3_mp,l1_lap,l2_lap,l3_lap,alg_conn,clustering_c,clustering_r,deg_assort,Q,N.olap,N.temp,N.nodf,H2,H3,H4,H17,cent_between,cent_close,cent_eigen,diam,mean_path_length,deg_het_row,deg_het_col
empirical,Crome1975,ecologicalinteractions,9.622997,4.362182,3.293461,0.10876169420381833,0.21116073760139628,0.12370912409750881,9.688373958281083,7.120947807463553,3.6202531645569622,3.475501514814729,2.1860286558106914,11.622997135885619,6.362182374162209,5.293461104464233,-2.362182374162231,0.9260722347629797,0.2203599197922043,-0.7080438130842999,0.3330725218837108,0.4938191733814209,21.534442878301743,51.67345750873108,2696,7464,36459,397051,0.4349483695105109,0.395060212987185,0.8435293303646103,6,2.5991561181434597,1.820089001907184,1.2710645997359284
