randomization,name,type,l1,l2,l3,ipr1,ipr2,ipr3,l1_cm,l1_er,l1_reg,l2_mp,l3_mp,l1_lap,l2_lap,l3_lap,alg_conn,clustering_c,clustering_r,deg_assort,Q,N.olap,N.temp,N.nodf,H2,H3,H4,H17,cent_between,cent_close,cent_eigen,diam,mean_path_length,deg_het_row,deg_het_col
empirical,Dicks2002-2,ecologicalinteractions,6.117719,3.161681,3.045119,0.08579639637350314,0.09073633629678413,0.1485704293245383,6.70317385143334,4.2962321043115965,3.36,2.6703554095600475,1.6266761673962626,8.117719298737523,5.161680932873679,5.0451190745197545,-1.161680932873676,0.7505252100840336,0.6738916256157635,-0.4757775119617223,0.41992630385487556,0.30635852558746635,9.969089265018809,38.20538033395176,554,1987,2201,7980,0.39611738335228514,0.32664304339269123,0.7938338279054237,6,2.8759183673469386,1.6765873015873016,1.9940476190476193
