randomization,name,type,l1,l2,l3,ipr1,ipr2,ipr3,l1_cm,l1_er,l1_reg,l2_mp,l3_mp,l1_lap,l2_lap,l3_lap,alg_conn,clustering_c,clustering_r,deg_assort,Q,N.olap,N.temp,N.nodf,H2,H3,H4,H17,cent_between,cent_close,cent_eigen,diam,mean_path_length,deg_het_row,deg_het_col
empirical,Doi2003,ecologicalinteractions,5.732263,1.230882,1.181458,0.08379469570413658,0.1965711024213465,0.1875372307869789,5.764675314489228,5.693784321010052,5.538461538461538,1.3081688584689883,0.520069839193333,7.732262816012345,3.230881833202737,3.1814582640035414,0.7691181667972662,1,0.994131455399061,-0.37014925373134155,0.22222222222222224,0.1111111111111111,2.488287103029883,71.2962962962963,172,808,229,182,0.053941824663749784,0.18053409126446018,0.17337043401727684,3,1.6153846153846154,1.0277777777777777,1.0478395061728394
