randomization,name,type,l1,l2,l3,ipr1,ipr2,ipr3,l1_cm,l1_er,l1_reg,l2_mp,l3_mp,l1_lap,l2_lap,l3_lap,alg_conn,clustering_c,clustering_r,deg_assort,Q,N.olap,N.temp,N.nodf,H2,H3,H4,H17,cent_between,cent_close,cent_eigen,diam,mean_path_length,deg_het_row,deg_het_col
empirical,Dyer2002,ecologicalinteractions,8.66849,6.366859,5.552411,0.04393243503959501,0.04479299996876565,0.031555685001726196,7.426942863739915,3.8123063847866585,3.0618066561014263,3.4662275856315383,2.873327120913279,10.668490448785708,8.366859404605322,7.5524106084410585,-4.3668594046053,0.4466743536206592,0.32954088511483787,-0.10141873761027353,NA,0.01859034834033984,0.8547318769087411,2.900435743145598,6339,36025,30067,154401,0.2861100027508201,0.22278461565243998,0.9557961763774093,13,5.418187306618369,2.2696312299336876,2.4592994097449945
