randomization,name,type,l1,l2,l3,ipr1,ipr2,ipr3,l1_cm,l1_er,l1_reg,l2_mp,l3_mp,l1_lap,l2_lap,l3_lap,alg_conn,clustering_c,clustering_r,deg_assort,Q,N.olap,N.temp,N.nodf,H2,H3,H4,H17,cent_between,cent_close,cent_eigen,diam,mean_path_length,deg_het_row,deg_het_col
empirical,Elberling1999,ecologicalinteractions,7.91212,5.055647,4.63222,0.04585681255358242,0.07722039102480734,0.08413198210128046,8.018428674959251,5.265007934885732,3.408450704225352,3.948277477695864,2.7970099119428555,9.912119580929764,7.055647076783026,6.6322196179158945,-3.0556470767830186,0.483409989386085,0.8071422928024018,-0.5318871329390249,0.4834027730346284,0.08510826035620431,10.218189557005074,15.392706239760146,2193,9658,12295,61483,0.20353582055071084,0.26175235399281516,0.8460131347432971,7,3.58066127260014,1.9423536643671881,1.6007103339935793
