randomization,name,type,l1,l2,l3,ipr1,ipr2,ipr3,l1_cm,l1_er,l1_reg,l2_mp,l3_mp,l1_lap,l2_lap,l3_lap,alg_conn,clustering_c,clustering_r,deg_assort,Q,N.olap,N.temp,N.nodf,H2,H3,H4,H17,cent_between,cent_close,cent_eigen,diam,mean_path_length,deg_het_row,deg_het_col
empirical,Frost1980,ecologicalinteractions,9.355083,2.532895,2.03388,0.047950748564042835,0.09244625564474655,0.10955599667975652,9.431790799522137,9.00345136693046,8.461538461538462,2.597333257543037,1.392482016198942,11.355083416013404,4.53289476894238,4.033879989756953,-0.5328947689423807,1,0.9946878799090861,-0.587842598464029,0.1449134948096886,0.20266402957312052,17.57276246850786,74.57131252585799,954,7667,2784,6105,0.1273394416837197,0.37698186445667115,0.3824097712497534,3,1.8153846153846154,1.0743801652892562,1.0948760330578513
