randomization,name,type,l1,l2,l3,ipr1,ipr2,ipr3,l1_cm,l1_er,l1_reg,l2_mp,l3_mp,l1_lap,l2_lap,l3_lap,alg_conn,clustering_c,clustering_r,deg_assort,Q,N.olap,N.temp,N.nodf,H2,H3,H4,H17,cent_between,cent_close,cent_eigen,diam,mean_path_length,deg_het_row,deg_het_col
empirical,Galetti1996-1,ecologicalinteractions,4.53543,2.897891,1.961832,0.08548607283794546,0.17477390473039942,0.11502086817809844,4.868349928356706,3.914160114856005,3.04,2.320534236003506,1.1965918818080086,6.5354302450078485,4.897891428335191,3.9618317038033366,-0.897891428335176,0.6207701283547258,1,-0.5799217939510012,0.3933518005540166,0.11851115040770215,30.202217674039986,34.24329501915709,155,441,269,393,0.5266006009891878,0.3330593894292269,0.5979747112158443,4,2.6466666666666665,1.7202216066481995,1.2022160664819943
