randomization,name,type,l1,l2,l3,ipr1,ipr2,ipr3,l1_cm,l1_er,l1_reg,l2_mp,l3_mp,l1_lap,l2_lap,l3_lap,alg_conn,clustering_c,clustering_r,deg_assort,Q,N.olap,N.temp,N.nodf,H2,H3,H4,H17,cent_between,cent_close,cent_eigen,diam,mean_path_length,deg_het_row,deg_het_col
empirical,Gilarranz_2015_PiedraAlta,ecologicalinteractions,7.322678,4.443134,3.886755,0.06632379520216937,0.0573230949184754,0.09065584298223259,7.751234266428878,5.114522837134667,3.8181818181818183,3.49353008066408,2.346750272395844,9.322677510206342,6.44313398712687,5.886754738920437,-2.4431339871268847,0.7928771119484623,0.6183639507945313,-0.4096727716626321,0.45163690476190416,0.17795899022811057,10.67657135364217,27.07455687396348,1352,6182,6999,36021,0.37489804517590924,0.31799731212966964,0.8422431618943942,6,3.125914315569488,1.7959183673469385,1.7210884353741498
