randomization,name,type,l1,l2,l3,ipr1,ipr2,ipr3,l1_cm,l1_er,l1_reg,l2_mp,l3_mp,l1_lap,l2_lap,l3_lap,alg_conn,clustering_c,clustering_r,deg_assort,Q,N.olap,N.temp,N.nodf,H2,H3,H4,H17,cent_between,cent_close,cent_eigen,diam,mean_path_length,deg_het_row,deg_het_col
empirical,Gilarranz_2015_Amarante,ecologicalinteractions,7.172377,4.306027,3.949324,0.04941190672863011,0.05370484016438324,0.050855357433339084,7.8949267048439555,4.556815183644367,3.717171717171717,3.228105189005203,2.224271685348582,9.172376805295185,6.306027453495047,5.94932440586544,-2.3060274534950542,0.7982267982267982,0.5882352941176471,-0.31833701110617646,0.447601606805293,0.15559315178491864,5.289644212222427,23.041757517657633,1293,6854,4935,17500,0.3209609307069063,0.33010825603049626,0.8183481003914135,8,3.324263038548753,1.854442344045369,2.2515949905482042
