randomization,name,type,l1,l2,l3,ipr1,ipr2,ipr3,l1_cm,l1_er,l1_reg,l2_mp,l3_mp,l1_lap,l2_lap,l3_lap,alg_conn,clustering_c,clustering_r,deg_assort,Q,N.olap,N.temp,N.nodf,H2,H3,H4,H17,cent_between,cent_close,cent_eigen,diam,mean_path_length,deg_het_row,deg_het_col
empirical,Gilarranz_2015_ElMorro,ecologicalinteractions,7.965744,4.494657,3.696424,0.09180258388259188,0.09297946898225438,0.1150853017749498,8.598983171762649,4.887578393502958,3.341463414634146,2.962672720674297,1.9373923676922802,9.965743632605168,6.494657126528818,5.696424060461358,-2.4946571265288324,0.8518987341772152,0.7237179786290887,-0.5358340989714089,0.42468964782353863,0.4085813705580976,8.635605506983604,40.86783021756009,1657,5180,15373,122386,0.494198908659044,0.359142593931995,0.8492449112946823,6,2.8762420957542907,2.6827215088710106,1.550748574777559
