randomization,name,type,l1,l2,l3,ipr1,ipr2,ipr3,l1_cm,l1_er,l1_reg,l2_mp,l3_mp,l1_lap,l2_lap,l3_lap,alg_conn,clustering_c,clustering_r,deg_assort,Q,N.olap,N.temp,N.nodf,H2,H3,H4,H17,cent_between,cent_close,cent_eigen,diam,mean_path_length,deg_het_row,deg_het_col
empirical,Gilarranz_2015_LaPaja,ecologicalinteractions,7.046201,3.850248,3.613228,0.06822874376908165,0.06822730539094786,0.04245843337966567,7.976362577219584,4.26580687817282,3.473684210526316,2.75624723622631,1.8194562575725666,9.046200711305502,5.850248451789068,5.613228488093364,-1.8502484517890603,0.8045368106492801,0.7130459936361007,-0.3758256359153217,0.444960973370064,0.26879456815379565,5.135986232635625,31.350734627627055,984,4661,4489,18863,0.36135710692254125,0.33392495072085493,0.8150829218882442,7,3.112982456140351,2.387970615243342,2.0550964187327825
