randomization,name,type,l1,l2,l3,ipr1,ipr2,ipr3,l1_cm,l1_er,l1_reg,l2_mp,l3_mp,l1_lap,l2_lap,l3_lap,alg_conn,clustering_c,clustering_r,deg_assort,Q,N.olap,N.temp,N.nodf,H2,H3,H4,H17,cent_between,cent_close,cent_eigen,diam,mean_path_length,deg_het_row,deg_het_col
empirical,Gilarranz_2015_Vigilancia,ecologicalinteractions,9.206394,5.18702,4.094303,0.05413236579369314,0.049359708156251375,0.05017082077868652,9.339727889033261,5.672976396015594,4.566037735849057,3.621703751615751,2.5166221275940313,11.206393970892067,7.18701982547436,6.094302785360264,-3.187019825474344,0.8239152741131633,0.7754804452981224,-0.3789107139844697,0.3799433098832046,0.1938872872165069,7.6194888592666405,28.415320596879532,2355,14657,14121,84382,0.2834647418694077,0.3019556894231233,0.8447890867812876,6,3.1401617250673852,2.1840721262208866,1.6428864148623725
