randomization,name,type,l1,l2,l3,ipr1,ipr2,ipr3,l1_cm,l1_er,l1_reg,l2_mp,l3_mp,l1_lap,l2_lap,l3_lap,alg_conn,clustering_c,clustering_r,deg_assort,Q,N.olap,N.temp,N.nodf,H2,H3,H4,H17,cent_between,cent_close,cent_eigen,diam,mean_path_length,deg_het_row,deg_het_col
empirical,Goodridge2003,ecologicalinteractions,6.749544,3.80048,0,0.19401501158724152,0.19638638437177533,0.061166461354801534,6.819986966426125,6.443829592316576,2.3529411764705883,3.1215528616987003,1.6970586426340422,8.749544368778091,5.80048033989073,2,-1.80048033989073,0.6619718309859155,NaN,-0.840245150243271,0.3324099722991688,0.18861512319456245,24.854339354907516,35.56320708312838,1002,638,11629,105146,0.8564,0.639245141820658,0.8641895745193258,4,2.35921568627451,1.1161111111111113,1.1344444444444444
