randomization,name,type,l1,l2,l3,ipr1,ipr2,ipr3,l1_cm,l1_er,l1_reg,l2_mp,l3_mp,l1_lap,l2_lap,l3_lap,alg_conn,clustering_c,clustering_r,deg_assort,Q,N.olap,N.temp,N.nodf,H2,H3,H4,H17,cent_between,cent_close,cent_eigen,diam,mean_path_length,deg_het_row,deg_het_col
empirical,Hadfield_2013_A_HP_014,ecologicalinteractions,6.391967,2.712039,2.52574,0.0680922682110389,0.0709312788214856,0.09104893611357202,6.671350718949268,5.280692594567801,4.533333333333333,2.5733855075559258,1.4200733775860102,8.391967274122143,4.712038820045685,4.525740239856902,-0.7120388200456775,0.9773080509791732,0.899554282075772,-0.4289245982694686,0.2928200692041524,0.40443119328511984,18.56402692541025,57.74230931310577,401,1982,952,1785,0.2547036220898527,0.2807984530337583,0.5919655051138483,4,2.3517241379310345,1.3987889273356402,1.4381487889273357
