randomization,name,type,l1,l2,l3,ipr1,ipr2,ipr3,l1_cm,l1_er,l1_reg,l2_mp,l3_mp,l1_lap,l2_lap,l3_lap,alg_conn,clustering_c,clustering_r,deg_assort,Q,N.olap,N.temp,N.nodf,H2,H3,H4,H17,cent_between,cent_close,cent_eigen,diam,mean_path_length,deg_het_row,deg_het_col
empirical,Hadfield_2013_A_HP_006,ecologicalinteractions,7.431699,4.205682,3.163113,0.050297383637168416,0.058809103160242265,0.08853407910430557,7.463596186041287,5.7333279763921166,4.6415094339622645,3.3994543946896973,2.1248677000290925,9.431699230290882,6.205682461177911,5.163112937995839,-2.2056824611779224,0.9439333664843361,0.798207650273224,-0.46243872842522094,0.3605658007799593,0.17658320024952445,22.90298360271989,35.64045793053426,876,4826,2806,7465,0.20972930436201864,0.30081389598965097,0.6722303223037451,7,2.9317851959361394,1.4731971709961003,1.47960869852601
