randomization,name,type,l1,l2,l3,ipr1,ipr2,ipr3,l1_cm,l1_er,l1_reg,l2_mp,l3_mp,l1_lap,l2_lap,l3_lap,alg_conn,clustering_c,clustering_r,deg_assort,Q,N.olap,N.temp,N.nodf,H2,H3,H4,H17,cent_between,cent_close,cent_eigen,diam,mean_path_length,deg_het_row,deg_het_col
empirical,Hadfield_2013_A_HP_037,ecologicalinteractions,7.136978,3.156307,2.915289,0.06397188471634138,0.06868668595428946,0.08135601093530032,7.60928607478397,5.388160714119968,4.7368421052631575,2.610434628144509,1.5240563359607961,9.136977837157167,5.1563070156689115,4.915289214948588,-1.156307015668917,0.9740538222365176,0.8490965871068481,-0.32104001475198174,0.3361728395061728,0.399435587601144,15.548767161493085,53.79493419233303,595,3450,1615,3434,0.21840861361736852,0.3789041972337816,0.6455078197298592,5,2.536273115220484,1.406172839506173,1.814814814814815
