randomization,name,type,l1,l2,l3,ipr1,ipr2,ipr3,l1_cm,l1_er,l1_reg,l2_mp,l3_mp,l1_lap,l2_lap,l3_lap,alg_conn,clustering_c,clustering_r,deg_assort,Q,N.olap,N.temp,N.nodf,H2,H3,H4,H17,cent_between,cent_close,cent_eigen,diam,mean_path_length,deg_het_row,deg_het_col
empirical,Hadfield_2013_A_HP_012,ecologicalinteractions,6.627022,2.824889,1.959541,0.08407207619987639,0.1346783111668243,0.11922099077738507,6.432097798243416,5.524002034827835,4.2,2.7274810801129794,1.4809711224940132,8.62702229640975,4.824889388654176,3.9595413498003773,-0.8248893886541617,0.9484098939929329,0.9462273263926156,-0.667327083783034,0.2469135802469136,0.263099855624621,30.70695793518882,46.78909138306948,440,1699,1564,4700,0.3286177589090787,0.3180133237712198,0.6835171165532389,7,2.4942528735632186,1.4126984126984128,1.1879566641471402
