randomization,name,type,l1,l2,l3,ipr1,ipr2,ipr3,l1_cm,l1_er,l1_reg,l2_mp,l3_mp,l1_lap,l2_lap,l3_lap,alg_conn,clustering_c,clustering_r,deg_assort,Q,N.olap,N.temp,N.nodf,H2,H3,H4,H17,cent_between,cent_close,cent_eigen,diam,mean_path_length,deg_het_row,deg_het_col
empirical,Hadfield_2013_A_HP_043,ecologicalinteractions,6.697363,2.814936,2.374949,0.0760056462753781,0.09597994728358739,0.11042370789599765,6.7813060033529755,5.414155010279256,4,2.767138539563334,1.559595028178457,8.697362938301477,4.81493639433058,4.374949208572288,-0.8149363943305872,0.9605070697220868,0.8681537903518317,-0.6716723899338835,0.2964891975308642,0.38162257829745516,19.79377400493578,54.03457072484166,519,2103,1887,5727,0.28775596445490675,0.2661565925694731,0.6788123331426889,5,2.5682539682539685,1.4259259259259258,1.3935185185185182
