randomization,name,type,l1,l2,l3,ipr1,ipr2,ipr3,l1_cm,l1_er,l1_reg,l2_mp,l3_mp,l1_lap,l2_lap,l3_lap,alg_conn,clustering_c,clustering_r,deg_assort,Q,N.olap,N.temp,N.nodf,H2,H3,H4,H17,cent_between,cent_close,cent_eigen,diam,mean_path_length,deg_het_row,deg_het_col
empirical,Hadfield_2013_A_HP_009,ecologicalinteractions,8.008338,2.681453,2.490007,0.05777871725132722,0.0743683776400752,0.08106215196289486,8.13983688070249,6.389371985352066,5.647058823529412,2.7026887639621644,1.5410915803340948,10.008338433864251,4.681452935961788,4.490006781328625,-0.6814529359617826,0.9912855910267472,0.946650959272972,-0.2925572592792866,0.2431640625,0.2833622715886298,17.78156917524543,60.14384920634921,697,4666,1904,4091,0.1431625824505183,0.31510167919010684,0.5821469574008029,5,2.411764705882353,1.3090277777777777,1.4993489583333335
