randomization,name,type,l1,l2,l3,ipr1,ipr2,ipr3,l1_cm,l1_er,l1_reg,l2_mp,l3_mp,l1_lap,l2_lap,l3_lap,alg_conn,clustering_c,clustering_r,deg_assort,Q,N.olap,N.temp,N.nodf,H2,H3,H4,H17,cent_between,cent_close,cent_eigen,diam,mean_path_length,deg_het_row,deg_het_col
empirical,Hadfield_2013_A_HP_035,ecologicalinteractions,2.948939,1.954437,1.214124,0.1427843986419853,0.17041039040241732,0.11995195976653593,3.1937438845342623,2.7450214675194906,2.3076923076923075,1.7225058622107412,0.7120163624525666,4.948939470176021,3.954436863110249,3.2141239392433754,0.04556313688975199,0.6206896551724138,0.631578947368421,-0.5819209039548027,0.3644444444444445,0.27731481481481485,18.902388530697134,57.40740740740742,33,52,25,11,0.4049242424242424,0.36817706486593627,0.5942231183334074,5,2.5384615384615383,1.36,1.4000000000000001
