randomization,name,type,l1,l2,l3,ipr1,ipr2,ipr3,l1_cm,l1_er,l1_reg,l2_mp,l3_mp,l1_lap,l2_lap,l3_lap,alg_conn,clustering_c,clustering_r,deg_assort,Q,N.olap,N.temp,N.nodf,H2,H3,H4,H17,cent_between,cent_close,cent_eigen,diam,mean_path_length,deg_het_row,deg_het_col
empirical,Hadfield_2013_A_HP_032,ecologicalinteractions,3.904983,2.049302,1.821938,0.1220659207046338,0.1779990379907386,0.16925631160719842,3.558079349362725,3.2843228472084935,2.761904761904762,2.4970777945343188,1.273553130978501,5.904982793189796,4.049302235258303,3.8219380077360907,-0.04930223525831257,0.8275862068965517,0.7349397590361446,0.012165450121654611,0.42925089179548165,-0.040374999999999994,38.357121154375996,29.41666666666667,75,195,68,47,0.4241578947368422,0.3504140127390159,0.7058835758096761,8,3.238095238095238,1.1902497027348395,1.3912009512485135
