randomization,name,type,l1,l2,l3,ipr1,ipr2,ipr3,l1_cm,l1_er,l1_reg,l2_mp,l3_mp,l1_lap,l2_lap,l3_lap,alg_conn,clustering_c,clustering_r,deg_assort,Q,N.olap,N.temp,N.nodf,H2,H3,H4,H17,cent_between,cent_close,cent_eigen,diam,mean_path_length,deg_het_row,deg_het_col
empirical,Hadfield_2013_A_HP_040,ecologicalinteractions,4.172672,1.922105,1.582139,0.19769514317904552,0.10467539179534077,0.14082678142912733,4.47213595499958,3.1102363285968906,2.3636363636363638,1.612372435695794,0.7726484226309834,6.172672092530478,3.9221046829032864,3.5821392419843407,0.07789531709671171,0.5757575757575758,0.9100346020761245,-0.5546786922209695,0.4082840236686392,0.682948532948533,19.411672953110905,49.629629629629626,130,158,469,1371,0.8405895691609977,0.6761821090118869,0.8026810011241867,5,2.380952380952381,2.3076923076923084,1.2307692307692308
