randomization,name,type,l1,l2,l3,ipr1,ipr2,ipr3,l1_cm,l1_er,l1_reg,l2_mp,l3_mp,l1_lap,l2_lap,l3_lap,alg_conn,clustering_c,clustering_r,deg_assort,Q,N.olap,N.temp,N.nodf,H2,H3,H4,H17,cent_between,cent_close,cent_eigen,diam,mean_path_length,deg_het_row,deg_het_col
empirical,Hansen2007,ecologicalinteractions,10.358322,3.669012,3.205764,0.04286440956180173,0.07757643318249324,0.07385175201895222,10.361743803984481,8.932742205585056,7.891891891891892,3.0374320443766076,1.7707532548185336,12.358322288684631,5.669011887606392,5.205763823080762,-1.6690118876064,0.9809439917786097,0.990302380546283,-0.46670217670827646,0.18854381685119165,0.10586471357902369,32.00848175576648,64.49421480159185,1407,12443,4848,13368,0.32551133373054963,0.37575539685537335,0.47783490070251194,5,2.156156156156156,1.4097391630699945,1.0718708951022706
