randomization,name,type,l1,l2,l3,ipr1,ipr2,ipr3,l1_cm,l1_er,l1_reg,l2_mp,l3_mp,l1_lap,l2_lap,l3_lap,alg_conn,clustering_c,clustering_r,deg_assort,Q,N.olap,N.temp,N.nodf,H2,H3,H4,H17,cent_between,cent_close,cent_eigen,diam,mean_path_length,deg_het_row,deg_het_col
empirical,Herrera1988,ecologicalinteractions,11.013166,7.382428,5.543181,0.07658240639042381,0.05739833941443819,0.03150233252658847,12.397823514667358,6.885098624502074,4.019512195121951,4.353128020880549,3.1936892155929852,13.013166412953531,9.382428295294574,7.5431809398639675,-5.3824282952945435,0.5797899096707907,0.9131358721203573,-0.37042091118478904,0.44561810726741363,0.19635140484340544,7.241003382989392,21.976910692780248,7218,35588,121515,2209972,0.5037905662421234,0.3493454014463204,0.9136328265427851,6,3.2649450023912006,2.068986238099727,2.036879064944858
