randomization,name,type,l1,l2,l3,ipr1,ipr2,ipr3,l1_cm,l1_er,l1_reg,l2_mp,l3_mp,l1_lap,l2_lap,l3_lap,alg_conn,clustering_c,clustering_r,deg_assort,Q,N.olap,N.temp,N.nodf,H2,H3,H4,H17,cent_between,cent_close,cent_eigen,diam,mean_path_length,deg_het_row,deg_het_col
empirical,Joern-Marathon,ecologicalinteractions,7.422967,4.99987,3.516399,0.05299456796489005,0.05779078374968853,0.06625149541537559,8.263937633733319,5.2703044225271,4.191780821917808,3.250996651036775,2.1319784443160357,9.422966536725736,6.999869701695657,5.516399362161701,-2.999869701695664,0.8777508308631995,0.6672149332517309,-0.46619001134474863,0.4264171899696699,0.16825480671493204,10.886907339896547,31.899831852521093,1179,5967,4865,17707,0.26281355771953485,0.25681005000046947,0.757733003052617,6,3.025875190258752,1.6456063907044303,1.9891067538126361
