randomization,name,type,l1,l2,l3,ipr1,ipr2,ipr3,l1_cm,l1_er,l1_reg,l2_mp,l3_mp,l1_lap,l2_lap,l3_lap,alg_conn,clustering_c,clustering_r,deg_assort,Q,N.olap,N.temp,N.nodf,H2,H3,H4,H17,cent_between,cent_close,cent_eigen,diam,mean_path_length,deg_het_row,deg_het_col
empirical,Jordano-6,ecologicalinteractions,2.798609,1.214727,0.832001,0.1788202288357052,0.1689550478576382,0.1743766220408333,3.0594117081556713,2.5900450446533423,2.2222222222222223,0.7577708763999645,0.23201346166308812,4.798608878458587,3.214727147881357,2.832001383179607,0.7852728521186413,1,0,-0.6438356164383564,NA,NA,NA,NA,21,30,15,6,0.5022321428571429,0.5054966962861701,0.5512097198234626,3,2,1.3,1.44
