randomization,name,type,l1,l2,l3,ipr1,ipr2,ipr3,l1_cm,l1_er,l1_reg,l2_mp,l3_mp,l1_lap,l2_lap,l3_lap,alg_conn,clustering_c,clustering_r,deg_assort,Q,N.olap,N.temp,N.nodf,H2,H3,H4,H17,cent_between,cent_close,cent_eigen,diam,mean_path_length,deg_het_row,deg_het_col
empirical,Kaiser-Bunbury_2014_M_PL_061_18,ecologicalinteractions,3.745937,2.530026,2.028774,0.12515028426412758,0.09961629653387438,0.08868909474716835,3.742420912419431,3.00191117413055,2.413793103448276,2.461487044591951,1.3436977950367894,5.745936950701332,4.530026031242608,4.028774127894151,-0.530026031242603,0.8009708737864077,0.3333333333333333,-0.2753299869864289,0.5608163265306125,0.049650567820816685,21.474573624267336,24.679487179487182,96,221,107,84,0.4976221970269589,0.3034936655168032,0.7557909820858973,9,3.4679802955665027,1.1942857142857144,1.895510204081633
