randomization,name,type,l1,l2,l3,ipr1,ipr2,ipr3,l1_cm,l1_er,l1_reg,l2_mp,l3_mp,l1_lap,l2_lap,l3_lap,alg_conn,clustering_c,clustering_r,deg_assort,Q,N.olap,N.temp,N.nodf,H2,H3,H4,H17,cent_between,cent_close,cent_eigen,diam,mean_path_length,deg_het_row,deg_het_col
empirical,Kaiser-Bunbury_2014_M_PL_061_42,ecologicalinteractions,2.869176,1.732051,1.490255,0.14745568162921924,0.16666666666666619,0.13603586730146824,2.9795219449448873,2.7147294958849333,2.1538461538461537,1.8860689902089116,0.7762235655150509,4.8691756419892345,3.732050807568874,3.490254933802733,0.2679491924311235,1,0.39622641509433965,-0.6396396396396394,0.48,0.12976190476190477,26.21517204528548,47.61904761904762,30,44,22,8,0.3926767676767677,0.4242464219314317,0.576088893551352,4,2.5128205128205128,1.183673469387755,1.3775510204081634
