randomization,name,type,l1,l2,l3,ipr1,ipr2,ipr3,l1_cm,l1_er,l1_reg,l2_mp,l3_mp,l1_lap,l2_lap,l3_lap,alg_conn,clustering_c,clustering_r,deg_assort,Q,N.olap,N.temp,N.nodf,H2,H3,H4,H17,cent_between,cent_close,cent_eigen,diam,mean_path_length,deg_het_row,deg_het_col
empirical,Kaiser-Bunbury_2014_M_PL_061_24,ecologicalinteractions,4.6715,2.833021,2.448765,0.08655675470304287,0.14078070510090804,0.09965520040415786,5.011140707556143,3.8385895153247795,3.1724137931034484,2.4552759264665833,1.3399739928082357,6.671500397344985,4.833020789544221,4.448765358750006,-0.8330207895442104,0.898159509202454,0.6194331983805668,-0.38048994423908233,0.4612476370510397,0.20616510225885226,16.664579041860005,40.28445512820513,185,612,302,370,0.317191809198612,0.40209389130847395,0.6733052090070163,5,2.6995073891625614,1.27882797731569,1.8374291115311914
