randomization,name,type,l1,l2,l3,ipr1,ipr2,ipr3,l1_cm,l1_er,l1_reg,l2_mp,l3_mp,l1_lap,l2_lap,l3_lap,alg_conn,clustering_c,clustering_r,deg_assort,Q,N.olap,N.temp,N.nodf,H2,H3,H4,H17,cent_between,cent_close,cent_eigen,diam,mean_path_length,deg_het_row,deg_het_col
empirical,Kaiser-Bunbury_2014_M_PL_061_16,ecologicalinteractions,4.614728,2.826668,2.074951,0.10372083684124131,0.07644969296412774,0.09564388224336769,4.9329230606877585,3.869235442774413,3.037037037037037,2.379933168367266,1.2586382102138878,6.614728027197966,4.826668073481562,4.074951258146785,-0.8266680734815609,0.9526627218934911,0.702430846605197,-0.5333273687035878,0.41701368233194536,0.27809313391636775,24.14005837247727,42.920156337241764,178,482,380,678,0.38555642434488585,0.3697838793004315,0.7007378170469961,5,2.6324786324786325,1.4419988102320047,1.52587745389649
