randomization,name,type,l1,l2,l3,ipr1,ipr2,ipr3,l1_cm,l1_er,l1_reg,l2_mp,l3_mp,l1_lap,l2_lap,l3_lap,alg_conn,clustering_c,clustering_r,deg_assort,Q,N.olap,N.temp,N.nodf,H2,H3,H4,H17,cent_between,cent_close,cent_eigen,diam,mean_path_length,deg_het_row,deg_het_col
empirical,Kaiser-Bunbury_2014_M_PL_061_02,ecologicalinteractions,4.158144,2.253126,1.517064,0.16601746111818566,0.11375153870216949,0.12095312190686659,4.638805721144023,3.3774555038706517,2.4545454545454546,1.6148797697489827,0.7621795832932614,6.158143852791787,4.253125989276071,3.5170639802844286,-0.2531259892760783,1,0.732824427480916,-0.5930838465182378,0.42148760330578516,0.4922122398149795,21.348023739553202,46.46118721461187,129,199,397,1021,0.7112622826908542,0.5434293543837121,0.7743819583695116,4,2.4372294372294374,1.707818930041152,1.4691358024691359
