randomization,name,type,l1,l2,l3,ipr1,ipr2,ipr3,l1_cm,l1_er,l1_reg,l2_mp,l3_mp,l1_lap,l2_lap,l3_lap,alg_conn,clustering_c,clustering_r,deg_assort,Q,N.olap,N.temp,N.nodf,H2,H3,H4,H17,cent_between,cent_close,cent_eigen,diam,mean_path_length,deg_het_row,deg_het_col
empirical,Kaiser-Bunbury_2014_M_PL_061_46,ecologicalinteractions,4.094852,2.66405,2.384786,0.10584450751658774,0.0802859064717751,0.0907297061829924,4.044383393922618,3.2749171930115457,2.6470588235294117,2.6522363056613916,1.509748609951829,6.094851730966315,4.664049515564344,4.384786053592696,-0.6640495155643538,0.7907542579075426,0.4110169491525424,-0.15363929723915365,0.4923456790123459,0.026304643175994926,25.12703366171702,22.78852513227513,137,379,176,184,0.3374878028903722,0.2598836612513437,0.7731167257056059,7,3.4028520499108734,1.1619753086419753,1.8977777777777778
