randomization,name,type,l1,l2,l3,ipr1,ipr2,ipr3,l1_cm,l1_er,l1_reg,l2_mp,l3_mp,l1_lap,l2_lap,l3_lap,alg_conn,clustering_c,clustering_r,deg_assort,Q,N.olap,N.temp,N.nodf,H2,H3,H4,H17,cent_between,cent_close,cent_eigen,diam,mean_path_length,deg_het_row,deg_het_col
empirical,Kaiser-Bunbury_2010_M_PL_060_20,ecologicalinteractions,3.866849,2.500108,2.103118,0.11279081816040801,0.12454488656418848,0.08543095552161321,4.031740394207191,3.043562947582755,2.466666666666667,2.3883689015440908,1.3125708927891087,5.86684910843381,4.500107627325586,4.103118325634807,-0.5001076273255808,0.5851063829787234,0.536986301369863,-0.3737330630534514,0.48867786705624544,0.18268182559076998,15.108041584900302,31.9558599695586,116,269,167,187,0.4936158767906686,0.36261998253330363,0.7498375913868441,6,3.1494252873563218,1.6391526661796931,1.5646457268078893
