randomization,name,type,l1,l2,l3,ipr1,ipr2,ipr3,l1_cm,l1_er,l1_reg,l2_mp,l3_mp,l1_lap,l2_lap,l3_lap,alg_conn,clustering_c,clustering_r,deg_assort,Q,N.olap,N.temp,N.nodf,H2,H3,H4,H17,cent_between,cent_close,cent_eigen,diam,mean_path_length,deg_het_row,deg_het_col
empirical,Kaiser-Bunbury_2010_M_PL_060_10,ecologicalinteractions,4.210994,3.173902,2.40615,0.08955182567805516,0.08099660714675073,0.10754634487896723,4.307089551908954,3.5122105722678176,2.8,2.7435214647687345,1.5697774706330339,6.21099433973507,5.1739023573026595,4.406150066800764,-1.1739023573026575,0.5856697819314641,0.5319609967497292,-0.47260444091202636,0.4839650145772592,0.13171254248074432,17.390115873876265,29.995024132955173,176,438,289,390,0.3518890581346087,0.2912809380613542,0.7229222691251764,6,3.146218487394958,1.5143690129112872,1.4081632653061222
