randomization,name,type,l1,l2,l3,ipr1,ipr2,ipr3,l1_cm,l1_er,l1_reg,l2_mp,l3_mp,l1_lap,l2_lap,l3_lap,alg_conn,clustering_c,clustering_r,deg_assort,Q,N.olap,N.temp,N.nodf,H2,H3,H4,H17,cent_between,cent_close,cent_eigen,diam,mean_path_length,deg_het_row,deg_het_col
empirical,Kaiser-Bunbury_2014_M_PL_061_41,ecologicalinteractions,2.208933,1.628712,1.211574,0.19739868754368045,0.19097308804976745,0.21181289661338462,2.1573875376608442,2.2549181991052545,1.8,1.9914770321782922,0.759482555756575,4.208933055022675,3.6287122657689213,3.211573816885309,0.37128773423107725,0,0,-0.6363636363636362,0.4567901234567901,-0.013888888888888866,42.35884081395621,32.638888888888886,12,9,5,1,0.5802469135802469,0.37306135058700207,0.6590871422705842,6,2.8222222222222224,1.074074074074074,1.1234567901234567
