randomization,name,type,l1,l2,l3,ipr1,ipr2,ipr3,l1_cm,l1_er,l1_reg,l2_mp,l3_mp,l1_lap,l2_lap,l3_lap,alg_conn,clustering_c,clustering_r,deg_assort,Q,N.olap,N.temp,N.nodf,H2,H3,H4,H17,cent_between,cent_close,cent_eigen,diam,mean_path_length,deg_het_row,deg_het_col
empirical,Kaiser-Bunbury_2014_M_PL_061_47,ecologicalinteractions,5.521984,2.80202,2.281189,0.08607439244285905,0.07214457216191235,0.08916922518423775,5.634713834792322,4.538876448738126,3.3939393939393945,2.725934314827626,1.5138839239690567,7.521983884593469,4.8020204021479325,4.281189368810817,-0.8020204021479246,0.944206008583691,0.756786703601108,-0.5451435371114085,0.37181122448979587,0.2383458292616669,29.01340623304167,42.44410569105691,296,1041,743,1513,0.3323103714408402,0.3011185203124133,0.6808101754968033,6,2.784090909090909,1.2959183673469388,1.5624999999999998
