randomization,name,type,l1,l2,l3,ipr1,ipr2,ipr3,l1_cm,l1_er,l1_reg,l2_mp,l3_mp,l1_lap,l2_lap,l3_lap,alg_conn,clustering_c,clustering_r,deg_assort,Q,N.olap,N.temp,N.nodf,H2,H3,H4,H17,cent_between,cent_close,cent_eigen,diam,mean_path_length,deg_het_row,deg_het_col
empirical,Kaiser-Bunbury_2014_M_PL_061_12,ecologicalinteractions,3.694935,1.835422,1.760835,0.12845619748536244,0.1243579042131363,0.1820689059427063,3.8324274291889733,3.1015461861124596,2.526315789473684,2.0343433614674016,0.9720160685986732,5.694934503643059,3.8354224784267945,3.760834539409128,0.16457752157320912,1,0.5154639175257731,-0.21532846715328496,0.5294117647058824,0.16706805327494983,22.425458461396023,41.570881226053636,68,173,72,51,0.4560639070442993,0.496653790480852,0.6806115893365025,4,2.654970760233918,1.1423611111111112,1.875
