randomization,name,type,l1,l2,l3,ipr1,ipr2,ipr3,l1_cm,l1_er,l1_reg,l2_mp,l3_mp,l1_lap,l2_lap,l3_lap,alg_conn,clustering_c,clustering_r,deg_assort,Q,N.olap,N.temp,N.nodf,H2,H3,H4,H17,cent_between,cent_close,cent_eigen,diam,mean_path_length,deg_het_row,deg_het_col
empirical,Kaiser-Bunbury_2014_M_PL_061_39,ecologicalinteractions,4.948976,2.478606,2.111511,0.09505356997867588,0.09768003317781533,0.0946226307196815,4.894346879815752,4.172647223104877,3.066666666666667,2.7536647482735788,1.4970735852914374,6.948975687082913,4.478606108927355,4.111510691150036,-0.4786061089273724,0.946,0.6903123345685548,-0.4843172638996302,0.3908317580340264,0.09978965445206323,41.18045273870263,35.58176920403198,202,642,397,651,0.3363483594713422,0.3145899967473605,0.7236553909086206,6,2.889655172413793,1.1644612476370513,1.565217391304348
