randomization,name,type,l1,l2,l3,ipr1,ipr2,ipr3,l1_cm,l1_er,l1_reg,l2_mp,l3_mp,l1_lap,l2_lap,l3_lap,alg_conn,clustering_c,clustering_r,deg_assort,Q,N.olap,N.temp,N.nodf,H2,H3,H4,H17,cent_between,cent_close,cent_eigen,diam,mean_path_length,deg_het_row,deg_het_col
empirical,Kaiser-Bunbury_2014_M_PL_061_27,ecologicalinteractions,3.033911,2.279378,1.704145,0.13013524070849902,0.10159403003717073,0.13471763442505477,2.9886406256215627,2.815216651219216,2.210526315789474,2.3817047813691463,1.157863664114954,5.0339106157264855,4.279377549230406,3.7041448649248654,-0.27937754923039704,0.45454545454545453,0.33,-0.6083650190114074,0.4671201814058959,0.03724113898845084,29.20559960499435,21.308243727598565,49,61,51,41,0.39842047930283225,0.304135699993329,0.679146648221297,6,3.111111111111111,1.3741496598639455,1.1496598639455782
