randomization,name,type,l1,l2,l3,ipr1,ipr2,ipr3,l1_cm,l1_er,l1_reg,l2_mp,l3_mp,l1_lap,l2_lap,l3_lap,alg_conn,clustering_c,clustering_r,deg_assort,Q,N.olap,N.temp,N.nodf,H2,H3,H4,H17,cent_between,cent_close,cent_eigen,diam,mean_path_length,deg_het_row,deg_het_col
empirical,Kaiser-Bunbury_2010_M_PL_060_02,ecologicalinteractions,7.351229,3.473429,3.023074,0.0566779059157949,0.06798242529874628,0.06498463181053529,7.4074780504714,5.678831887570897,4.28,3.2555002650752227,1.989191503997262,9.351228700749495,5.473428771606514,5.023073702917817,-1.4734287716065133,0.9632339817954667,0.8001761787750938,-0.5839608676063589,0.3307712463970654,0.229687551283824,19.49719277952928,42.12587513627825,801,4046,2845,8779,0.3125157003791581,0.29205507265826963,0.7212502438731342,6,2.8,1.416018866276531,1.5433662328587647
