randomization,name,type,l1,l2,l3,ipr1,ipr2,ipr3,l1_cm,l1_er,l1_reg,l2_mp,l3_mp,l1_lap,l2_lap,l3_lap,alg_conn,clustering_c,clustering_r,deg_assort,Q,N.olap,N.temp,N.nodf,H2,H3,H4,H17,cent_between,cent_close,cent_eigen,diam,mean_path_length,deg_het_row,deg_het_col
empirical,Kaiser-Bunbury_2014_M_PL_061_48,ecologicalinteractions,3.808696,2.226391,2.009327,0.11176723064966523,0.09401648610170772,0.08442550043326758,3.8436229653804497,3.376103437258775,2.782608695652174,2.492761435654844,1.2927453774049522,5.808695981168012,4.226390529242055,4.00932713678187,-0.22639052924205397,0.8973214285714286,0.42033898305084744,-0.10665054413542926,0.4365234375,0.04919129427003442,40.135197475043036,28.9763779527559,91,245,99,87,0.5696599576469705,0.46955569378889256,0.7126834682318912,5,2.7509881422924902,1.072265625,1.6953125000000002
