randomization,name,type,l1,l2,l3,ipr1,ipr2,ipr3,l1_cm,l1_er,l1_reg,l2_mp,l3_mp,l1_lap,l2_lap,l3_lap,alg_conn,clustering_c,clustering_r,deg_assort,Q,N.olap,N.temp,N.nodf,H2,H3,H4,H17,cent_between,cent_close,cent_eigen,diam,mean_path_length,deg_het_row,deg_het_col
empirical,Kaiser-Bunbury_2010_M_PL_060_01,ecologicalinteractions,6.764122,3.169747,2.890818,0.05961292942431612,0.1343928103539356,0.07360721984276385,6.765359052001089,5.241649854223575,3.8,3.239048953461676,1.9700812912719816,8.764121678332723,5.169746912131536,4.890818220406637,-1.1697469121315178,0.9901221731219132,0.7087075940910104,-0.5966432331387551,0.35279778393351807,0.15834971804452874,25.26158967377436,33.47926501192833,619,2938,1750,3810,0.2172820740325516,0.4118290318932625,0.7032780896517782,5,2.936326530612245,1.2493074792243766,1.7414958448753466
