randomization,name,type,l1,l2,l3,ipr1,ipr2,ipr3,l1_cm,l1_er,l1_reg,l2_mp,l3_mp,l1_lap,l2_lap,l3_lap,alg_conn,clustering_c,clustering_r,deg_assort,Q,N.olap,N.temp,N.nodf,H2,H3,H4,H17,cent_between,cent_close,cent_eigen,diam,mean_path_length,deg_het_row,deg_het_col
empirical,Kaiser-Bunbury_2014_M_PL_061_15,ecologicalinteractions,3.9386,2.846187,1.956369,0.09459182077300693,0.16458573624419384,0.09542984547481133,4.105697177251966,3.6738927925973766,2.75,2.5873073040340007,1.3319475965232455,5.938600042990769,4.84618696287157,3.956369410508995,-0.846186962871565,1,0.5276679841897233,-0.6719442685243825,0.41138659320477505,0.102979242979243,32.42028378059308,36.289682539682545,116,247,177,210,0.382399201302793,0.2583071614833391,0.6439207767973303,4,2.7028985507246377,1.162534435261708,1.43801652892562
