randomization,name,type,l1,l2,l3,ipr1,ipr2,ipr3,l1_cm,l1_er,l1_reg,l2_mp,l3_mp,l1_lap,l2_lap,l3_lap,alg_conn,clustering_c,clustering_r,deg_assort,Q,N.olap,N.temp,N.nodf,H2,H3,H4,H17,cent_between,cent_close,cent_eigen,diam,mean_path_length,deg_het_row,deg_het_col
empirical,Kaiser-Bunbury_2014_M_PL_061_23,ecologicalinteractions,3.974848,3.261203,2.328709,0.09280684501482722,0.17295432494928897,0.10348079967479025,4.324636324460471,3.4566801026603686,2.588235294117647,2.682487504217805,1.5040417511397774,5.974848039198422,5.261203472435534,4.3287089178533575,-1.2612034724355259,0.839622641509434,0.4180064308681672,-0.7345013477088945,0.5320247933884299,0.052561067439095305,18.036628895815266,26.496952947845802,164,314,284,371,0.35514424548515466,0.25808731480474684,0.7161895373339962,6,3.235294117647059,1.3574380165289255,1.6012396694214877
