randomization,name,type,l1,l2,l3,ipr1,ipr2,ipr3,l1_cm,l1_er,l1_reg,l2_mp,l3_mp,l1_lap,l2_lap,l3_lap,alg_conn,clustering_c,clustering_r,deg_assort,Q,N.olap,N.temp,N.nodf,H2,H3,H4,H17,cent_between,cent_close,cent_eigen,diam,mean_path_length,deg_het_row,deg_het_col
empirical,Kakutani1990,ecologicalinteractions,10.878113,7.754378,6.516475,0.04100639838196118,0.11448523149047209,0.05243929799389528,12.114521708507807,4.964860621614977,3.6859903381642507,3.825621631535349,3.0555329656847396,12.878112890397748,9.754377629865475,8.516475263112678,-5.754377629865459,0.4203053129791347,0.6109124653631757,-0.2756079244217121,0.4964932863137774,0.08468737663542888,1.2095237455913388,9.238995948183714,10047,67136,119558,1569410,0.2489825500640486,0.24454371531504043,0.9251088340520041,10,3.9385432384695465,2.753736457970109,2.988805656089555
