randomization,name,type,l1,l2,l3,ipr1,ipr2,ipr3,l1_cm,l1_er,l1_reg,l2_mp,l3_mp,l1_lap,l2_lap,l3_lap,alg_conn,clustering_c,clustering_r,deg_assort,Q,N.olap,N.temp,N.nodf,H2,H3,H4,H17,cent_between,cent_close,cent_eigen,diam,mean_path_length,deg_het_row,deg_het_col
empirical,Kankila1994,ecologicalinteractions,18.229318,2.718988,2.146999,0.030354360696989855,0.243221999466813,0.24256226951470974,18.250156934665828,18.016704643530346,16.093023255813954,1.6839726424714423,0.9734723372260534,20.229317641251118,4.718987976642243,4.146998869205556,-0.7189879766422425,1,1,-0.930734422564825,0.1440329218106996,0.2406876237384712,0.7688420793317586,64.09908735332463,6734,101256,52116,331220,0.03884900467806183,0.3572619939693547,0.3311898330301125,3,1.64562569213732,1.0041932573757892,1.030639179391226
