randomization,name,type,l1,l2,l3,ipr1,ipr2,ipr3,l1_cm,l1_er,l1_reg,l2_mp,l3_mp,l1_lap,l2_lap,l3_lap,alg_conn,clustering_c,clustering_r,deg_assort,Q,N.olap,N.temp,N.nodf,H2,H3,H4,H17,cent_between,cent_close,cent_eigen,diam,mean_path_length,deg_het_row,deg_het_col
empirical,Kantak1979,ecologicalinteractions,8.11765,3.224584,2.022819,0.07464326411991772,0.09978716099282997,0.09576695074201264,8.212134698158762,7.8345490526323855,5.375,2.7558181276482907,1.4795287829300192,10.11765010855969,5.224584015857524,4.022818868440888,-1.224584015857519,0.9777505805560786,1,-0.8425323817076398,0.19283746556473833,0.22913995160086062,16.746236572662923,67.34379809172053,882,3857,4774,21502,0.3527508354705147,0.5997213781784148,0.6682887196766281,4,1.997983870967742,1.1170903190914008,1.1019469983775014
