randomization,name,type,l1,l2,l3,ipr1,ipr2,ipr3,l1_cm,l1_er,l1_reg,l2_mp,l3_mp,l1_lap,l2_lap,l3_lap,alg_conn,clustering_c,clustering_r,deg_assort,Q,N.olap,N.temp,N.nodf,H2,H3,H4,H17,cent_between,cent_close,cent_eigen,diam,mean_path_length,deg_het_row,deg_het_col
empirical,Krasnov2012_akmolinsk,ecologicalinteractions,7.557973,3.557594,2.610317,0.055371947494276444,0.0733651108484923,0.08453900747525302,7.757310313281712,5.641195692599043,4.930232558139535,2.949422296183273,1.7769584831611747,9.55797285235175,5.557593608588604,4.610316556796785,-1.557593608588601,0.9725045245719058,0.8239095315024233,-0.2495271334625539,0.30393378426486295,0.20177521213174687,23.189868152074364,44.200336700336706,719,4475,1923,3991,0.19757574614985574,0.37007850718642454,0.6577838088852676,6,2.644518272425249,1.2143111427554287,1.9846920612317547
