randomization,name,type,l1,l2,l3,ipr1,ipr2,ipr3,l1_cm,l1_er,l1_reg,l2_mp,l3_mp,l1_lap,l2_lap,l3_lap,alg_conn,clustering_c,clustering_r,deg_assort,Q,N.olap,N.temp,N.nodf,H2,H3,H4,H17,cent_between,cent_close,cent_eigen,diam,mean_path_length,deg_het_row,deg_het_col
empirical,Krasnov2012_khabarovsk,ecologicalinteractions,6.12126,2.638256,2.328547,0.10085977246162048,0.06661881817969792,0.10114543593761982,6.248033301599105,5.116448345575448,4.068965517241379,2.554613671228337,1.3792499820355375,8.121259917575049,4.638256096312246,4.3285473102299905,-0.6382560963122498,0.9492031872509961,0.42667099286177806,-0.5563458228896647,0.3266302786555587,0.40947143563307675,30.614810562375638,46.69567827130852,395,1324,1541,5331,0.49441065141503654,0.5569706429278741,0.719523541209201,5,2.2610837438423643,1.6523987359954035,1.1401896006894572
