randomization,name,type,l1,l2,l3,ipr1,ipr2,ipr3,l1_cm,l1_er,l1_reg,l2_mp,l3_mp,l1_lap,l2_lap,l3_lap,alg_conn,clustering_c,clustering_r,deg_assort,Q,N.olap,N.temp,N.nodf,H2,H3,H4,H17,cent_between,cent_close,cent_eigen,diam,mean_path_length,deg_het_row,deg_het_col
empirical,Krasnov2012_eastern_pamyr,ecologicalinteractions,6.064862,2.714077,2.385951,0.08057444533734577,0.12610607848880612,0.11161633080215036,6.144973632815966,5.309670617535974,4.068965517241379,2.724450632002454,1.471347418300228,8.064862035334036,4.71407716946633,4.385951430215568,-0.7140771694663329,0.9651623119556612,0.5522668947818649,-0.627566055023153,0.3122665900603273,0.3014958836494395,24.46002877481686,55.51027676027676,362,1362,1076,2782,0.3958855382392132,0.38570762660722896,0.6653869138257287,6,2.4236453201970445,1.2769319161160584,1.3082447572536628
