randomization,name,type,l1,l2,l3,ipr1,ipr2,ipr3,l1_cm,l1_er,l1_reg,l2_mp,l3_mp,l1_lap,l2_lap,l3_lap,alg_conn,clustering_c,clustering_r,deg_assort,Q,N.olap,N.temp,N.nodf,H2,H3,H4,H17,cent_between,cent_close,cent_eigen,diam,mean_path_length,deg_het_row,deg_het_col
empirical,Krasnov2012_north_kyrgyzstan,ecologicalinteractions,5.285802,3.504705,2.826482,0.07069141261903378,0.05889350240134926,0.08367109801571063,5.0992528409552795,4.1412467645228395,3.28,3.1541395746922425,1.9458325887546455,7.285801610232768,5.504705292766345,4.826481752096728,-1.5047052927663425,0.7124528301886792,0.5654825026511134,-0.37115839243498816,0.4765020820939921,0.08585268218609084,21.659875957583406,23.46994170782717,369,1268,783,1365,0.30750947357321023,0.24136746207385618,0.75952163508392,8,3.3779591836734695,1.4753123140987507,1.4259369422962525
