randomization,name,type,l1,l2,l3,ipr1,ipr2,ipr3,l1_cm,l1_er,l1_reg,l2_mp,l3_mp,l1_lap,l2_lap,l3_lap,alg_conn,clustering_c,clustering_r,deg_assort,Q,N.olap,N.temp,N.nodf,H2,H3,H4,H17,cent_between,cent_close,cent_eigen,diam,mean_path_length,deg_het_row,deg_het_col
empirical,Krylov2006,ecologicalinteractions,7.953702,2.376306,1.488849,0.05944342309798528,0.12920004383504635,0.22818862789209407,7.955885594572113,7.558904109589041,7.3,1.9701659225638781,0.9600358610194739,9.95370219123961,4.3763063922740795,3.4888485084563676,-0.3763063922740862,0.9895348837209302,0.9992752310201123,-0.08816479400749326,0.1356354574581702,0.30970017636684305,10.204827383540753,75.13888888888889,508,3519,1070,1491,0.08113955184995898,0.23405234244695067,0.23887848012082002,4,1.7894736842105263,1.1202852317507976,1.0602364421092139
