randomization,name,type,l1,l2,l3,ipr1,ipr2,ipr3,l1_cm,l1_er,l1_reg,l2_mp,l3_mp,l1_lap,l2_lap,l3_lap,alg_conn,clustering_c,clustering_r,deg_assort,Q,N.olap,N.temp,N.nodf,H2,H3,H4,H17,cent_between,cent_close,cent_eigen,diam,mean_path_length,deg_het_row,deg_het_col
empirical,Lambert1989,ecologicalinteractions,17.764391,7.224734,4.032674,0.023573399176764227,0.02973645152324382,0.05712426906151369,18.074621323834148,13.745601066670671,11.764705882352942,4.372784325943169,2.969063913708533,19.764391392135778,9.224733964762285,6.032673965391069,-5.224733964762293,0.9650968426205434,0.9978438004133822,-0.4921311770966673,0.20324800000000018,0.3024946046571145,23.984580171473272,58.83810631160651,8897,141291,61335,340224,0.08693297327229381,0.26828379192407703,0.5750096707255639,4,2.4011204481792716,1.6645680000000003,1.1493120000000001
