randomization,name,type,l1,l2,l3,ipr1,ipr2,ipr3,l1_cm,l1_er,l1_reg,l2_mp,l3_mp,l1_lap,l2_lap,l3_lap,alg_conn,clustering_c,clustering_r,deg_assort,Q,N.olap,N.temp,N.nodf,H2,H3,H4,H17,cent_between,cent_close,cent_eigen,diam,mean_path_length,deg_het_row,deg_het_col
empirical,Lara-Romero_2016_nevero-Encroachedpasture-4,ecologicalinteractions,4.247556,3.000394,2.881874,0.09986549005257184,0.14915793174486217,0.14086955389511602,4.111248820480868,3.640149500456546,2.6,3.0388154593105328,1.76686361628048,6.2475563625142785,5.000393521398955,4.88187439994438,-1.0003935213989694,0.6821192052980133,0.4274873524451939,-0.6722374965246671,0.5303254437869819,0.06698158070086628,26.819455704805005,21.884801824921585,203,374,404,635,0.2870863329702736,0.22799141580060325,0.7663638809987896,6,3.401282051282051,1.3113905325443787,1.3298816568047336
