randomization,name,type,l1,l2,l3,ipr1,ipr2,ipr3,l1_cm,l1_er,l1_reg,l2_mp,l3_mp,l1_lap,l2_lap,l3_lap,alg_conn,clustering_c,clustering_r,deg_assort,Q,N.olap,N.temp,N.nodf,H2,H3,H4,H17,cent_between,cent_close,cent_eigen,diam,mean_path_length,deg_het_row,deg_het_col
empirical,Lara-Romero_2016_nevero-Encroachedpasture-8,ecologicalinteractions,5.148229,3.790166,3.570231,0.07197339420945896,0.0625173350892159,0.0997165535613867,5.328205056705447,4.245747243060329,2.8059701492537314,3.43047840311295,2.177839036730708,7.148228541558077,5.790166166676278,5.5702311292956095,-1.7901661666762776,0.8378378378378378,0.32826338082402773,-0.6432322314675254,0.5435717519239478,0.09445859159488265,21.632335360396226,19.33606582542753,552,1253,1927,5765,0.3112816906356945,0.31275131750170126,0.8105492256668931,6,3.262777023971054,1.4314169307378906,1.4814395654142147
