randomization,name,type,l1,l2,l3,ipr1,ipr2,ipr3,l1_cm,l1_er,l1_reg,l2_mp,l3_mp,l1_lap,l2_lap,l3_lap,alg_conn,clustering_c,clustering_r,deg_assort,Q,N.olap,N.temp,N.nodf,H2,H3,H4,H17,cent_between,cent_close,cent_eigen,diam,mean_path_length,deg_het_row,deg_het_col
empirical,Lara-Romero_2016_peñalara-Encroachedpasture-7,ecologicalinteractions,5.135205,3.081344,2.684848,0.09586365155895889,0.07982564809900598,0.13803366430828032,5.275121661269458,3.931527122019593,2.8,2.877918737248161,1.7017879421261033,7.135205066157843,5.0813439024776255,4.684848075072576,-1.081343902477643,0.8415672913117547,0.5485357025337282,-0.5463592994450515,0.48248929201310187,0.17120632167184147,21.522970695616163,27.906216179653683,328,906,949,2383,0.4188429184487207,0.3706126720422249,0.7992317797758527,6,3.092929292929293,1.5041572184429328,1.6313932980599646
