randomization,name,type,l1,l2,l3,ipr1,ipr2,ipr3,l1_cm,l1_er,l1_reg,l2_mp,l3_mp,l1_lap,l2_lap,l3_lap,alg_conn,clustering_c,clustering_r,deg_assort,Q,N.olap,N.temp,N.nodf,H2,H3,H4,H17,cent_between,cent_close,cent_eigen,diam,mean_path_length,deg_het_row,deg_het_col
empirical,Lara-Romero_2016_nevero-Pasture-2,ecologicalinteractions,3.566863,2.781813,2.336103,0.1715698199449381,0.12646660969757992,0.1452085356416598,3.4256157039369093,3.1118249097659487,2.176470588235294,2.867157864334899,1.5961090524376471,5.566863486829741,4.781813241724061,4.336102595409762,-0.7818132417240521,0.35714285714285715,0.16519174041297935,-0.6139082751744767,0.5902118334550766,0.06300498947347652,33.36120290815487,17.69521249359959,122,136,238,387,0.5878290480563207,0.33228769505892336,0.8416799214837872,7,3.520499108734403,1.3038714390065742,1.2425127830533236
