randomization,name,type,l1,l2,l3,ipr1,ipr2,ipr3,l1_cm,l1_er,l1_reg,l2_mp,l3_mp,l1_lap,l2_lap,l3_lap,alg_conn,clustering_c,clustering_r,deg_assort,Q,N.olap,N.temp,N.nodf,H2,H3,H4,H17,cent_between,cent_close,cent_eigen,diam,mean_path_length,deg_het_row,deg_het_col
empirical,Lara-Romero_2016_peñalara-Pasture-4,ecologicalinteractions,3.756986,2.830743,2.474918,0.08430387757748709,0.1262820983930792,0.12455778135549951,3.832368457591245,3.5025784007592398,2.5161290322580645,2.8701722015689572,1.5769046171229164,5.756985579992088,4.830743174111691,4.474917918936095,-0.8307431741116865,0.8380952380952381,0.3100358422939068,-0.6501410376955294,0.5042735042735045,0.03220864103217046,38.80330318722133,24.555074555074555,131,245,203,240,0.33727494982667394,0.26309948830519514,0.6244700323545941,6,3.0494623655913977,1.1551610782380013,1.4043392504930967
