randomization,name,type,l1,l2,l3,ipr1,ipr2,ipr3,l1_cm,l1_er,l1_reg,l2_mp,l3_mp,l1_lap,l2_lap,l3_lap,alg_conn,clustering_c,clustering_r,deg_assort,Q,N.olap,N.temp,N.nodf,H2,H3,H4,H17,cent_between,cent_close,cent_eigen,diam,mean_path_length,deg_het_row,deg_het_col
empirical,Lara-Romero_2016_peñalara-Pasture-5,ecologicalinteractions,4.210767,3.003704,1.979042,0.08966487342369786,0.09468034251314947,0.09047390325425801,4.083228359388683,3.801052941855356,2.740740740740741,2.8244695963029676,1.502997728963734,6.210766586446782,5.003704068041968,3.979042212950388,-1.0037040680419638,0.8548387096774194,0.6015538290788013,-0.6738486598548793,0.4404674945215487,0.05761756761756764,43.69385930443175,31.74074074074074,142,299,256,352,0.4084378698224853,0.26721195841771744,0.6521850860827435,8,3.0826210826210825,1.2052593133674214,1.273192111029949
