randomization,name,type,l1,l2,l3,ipr1,ipr2,ipr3,l1_cm,l1_er,l1_reg,l2_mp,l3_mp,l1_lap,l2_lap,l3_lap,alg_conn,clustering_c,clustering_r,deg_assort,Q,N.olap,N.temp,N.nodf,H2,H3,H4,H17,cent_between,cent_close,cent_eigen,diam,mean_path_length,deg_het_row,deg_het_col
empirical,Lara-Romero_2016_peñalara-Encroachedpasture-8,ecologicalinteractions,4.947205,2.863102,2.264091,0.09365341995793089,0.14780546400659247,0.10471722007893935,5.049990099000195,3.8937160021701067,2.9411764705882355,2.639736013737401,1.4777512194795521,6.947204963421707,4.863102276219947,4.26409105720502,-0.8631022762199391,0.8805970149253731,0.66651904340124,-0.6129363449691992,0.4152000000000002,0.27657525790289766,20.86922207085299,40.426587301587304,250,653,658,1392,0.34646351123623853,0.2759172908061705,0.7228250939077712,6,2.8609625668449197,1.6632000000000002,1.38
