randomization,name,type,l1,l2,l3,ipr1,ipr2,ipr3,l1_cm,l1_er,l1_reg,l2_mp,l3_mp,l1_lap,l2_lap,l3_lap,alg_conn,clustering_c,clustering_r,deg_assort,Q,N.olap,N.temp,N.nodf,H2,H3,H4,H17,cent_between,cent_close,cent_eigen,diam,mean_path_length,deg_het_row,deg_het_col
empirical,Lara-Romero_2016_nevero-Pasture-4,ecologicalinteractions,2.958652,2.571716,2.38532,0.11754985807298152,0.12062700269895789,0.11453585020395829,2.965519634633636,2.864982297564762,2.129032258064516,2.7653332311839383,1.5235804425069113,4.958651889078998,4.571715613771418,4.385319939962247,-0.5717156137714229,0.34782608695652173,0.14516129032258066,-0.7636266950279186,0.6161616161616159,-0.012586951702285035,33.41511655646932,14.513641755634637,76,88,71,42,0.38809706257982096,0.18042718928890966,0.7562224818707065,8,4.219354838709678,1.1533516988062442,1.288337924701561
