randomization,name,type,l1,l2,l3,ipr1,ipr2,ipr3,l1_cm,l1_er,l1_reg,l2_mp,l3_mp,l1_lap,l2_lap,l3_lap,alg_conn,clustering_c,clustering_r,deg_assort,Q,N.olap,N.temp,N.nodf,H2,H3,H4,H17,cent_between,cent_close,cent_eigen,diam,mean_path_length,deg_het_row,deg_het_col
empirical,Lara-Romero_2016_peñalara-Pasture-8,ecologicalinteractions,5.383191,2.8779,2.587401,0.10287876345006514,0.09843739235521531,0.13944878556288665,5.714278019447358,4.386407074017388,3.1052631578947367,2.7519082627522504,1.5626105958522674,7.38319068466118,4.877899705904181,4.587400853875998,-0.8778997059041778,0.9823788546255506,0.684286124676817,-0.5385843533794573,0.40017236426314273,0.2719916794008258,21.126947048694092,39.9115499331482,348,972,1237,4165,0.5057256726175645,0.39162112063296795,0.7906725762575414,6,2.7624466571834994,1.4593507612754955,1.542660155127837
