randomization,name,type,l1,l2,l3,ipr1,ipr2,ipr3,l1_cm,l1_er,l1_reg,l2_mp,l3_mp,l1_lap,l2_lap,l3_lap,alg_conn,clustering_c,clustering_r,deg_assort,Q,N.olap,N.temp,N.nodf,H2,H3,H4,H17,cent_between,cent_close,cent_eigen,diam,mean_path_length,deg_het_row,deg_het_col
empirical,Lara-Romero_2016_nevero-Pasture-6,ecologicalinteractions,2.863081,2.556288,1.920786,0.14240438017151535,0.15115763521314635,0.09435769103546575,3.0472470011002204,2.6068479005642784,2,2.2809913637000805,1.1228958014786847,4.86308112153922,4.556288442593051,3.9207863062438766,-0.556288442593044,0.4,0.08,-0.6893333333333331,0.5873015873015873,0.09543981481481482,26.223625829812352,18.611111111111107,51,50,60,50,0.5271052631578947,0.2375183097243282,0.7419325454921628,7,3.5619047619047617,1.4285714285714286,1.326530612244898
