randomization,name,type,l1,l2,l3,ipr1,ipr2,ipr3,l1_cm,l1_er,l1_reg,l2_mp,l3_mp,l1_lap,l2_lap,l3_lap,alg_conn,clustering_c,clustering_r,deg_assort,Q,N.olap,N.temp,N.nodf,H2,H3,H4,H17,cent_between,cent_close,cent_eigen,diam,mean_path_length,deg_het_row,deg_het_col
empirical,Lara-Romero_2016_peñalara-Pasture-2,ecologicalinteractions,4.240822,2.705221,2.436721,0.10214358796065534,0.1488669647869702,0.10096555426635331,4.153311931459037,3.744636547876941,2.7586206896551726,2.8196782432409533,1.5301752873147028,6.240821909874691,4.705221015794499,4.436720853416079,-0.7052210157944926,0.7777777777777778,0.5657596371882087,-0.6219439475253432,0.4725,0.07687670816064719,35.91202388153261,32.19954648526077,148,339,245,309,0.3120260720529994,0.29184215249710516,0.7056593493312886,6,3.0738916256157633,1.2075,1.3750000000000002
