randomization,name,type,l1,l2,l3,ipr1,ipr2,ipr3,l1_cm,l1_er,l1_reg,l2_mp,l3_mp,l1_lap,l2_lap,l3_lap,alg_conn,clustering_c,clustering_r,deg_assort,Q,N.olap,N.temp,N.nodf,H2,H3,H4,H17,cent_between,cent_close,cent_eigen,diam,mean_path_length,deg_het_row,deg_het_col
empirical,Lara-Romero_2016_nevero-Encroachedpasture-3,ecologicalinteractions,4.194213,2.890425,2.615534,0.09609118821473299,0.125965171853059,0.11296829453533289,4.355105297092176,3.304400892863644,2.3157894736842106,2.68240961920364,1.519588043389413,6.194212961720053,4.890425297672365,4.615533621383959,-0.8904252976723654,0.8243243243243243,0.3450479233226837,-0.5942717328727692,0.5552685950413226,0.12059320968608227,27.341108722097935,19.31605471562275,180,361,396,650,0.3425448614637802,0.3299482465031805,0.7342671722275286,6,3.266002844950213,1.4049586776859504,1.6735537190082648
