randomization,name,type,l1,l2,l3,ipr1,ipr2,ipr3,l1_cm,l1_er,l1_reg,l2_mp,l3_mp,l1_lap,l2_lap,l3_lap,alg_conn,clustering_c,clustering_r,deg_assort,Q,N.olap,N.temp,N.nodf,H2,H3,H4,H17,cent_between,cent_close,cent_eigen,diam,mean_path_length,deg_het_row,deg_het_col
empirical,Lara-Romero_2016_nevero-Encroachedpasture-9,ecologicalinteractions,4.520646,3.140617,2.889464,0.13675209168941055,0.1884254142411484,0.09183629480333974,4.474129625930768,3.5252088913892843,2.4680851063829787,2.962086892073043,1.7658757254085613,6.520646495145557,5.14061656709428,4.889463909090861,-1.1406165670942752,0.5952380952380952,0.35661517797179315,-0.4910499788025814,0.5642092746730085,0.10966803050083841,23.661337319825925,21.126028214635813,266,501,806,2197,0.5600833946328592,0.34836923807638687,0.8491602824057095,6,3.3783533765032376,1.5398335315101068,1.429845422116528
