randomization,name,type,l1,l2,l3,ipr1,ipr2,ipr3,l1_cm,l1_er,l1_reg,l2_mp,l3_mp,l1_lap,l2_lap,l3_lap,alg_conn,clustering_c,clustering_r,deg_assort,Q,N.olap,N.temp,N.nodf,H2,H3,H4,H17,cent_between,cent_close,cent_eigen,diam,mean_path_length,deg_het_row,deg_het_col
empirical,Lecorff2000,ecologicalinteractions,5.153137,3.915757,3.461981,0.054409717053180325,0.09152842097980872,0.05695147110163515,4.593799613259015,3.3775279664944184,2.5964912280701755,3.1529700774592926,2.2053578112628003,7.153136927175712,5.915756928179966,5.461980644416745,-1.9157569281799567,0.5198079231692677,0.343811394891945,-0.2889018318980462,0.6164627465303125,0.03672900343047756,7.2485210542455505,8.665050886355594,603,1753,1430,3346,0.36534926150427904,0.20423602449611697,0.8568686683123887,13,4.982145629560628,1.7585829072315562,1.5383491599707817
