randomization,name,type,l1,l2,l3,ipr1,ipr2,ipr3,l1_cm,l1_er,l1_reg,l2_mp,l3_mp,l1_lap,l2_lap,l3_lap,alg_conn,clustering_c,clustering_r,deg_assort,Q,N.olap,N.temp,N.nodf,H2,H3,H4,H17,cent_between,cent_close,cent_eigen,diam,mean_path_length,deg_het_row,deg_het_col
empirical,lewis2002,ecologicalinteractions,3.462487,2.537725,2.251919,0.15220957959122847,0.1253796266466224,0.08505466281114189,4.024922359499621,2.6013898528799304,2,2.0489218581115582,1.0987530557212088,5.462486549095207,4.537725420907845,4.251918514335778,-0.5377254209078431,0.6,0,-0.5639496355202124,0.6144444444444446,0.22013787008170835,16.780806906880777,21.84281842818428,96,137,171,216,0.6024290810259895,0.3494733877261553,0.7863052592848032,6,3.349425287356322,1.6199999999999999,2.1
