randomization,name,type,l1,l2,l3,ipr1,ipr2,ipr3,l1_cm,l1_er,l1_reg,l2_mp,l3_mp,l1_lap,l2_lap,l3_lap,alg_conn,clustering_c,clustering_r,deg_assort,Q,N.olap,N.temp,N.nodf,H2,H3,H4,H17,cent_between,cent_close,cent_eigen,diam,mean_path_length,deg_het_row,deg_het_col
empirical,Macfadyen2009_plant-herb_A5,ecologicalinteractions,3.546416,2.749948,1.669781,0.23004294477051213,0.19895681955324543,0.15271153982797261,3.6292181985189806,2.510759863519866,1.9333333333333333,2.1943682401369444,1.1826590536365298,5.546415911512815,4.749947923928514,3.669781116533757,-0.7499479239285173,0,0,-0.5193752471332542,0.6123662306777646,0.230119760784074,16.24784852763302,18.48625629113434,102,87,260,531,0.630372006115169,0.33596465640160283,0.8681249672154305,8,3.4551724137931035,1.323424494649227,2.2366230677764563
