randomization,name,type,l1,l2,l3,ipr1,ipr2,ipr3,l1_cm,l1_er,l1_reg,l2_mp,l3_mp,l1_lap,l2_lap,l3_lap,alg_conn,clustering_c,clustering_r,deg_assort,Q,N.olap,N.temp,N.nodf,H2,H3,H4,H17,cent_between,cent_close,cent_eigen,diam,mean_path_length,deg_het_row,deg_het_col
empirical,Macfadyen2009_plant-herb_B1,ecologicalinteractions,6.6344,4.026392,3.499946,0.1348457877026322,0.13447329615862322,0.23790973198717075,5.858009232111856,3.8410410060137203,2.3516483516483513,3.3298613709130365,2.1907148829549383,8.634400058029527,6.0263916317929285,5.499945670970229,-2.0263916317929285,0.598503937007874,0.7365269461077845,-0.5298343797950835,0.6124552362651757,0.19070516464293918,11.600106092836803,18.567023693605968,1037,1450,8415,56518,0.6789744785743906,0.3085174146803703,0.9036731594677336,11,4.1440781440781445,1.2739977290593065,2.3856231985326235
