randomization,name,type,l1,l2,l3,ipr1,ipr2,ipr3,l1_cm,l1_er,l1_reg,l2_mp,l3_mp,l1_lap,l2_lap,l3_lap,alg_conn,clustering_c,clustering_r,deg_assort,Q,N.olap,N.temp,N.nodf,H2,H3,H4,H17,cent_between,cent_close,cent_eigen,diam,mean_path_length,deg_het_row,deg_het_col
empirical,Macfadyen2009_paras-herb_A9,ecologicalinteractions,3.518096,1.414214,1.414214,0.2540897989725051,0.18749999999999856,0.18749999999999986,3.426715960138533,2.534263813179726,1.9,1.9003788431009752,0.8906377086719846,5.518095736994037,3.4142135623730945,3.4142135623730923,0.5857864376269036,0,0,-0.5159339381251453,0.46814404432132967,0.40719063545150497,29.007333794118086,32.608695652173914,73,47,220,495,0.8879655278547245,0.5905374132109136,0.834596179860011,6,2.763157894736842,1.1218836565096955,2.1745152354570636
