randomization,name,type,l1,l2,l3,ipr1,ipr2,ipr3,l1_cm,l1_er,l1_reg,l2_mp,l3_mp,l1_lap,l2_lap,l3_lap,alg_conn,clustering_c,clustering_r,deg_assort,Q,N.olap,N.temp,N.nodf,H2,H3,H4,H17,cent_between,cent_close,cent_eigen,diam,mean_path_length,deg_het_row,deg_het_col
empirical,Macfadyen2009_paras-herb_A1,ecologicalinteractions,6.766487,3.483689,2.938632,0.09454162998905284,0.08515500084883908,0.11915580203464973,6.503924819851759,3.832004670117279,3.044776119402985,2.7759040347632573,1.7923102010935064,8.76648733809485,5.483688509759925,4.938631896777611,-1.4836885097599184,0.8298643231575702,0.7837380011293055,-0.39757969459435183,0.502306805074971,0.24728355768603946,6.68343224806037,29.32857340631363,736,2361,3998,19647,0.6017695107230039,0.3677202546093308,0.8538550198960669,8,3.5811849841700587,1.378700499807766,2.984429065743945
