randomization,name,type,l1,l2,l3,ipr1,ipr2,ipr3,l1_cm,l1_er,l1_reg,l2_mp,l3_mp,l1_lap,l2_lap,l3_lap,alg_conn,clustering_c,clustering_r,deg_assort,Q,N.olap,N.temp,N.nodf,H2,H3,H4,H17,cent_between,cent_close,cent_eigen,diam,mean_path_length,deg_het_row,deg_het_col
empirical,Macfadyen2009_paras-herb_B5,ecologicalinteractions,4.121682,1.992598,1.841292,0.23265635503022877,0.11916620985805376,0.11845608684214966,4.0787698680317375,2.7224505218322186,2.0625,2.191882060599784,1.1956362779922678,6.12168243067718,3.992598383475255,3.8412920367847057,0.007401616524739391,0.3277777777777778,0.23684210526315788,-0.4052448784416367,0.5656565656565654,0.3049877170119385,16.98536330019402,27.73933102652826,146,158,568,1821,0.8531622152850038,0.4939626062034384,0.8681024548560103,7,3.215725806451613,1.288337924701561,2.454545454545455
