randomization,name,type,l1,l2,l3,ipr1,ipr2,ipr3,l1_cm,l1_er,l1_reg,l2_mp,l3_mp,l1_lap,l2_lap,l3_lap,alg_conn,clustering_c,clustering_r,deg_assort,Q,N.olap,N.temp,N.nodf,H2,H3,H4,H17,cent_between,cent_close,cent_eigen,diam,mean_path_length,deg_het_row,deg_het_col
empirical,Macfadyen2009_plant-herb_A4,ecologicalinteractions,3.070297,2.80647,2.572554,0.2458893159744534,0.13575332678559185,0.10450619869992742,3.2082656919276498,2.6537974204916126,2.064516129032258,2.4900253436462347,1.3722055691436486,5.0702972052891555,4.806470137820325,4.572554104982029,-0.8064701378203346,0.16981132075471697,0.23809523809523808,-0.5768463073852296,0.625,0.08711503383603182,19.68175706095281,16.045751633986928,84,76,129,163,0.4574201787994893,0.17281351463974523,0.89663199276343,11,4.851612903225806,1.2714843750000002,1.6601562499999998
