randomization,name,type,l1,l2,l3,ipr1,ipr2,ipr3,l1_cm,l1_er,l1_reg,l2_mp,l3_mp,l1_lap,l2_lap,l3_lap,alg_conn,clustering_c,clustering_r,deg_assort,Q,N.olap,N.temp,N.nodf,H2,H3,H4,H17,cent_between,cent_close,cent_eigen,diam,mean_path_length,deg_het_row,deg_het_col
empirical,Macfadyen2009_paras-herb_B4,ecologicalinteractions,3.878942,2.201541,1.896915,0.1389895709448389,0.13921338652383938,0.22649214735409107,3.7130400841718187,3.061246218132393,2.4,2.400199134233093,1.2522827587445677,5.878942391667788,4.20154085945229,3.8969150542940776,-0.20154085945228545,0.6520681265206812,0.6666666666666666,-0.46440220447643693,0.46333333333333343,0.15353689646590343,26.715055069837085,31.51277584204414,97,176,171,251,0.48124245169082125,0.33241123859472416,0.7826014947816822,8,3.3533333333333335,1.2466666666666668,1.6711111111111112
