randomization,name,type,l1,l2,l3,ipr1,ipr2,ipr3,l1_cm,l1_er,l1_reg,l2_mp,l3_mp,l1_lap,l2_lap,l3_lap,alg_conn,clustering_c,clustering_r,deg_assort,Q,N.olap,N.temp,N.nodf,H2,H3,H4,H17,cent_between,cent_close,cent_eigen,diam,mean_path_length,deg_het_row,deg_het_col
empirical,Macfadyen2009_paras-herb_B8,ecologicalinteractions,4.579153,2.466458,1.900887,0.12060346140484408,0.1837756826759174,0.14844339077441313,4.421052631578947,3.6495431277576107,2.7142857142857144,2.561107674062874,1.3642049003065264,6.579152928468031,4.466457626758739,3.900886807967329,-0.4664576267587347,0.7193744569939183,0.8,-0.5170301526112902,0.41828254847645424,0.16473487437602272,31.59417113896552,36.14718614718615,157,391,330,563,0.35649115402201825,0.3478711090615767,0.7493359139864109,6,3.0291005291005293,1.3961218836565095,1.4252077562326868
