randomization,name,type,l1,l2,l3,ipr1,ipr2,ipr3,l1_cm,l1_er,l1_reg,l2_mp,l3_mp,l1_lap,l2_lap,l3_lap,alg_conn,clustering_c,clustering_r,deg_assort,Q,N.olap,N.temp,N.nodf,H2,H3,H4,H17,cent_between,cent_close,cent_eigen,diam,mean_path_length,deg_het_row,deg_het_col
empirical,Macfadyen2009_plant-herb_A7,ecologicalinteractions,4.493853,2.561209,2.325686,0.2245805749100792,0.17838370567679226,0.18785137084664846,4.201427479011393,3.1260603173516355,2.1025641025641026,2.680496876762491,1.5116143789245975,6.493853176785837,4.561208779881205,4.325686083406411,-0.5612087798812152,0.28,0.2962962962962963,-0.5092828152548188,0.5728732897085071,0.24612279428574918,22.86037383944917,22.030026710877774,226,196,1027,3921,0.8001890394549674,0.4415249200488482,0.8792037719377448,7,3.3144399460188936,1.1992861392028555,1.9613325401546704
