randomization,name,type,l1,l2,l3,ipr1,ipr2,ipr3,l1_cm,l1_er,l1_reg,l2_mp,l3_mp,l1_lap,l2_lap,l3_lap,alg_conn,clustering_c,clustering_r,deg_assort,Q,N.olap,N.temp,N.nodf,H2,H3,H4,H17,cent_between,cent_close,cent_eigen,diam,mean_path_length,deg_het_row,deg_het_col
empirical,Macfadyen2009_paras-herb_B3,ecologicalinteractions,4.295894,2.424433,2.253457,0.10821166261208995,0.13512828004378674,0.08372730282703036,4.293588597792226,3.4378577254942853,2.7142857142857144,2.489177037387596,1.3400534884149595,6.2958943451046885,4.424432855916393,4.253456826497411,-0.4244328559163993,0.6491002570694088,0.7935779816513762,-0.4541429475015814,0.4695290858725761,0.19117312938711065,22.418353667473244,37.2181964573269,138,350,232,313,0.3754352643241533,0.2945824070940464,0.7327038034187485,6,2.939153439153439,1.4473684210526316,1.5083102493074791
