randomization,name,type,l1,l2,l3,ipr1,ipr2,ipr3,l1_cm,l1_er,l1_reg,l2_mp,l3_mp,l1_lap,l2_lap,l3_lap,alg_conn,clustering_c,clustering_r,deg_assort,Q,N.olap,N.temp,N.nodf,H2,H3,H4,H17,cent_between,cent_close,cent_eigen,diam,mean_path_length,deg_het_row,deg_het_col
empirical,Macfadyen2009_plant-herb_B3,ecologicalinteractions,5.299357,3.257036,2.214776,0.21077241902615595,0.21527708259795586,0.1780321767647339,5.174268423670669,3.0355737196794124,2.1454545454545455,2.5044893949942586,1.5256017605376428,7.299356848244302,5.257035750754455,4.214776264204573,-1.257035750754463,0.3985722784057109,0.14893617021276595,-0.4587959420865432,0.6012640045963801,0.3059254036991569,10.235604202320511,23.89920880632955,430,471,2836,15450,0.852861246991226,0.45285310061733214,0.8954480905382534,8,3.472053872053872,1.3217466245331801,3.002585463947141
