randomization,name,type,l1,l2,l3,ipr1,ipr2,ipr3,l1_cm,l1_er,l1_reg,l2_mp,l3_mp,l1_lap,l2_lap,l3_lap,alg_conn,clustering_c,clustering_r,deg_assort,Q,N.olap,N.temp,N.nodf,H2,H3,H4,H17,cent_between,cent_close,cent_eigen,diam,mean_path_length,deg_het_row,deg_het_col
empirical,Magrach2017_UK_2012_high,ecologicalinteractions,6.335327,3.076885,2.5292,0.07486774388770562,0.08544469338965134,0.08660317738613621,7.3525669642550975,3.9538569539987494,3.32,2.1531200712965317,1.3170616348083612,8.335327345798458,5.07688536340345,4.529199781258551,-1.076885363403453,0.8628519527702089,0.837786661056175,-0.38871042659821553,0.40223544781535797,0.35829870997078966,7.642617799186189,41.25040516887439,528,2401,1765,4770,0.3658550314099014,0.33866628027397827,0.7490048899581261,6,2.8848979591836734,2.192771084337349,2.2331252721730293
