randomization,name,type,l1,l2,l3,ipr1,ipr2,ipr3,l1_cm,l1_er,l1_reg,l2_mp,l3_mp,l1_lap,l2_lap,l3_lap,alg_conn,clustering_c,clustering_r,deg_assort,Q,N.olap,N.temp,N.nodf,H2,H3,H4,H17,cent_between,cent_close,cent_eigen,diam,mean_path_length,deg_het_row,deg_het_col
empirical,Magrach2017_Sweden_2011_low,ecologicalinteractions,6.37073,4.290374,3.812799,0.07797004492679677,0.08084290028222631,0.08218716280342181,7.218671053308804,3.946719766212032,3.12,2.750313546603844,1.806545473067858,8.370730046181995,6.290373505272754,5.812799068217743,-2.2903735052727594,0.6376613385759466,0.6668826960466624,-0.4538042510770109,0.5049309664694264,0.27226764025509903,4.73260957578813,30.544878589917417,865,2909,4404,20646,0.39510295503607046,0.23799960086064198,0.8351404932959383,7,3.2843243243243245,1.7568850902184237,2.708378990430273
