randomization,name,type,l1,l2,l3,ipr1,ipr2,ipr3,l1_cm,l1_er,l1_reg,l2_mp,l3_mp,l1_lap,l2_lap,l3_lap,alg_conn,clustering_c,clustering_r,deg_assort,Q,N.olap,N.temp,N.nodf,H2,H3,H4,H17,cent_between,cent_close,cent_eigen,diam,mean_path_length,deg_het_row,deg_het_col
empirical,Medan2002-2,ecologicalinteractions,6.737689,4.603143,3.204115,0.11819216060228044,0.13743114321310515,0.133918593419358,7.096183363499448,3.8465996679314065,2.7111111111111112,2.904348461711124,1.9367976593968645,8.737689119883354,6.603143348129936,5.204115359068607,-2.603143348129954,0.5038348459670203,0.5729690869877786,-0.45500136960589743,0.5614082235958073,0.2709363354737316,5.933142686355692,24.67339698049871,1167,2599,9606,67356,0.6215104473861304,0.35571740314348665,0.8844921994389836,8,3.483645443196005,1.5708142972319268,3.0153184627788234
