randomization,name,type,l1,l2,l3,ipr1,ipr2,ipr3,l1_cm,l1_er,l1_reg,l2_mp,l3_mp,l1_lap,l2_lap,l3_lap,alg_conn,clustering_c,clustering_r,deg_assort,Q,N.olap,N.temp,N.nodf,H2,H3,H4,H17,cent_between,cent_close,cent_eigen,diam,mean_path_length,deg_het_row,deg_het_col
empirical,Mikilic2003,ecologicalinteractions,6.547733,3.668016,2.187697,0.07265886049651253,0.12333099884153584,0.12669334113719216,5.820186206131934,5.463801782190458,4.857142857142857,3.1467773182208023,1.7669634961908467,8.547732576889842,5.668016008044027,4.1876972483534916,-1.6680160080440223,0.9339544513457557,0.9126543209876543,0.35392781316348193,0.3780276816608997,-0.1561518767970381,55.16572630314308,25.546594982078854,332,1719,522,560,0.2245014245014245,0.19211165925517332,0.5695032160085314,11,3.5343915343915344,1.1833910034602075,1.1885813148788926
