randomization,name,type,l1,l2,l3,ipr1,ipr2,ipr3,l1_cm,l1_er,l1_reg,l2_mp,l3_mp,l1_lap,l2_lap,l3_lap,alg_conn,clustering_c,clustering_r,deg_assort,Q,N.olap,N.temp,N.nodf,H2,H3,H4,H17,cent_between,cent_close,cent_eigen,diam,mean_path_length,deg_het_row,deg_het_col
empirical,Montero2005-2,ecologicalinteractions,5.6892759999999996,3.646359,3.223552,0.0854152771070405,0.17627712437138804,0.08187547372804486,5.507667522483091,4.922418214293576,3.16,3.5428458398164957,2.1381105467581225,7.689275648115501,5.646358604431558,5.223552463439916,-1.6463586044315448,0.5912122969837587,0.8986486486486487,-0.7355921108096982,0.4420765902900182,0.07948311001751625,33.44988372960979,28.31472988953304,500,1287,1739,4954,0.290760524259153,0.23797070160465675,0.7792012375669569,5,3.015510204081633,1.3257490786732897,1.231853869572184
