randomization,name,type,l1,l2,l3,ipr1,ipr2,ipr3,l1_cm,l1_er,l1_reg,l2_mp,l3_mp,l1_lap,l2_lap,l3_lap,alg_conn,clustering_c,clustering_r,deg_assort,Q,N.olap,N.temp,N.nodf,H2,H3,H4,H17,cent_between,cent_close,cent_eigen,diam,mean_path_length,deg_het_row,deg_het_col
empirical,Mosquin1967,ecologicalinteractions,4.324243,2.051025,1.880364,0.10358313027286227,0.11169643025454819,0.17360503841963462,4.608153432044106,3.6416071878572462,3,2.1293961756244357,1.06627656697052,6.324242663106374,4.051024596726975,3.880363848996642,-0.05102459672698044,0.7287581699346405,0.8364197530864198,-0.4011173184357538,0.37924701561065194,0.3781118912211349,18.678756615395898,53.529411764705884,122,364,182,201,0.3113034949429508,0.37372376160819454,0.63431823255852815,4,2.5194805194805197,1.6069788797061524,1.3590449954086317
