randomization,name,type,l1,l2,l3,ipr1,ipr2,ipr3,l1_cm,l1_er,l1_reg,l2_mp,l3_mp,l1_lap,l2_lap,l3_lap,alg_conn,clustering_c,clustering_r,deg_assort,Q,N.olap,N.temp,N.nodf,H2,H3,H4,H17,cent_between,cent_close,cent_eigen,diam,mean_path_length,deg_het_row,deg_het_col
empirical,muller1999,ecologicalinteractions,4.078388,1.834871,0,0.15248086808079717,0.2903530836817261,0.1614085026982845,4.214261501141095,3.4113589362110033,2.857142857142857,1.1682156727971198,0.4688310019504687,6.078388110603355,3.8348706818980998,2,0.16512931810189957,1,0,-0.7784256559766761,0.3966942148760331,0.43478260869565216,25.59794550775399,17.391304347826086,78,144,144,197,0.5897435897435898,0.6233688322349871,0.6479093101400805,4,2.120879120879121,1.0799999999999998,1.85
