randomization,name,type,l1,l2,l3,ipr1,ipr2,ipr3,l1_cm,l1_er,l1_reg,l2_mp,l3_mp,l1_lap,l2_lap,l3_lap,alg_conn,clustering_c,clustering_r,deg_assort,Q,N.olap,N.temp,N.nodf,H2,H3,H4,H17,cent_between,cent_close,cent_eigen,diam,mean_path_length,deg_het_row,deg_het_col
empirical,Noma1997,ecologicalinteractions,4.903999,2.143847,1.842458,0.10067640466592852,0.09255940329007364,0.11033235533170199,5.340225233093283,4.002008336062979,3.3043478260869565,1.8837594565296298,0.9414053611076617,6.90399931529599,4.143847341553519,3.8424581252570205,-0.1438473415535272,0.9501915708812261,0.443208895949166,-0.505043512658228,0.32963988919667586,0.6254662317632242,11.079655534761095,66.79735051915505,178,565,396,793,0.5125143533496545,0.4837839016749695,0.6804729523970415,4,2.3320158102766797,1.6066481994459834,1.4750692520775623
