randomization,name,type,l1,l2,l3,ipr1,ipr2,ipr3,l1_cm,l1_er,l1_reg,l2_mp,l3_mp,l1_lap,l2_lap,l3_lap,alg_conn,clustering_c,clustering_r,deg_assort,Q,N.olap,N.temp,N.nodf,H2,H3,H4,H17,cent_between,cent_close,cent_eigen,diam,mean_path_length,deg_het_row,deg_het_col
empirical,novotny2012,ecologicalinteractions,23.747818,14.059834,11.817915,0.013692671408992205,0.016087085920039247,0.0176506431534257,24.184516222721115,14.059918030575368,6.29553264604811,7.242851322516068,5.788678006084239,25.747818280909172,16.05983422674597,13.817915399052236,-12.05983422674593,NA,NA,-0.7804385566873789,0.4232846198585138,0.012818084268879242,17.41857695718307,13.301566385366481,56136,924542,894457,11906067,0.08951814781911525,0.43829111803531523,0.8705572368233006,4,3.535981924753506,1.0795536889075341,3.33704544154383
