randomization,name,type,l1,l2,l3,ipr1,ipr2,ipr3,l1_cm,l1_er,l1_reg,l2_mp,l3_mp,l1_lap,l2_lap,l3_lap,alg_conn,clustering_c,clustering_r,deg_assort,Q,N.olap,N.temp,N.nodf,H2,H3,H4,H17,cent_between,cent_close,cent_eigen,diam,mean_path_length,deg_het_row,deg_het_col
empirical,novotny2005,ecologicalinteractions,3.051746,1.74745,1.212761,0.17538255425013352,0.1415315989409046,0.14415867454847733,3.181194744117373,2.5914143959290983,2.142857142857143,1.6828749181552445,0.7111061559898876,5.051746298475007,3.747450131098899,3.212760589710363,0.2525498689011014,0.75,0,-0.48760330578512395,0.39999999999999986,0.39424141749723146,21.119590937192026,49.41860465116279,36,51,41,36,0.6331360946745562,0.43323211231492975,0.7137958377159249,6,2.6373626373626373,1.1733333333333333,1.84
