randomization,name,type,l1,l2,l3,ipr1,ipr2,ipr3,l1_cm,l1_er,l1_reg,l2_mp,l3_mp,l1_lap,l2_lap,l3_lap,alg_conn,clustering_c,clustering_r,deg_assort,Q,N.olap,N.temp,N.nodf,H2,H3,H4,H17,cent_between,cent_close,cent_eigen,diam,mean_path_length,deg_het_row,deg_het_col
empirical,Ollerton2003,ecologicalinteractions,7.04064,3.882919,3.132201,0.11073870939097818,0.0851871434385903,0.11890197144184117,7.351771466069956,5.233138243238354,3.169230769230769,3.2671281250148354,2.030247936751446,9.040640276252526,5.882919108387529,5.132200867976882,-1.8829191083875298,0.7014644126197911,0.890625,-0.5159257741049869,0.44000377038363614,0.2942284938639836,19.039915367440816,35.48889245272494,1022,2870,7737,55155,0.5923506242623443,0.4245703687751003,0.8572202237367087,6,2.9076923076923076,1.5466113677066642,1.6601941747572815
