randomization,name,type,l1,l2,l3,ipr1,ipr2,ipr3,l1_cm,l1_er,l1_reg,l2_mp,l3_mp,l1_lap,l2_lap,l3_lap,alg_conn,clustering_c,clustering_r,deg_assort,Q,N.olap,N.temp,N.nodf,H2,H3,H4,H17,cent_between,cent_close,cent_eigen,diam,mean_path_length,deg_het_row,deg_het_col
empirical,Orford_2016_Farm-2012-B10,ecologicalinteractions,2.802517,1.414214,1.414214,0.1466666666666669,0.1954335637858827,0.12501828877573096,2.8399099910730357,2.8378442701171998,2.3636363636363638,1.9503682365596466,0.7733497055007637,4.802517076888147,3.4142135623730976,3.414213562373093,0.5857864376269042,1,0.625,-0.47967479674796737,NA,NA,NA,NA,25,39,14,5,0.3762962962962964,0.3044968135334717,0.5557887405747036,4,2.2545454545454544,1.1124260355029585,1.2011834319526629
