randomization,name,type,l1,l2,l3,ipr1,ipr2,ipr3,l1_cm,l1_er,l1_reg,l2_mp,l3_mp,l1_lap,l2_lap,l3_lap,alg_conn,clustering_c,clustering_r,deg_assort,Q,N.olap,N.temp,N.nodf,H2,H3,H4,H17,cent_between,cent_close,cent_eigen,diam,mean_path_length,deg_het_row,deg_het_col
empirical,Orford_2016_Field-36,ecologicalinteractions,5.202043,3.608585,2.299275,0.09520832634322807,0.12884128306934498,0.08873101819056828,5.278738157902307,4.072614057452746,2.717948717948718,2.7811805297920618,1.5738053249766086,7.2020426356050695,5.6085851401934255,4.299275435914551,-1.6085851401934264,0.9793388429752066,0.6193004372267333,-0.7154305799648503,0.4432182271270915,NaN,22.21965284632564,33.39927319617842,340,651,1322,4082,0.5058526027016332,0.3227985070035249,0.7397052233437087,6,2.8097165991902835,1.6671413314346744,1.3328586685653256
