randomization,name,type,l1,l2,l3,ipr1,ipr2,ipr3,l1_cm,l1_er,l1_reg,l2_mp,l3_mp,l1_lap,l2_lap,l3_lap,alg_conn,clustering_c,clustering_r,deg_assort,Q,N.olap,N.temp,N.nodf,H2,H3,H4,H17,cent_between,cent_close,cent_eigen,diam,mean_path_length,deg_het_row,deg_het_col
empirical,Orford_2016_Field-4,ecologicalinteractions,5.321329,3.778033,2.748378,0.12746835229431622,0.13830105505244972,0.20207692179331857,5.504295155651011,3.779216628471678,2.4680851063829787,2.7036799798522493,1.5806854244624122,7.321328614428918,5.778033229635373,4.748378471722163,-1.778033229635379,0.7616279069767442,0.49529134785167744,-0.6750396071933922,0.4872175980975031,0.3635890128186424,17.750370382165553,33.60786013581853,453,651,2454,10506,0.6286014342725119,0.37514218144777556,0.8299319575340093,6,2.973172987974098,2.164090368608799,1.2984542211652792
