randomization,name,type,l1,l2,l3,ipr1,ipr2,ipr3,l1_cm,l1_er,l1_reg,l2_mp,l3_mp,l1_lap,l2_lap,l3_lap,alg_conn,clustering_c,clustering_r,deg_assort,Q,N.olap,N.temp,N.nodf,H2,H3,H4,H17,cent_between,cent_close,cent_eigen,diam,mean_path_length,deg_het_row,deg_het_col
empirical,Orford_2016_Farm-2012-B8,ecologicalinteractions,6.2567,3.746285,3.074833,0.06976996430567954,0.12077701289680455,0.11730603885152617,6.599319692829199,4.619192412799271,3.111111111111111,2.969991890780969,1.8034473033115805,8.25670042083816,5.74628495046604,5.074832746948014,-1.7462849504660274,0.9431372549019608,0.6368043255337,-0.699099099099099,0.427721088435374,0.2683739954449873,18.84093927358572,35.1480127873551,630,2009,2660,8921,0.3388293833956239,0.36370820887535055,0.7376528748715965,7,3.0034940600978337,1.6496598639455782,1.6462585034013604
