randomization,name,type,l1,l2,l3,ipr1,ipr2,ipr3,l1_cm,l1_er,l1_reg,l2_mp,l3_mp,l1_lap,l2_lap,l3_lap,alg_conn,clustering_c,clustering_r,deg_assort,Q,N.olap,N.temp,N.nodf,H2,H3,H4,H17,cent_between,cent_close,cent_eigen,diam,mean_path_length,deg_het_row,deg_het_col
empirical,Orford_2016_Field-27,ecologicalinteractions,6.267153,4.167433,2.754068,0.0941921202511737,0.10046402758436267,0.1263388399490679,6.549195886443066,4.744783454302714,3.04,2.922186380558133,1.732588406856846,8.26715322456528,6.167433128566733,4.754067530123337,-2.167433128566728,0.9358024691358025,0.6890021149778889,-0.7378206248422361,0.4272853185595563,0.3485041363945231,21.08645217611323,39.591029739703586,654,1628,3465,14786,0.4504077077606489,0.33677889664118754,0.8057879515769946,6,2.88,1.7506925207756232,1.425207756232687
