randomization,name,type,l1,l2,l3,ipr1,ipr2,ipr3,l1_cm,l1_er,l1_reg,l2_mp,l3_mp,l1_lap,l2_lap,l3_lap,alg_conn,clustering_c,clustering_r,deg_assort,Q,N.olap,N.temp,N.nodf,H2,H3,H4,H17,cent_between,cent_close,cent_eigen,diam,mean_path_length,deg_het_row,deg_het_col
empirical,Orford_2016_Field-58,ecologicalinteractions,4.490529,3.69478,3.177159,0.12594688084302472,0.07936176049780122,0.14803041550110047,4.896915965082965,3.5252088913892843,2.4680851063829787,2.803344443234398,1.6645052959770121,6.490528964322505,5.694780185015816,5.177159135407525,-1.6947801850158113,0.5613207547169812,0.35541699142634453,-0.632373036820726,0.5582639714625444,0.19079117394276043,14.739444948544593,22.47155095256361,310,492,1063,3072,0.47909110621767725,0.2436052739633337,0.8343019613016531,6,3.267345050878816,1.789536266349584,1.4738406658739596
