randomization,name,type,l1,l2,l3,ipr1,ipr2,ipr3,l1_cm,l1_er,l1_reg,l2_mp,l3_mp,l1_lap,l2_lap,l3_lap,alg_conn,clustering_c,clustering_r,deg_assort,Q,N.olap,N.temp,N.nodf,H2,H3,H4,H17,cent_between,cent_close,cent_eigen,diam,mean_path_length,deg_het_row,deg_het_col
empirical,Orford_2016_Field-40,ecologicalinteractions,4.11255,3.174693,2.073249,0.1147809188358235,0.2016542414141781,0.15589007806082014,4.135811682318834,3.663242552782221,2.4,2.8133372019568674,1.5008114747130488,6.112550443335007,5.174692610700615,4.073249175359181,-1.174692610700608,0.8769230769230769,0.47334200260078024,-0.7743231903899661,NA,NA,NA,NA,161,233,396,732,0.48038049940546973,0.3511654903684782,0.7624800683815344,6,3.0091954022988507,1.257716049382716,1.3117283950617287
