randomization,name,type,l1,l2,l3,ipr1,ipr2,ipr3,l1_cm,l1_er,l1_reg,l2_mp,l3_mp,l1_lap,l2_lap,l3_lap,alg_conn,clustering_c,clustering_r,deg_assort,Q,N.olap,N.temp,N.nodf,H2,H3,H4,H17,cent_between,cent_close,cent_eigen,diam,mean_path_length,deg_het_row,deg_het_col
empirical,Orford_2016_Field-51,ecologicalinteractions,5.451027,3.108765,2.321786,0.20027066947014188,0.10956257016030133,0.11839036902059409,6.006500387499907,3.7358315849085204,2.4285714285714284,2.112985170150002,1.1861235557392158,7.451026671798921,5.108765196173185,4.321785557615399,-1.1087651961731706,0.8809523809523809,0.5615866388308977,-0.5577141006961307,0.4421376393694733,0.5367119307460216,20.12855937293087,32.00693156050299,441,571,3062,17717,0.7788353793737491,0.5444743372586294,0.859390268306335,5,2.656213704994193,2.3602460592079972,1.4398308342945023
