randomization,name,type,l1,l2,l3,ipr1,ipr2,ipr3,l1_cm,l1_er,l1_reg,l2_mp,l3_mp,l1_lap,l2_lap,l3_lap,alg_conn,clustering_c,clustering_r,deg_assort,Q,N.olap,N.temp,N.nodf,H2,H3,H4,H17,cent_between,cent_close,cent_eigen,diam,mean_path_length,deg_het_row,deg_het_col
empirical,Orford_2016_Field-7,ecologicalinteractions,4.976908,3.201275,2.51475,0.13863160916239262,0.09986704907743703,0.11197103331280774,5.3124211224090825,3.841280850115999,2.75,2.654336352874425,1.5245258296488358,6.976908184085697,5.2012747462444935,4.514750231479371,-1.2012747462444855,0.7641509433962265,0.556276053728578,-0.53391959798995,0.49024793388429727,0.28551381736700754,17.206279883212336,34.62641815935229,315,645,1220,4267,0.5999867578814949,0.40606259790749155,0.8273445781264043,6,2.9115384615384614,1.776198347107438,1.4654545454545456
