randomization,name,type,l1,l2,l3,ipr1,ipr2,ipr3,l1_cm,l1_er,l1_reg,l2_mp,l3_mp,l1_lap,l2_lap,l3_lap,alg_conn,clustering_c,clustering_r,deg_assort,Q,N.olap,N.temp,N.nodf,H2,H3,H4,H17,cent_between,cent_close,cent_eigen,diam,mean_path_length,deg_het_row,deg_het_col
empirical,Orford_2016_Field-54,ecologicalinteractions,6.421405,4.2166689999999996,3.915711,0.07876326554684929,0.08688622703142258,0.12229418996317508,6.780488900257566,4.610214103034447,2.8524590163934427,3.0232485193725416,1.855388606120188,8.421405173682636,6.2166694226314,5.915711141322958,-2.2166694226313903,0.9123020706455542,0.585088218554354,-0.8219922053463741,0.4547496366759146,0.34513613703716156,16.719995762172196,35.09212642472554,850,1873,5093,23592,0.3860822013902883,0.35259499061197175,0.7912546824775817,5,2.919125683060109,1.9797859690844237,1.4358567842515522
