randomization,name,type,l1,l2,l3,ipr1,ipr2,ipr3,l1_cm,l1_er,l1_reg,l2_mp,l3_mp,l1_lap,l2_lap,l3_lap,alg_conn,clustering_c,clustering_r,deg_assort,Q,N.olap,N.temp,N.nodf,H2,H3,H4,H17,cent_between,cent_close,cent_eigen,diam,mean_path_length,deg_het_row,deg_het_col
empirical,Pantuchek1998,ecologicalinteractions,17.541362,2.913431,2.084779,0.06614863249217075,0.17047808387369812,0.14375889989675714,17.567657328319182,17.364420416509823,7,2.2186499106600865,1.3494450541627314,19.54136215433998,4.91343117550779,4.084779396390065,-0.9134311755078095,1,1,-0.9891614424796068,0.2222222222222223,0.029042292161749646,0.4318436877154883,36.722598968295365,13321,72222,340624,6700870,0.32975751887045834,0.903139479640687,0.7849935780199837,3,1.930243669374104,1.0422437405964275,1.0052852899193705
