randomization,name,type,l1,l2,l3,ipr1,ipr2,ipr3,l1_cm,l1_er,l1_reg,l2_mp,l3_mp,l1_lap,l2_lap,l3_lap,alg_conn,clustering_c,clustering_r,deg_assort,Q,N.olap,N.temp,N.nodf,H2,H3,H4,H17,cent_between,cent_close,cent_eigen,diam,mean_path_length,deg_het_row,deg_het_col
empirical,Passmore2012-Dimona-CF,ecologicalinteractions,3.849685,2.453071,2.382102,0.13700224959125037,0.11895928531403566,0.08049714586954668,4.217692181233731,2.922092221062324,2.3448275862068964,2.162981868444828,1.1675642504935122,5.849684643184366,4.453070705364046,4.382101769706648,-0.4530707053640314,0.41479099678456594,0.5658914728682171,-0.39202159568086387,0.5570934256055361,0.26519379078061206,14.466549531765263,33.92628205128205,116,242,224,373,0.5312704711514236,0.38918216483639567,0.7846899317744116,6,3.0098522167487687,1.6505190311418687,1.846020761245675
