randomization,name,type,l1,l2,l3,ipr1,ipr2,ipr3,l1_cm,l1_er,l1_reg,l2_mp,l3_mp,l1_lap,l2_lap,l3_lap,alg_conn,clustering_c,clustering_r,deg_assort,Q,N.olap,N.temp,N.nodf,H2,H3,H4,H17,cent_between,cent_close,cent_eigen,diam,mean_path_length,deg_het_row,deg_het_col
empirical,Passmore2012-PortoAlegre-FF,ecologicalinteractions,3.223232,2.087901,1.775127,0.13776744692420817,0.13464363322308073,0.11913556830418036,3.4289021004561313,2.744829850663044,2.210526315789474,2.0266973802465316,0.9678678767302273,5.223232350413525,4.0879008347827,3.775126772740895,-0.0879008347826966,0.3877551020408163,0.631578947368421,-0.38621887666473675,0.5124716553287981,0.23885239919722678,20.852444471749678,34.94252873563219,52,97,53,35,0.5390341321713871,0.461116715565501,0.6809674188705006,5,2.818713450292398,1.6598639455782311,1.349206349206349
