randomization,name,type,l1,l2,l3,ipr1,ipr2,ipr3,l1_cm,l1_er,l1_reg,l2_mp,l3_mp,l1_lap,l2_lap,l3_lap,alg_conn,clustering_c,clustering_r,deg_assort,Q,N.olap,N.temp,N.nodf,H2,H3,H4,H17,cent_between,cent_close,cent_eigen,diam,mean_path_length,deg_het_row,deg_het_col
empirical,Petanidou1991,ecologicalinteractions,21.108079,14.075201,11.376813,0.014647962212757553,0.02259823185110053,0.01420724125378748,23.341894048086576,11.01647824633825,7.3896595208070615,6.180094141702466,5.142546495305947,23.108079079118248,16.07520124470965,13.376812784253334,-12.075201244709696,NA,NA,-0.34229079488743186,NA,0.05036364667781365,3.213776265426658,9.25637937859347,73678,1207257,1221576,21948354,0.23291774112512303,0.42542921748154927,0.9259625194957556,6,3.4952615690320608,3.250707171894838,1.6827359666390986
