randomization,name,type,l1,l2,l3,ipr1,ipr2,ipr3,l1_cm,l1_er,l1_reg,l2_mp,l3_mp,l1_lap,l2_lap,l3_lap,alg_conn,clustering_c,clustering_r,deg_assort,Q,N.olap,N.temp,N.nodf,H2,H3,H4,H17,cent_between,cent_close,cent_eigen,diam,mean_path_length,deg_het_row,deg_het_col
empirical,Pilosof2013_1987,ecologicalinteractions,6.23196,3.543978,2.702399,0.07507735538804088,0.07008746433740527,0.1124319462206738,6.373186016428518,4.535466630864094,3.6363636363636362,2.8229637221500514,1.6882714138268535,8.2319600706542,5.543978253080827,4.702398525948515,-1.5439782530808162,0.8331188331188332,0.7237305178481649,-0.4479425100521861,0.3871874999999999,0.29974805883092237,14.301976826974174,41.7247570764681,496,2028,1639,4996,0.42593955243414083,0.353144723853377,0.7597966007230242,6,2.8054968287526427,1.84625,1.44375
