randomization,name,type,l1,l2,l3,ipr1,ipr2,ipr3,l1_cm,l1_er,l1_reg,l2_mp,l3_mp,l1_lap,l2_lap,l3_lap,alg_conn,clustering_c,clustering_r,deg_assort,Q,N.olap,N.temp,N.nodf,H2,H3,H4,H17,cent_between,cent_close,cent_eigen,diam,mean_path_length,deg_het_row,deg_het_col
empirical,Pilosof2013_1985,ecologicalinteractions,7.283127,3.902905,2.91375,0.06927474704544341,0.06700100589747711,0.06714398652068806,7.732811184460975,5.564372100379694,4.326530612244898,3.0181263872728272,1.8354807907445871,9.283126697349664,5.902904822608834,4.913750026347233,-1.9029048226088288,0.9035071441825941,0.7522696441615361,-0.454267330916796,0.3374866500533997,0.3490540530063016,19.22566745741871,47.5438905099922,850,3936,4102,19872,0.5010923253176527,0.4200690606742751,0.7643674258815084,5,2.5884353741496597,1.6753292986828054,1.4866500533997862
