randomization,name,type,l1,l2,l3,ipr1,ipr2,ipr3,l1_cm,l1_er,l1_reg,l2_mp,l3_mp,l1_lap,l2_lap,l3_lap,alg_conn,clustering_c,clustering_r,deg_assort,Q,N.olap,N.temp,N.nodf,H2,H3,H4,H17,cent_between,cent_close,cent_eigen,diam,mean_path_length,deg_het_row,deg_het_col
empirical,Pilosof2013_1984,ecologicalinteractions,8.9045,4.389685,3.431216,0.052643696696475735,0.057169376563783444,0.06301543582712418,9.01497801179329,6.809744701467394,5.096774193548387,3.6054310448415015,2.29319359203643,10.904500164741243,6.389685327258478,5.4312156979817665,-2.389685327258491,0.9530051388992329,0.8534747780904958,-0.5943197007365221,0.30808364044223707,0.29077153280627677,17.320753187961532,47.02163824978039,1608,8930,9089,46025,0.26098221883807216,0.2524863767858885,0.7359063045671139,6,2.6694870438921208,1.5758692517224802,1.3882390642525237
