randomization,name,type,l1,l2,l3,ipr1,ipr2,ipr3,l1_cm,l1_er,l1_reg,l2_mp,l3_mp,l1_lap,l2_lap,l3_lap,alg_conn,clustering_c,clustering_r,deg_assort,Q,N.olap,N.temp,N.nodf,H2,H3,H4,H17,cent_between,cent_close,cent_eigen,diam,mean_path_length,deg_het_row,deg_het_col
empirical,Pilosof2013_1986,ecologicalinteractions,7.378196,3.835481,3.093611,0.06776243948370417,0.05767587350755609,0.09038664880654418,7.301617996685689,5.504470939423092,4.357142857142857,3.3823353591068344,2.127822422398311,9.378196065933555,5.83548076363177,5.093610785227656,-1.8354807636317476,0.8646077055061613,0.7400342712842712,-0.36794756885328334,0.3685837140553613,0.18874833524276446,24.39970525442374,35.355596255596254,901,4477,3890,17402,0.43456046134851994,0.39297589229167285,0.7888219782990208,7,2.883116883116883,1.6404192421392099,1.3974737973662996
