randomization,name,type,l1,l2,l3,ipr1,ipr2,ipr3,l1_cm,l1_er,l1_reg,l2_mp,l3_mp,l1_lap,l2_lap,l3_lap,alg_conn,clustering_c,clustering_r,deg_assort,Q,N.olap,N.temp,N.nodf,H2,H3,H4,H17,cent_between,cent_close,cent_eigen,diam,mean_path_length,deg_het_row,deg_het_col
empirical,Poullain2008,ecologicalinteractions,6.022575,3.735789,3.377881,0.04386854063839998,0.061146813700635114,0.053120180497823286,6.270582320469524,5.211365851662312,4.553191489361702,3.3946838428009887,2.104144231607695,8.022575294850105,5.73578918930145,5.377881481567326,-1.7357891893014519,0.7579617834394905,0.7812235214370445,-0.2605430990229091,0.3754913092846539,0.11128088169508409,25.37189378362565,31.95074564167192,564,2693,1161,2007,0.26142825656213725,0.24383079193851745,0.626641194477426,6,2.6993524514338576,1.423355751594026,1.33190671674382
