randomization,name,type,l1,l2,l3,ipr1,ipr2,ipr3,l1_cm,l1_er,l1_reg,l2_mp,l3_mp,l1_lap,l2_lap,l3_lap,alg_conn,clustering_c,clustering_r,deg_assort,Q,N.olap,N.temp,N.nodf,H2,H3,H4,H17,cent_between,cent_close,cent_eigen,diam,mean_path_length,deg_het_row,deg_het_col
empirical,prado2004,ecologicalinteractions,5.945305,4.830923,3.55048,0.10356846127489584,0.13931173813305944,0.041783147559883556,5.536951015751419,3.8266605642027547,2.892857142857143,3.3072610042306185,2.3035712384824043,7.945304873159921,6.830923325294888,5.550479912947053,-2.8309233252948927,0.5014487335264978,0.5137231503579952,-0.3872763181518944,0.626162170400851,0.09313288271279617,7.188906161721614,13.88811726202317,963,2489,4372,18981,0.3850426352442941,0.2032361763852995,0.9066492754967294,11,4.469433719433719,1.3595488492607835,2.1996646852613932
