randomization,name,type,l1,l2,l3,ipr1,ipr2,ipr3,l1_cm,l1_er,l1_reg,l2_mp,l3_mp,l1_lap,l2_lap,l3_lap,alg_conn,clustering_c,clustering_r,deg_assort,Q,N.olap,N.temp,N.nodf,H2,H3,H4,H17,cent_between,cent_close,cent_eigen,diam,mean_path_length,deg_het_row,deg_het_col
empirical,Primack1983-3,ecologicalinteractions,9.110613,6.126939,4.717104,0.04345288045849599,0.1482654368334679,0.03950913593647469,10.583794508808472,5.298302155161928,4.1437125748503,3.593374179754967,2.6352406413783003,11.110613146595531,8.126939492086377,6.71710422294353,-4.126939492086363,0.506816742408249,0.7800178544859396,-0.2916541025604424,0.4627952821677969,0.13353974994604176,4.678353677373745,15.772074957654128,3403,21955,23182,169183,0.3529638179689703,0.3244390479290288,0.8547241302259722,8,3.3518505158357983,2.903772261017741,1.8631427712252326
