randomization,name,type,l1,l2,l3,ipr1,ipr2,ipr3,l1_cm,l1_er,l1_reg,l2_mp,l3_mp,l1_lap,l2_lap,l3_lap,alg_conn,clustering_c,clustering_r,deg_assort,Q,N.olap,N.temp,N.nodf,H2,H3,H4,H17,cent_between,cent_close,cent_eigen,diam,mean_path_length,deg_het_row,deg_het_col
empirical,Robertson1929,ecologicalinteractions,38.316211,22.355983,18.367682,0.0032031220332083485,0.0066333926728764534,0.0038426617978954245,38.10492693592335,23.100803786965535,20.340000000000003,9.137904439370685,7.961731172155304,40.316211059170875,24.355982882256576,20.367682030301868,-20.355982882256683,NA,NA,-0.03611579186012506,NA,NA,NA,NA,567894,20816065,9855234,175576216,0.03683724303885926,0.20307243548571,0.867035139388573,6,3.1936953524571936,2.824795468191192,1.051516703745278
