randomization,name,type,l1,l2,l3,ipr1,ipr2,ipr3,l1_cm,l1_er,l1_reg,l2_mp,l3_mp,l1_lap,l2_lap,l3_lap,alg_conn,clustering_c,clustering_r,deg_assort,Q,N.olap,N.temp,N.nodf,H2,H3,H4,H17,cent_between,cent_close,cent_eigen,diam,mean_path_length,deg_het_row,deg_het_col
empirical,Schleuning2011_midstory,ecologicalinteractions,5.201362,3.323099,2.444392,0.08351581533541545,0.17822093851914886,0.08546713413967671,5.172102702575306,4.511547853499498,3.0256410256410255,3.150292680332626,1.8073634279775606,7.201361703531627,5.323099348296359,4.444392147612751,-1.323099348296341,0.5895614576899321,0.863406408094435,-0.7406453311270729,0.47559171597633126,0.010373303893613383,36.200233495174665,28.871695680206322,301,868,712,1272,0.3528831956181061,0.42509319723250133,0.7157610306195842,4,2.9554655870445345,1.5535765584602126,1.1080149382361388
