randomization,name,type,l1,l2,l3,ipr1,ipr2,ipr3,l1_cm,l1_er,l1_reg,l2_mp,l3_mp,l1_lap,l2_lap,l3_lap,alg_conn,clustering_c,clustering_r,deg_assort,Q,N.olap,N.temp,N.nodf,H2,H3,H4,H17,cent_between,cent_close,cent_eigen,diam,mean_path_length,deg_het_row,deg_het_col
empirical,Small1976,ecologicalinteractions,8.601381,3.792408,3.537616,0.04488266841547575,0.05841841801698163,0.07699315543961664,8.471467184005709,7.351862091671109,6,3.7347405052813425,2.303887433098751,10.601380570136458,5.792408136554361,5.537616492977496,-1.7924081365543587,0.8981917265296012,0.9741692627206646,-0.6054955584906629,0.2627634424827728,0.09967290345187564,32.57887846602921,40.96126291548827,1167,7669,3926,10589,0.20412760762843563,0.29762252112543,0.6188567738082891,6,2.601295097132285,1.325386046979528,1.2038126854785975
