randomization,name,type,l1,l2,l3,ipr1,ipr2,ipr3,l1_cm,l1_er,l1_reg,l2_mp,l3_mp,l1_lap,l2_lap,l3_lap,alg_conn,clustering_c,clustering_r,deg_assort,Q,N.olap,N.temp,N.nodf,H2,H3,H4,H17,cent_between,cent_close,cent_eigen,diam,mean_path_length,deg_het_row,deg_het_col
empirical,Snow1971,ecologicalinteractions,11.161592,5.193414,4.20078,0.03572662621424606,0.057601423233216695,0.05978674034779851,11.484699060650094,9.539089563741365,7.3125,4.1295488286423945,2.6651906566784254,13.161591886302038,7.193414348182296,6.20078024169522,-3.1934143481822983,1,0.8458040533153097,-0.7059126077340762,0.2838636363636363,0.1898099621287792,30.65686131570362,48.92135642135642,2834,23648,15537,71694,0.15999505991633137,0.2816392435157469,0.609195030229307,4,2.3988095238095237,1.162831470523778,1.4500693987873479
