randomization,name,type,l1,l2,l3,ipr1,ipr2,ipr3,l1_cm,l1_er,l1_reg,l2_mp,l3_mp,l1_lap,l2_lap,l3_lap,alg_conn,clustering_c,clustering_r,deg_assort,Q,N.olap,N.temp,N.nodf,H2,H3,H4,H17,cent_between,cent_close,cent_eigen,diam,mean_path_length,deg_het_row,deg_het_col
empirical,Snow1988,ecologicalinteractions,4.889322,2.944159,2.0009,0.09123621458607091,0.07702731054478466,0.07584426725139895,5.084750276857172,4.343805349374884,3.76,2.6154458445779403,1.3964636338458347,6.8893215495575095,4.9441592902650475,4.000900412623434,-0.9441592902650365,0.9075056861258529,0.6709451575262544,-0.26081848443313127,0.35400633770937073,0.21882503278051224,30.691626973900316,45.41095890410959,196,704,352,589,0.4185021089784116,0.4523269355525872,0.683244250707472,5,2.4466666666666668,1.2612041647804435,1.4291534631054776
