randomization,name,type,l1,l2,l3,ipr1,ipr2,ipr3,l1_cm,l1_er,l1_reg,l2_mp,l3_mp,l1_lap,l2_lap,l3_lap,alg_conn,clustering_c,clustering_r,deg_assort,Q,N.olap,N.temp,N.nodf,H2,H3,H4,H17,cent_between,cent_close,cent_eigen,diam,mean_path_length,deg_het_row,deg_het_col
empirical,stary2008,ecologicalinteractions,3.866357,2.907968,2.836628,0.22394022717169731,0.154159004439184,0.15554326874908123,3.7252585172586565,2.5983384175545177,2,2.455557889238421,1.440697975826086,5.866356524515154,4.907967621787526,4.8366279958572065,-0.9079676217875204,0.10619469026548672,0.05263157894736842,-0.49746394828443546,0.6224489795918359,0.18387589988829658,11.563210474424384,19.576446280991735,164,164,478,1141,0.7688875669244497,0.3560970027592979,0.8919073890349207,8,3.8548199767711964,1.183673469387755,2.5056689342403624
