randomization,name,type,l1,l2,l3,ipr1,ipr2,ipr3,l1_cm,l1_er,l1_reg,l2_mp,l3_mp,l1_lap,l2_lap,l3_lap,alg_conn,clustering_c,clustering_r,deg_assort,Q,N.olap,N.temp,N.nodf,H2,H3,H4,H17,cent_between,cent_close,cent_eigen,diam,mean_path_length,deg_het_row,deg_het_col
empirical,Stenholm2008,ecologicalinteractions,16.955653,5.782392,3.455924,0.028004584133226155,0.029362173305907797,0.060758733342796,17.481356734168962,15.477926206659319,15.130434782608695,2.71749205306263,1.6519847865573083,18.95565255143038,7.782392236390434,5.455924475779813,-3.7823922363904265,0.9974329513371291,1,-0.4291673913190749,0.19975101856043442,0.6193286566796743,6.302308561445027,85.70980753176148,5738,90243,33017,143615,0.02802971919828301,0.22177122459035678,0.2718031713660251,4,1.8434782608695652,1.1716210860087197,1.137204386312591
