randomization,name,type,l1,l2,l3,ipr1,ipr2,ipr3,l1_cm,l1_er,l1_reg,l2_mp,l3_mp,l1_lap,l2_lap,l3_lap,alg_conn,clustering_c,clustering_r,deg_assort,Q,N.olap,N.temp,N.nodf,H2,H3,H4,H17,cent_between,cent_close,cent_eigen,diam,mean_path_length,deg_het_row,deg_het_col
empirical,Trojelsgaard_2015_Site8_TenerifeSouth2,ecologicalinteractions,5.606256,4.067097,3.121903,0.0571637362692899,0.08203376212367727,0.10623031564791534,5.93731724864952,4.22049488982018,2.8656716417910446,3.222344203148629,2.046052596516539,7.606256010718303,6.067097246522456,5.121902686162456,-2.067097246522456,0.9019476158495635,0.44123505976095617,-0.6396815437388929,0.5247395833333334,0.1122601578345645,14.437029211456162,20.454573774653298,583,1767,1910,5109,0.2963442832476028,0.3032668981709639,0.7387231951447277,6,3.3396653098145634,1.478298611111111,1.81640625
