randomization,name,type,l1,l2,l3,ipr1,ipr2,ipr3,l1_cm,l1_er,l1_reg,l2_mp,l3_mp,l1_lap,l2_lap,l3_lap,alg_conn,clustering_c,clustering_r,deg_assort,Q,N.olap,N.temp,N.nodf,H2,H3,H4,H17,cent_between,cent_close,cent_eigen,diam,mean_path_length,deg_het_row,deg_het_col
empirical,Trojelsgaard_2015_Site13_Hierro1,ecologicalinteractions,5.157506,2.822068,2.485096,0.15469021131886443,0.09456827448048001,0.0978498292114412,5.397631955498941,3.8499778174328525,2.6341463414634148,2.6310526893553043,1.5050982116846618,7.1575056709507585,4.822067526645263,4.485095571790549,-0.8220675266452604,0.9314079422382672,0.6872330327479829,-0.48867042321064624,0.4897119341563785,0.2808486831224675,20.71753833207241,31.207605344295988,330,658,1489,6132,0.6257548458485958,0.4464509500345604,0.847206151942845,6,2.970731707317073,1.739368998628258,1.516460905349794
