randomization,name,type,l1,l2,l3,ipr1,ipr2,ipr3,l1_cm,l1_er,l1_reg,l2_mp,l3_mp,l1_lap,l2_lap,l3_lap,alg_conn,clustering_c,clustering_r,deg_assort,Q,N.olap,N.temp,N.nodf,H2,H3,H4,H17,cent_between,cent_close,cent_eigen,diam,mean_path_length,deg_het_row,deg_het_col
empirical,Trojelsgaard_2015_Site12_Gomera2,ecologicalinteractions,5.395076,3.30225,2.875684,0.06883843125724701,0.06548690397604041,0.08193918133417787,5.247797156903075,4.162243591052334,3.076923076923077,3.168642173783251,1.9488080294417527,7.395075589711558,5.302249906389523,4.875684225199326,-1.302249906389541,0.8058529621698787,0.5449900022217286,-0.4032157026519111,0.46265624999999977,0.07527820013685026,25.9774366293598,22.968076896648327,376,1381,783,1283,0.2685213502172316,0.28424602673255694,0.7296379564743166,6,3.2858220211161386,1.2878124999999998,1.6940625000000005
