randomization,name,type,l1,l2,l3,ipr1,ipr2,ipr3,l1_cm,l1_er,l1_reg,l2_mp,l3_mp,l1_lap,l2_lap,l3_lap,alg_conn,clustering_c,clustering_r,deg_assort,Q,N.olap,N.temp,N.nodf,H2,H3,H4,H17,cent_between,cent_close,cent_eigen,diam,mean_path_length,deg_het_row,deg_het_col
empirical,Trojelsgaard_2015_Site1_WesternSahara1,ecologicalinteractions,4.466815,2.875994,2.661255,0.15032758920655978,0.10540128804867585,0.08765328973759105,4.311401277863462,3.4643657309885354,2.425531914893617,2.978793369334155,1.776614056593318,6.466814822277031,4.875994030741076,4.6612554609415655,-0.8759940307410785,0.6387434554973822,0.3821603927986907,-0.5074468656075573,0.5675592489996921,0.10703296993167208,18.96553983792884,18.57243319268636,250,433,718,1952,0.4685225692881649,0.32079981126030493,0.8639826192036082,6,3.4264569842738206,1.5112342259156664,1.4007386888273314
