randomization,name,type,l1,l2,l3,ipr1,ipr2,ipr3,l1_cm,l1_er,l1_reg,l2_mp,l3_mp,l1_lap,l2_lap,l3_lap,alg_conn,clustering_c,clustering_r,deg_assort,Q,N.olap,N.temp,N.nodf,H2,H3,H4,H17,cent_between,cent_close,cent_eigen,diam,mean_path_length,deg_het_row,deg_het_col
empirical,Trojelsgaard_2015_Site14_Hierro2,ecologicalinteractions,4.805766,3.134959,2.621404,0.13239833389127365,0.1156912960826011,0.08555310270770497,4.986685874514288,3.4643657309885354,2.425531914893617,2.724478186692634,1.6145737261486488,6.805765739582848,5.134958762702833,4.621403875058465,-1.1349587627028284,0.9384615384615385,0.45682613768961494,-0.4932638311802777,0.5333948907356112,0.18153943410429446,17.72763100205625,22.56446319737459,300,548,1123,3637,0.43659710572281446,0.332785981643933,0.8478379758673362,8,3.753931544865865,1.763619575253924,1.605724838411819
