randomization,name,type,l1,l2,l3,ipr1,ipr2,ipr3,l1_cm,l1_er,l1_reg,l2_mp,l3_mp,l1_lap,l2_lap,l3_lap,alg_conn,clustering_c,clustering_r,deg_assort,Q,N.olap,N.temp,N.nodf,H2,H3,H4,H17,cent_between,cent_close,cent_eigen,diam,mean_path_length,deg_het_row,deg_het_col
empirical,Vazquez-CerroLopez,ecologicalinteractions,4.201432,2.900306,2.626204,0.1411307647472174,0.1462131709512096,0.12188064680667861,4.1057810482938475,3.1818810215830715,2.2,2.762941468408486,1.5812373139886187,6.201431803413647,4.900306301873324,4.62620401072134,-0.9003063018733376,0.3399503722084367,0.5818181818181818,-0.6026426321316063,0.605888429752066,0.15622709716316693,20.737076718268103,20.082118898912793,196,247,572,1356,0.4425297299791226,0.33815472674203784,0.8393248847523378,7,3.5692307692307694,1.3553719008264462,1.6446280991735538
