randomization,name,type,l1,l2,l3,ipr1,ipr2,ipr3,l1_cm,l1_er,l1_reg,l2_mp,l3_mp,l1_lap,l2_lap,l3_lap,alg_conn,clustering_c,clustering_r,deg_assort,Q,N.olap,N.temp,N.nodf,H2,H3,H4,H17,cent_between,cent_close,cent_eigen,diam,mean_path_length,deg_het_row,deg_het_col
empirical,Wichels1998,ecologicalinteractions,15.092495,4.529928,4.205366,0.05087510007296556,0.07058273202588675,0.09241276500151288,15.45972845774414,9.56728773372486,7.851851851851852,3.0520518760446906,2.021446155576703,17.092495040766522,6.529928163260547,6.205366328510061,-2.5299281632605544,0.9974729214398258,0.9522266146127467,-0.6521193752915799,0.2142913650567623,0.7007091375863882,13.294592348404615,70.1410526464231,6936,58843,95367,1122670,0.23242178426645962,0.604672560922161,0.7543115995747538,4,2.2808641975308643,1.1202088524979235,2.738578379019817
