randomization,name,type,l1,l2,l3,ipr1,ipr2,ipr3,l1_cm,l1_er,l1_reg,l2_mp,l3_mp,l1_lap,l2_lap,l3_lap,alg_conn,clustering_c,clustering_r,deg_assort,Q,N.olap,N.temp,N.nodf,H2,H3,H4,H17,cent_between,cent_close,cent_eigen,diam,mean_path_length,deg_het_row,deg_het_col
configuration,HMP_160178356,microbiome,68.16116,35.142502,34.798591,0.012692736819587385,0.15816144474570556,0.12796184663365315,68.46229583494821,51.48387607983488,4.44472963723477,29.430330959541568,26.434329642143204,70.16115966027819,37.14250156262484,36.79859127356248,-33.14250156262468,NA,NA,-0.9022486142358652,NA,NA,NA,NA,14574607,91292185,5708635808,1739049398600,0.11380825023882607,0.4314035450032458,0.9739897806108838,6,3.6317392591275506,1.1642148708547586,1.8787034041950088
