randomization,name,type,l1,l2,l3,ipr1,ipr2,ipr3,l1_cm,l1_er,l1_reg,l2_mp,l3_mp,l1_lap,l2_lap,l3_lap,alg_conn,clustering_c,clustering_r,deg_assort,Q,N.olap,N.temp,N.nodf,H2,H3,H4,H17,cent_between,cent_close,cent_eigen,diam,mean_path_length,deg_het_row,deg_het_col
configuration,HMP_158499257,microbiome,90.892291,40.780755,39.315157,0.01315833755344293,0.15790522785851188,0.13145306467847356,91.93404165266148,65.84275733983898,5.387129724208376,32.944749221114996,29.667289432900162,92.89229087319546,42.780754622229594,41.31515739627336,-38.78075462222968,NA,NA,-0.8728589302886883,NA,NA,NA,NA,26267797,232111481,14298329767,6141142758415,0.13341944130775002,0.4246107531164047,0.9774636965295184,5,3.506898115419642,1.1596291715493259,2.0480373582021043
