randomization,name,type,l1,l2,l3,ipr1,ipr2,ipr3,l1_cm,l1_er,l1_reg,l2_mp,l3_mp,l1_lap,l2_lap,l3_lap,alg_conn,clustering_c,clustering_r,deg_assort,Q,N.olap,N.temp,N.nodf,H2,H3,H4,H17,cent_between,cent_close,cent_eigen,diam,mean_path_length,deg_het_row,deg_het_col
configuration,HMP_160239046,microbiome,51.113517,29.969911,29.042531,0.02792643835776175,0.1393940065552682,0.10299448067617042,51.41316786240399,40.135447950833246,3.649744338933528,24.072390800578635,20.994208459267536,53.11351711589232,31.969910897955707,31.042531090665282,-27.96991089795559,NA,NA,-0.8593832103336059,NA,NA,NA,NA,4399547,17120829,1388842611,343075293403,0.21942728989866978,0.3958574725290722,0.9719778058432529,4,3.4844593427192465,1.2321910436875512,1.6427014370882196
