randomization,name,type,l1,l2,l3,ipr1,ipr2,ipr3,l1_cm,l1_er,l1_reg,l2_mp,l3_mp,l1_lap,l2_lap,l3_lap,alg_conn,clustering_c,clustering_r,deg_assort,Q,N.olap,N.temp,N.nodf,H2,H3,H4,H17,cent_between,cent_close,cent_eigen,diam,mean_path_length,deg_het_row,deg_het_col
configuration,HMP_158822939,microbiome,80.832826,45.202221,42.413129,0.0316212072942447,0.12957010786217954,0.07616083598853163,81.55575100657238,61.023831260114264,4.159205879545672,32.969341172944986,29.392412778266692,82.83282648455754,47.202220884920266,44.413129073540354,-43.202220884920244,NA,NA,-0.8032699729951411,NA,NA,NA,NA,21151257,99232905,15316784889,9010961518251,0.27674108587454854,0.38569774223623926,0.9833819100047615,4,3.36641891584333,1.3356820691026356,1.6461800276503298
