randomization,name,type,l1,l2,l3,ipr1,ipr2,ipr3,l1_cm,l1_er,l1_reg,l2_mp,l3_mp,l1_lap,l2_lap,l3_lap,alg_conn,clustering_c,clustering_r,deg_assort,Q,N.olap,N.temp,N.nodf,H2,H3,H4,H17,cent_between,cent_close,cent_eigen,diam,mean_path_length,deg_het_row,deg_het_col
configuration,HMP_160987560,microbiome,67.974107,36.732356,35.262476,0.0161491885949175,0.16569453224495606,0.13974453813218857,68.71542475386191,47.79994284494971,4.349067377236391,27.226818218639036,24.37718274402555,69.97410686466706,38.732355585554075,37.262476482323194,-34.73235558555396,NA,NA,-0.8240839650699372,NA,NA,NA,NA,12470717,80584880,4984924070,1616220634136,0.16115381072130147,0.4192290157881107,0.9794043543958374,8,3.6168947168797034,1.287012247125914,1.9884737738749043
