randomization,name,type,l1,l2,l3,ipr1,ipr2,ipr3,l1_cm,l1_er,l1_reg,l2_mp,l3_mp,l1_lap,l2_lap,l3_lap,alg_conn,clustering_c,clustering_r,deg_assort,Q,N.olap,N.temp,N.nodf,H2,H3,H4,H17,cent_between,cent_close,cent_eigen,diam,mean_path_length,deg_het_row,deg_het_col
configuration,HMP_161554003,microbiome,63.824312,33.104485,32.289685,0.015025713597845127,0.14733489361295424,0.09802212559305132,64.61598746786572,44.70102299995645,4.691122868900647,24.686344207173725,21.984702051869203,65.82431173828215,35.10448479691211,34.28968505377493,-31.104484796911844,NA,NA,-0.8033975457494559,NA,NA,NA,NA,8570213,64183469,2725387753,722564314923,0.15684938878349503,0.42719051108812317,0.9764238205808027,6,3.6053615188453696,1.2448624814370435,2.071597024264097
