randomization,name,type,l1,l2,l3,ipr1,ipr2,ipr3,l1_cm,l1_er,l1_reg,l2_mp,l3_mp,l1_lap,l2_lap,l3_lap,alg_conn,clustering_c,clustering_r,deg_assort,Q,N.olap,N.temp,N.nodf,H2,H3,H4,H17,cent_between,cent_close,cent_eigen,diam,mean_path_length,deg_het_row,deg_het_col
configuration,HMP_765701615,microbiome,50.776505,31.360473,30.623229,0.030918497839770777,0.13602513467347255,0.1142509192993907,50.514612502838204,41.63389497027369,3.4969037656903765,25.79480870514949,22.554130155862808,52.776505346579626,33.360472659169126,32.62322946105634,-29.360472659168973,NA,NA,-0.8526290003799978,NA,NA,NA,NA,4892586,16595669,1651439137,439105819761,0.23412047908138714,0.33943531093163665,0.9764005042506005,4,3.507227553709029,1.1646399252906885,1.555945970182154
