randomization,name,type,l1,l2,l3,ipr1,ipr2,ipr3,l1_cm,l1_er,l1_reg,l2_mp,l3_mp,l1_lap,l2_lap,l3_lap,alg_conn,clustering_c,clustering_r,deg_assort,Q,N.olap,N.temp,N.nodf,H2,H3,H4,H17,cent_between,cent_close,cent_eigen,diam,mean_path_length,deg_het_row,deg_het_col
configuration,HMP_370027359,microbiome,57.521711,36.18261,32.405129,0.05221959641610879,0.09881622287242683,0.08958238588164738,57.7787303771808,43.861265570157414,3.773740458015267,25.697824346723575,22.564129992959177,59.52171141268115,38.18261025663923,34.40512861804279,-34.182610256639194,NA,NA,-0.6640266287279717,NA,NA,NA,NA,6776349,26005894,3088257819,1234547907557,0.3543779288287243,0.3758850544061918,0.9840883988288304,4,3.4442659038906935,1.3296440683992548,1.611279104011348
