randomization,name,type,l1,l2,l3,ipr1,ipr2,ipr3,l1_cm,l1_er,l1_reg,l2_mp,l3_mp,l1_lap,l2_lap,l3_lap,alg_conn,clustering_c,clustering_r,deg_assort,Q,N.olap,N.temp,N.nodf,H2,H3,H4,H17,cent_between,cent_close,cent_eigen,diam,mean_path_length,deg_het_row,deg_het_col
configuration,HMP_160603188,microbiome,74.25019,33.708504,33.359591,0.012084693880569042,0.13620912686940467,0.10187777542986351,75.0641059871715,52.082745570551225,4.9432565028232895,27.897680165113094,25.02672832211284,76.25019024803133,35.70850436726425,35.3595913035846,-31.708504367264123,NA,NA,-0.8607639078592947,NA,NA,NA,NA,14172319,119398541,5369550108,1597479617789,0.10718369258895853,0.42889559424132734,0.9734708277462866,5,3.6089062877831104,1.1889808767582661,2.1482886030668236
