randomization,name,type,l1,l2,l3,ipr1,ipr2,ipr3,l1_cm,l1_er,l1_reg,l2_mp,l3_mp,l1_lap,l2_lap,l3_lap,alg_conn,clustering_c,clustering_r,deg_assort,Q,N.olap,N.temp,N.nodf,H2,H3,H4,H17,cent_between,cent_close,cent_eigen,diam,mean_path_length,deg_het_row,deg_het_col
configuration,HMP_161351702,microbiome,63.428435,34.107717,33.402226,0.013541136432314246,0.11134604280323772,0.13018118201997128,63.59317279360481,47.88263404628098,4.50996015936255,27.451901097719574,24.600526686862334,65.42843490520288,36.10771651575443,35.40222586131025,-32.10771651575371,NA,NA,-0.8541673364161179,NA,NA,NA,NA,11477369,71985535,3977706595,1106560056267,0.11954741645882748,0.32555508485763807,0.9750458369151509,6,3.6416588244714503,1.1753017172024238,1.8563712559403516
