randomization,name,type,l1,l2,l3,ipr1,ipr2,ipr3,l1_cm,l1_er,l1_reg,l2_mp,l3_mp,l1_lap,l2_lap,l3_lap,alg_conn,clustering_c,clustering_r,deg_assort,Q,N.olap,N.temp,N.nodf,H2,H3,H4,H17,cent_between,cent_close,cent_eigen,diam,mean_path_length,deg_het_row,deg_het_col
configuration,HMP_160036745,microbiome,54.619308,29.710642,29.570266,0.02243391714848067,0.11019868334851711,0.12567401681980442,55.125791727630926,41.317994868564156,4.056782334384858,23.817192178626673,20.89042709731804,56.61930825333344,31.71064155566475,31.57026607347483,-27.710641555664886,NA,NA,-0.8253800706062554,NA,NA,NA,NA,5129974,26031321,1575752749,382326688138,0.177542901000875,0.3667431806901996,0.9710904555646004,4,3.516377411442785,1.2349434999834414,1.782046205473101
