randomization,name,type,l1,l2,l3,ipr1,ipr2,ipr3,l1_cm,l1_er,l1_reg,l2_mp,l3_mp,l1_lap,l2_lap,l3_lap,alg_conn,clustering_c,clustering_r,deg_assort,Q,N.olap,N.temp,N.nodf,H2,H3,H4,H17,cent_between,cent_close,cent_eigen,diam,mean_path_length,deg_het_row,deg_het_col
configuration,HMP_764487809,microbiome,53.298528,31.973647,30.299961,0.025809149932047738,0.14572905385085175,0.10687036516733672,53.22468173276346,38.77921788741058,3.72103520914836,23.597788884687997,20.7660684099036,55.29852788457496,33.97364697191618,32.29996135538868,-29.973646971916345,NA,NA,-0.8310252051594649,NA,NA,NA,NA,5609133,23331105,1857543532,487616578353,0.2135784620757169,0.32838554189434177,0.9766962492103718,6,3.5488682636262707,1.3923601977785478,1.6755480107113967
