randomization,name,type,l1,l2,l3,ipr1,ipr2,ipr3,l1_cm,l1_er,l1_reg,l2_mp,l3_mp,l1_lap,l2_lap,l3_lap,alg_conn,clustering_c,clustering_r,deg_assort,Q,N.olap,N.temp,N.nodf,H2,H3,H4,H17,cent_between,cent_close,cent_eigen,diam,mean_path_length,deg_het_row,deg_het_col
configuration,HMP_158114885,microbiome,73.052501,40.863472,36.698873,0.03603739077762465,0.12321396488556118,0.13079892886495695,74.2247994255498,53.50726496452649,4.365568030906676,28.42605622538465,25.184141154663404,75.05250102473775,42.8634715841692,38.69887320822258,-38.86347158416895,NA,NA,-0.713806940139981,NA,NA,NA,NA,13529988,68735255,8066586717,4115108778432,0.32753653491352924,0.36487139005844466,0.9837400970832262,4,3.357147628085129,1.4056921181180988,1.6848270469496431
