randomization,name,type,l1,l2,l3,ipr1,ipr2,ipr3,l1_cm,l1_er,l1_reg,l2_mp,l3_mp,l1_lap,l2_lap,l3_lap,alg_conn,clustering_c,clustering_r,deg_assort,Q,N.olap,N.temp,N.nodf,H2,H3,H4,H17,cent_between,cent_close,cent_eigen,diam,mean_path_length,deg_het_row,deg_het_col
configuration,HMP_764083206,microbiome,92.767083,36.77872,36.677247,0.01231808167279984,0.10206714753844237,0.12280765689649159,93.63183933689943,67.08791015755394,5.773096183733379,32.26123106451346,28.984264671340863,94.76708344361016,38.778720311911385,38.6772471717771,NA,NA,NA,-0.8990271438904862,NA,NA,NA,NA,24214118,240635328,12251147086,4794981956082,0.10426168065856516,0.3956086914189322,0.9737267362330366,4,3.4764485044047415,1.1233771045601646,2.0978658161075088
