randomization,name,type,l1,l2,l3,ipr1,ipr2,ipr3,l1_cm,l1_er,l1_reg,l2_mp,l3_mp,l1_lap,l2_lap,l3_lap,alg_conn,clustering_c,clustering_r,deg_assort,Q,N.olap,N.temp,N.nodf,H2,H3,H4,H17,cent_between,cent_close,cent_eigen,diam,mean_path_length,deg_het_row,deg_het_col
configuration,HMP_160421117,microbiome,74.417145,38.930111,35.562142,0.012533527376939179,0.18810211167733606,0.15894188766584894,75.06470932557271,55.458620235303584,4.854531126871552,30.373879403471623,27.3695603660294,76.4171452962887,40.930110874702464,37.56214245577503,-36.930110874702294,NA,NA,-0.8353812207709672,NA,NA,NA,NA,17822439,134787782,7492514426,2554194829028,0.14014420071731062,0.4254197760974954,0.9799621303974675,4,3.628763395334877,1.1242887956687662,2.006276837017807
