randomization,name,type,l1,l2,l3,ipr1,ipr2,ipr3,l1_cm,l1_er,l1_reg,l2_mp,l3_mp,l1_lap,l2_lap,l3_lap,alg_conn,clustering_c,clustering_r,deg_assort,Q,N.olap,N.temp,N.nodf,H2,H3,H4,H17,cent_between,cent_close,cent_eigen,diam,mean_path_length,deg_het_row,deg_het_col
configuration,HMP_763982056,microbiome,48.750728,29.360233,28.959519,0.02417464454513049,0.07645349249449888,0.11000989509682375,48.45309006750931,37.03369853783727,3.7611413914716256,22.888650362526118,20.11223958620323,50.75072760769126,31.360233403695815,30.95951937801087,-27.36023340369554,NA,NA,-0.8037512969383722,NA,NA,NA,NA,4436533,18295275,1246056196,279626711821,0.17936431265495967,0.33669455027146444,0.9736503526603317,4,3.588447311221705,1.2876467500837347,1.6476192827101424
