randomization,name,type,l1,l2,l3,ipr1,ipr2,ipr3,l1_cm,l1_er,l1_reg,l2_mp,l3_mp,l1_lap,l2_lap,l3_lap,alg_conn,clustering_c,clustering_r,deg_assort,Q,N.olap,N.temp,N.nodf,H2,H3,H4,H17,cent_between,cent_close,cent_eigen,diam,mean_path_length,deg_het_row,deg_het_col
configuration,HMP_158984779,microbiome,65.100685,38.365909,36.597159,0.020727212397698643,0.13196359149816697,0.07629917828576084,65.3968718815744,48.0552642026419,4.52076802507837,27.268898418185447,24.407113819045474,67.100685219375,40.365908854477084,38.59715868160363,-36.365908854476935,NA,NA,-0.7224529886106738,NA,NA,NA,NA,12248245,71486813,5129968507,1816923162077,0.183815987387693,0.32560558481014323,0.9807946340240992,4,3.5928307544794538,1.2858265204881516,1.7807034674191262
