randomization,name,type,l1,l2,l3,ipr1,ipr2,ipr3,l1_cm,l1_er,l1_reg,l2_mp,l3_mp,l1_lap,l2_lap,l3_lap,alg_conn,clustering_c,clustering_r,deg_assort,Q,N.olap,N.temp,N.nodf,H2,H3,H4,H17,cent_between,cent_close,cent_eigen,diam,mean_path_length,deg_het_row,deg_het_col
configuration,HMP_159733294,microbiome,78.4664,44.521089,43.166695,0.024970552939208978,0.14467900271742545,0.10054545486562232,78.7676077760633,60.53628730429658,4.126067182637836,34.29487393289179,30.77300880410263,80.4663996707825,46.521088722202514,45.166694838145155,-42.521088722202165,NA,NA,-0.8028234139357129,NA,NA,NA,NA,23418522,110317612,15823429498,8541268739732,0.19991309706564547,0.352950319421773,0.9816808543187762,4,3.489804598591923,1.2600763711890992,1.6591250663901667
