randomization,name,type,l1,l2,l3,ipr1,ipr2,ipr3,l1_cm,l1_er,l1_reg,l2_mp,l3_mp,l1_lap,l2_lap,l3_lap,alg_conn,clustering_c,clustering_r,deg_assort,Q,N.olap,N.temp,N.nodf,H2,H3,H4,H17,cent_between,cent_close,cent_eigen,diam,mean_path_length,deg_het_row,deg_het_col
configuration,HMP_159611913,microbiome,67.622476,36.236014,29.355888,0.015641038801342343,0.16631637970202445,0.10722402979815643,68.50845286405898,48.220547797934266,4.965449591280654,25.959355030936027,23.181240793750813,69.62247648056898,38.2360138379221,31.355888031870137,-34.23601383792212,NA,NA,-0.7531349637117625,NA,NA,NA,NA,10165547,83753949,3479586820,1044679141995,0.19841854283326035,0.3852761809758975,0.9815873823871516,4,3.60633540232466,1.171156110749093,2.1188937812649695
