randomization,name,type,l1,l2,l3,ipr1,ipr2,ipr3,l1_cm,l1_er,l1_reg,l2_mp,l3_mp,l1_lap,l2_lap,l3_lap,alg_conn,clustering_c,clustering_r,deg_assort,Q,N.olap,N.temp,N.nodf,H2,H3,H4,H17,cent_between,cent_close,cent_eigen,diam,mean_path_length,deg_het_row,deg_het_col
configuration,HMP_158236265,microbiome,50.689149,31.827232,30.619195,0.030847673602116828,0.13806398772832362,0.12225001108742067,50.56297143114365,39.70571790065645,3.707580617930103,24.13890416658349,21.135361880262415,52.68914949056539,33.827231679478324,32.61919547467271,-29.827231679478253,NA,NA,-0.7958461805896185,NA,NA,NA,NA,4799852,17967786,1569110947,415001301729,0.23456725120669444,0.30902090834865703,0.9758171038443691,6,3.5109227658359963,1.2726596129408994,1.5748354683627457
