randomization,name,type,l1,l2,l3,ipr1,ipr2,ipr3,l1_cm,l1_er,l1_reg,l2_mp,l3_mp,l1_lap,l2_lap,l3_lap,alg_conn,clustering_c,clustering_r,deg_assort,Q,N.olap,N.temp,N.nodf,H2,H3,H4,H17,cent_between,cent_close,cent_eigen,diam,mean_path_length,deg_het_row,deg_het_col
configuration,HMP_159166850,microbiome,98.851912,48.387399,43.259398,0.018828077087179325,0.17431998410219196,0.10003396373839922,101.19660181263856,68.8374151741042,5.74471188913202,33.15802624178527,29.941932054890252,100.85191194224706,50.38739874084841,45.259397668687136,-46.38739874084814,NA,NA,-0.7002624238886315,NA,NA,NA,NA,36419579,314035874,27098510777,17061212178926,0.2104304516675182,0.4026487565113547,0.983369010750731,4,3.4196496958585723,1.3594956023545248,1.9271630859841
