randomization,name,type,l1,l2,l3,ipr1,ipr2,ipr3,l1_cm,l1_er,l1_reg,l2_mp,l3_mp,l1_lap,l2_lap,l3_lap,alg_conn,clustering_c,clustering_r,deg_assort,Q,N.olap,N.temp,N.nodf,H2,H3,H4,H17,cent_between,cent_close,cent_eigen,diam,mean_path_length,deg_het_row,deg_het_col
configuration,HMP_161331472,microbiome,70.557856,41.390834,35.650813,0.026817814381647535,0.13193887962102446,0.13657231900925168,72.25518906800622,50.17820398526866,4.4152262963333,27.816672437859385,24.84923214457164,72.5578557629299,43.39083401609196,37.65081250391012,-39.39083401609213,NA,NA,-0.6598090750823147,NA,NA,NA,NA,12932435,83963712,6300227809,2846514975379,0.2738548507758628,0.393244983102117,0.9853450523342085,4,3.5647977172263587,1.2687528740363294,2.019728682286131
