randomization,name,type,l1,l2,l3,ipr1,ipr2,ipr3,l1_cm,l1_er,l1_reg,l2_mp,l3_mp,l1_lap,l2_lap,l3_lap,alg_conn,clustering_c,clustering_r,deg_assort,Q,N.olap,N.temp,N.nodf,H2,H3,H4,H17,cent_between,cent_close,cent_eigen,diam,mean_path_length,deg_het_row,deg_het_col
configuration,HMP_764669880,microbiome,69.910354,31.824207,29.074552,0.014805210816805149,0.18357889380310216,0.10256590075477724,71.10238626341537,44.55508309146328,5.167333425300042,22.725304391624014,20.14715511481655,71.9103542555829,33.82420704519774,31.074551879882634,-29.82420704519783,NA,NA,-0.8386756969796302,NA,NA,NA,NA,8458978,75387276,2759189295,717728634241,0.1643192950660971,0.36640038507932443,0.9740113180964288,6,3.5111108421135655,1.4411075318126394,2.1659133684903553
