randomization,name,type,l1,l2,l3,ipr1,ipr2,ipr3,l1_cm,l1_er,l1_reg,l2_mp,l3_mp,l1_lap,l2_lap,l3_lap,alg_conn,clustering_c,clustering_r,deg_assort,Q,N.olap,N.temp,N.nodf,H2,H3,H4,H17,cent_between,cent_close,cent_eigen,diam,mean_path_length,deg_het_row,deg_het_col
configuration,HMP_159915365,microbiome,72.424951,36.099173,35.848781,0.013767648734483145,0.09059266192659124,0.12092287548160989,73.3246370892576,48.992477495853684,4.893420150788211,26.787246499292852,24.112370964204594,74.42495069329698,38.09917311673044,37.84878086799811,-34.09917311672911,NA,NA,-0.7736077494105081,NA,NA,NA,NA,15683626,118078601,6526239770,2190855964147,0.11625883437672371,0.35044642223026423,0.9757230572586678,6,3.614087547272905,1.3809312549319217,1.9997624992017136
