randomization,name,type,l1,l2,l3,ipr1,ipr2,ipr3,l1_cm,l1_er,l1_reg,l2_mp,l3_mp,l1_lap,l2_lap,l3_lap,alg_conn,clustering_c,clustering_r,deg_assort,Q,N.olap,N.temp,N.nodf,H2,H3,H4,H17,cent_between,cent_close,cent_eigen,diam,mean_path_length,deg_het_row,deg_het_col
configuration,HMP_159510762,microbiome,99.360229,39.995321,36.934842,0.008666826150692766,0.19998258158633536,0.1361855378867563,100.95947505932583,66.00511458557757,6.804784342152954,30.532255542693186,27.665652201326537,101.36022900265473,41.99532062228567,38.93484215940227,-37.99532062228558,NA,NA,-0.8253592784781807,NA,NA,NA,NA,29985829,407687393,13947806334,5255243048190,0.10866754249419859,0.40347595804611974,0.978314846773511,4,3.55254853124652,1.192167527717771,2.3481816362933268
