randomization,name,type,l1,l2,l3,ipr1,ipr2,ipr3,l1_cm,l1_er,l1_reg,l2_mp,l3_mp,l1_lap,l2_lap,l3_lap,alg_conn,clustering_c,clustering_r,deg_assort,Q,N.olap,N.temp,N.nodf,H2,H3,H4,H17,cent_between,cent_close,cent_eigen,diam,mean_path_length,deg_het_row,deg_het_col
configuration,HMP_763476303,microbiome,50.474779,33.89225,28.4085,0.08229731969529831,0.06278927842457434,0.12295872684467751,50.32007198005757,38.63494626933479,3.3277133825079033,24.213675393126906,21.12236175570824,52.474779122048886,35.89224993141185,30.408499919601205,-31.892249931411975,NA,NA,-0.6409157618759974,NA,NA,NA,NA,4597993,13622424,1895822532,709154629234,0.4161971879815828,0.3679048265648352,0.9856239319275428,4,3.47860450885555,1.33107259898974,1.565244350180704
