randomization,name,type,l1,l2,l3,ipr1,ipr2,ipr3,l1_cm,l1_er,l1_reg,l2_mp,l3_mp,l1_lap,l2_lap,l3_lap,alg_conn,clustering_c,clustering_r,deg_assort,Q,N.olap,N.temp,N.nodf,H2,H3,H4,H17,cent_between,cent_close,cent_eigen,diam,mean_path_length,deg_het_row,deg_het_col
configuration,HMP_132902142,microbiome,51.896797,34.697935,33.958443,0.05752997532054405,0.12341440412449983,0.12629047518081454,51.27034652830202,39.52061158670923,3.3042121684867394,24.116695386069985,20.927831412189512,53.89679687666229,36.697934984188954,35.958442960987234,-32.69793498418883,NA,NA,-0.7866401711645918,NA,NA,NA,NA,5059048,11743451,2280470191,825259246556,0.3516397997042022,0.3817098606917539,0.9781937343004502,6,3.299237967178137,1.5504092635095916,1.3296041406408132
