randomization,name,type,l1,l2,l3,ipr1,ipr2,ipr3,l1_cm,l1_er,l1_reg,l2_mp,l3_mp,l1_lap,l2_lap,l3_lap,alg_conn,clustering_c,clustering_r,deg_assort,Q,N.olap,N.temp,N.nodf,H2,H3,H4,H17,cent_between,cent_close,cent_eigen,diam,mean_path_length,deg_het_row,deg_het_col
configuration,HMP_159713063,microbiome,89.0579,45.204442,41.83709,0.01850343976017987,0.16478439382971635,0.11323010647217324,90.59420820143022,59.971854856436984,5.603051173813227,30.168017988644156,27.2688997311259,91.057900311389,47.204442220238505,43.837090437765255,-43.20444222023849,NA,NA,-0.6592977845926411,NA,NA,NA,NA,28553140,241459941,17948649580,9665308948161,0.18544384577125678,0.3594929939656056,0.9836347231432315,4,3.508407009472804,1.4333201390672654,1.9399087550615468
