randomization,name,type,l1,l2,l3,ipr1,ipr2,ipr3,l1_cm,l1_er,l1_reg,l2_mp,l3_mp,l1_lap,l2_lap,l3_lap,alg_conn,clustering_c,clustering_r,deg_assort,Q,N.olap,N.temp,N.nodf,H2,H3,H4,H17,cent_between,cent_close,cent_eigen,diam,mean_path_length,deg_het_row,deg_het_col
configuration,HMP_159369152,microbiome,63.807338,30.727237,30.048386,0.013333877899076743,0.15170166306478275,0.15040849940732667,64.37551186455424,45.35523761546949,4.94700771019459,24.547000925383166,21.845258137631404,65.807337562302,32.727236878139024,32.04838585203412,-28.7272368781391,NA,NA,-0.8274760114247725,NA,NA,NA,NA,8241771,65740566,2444933346,579123714085,0.12221583061955747,0.38246178859777874,0.9714515944776233,4,3.5967573172399567,1.205984963136461,2.054579274987999
