randomization,name,type,l1,l2,l3,ipr1,ipr2,ipr3,l1_cm,l1_er,l1_reg,l2_mp,l3_mp,l1_lap,l2_lap,l3_lap,alg_conn,clustering_c,clustering_r,deg_assort,Q,N.olap,N.temp,N.nodf,H2,H3,H4,H17,cent_between,cent_close,cent_eigen,diam,mean_path_length,deg_het_row,deg_het_col
configuration,HMP_160866180,microbiome,63.090552,41.870221,35.882151,0.04409961537977969,0.09569432447760753,0.13236441467599894,62.61456390158744,44.384855493712195,4.210683012259194,26.40567311254588,23.726127249163536,65.09055226404159,43.87022070502109,37.882151389311616,-39.87022070502114,NA,NA,-0.5801790640515021,NA,NA,NA,NA,12754930,64946791,6101575343,2814574788205,0.26325738973003915,0.30742373966362335,0.9883598260064713,6,3.645900424968433,1.4098856616592828,1.7530203207005224
