randomization,name,type,l1,l2,l3,ipr1,ipr2,ipr3,l1_cm,l1_er,l1_reg,l2_mp,l3_mp,l1_lap,l2_lap,l3_lap,alg_conn,clustering_c,clustering_r,deg_assort,Q,N.olap,N.temp,N.nodf,H2,H3,H4,H17,cent_between,cent_close,cent_eigen,diam,mean_path_length,deg_het_row,deg_het_col
configuration,HMP_206906765,microbiome,42.50065,27.217282,26.246468,0.0253792014692331,0.15442150280213457,0.11458331573638027,42.31878049763853,34.18068415416894,3.4301850048685494,22.11129978017849,19.257856478438747,44.50065032546723,29.217281671366397,28.2464678046213,-25.217281671366493,NA,NA,-0.8448832569558361,NA,NA,NA,NA,2886906,9791876,683966692,127451923248,0.19748295592242832,0.33421331275385235,0.9706753062749958,4,3.595340910340935,1.1897059134281494,1.5895558346195633
