randomization,name,type,l1,l2,l3,ipr1,ipr2,ipr3,l1_cm,l1_er,l1_reg,l2_mp,l3_mp,l1_lap,l2_lap,l3_lap,alg_conn,clustering_c,clustering_r,deg_assort,Q,N.olap,N.temp,N.nodf,H2,H3,H4,H17,cent_between,cent_close,cent_eigen,diam,mean_path_length,deg_het_row,deg_het_col
configuration,HMP_159632143,microbiome,74.394935,38.172364,34.629093,0.013367718803901004,0.1836188505901396,0.06842295366393292,75.18576308743454,54.5793831995811,5.08442309403078,29.07298294619761,26.114486058772783,76.39493516770865,40.17236368175665,36.629093048061826,-36.1723636817569,NA,NA,-0.8076967785309899,NA,NA,NA,NA,15903030,126330315,6544921427,2203821882389,0.15081675518130974,0.36916743339413577,0.9791215205273229,4,3.589761393931278,1.1651698017217467,1.9980867560129059
