randomization,name,type,l1,l2,l3,ipr1,ipr2,ipr3,l1_cm,l1_er,l1_reg,l2_mp,l3_mp,l1_lap,l2_lap,l3_lap,alg_conn,clustering_c,clustering_r,deg_assort,Q,N.olap,N.temp,N.nodf,H2,H3,H4,H17,cent_between,cent_close,cent_eigen,diam,mean_path_length,deg_het_row,deg_het_col
configuration,HMP_158742018,microbiome,83.24123,42.337507,39.836593,0.018064239480571696,0.15982340375002782,0.12366187971103382,84.95602718230431,57.17716447551848,5.273752419422705,29.31823347725998,26.37947974684961,85.24123023507852,44.33750744573575,41.83659300002477,-40.33750744573564,NA,NA,-0.7127162568713905,NA,NA,NA,NA,21816311,174058272,12078623989,5631031878e3,0.18503942980502627,0.3659711648981561,0.9821556170004465,4,3.5102216594402167,1.3744967084359034,1.9650171482222956
