randomization,name,type,l1,l2,l3,ipr1,ipr2,ipr3,l1_cm,l1_er,l1_reg,l2_mp,l3_mp,l1_lap,l2_lap,l3_lap,alg_conn,clustering_c,clustering_r,deg_assort,Q,N.olap,N.temp,N.nodf,H2,H3,H4,H17,cent_between,cent_close,cent_eigen,diam,mean_path_length,deg_het_row,deg_het_col
configuration,HMP_158357646,microbiome,48.559097,27.890045,27.406301,0.028471780668245895,0.11963798655066557,0.12387708314196103,49.05315326791461,38.03481647529111,3.5988087640927464,22.714021486795556,19.685073950724462,50.55909664867593,29.89004490258476,29.4063006701615,-25.890044902584734,NA,NA,-0.8516036296876065,NA,NA,NA,NA,3218966,13455410,881435537,190653115543,0.22860575234027963,0.3990780184391216,0.9711384641236198,4,3.492459277564303,1.1678459582539398,1.7548548640724149
