randomization,name,type,l1,l2,l3,ipr1,ipr2,ipr3,l1_cm,l1_er,l1_reg,l2_mp,l3_mp,l1_lap,l2_lap,l3_lap,alg_conn,clustering_c,clustering_r,deg_assort,Q,N.olap,N.temp,N.nodf,H2,H3,H4,H17,cent_between,cent_close,cent_eigen,diam,mean_path_length,deg_het_row,deg_het_col
configuration,HMP_160704339,microbiome,81.032662,46.410462,39.28617,0.026425719934400696,0.13021584037676184,0.1660972246899356,83.08739174397166,54.48935609818343,5.027517432706006,28.994451680363408,26.186741909381276,83.03266191380762,48.410461951927644,41.286169980153865,-44.410461951927786,NA,NA,-0.5783158419097424,NA,NA,NA,NA,22435456,173752307,13550641156,7912943096462,0.2572965527835373,0.3783790514812778,0.9876131568050035,4,3.58142074816648,1.3939253105951734,2.0514089897859797
