randomization,name,type,l1,l2,l3,ipr1,ipr2,ipr3,l1_cm,l1_er,l1_reg,l2_mp,l3_mp,l1_lap,l2_lap,l3_lap,alg_conn,clustering_c,clustering_r,deg_assort,Q,N.olap,N.temp,N.nodf,H2,H3,H4,H17,cent_between,cent_close,cent_eigen,diam,mean_path_length,deg_het_row,deg_het_col
configuration,HMP_764588959,microbiome,42.542765,26.788093,26.217777,0.0295165118922808,0.1153392337118072,0.06182974517510444,42.61851430594168,32.17579700185965,3.3165719282903368,20.73551827446198,17.965417304960432,44.54276538332107,28.78809270117121,28.217777006742647,-24.788092701170953,NA,NA,-0.857084046319989,NA,NA,NA,NA,2663785,8200833,671584876,130692095143,0.21522930878262206,0.31540565325292785,0.9691201411350358,6,3.531216907742839,1.387859325795239,1.5556104252877407
