randomization,name,type,l1,l2,l3,ipr1,ipr2,ipr3,l1_cm,l1_er,l1_reg,l2_mp,l3_mp,l1_lap,l2_lap,l3_lap,alg_conn,clustering_c,clustering_r,deg_assort,Q,N.olap,N.temp,N.nodf,H2,H3,H4,H17,cent_between,cent_close,cent_eigen,diam,mean_path_length,deg_het_row,deg_het_col
configuration,HMP_764325968,microbiome,42.870003,28.469586,28.110315,0.030771378101201972,0.08464463448144804,0.11757417812490444,42.31226211078533,32.31062008615136,3.309077809798271,21.425975968355466,18.725065771021857,44.87000332749729,30.469586073645146,30.110314647610497,-26.469586073644976,NA,NA,-0.8156931490165121,NA,NA,NA,NA,3232484,9783489,838921108,173896410951,0.21126435861681445,0.3407117377218352,0.9751765287653176,6,3.607147789140986,1.3779994633016506,1.5337063581215256
