randomization,name,type,l1,l2,l3,ipr1,ipr2,ipr3,l1_cm,l1_er,l1_reg,l2_mp,l3_mp,l1_lap,l2_lap,l3_lap,alg_conn,clustering_c,clustering_r,deg_assort,Q,N.olap,N.temp,N.nodf,H2,H3,H4,H17,cent_between,cent_close,cent_eigen,diam,mean_path_length,deg_het_row,deg_het_col
configuration,HMP_147406386,microbiome,50.303612,30.196604,29.269941,0.027436634581019234,0.12435848726426812,0.06489307996314429,50.380698747740084,41.691443668146626,3.7414191712608926,25.068681543655227,21.893375694128096,52.30361152289817,32.19660410573648,31.269941375176266,-28.19660410573661,NA,NA,-0.8557146796111615,NA,NA,NA,NA,4530049,17234665,1402014095,342410918818,0.20762735220298573,0.3610958475137927,0.9728786834096346,4,3.49182630443787,1.1450716104903669,1.5731143445103128
