randomization,name,type,l1,l2,l3,ipr1,ipr2,ipr3,l1_cm,l1_er,l1_reg,l2_mp,l3_mp,l1_lap,l2_lap,l3_lap,alg_conn,clustering_c,clustering_r,deg_assort,Q,N.olap,N.temp,N.nodf,H2,H3,H4,H17,cent_between,cent_close,cent_eigen,diam,mean_path_length,deg_het_row,deg_het_col
configuration,HMP_612472597,microbiome,61.397574,34.256772,33.60661,0.024489588541975832,0.14556213720206557,0.0762781310623855,61.57090760310517,46.31903470414135,3.962701612903226,26.97536274354483,23.8729911305934,63.39757420542408,36.256771587355416,35.606609735200976,-32.256771587355125,NA,NA,-0.8104372210483871,NA,NA,NA,NA,8839581,40810840,3680620988,1206433639753,0.18153888357820944,0.33649872521404606,0.9749307912794741,4,3.5153640592922333,1.2855126019227243,1.699952180066721
