randomization,name,type,l1,l2,l3,ipr1,ipr2,ipr3,l1_cm,l1_er,l1_reg,l2_mp,l3_mp,l1_lap,l2_lap,l3_lap,alg_conn,clustering_c,clustering_r,deg_assort,Q,N.olap,N.temp,N.nodf,H2,H3,H4,H17,cent_between,cent_close,cent_eigen,diam,mean_path_length,deg_het_row,deg_het_col
configuration,HMP_158721788,microbiome,67.468673,35.387805,34.610868,0.017247033338328357,0.12246262721776491,0.07048210488308428,68.34810634620627,47.98750898754845,4.642642642642643,26.423290056340477,23.581861293521115,69.4686726192978,37.38780488838228,36.6108684210792,-33.38780488838215,NA,NA,-0.7763597106500771,NA,NA,NA,NA,11132453,76080590,4330701021,1379641215909,0.1618200776488261,0.37072715740125173,0.978041410729806,5,3.5736210843472453,1.2800608755356795,1.955482320369661
