randomization,name,type,l1,l2,l3,ipr1,ipr2,ipr3,l1_cm,l1_er,l1_reg,l2_mp,l3_mp,l1_lap,l2_lap,l3_lap,alg_conn,clustering_c,clustering_r,deg_assort,Q,N.olap,N.temp,N.nodf,H2,H3,H4,H17,cent_between,cent_close,cent_eigen,diam,mean_path_length,deg_het_row,deg_het_col
configuration,HMP_160481808,microbiome,56.354392,38.157985,34.730506,0.04776462245853298,0.12244825756511234,0.06459653364946562,56.01431051735929,43.64036942310812,3.5303316257751414,26.923240465795978,23.733817970367532,58.35439186355757,40.15798456513259,36.7305057419102,-36.157984565132445,NA,NA,-0.6948553081898077,NA,NA,NA,NA,7525632,24647082,3502329721,1382048001588,0.30414430338727294,0.380757015077329,0.9828527828340634,4,3.502930298684611,1.3159614344320325,1.544219962625757
