randomization,name,type,l1,l2,l3,ipr1,ipr2,ipr3,l1_cm,l1_er,l1_reg,l2_mp,l3_mp,l1_lap,l2_lap,l3_lap,alg_conn,clustering_c,clustering_r,deg_assort,Q,N.olap,N.temp,N.nodf,H2,H3,H4,H17,cent_between,cent_close,cent_eigen,diam,mean_path_length,deg_het_row,deg_het_col
configuration,HMP_161230322,microbiome,44.237252,30.696877,28.280677,0.030733314441981137,0.12248998038879767,0.08745175423615963,43.81863820607191,36.656310775284545,3.4272987591473116,24.007169289904155,21.06923360311978,46.23725161754137,32.696876640925794,30.280677236793718,-28.69687664092593,NA,NA,-0.8438212984481818,NA,NA,NA,NA,3943893,12572262,1045441051,226667585802,0.22688071860426479,0.27783880980037057,0.9797619312877279,5,3.625853666809171,1.1546247584714757,1.527324747812713
