randomization,name,type,l1,l2,l3,ipr1,ipr2,ipr3,l1_cm,l1_er,l1_reg,l2_mp,l3_mp,l1_lap,l2_lap,l3_lap,alg_conn,clustering_c,clustering_r,deg_assort,Q,N.olap,N.temp,N.nodf,H2,H3,H4,H17,cent_between,cent_close,cent_eigen,diam,mean_path_length,deg_het_row,deg_het_col
configuration,HMP_158216035,microbiome,64.088977,35.63617,33.889853,0.028528038133955394,0.12700372566565193,0.07944110532124725,65.3003931272447,50.212525296357725,4.088175182481752,27.56701954790456,24.238994694270826,66.0889765301304,37.6361696107237,35.88985282073332,-33.636169610723435,NA,NA,-0.7888748596348155,NA,NA,NA,NA,8047788,41600769,3476078599,1243236336152,0.2582152638274984,0.3895634824999779,0.978276170425741,4,3.4332470295093427,1.1476407934949038,1.8137421999073282
