randomization,name,type,l1,l2,l3,ipr1,ipr2,ipr3,l1_cm,l1_er,l1_reg,l2_mp,l3_mp,l1_lap,l2_lap,l3_lap,alg_conn,clustering_c,clustering_r,deg_assort,Q,N.olap,N.temp,N.nodf,H2,H3,H4,H17,cent_between,cent_close,cent_eigen,diam,mean_path_length,deg_het_row,deg_het_col
configuration,HMP_161412393,microbiome,66.641826,39.076418,35.568981,0.02203564498842656,0.1435856016113029,0.13052201420653206,67.84336799166755,46.29906414544842,4.458713775307662,26.150055095005413,23.398986474320747,68.64182550726186,41.07641791431715,37.56898135128578,-37.07641791431733,NA,NA,-0.6911131534137269,NA,NA,NA,NA,11504490,76295148,4765206213,1780131381334,0.22046878166277983,0.36133506356378153,0.9838561345565576,6,3.612256764224647,1.319157531582071,2.014730792301684
