randomization,name,type,l1,l2,l3,ipr1,ipr2,ipr3,l1_cm,l1_er,l1_reg,l2_mp,l3_mp,l1_lap,l2_lap,l3_lap,alg_conn,clustering_c,clustering_r,deg_assort,Q,N.olap,N.temp,N.nodf,H2,H3,H4,H17,cent_between,cent_close,cent_eigen,diam,mean_path_length,deg_het_row,deg_het_col
configuration,HMP_451588811,microbiome,49.479434,35.342062,32.423952,0.03769622677305767,0.12074817591702859,0.10904640400859822,48.759611017407124,40.51910641710608,3.229467655863595,27.000263935809848,23.82462091629963,51.479433619791415,37.342062271400444,34.42395197419914,-33.34206227140045,NA,NA,-0.7897346798908975,NA,NA,NA,NA,6156895,16718292,2299114957,699654652462,0.25640519028353714,0.3516122233787599,0.9825265841922297,4,3.606130624512312,1.199626446398438,1.4810995256958475
