randomization,name,type,l1,l2,l3,ipr1,ipr2,ipr3,l1_cm,l1_er,l1_reg,l2_mp,l3_mp,l1_lap,l2_lap,l3_lap,alg_conn,clustering_c,clustering_r,deg_assort,Q,N.olap,N.temp,N.nodf,H2,H3,H4,H17,cent_between,cent_close,cent_eigen,diam,mean_path_length,deg_het_row,deg_het_col
configuration,HMP_158337416,microbiome,53.381709,35.413977,28.755513,0.057430871634425014,0.08103303429443875,0.12233659974004908,53.28628990543763,39.31358969597579,3.62889019377569,24.182048289677063,21.28665972927581,55.38170913206911,37.41397714209565,30.75551321888014,-33.413977142095625,NA,NA,-0.6574089023372987,NA,NA,NA,NA,5925747,21815203,2374448106,860971307643,0.3445443774321178,0.3496215345964705,0.9855132890741143,4,3.5360284255728422,1.3949919879347725,1.6293724144070547
