randomization,name,type,l1,l2,l3,ipr1,ipr2,ipr3,l1_cm,l1_er,l1_reg,l2_mp,l3_mp,l1_lap,l2_lap,l3_lap,alg_conn,clustering_c,clustering_r,deg_assort,Q,N.olap,N.temp,N.nodf,H2,H3,H4,H17,cent_between,cent_close,cent_eigen,diam,mean_path_length,deg_het_row,deg_het_col
configuration,HMP_514014184,microbiome,49.195747,32.006638,29.232363,0.03496650842629877,0.12712034614400292,0.13045162154804382,48.95778155411521,36.001585476997825,3.5886281897585204,22.36535288389374,19.584512261836,51.19574661316,34.00663771449117,31.232363415343656,-30.006637714491305,NA,NA,-0.7831340344416335,NA,NA,NA,NA,4519551,15571459,1471588136,390079006923,0.2704220856552898,0.29755049704375686,0.97936223656547,7,3.520925583316773,1.480917129873626,1.5449304046919012
