randomization,name,type,l1,l2,l3,ipr1,ipr2,ipr3,l1_cm,l1_er,l1_reg,l2_mp,l3_mp,l1_lap,l2_lap,l3_lap,alg_conn,clustering_c,clustering_r,deg_assort,Q,N.olap,N.temp,N.nodf,H2,H3,H4,H17,cent_between,cent_close,cent_eigen,diam,mean_path_length,deg_het_row,deg_het_col
configuration,HMP_160582958,microbiome,66.382234,34.602305,33.225385,0.012684445801676264,0.14535642482884922,0.13891752306384764,66.6750777260625,47.00986128248005,4.773420865862314,26.390096185777015,23.73280860374945,68.3822340653387,36.60230458402501,35.22538479131964,-32.60230458402495,NA,NA,-0.792758030693659,NA,NA,NA,NA,12389469,92765450,4257815337,1192141166665,0.1186561272514118,0.3695277343835942,0.9777748564207339,6,3.6659391232415364,1.2286885955175937,2.02207864223606
