randomization,name,type,l1,l2,l3,ipr1,ipr2,ipr3,l1_cm,l1_er,l1_reg,l2_mp,l3_mp,l1_lap,l2_lap,l3_lap,alg_conn,clustering_c,clustering_r,deg_assort,Q,N.olap,N.temp,N.nodf,H2,H3,H4,H17,cent_between,cent_close,cent_eigen,diam,mean_path_length,deg_het_row,deg_het_col
configuration,HMP_508703490,microbiome,47.373041,30.70339,29.494796,0.03772628906787965,0.13523365286972738,0.09746607610435133,47.30176272522455,35.63847086682934,3.417562360575948,22.14659293000839,19.231806204059737,49.37304085026852,32.70338954389709,31.494795999576233,-28.703389543897075,NA,NA,-0.8066155969915305,NA,NA,NA,NA,3712428,11032975,1215362984,315065179104,0.2734225808944494,0.3677592942925901,0.973946047455151,5,3.445785346915219,1.4632097625555023,1.4826320868082692
