randomization,name,type,l1,l2,l3,ipr1,ipr2,ipr3,l1_cm,l1_er,l1_reg,l2_mp,l3_mp,l1_lap,l2_lap,l3_lap,alg_conn,clustering_c,clustering_r,deg_assort,Q,N.olap,N.temp,N.nodf,H2,H3,H4,H17,cent_between,cent_close,cent_eigen,diam,mean_path_length,deg_het_row,deg_het_col
configuration,HMP_764062976,microbiome,53.436933,33.590892,30.811994,0.027790726717748467,0.13151093694442012,0.09222605648460908,53.854329255576246,39.52737577559908,3.759089565474431,23.93657754163758,21.07797929108076,55.43693317926258,35.59089205393884,32.81199435797655,-31.59089205393878,NA,NA,-0.7842949103891058,NA,NA,NA,NA,5722931,24432182,1940780788,540650259021,0.24340978202952052,0.38750971788607885,0.979465772245237,6,3.5546323854392172,1.3428898942803047,1.71196864146369
