randomization,name,type,l1,l2,l3,ipr1,ipr2,ipr3,l1_cm,l1_er,l1_reg,l2_mp,l3_mp,l1_lap,l2_lap,l3_lap,alg_conn,clustering_c,clustering_r,deg_assort,Q,N.olap,N.temp,N.nodf,H2,H3,H4,H17,cent_between,cent_close,cent_eigen,diam,mean_path_length,deg_het_row,deg_het_col
configuration,HMP_159005010,microbiome,88.621395,45.34573,45.070683,0.016027076303056484,0.12656408878462233,0.10923775883151438,89.892777854216,60.366772272471216,5.1304401506265815,31.931935379870165,28.990372594394923,90.62139485531588,47.345729813582466,47.07068282654835,-43.34572981358276,NA,NA,-0.7140461328795384,NA,NA,NA,NA,34286344,256011702,22505310026,12158500334221,0.13378698271756267,0.3505570586333902,0.9808917444810258,4,3.5686981847065247,1.4271272290644987,1.9080322575697548
