randomization,name,type,l1,l2,l3,ipr1,ipr2,ipr3,l1_cm,l1_er,l1_reg,l2_mp,l3_mp,l1_lap,l2_lap,l3_lap,alg_conn,clustering_c,clustering_r,deg_assort,Q,N.olap,N.temp,N.nodf,H2,H3,H4,H17,cent_between,cent_close,cent_eigen,diam,mean_path_length,deg_het_row,deg_het_col
configuration,HMP_160137896,microbiome,44.387009,29.085269,28.039936,0.028191707864299437,0.11709650466565072,0.07012273062254464,44.08170411559083,34.087071713620915,3.4093959731543624,22.205197727286087,19.439930647304315,46.38700934530244,31.085268750845774,30.0399361163297,-27.08526875084588,NA,NA,-0.7982687784940063,NA,NA,NA,NA,3442672,12043225,892238927,186478366676,0.20538007191856464,0.33969166221359487,0.9749899703429328,4,3.6213668006342057,1.261542937287058,1.6367942854228903
