randomization,name,type,l1,l2,l3,ipr1,ipr2,ipr3,l1_cm,l1_er,l1_reg,l2_mp,l3_mp,l1_lap,l2_lap,l3_lap,alg_conn,clustering_c,clustering_r,deg_assort,Q,N.olap,N.temp,N.nodf,H2,H3,H4,H17,cent_between,cent_close,cent_eigen,diam,mean_path_length,deg_het_row,deg_het_col
configuration,HMP_160259276,microbiome,48.83246,30.648698,29.839201,0.02583010382285936,0.12005714403085756,0.12817070849917692,48.55222927362743,38.314043854203874,3.48046875,24.47446698831491,21.518477282582527,50.832460412039055,32.648698402662326,31.83920074399773,-28.648698402662383,NA,NA,-0.8240711522871004,NA,NA,NA,NA,4940475,17061239,1546243500,380501489961,0.18517908056338603,0.3269188127916605,0.9735259704355459,4,3.59008883033289,1.2508793721778266,1.5853034223922595
