randomization,name,type,l1,l2,l3,ipr1,ipr2,ipr3,l1_cm,l1_er,l1_reg,l2_mp,l3_mp,l1_lap,l2_lap,l3_lap,alg_conn,clustering_c,clustering_r,deg_assort,Q,N.olap,N.temp,N.nodf,H2,H3,H4,H17,cent_between,cent_close,cent_eigen,diam,mean_path_length,deg_het_row,deg_het_col
configuration,HMP_160684109,microbiome,47.714645,29.26477,29.004065,0.023111184941011328,0.09550661070533921,0.10967920049097284,47.681719088538365,40.14749273420377,3.5274463007159906,25.42242877267003,22.293938362416025,49.71464501636076,31.264769643751276,31.004065366623824,-27.264769643751155,NA,NA,-0.8868275438681706,NA,NA,NA,NA,4535243,15850813,1308473766,294156355814,0.17660042435277,0.37109343951406604,0.9711556856356133,4,3.5801702192736586,1.1062050351478885,1.5730972928465792
