randomization,name,type,l1,l2,l3,ipr1,ipr2,ipr3,l1_cm,l1_er,l1_reg,l2_mp,l3_mp,l1_lap,l2_lap,l3_lap,alg_conn,clustering_c,clustering_r,deg_assort,Q,N.olap,N.temp,N.nodf,H2,H3,H4,H17,cent_between,cent_close,cent_eigen,diam,mean_path_length,deg_het_row,deg_het_col
configuration,HMP_638754422,microbiome,68.678619,44.098707,38.889805,0.030444895975681865,0.12076542988560042,0.1230152973055362,68.45412760429654,49.17838951175389,4.524174174174174,28.346905734391566,25.597473995075386,70.6786192541167,46.09870707258223,40.88980491363709,-42.09870707258226,NA,NA,-0.6130445256562497,NA,NA,NA,NA,17403877,101632471,8755748976,4155247312817,0.22561006074270656,0.33908196315072686,0.9876747627976082,6,3.6504156720727035,1.339493025312485,1.7916836713992408
