randomization,name,type,l1,l2,l3,ipr1,ipr2,ipr3,l1_cm,l1_er,l1_reg,l2_mp,l3_mp,l1_lap,l2_lap,l3_lap,alg_conn,clustering_c,clustering_r,deg_assort,Q,N.olap,N.temp,N.nodf,H2,H3,H4,H17,cent_between,cent_close,cent_eigen,diam,mean_path_length,deg_het_row,deg_het_col
empirical,Abrego2017_Bertiz_zatia_4,biogeography,13.893577,1.845398,1.732051,0.25121271589936,0.2803665703679121,0.1666666666666658,13.902526164830098,5.66048931293159,1.9903381642512077,1.6001901129936769,1.1019978940933615,15.893577352482078,3.8453978054539495,3.73205080756887,0.15460219454603638,0,0,-0.8836987182110398,0.11947403148270366,0.9151345492395918,19.619529155607513,4.786406304904372,18545,1161,1179620,56031760,0.9978320294089924,0.8933508681823553,0.9369379400888371,6,2.1801979269265046,1.03685550004713,6.149825619756811
