randomization,name,type,l1,l2,l3,ipr1,ipr2,ipr3,l1_cm,l1_er,l1_reg,l2_mp,l3_mp,l1_lap,l2_lap,l3_lap,alg_conn,clustering_c,clustering_r,deg_assort,Q,N.olap,N.temp,N.nodf,H2,H3,H4,H17,cent_between,cent_close,cent_eigen,diam,mean_path_length,deg_het_row,deg_het_col
empirical,Abrego2017_Putxerri,biogeography,5.669744,4.348131,3.548381,0.18554835731666414,0.15620803875837497,0.11581113980213972,4.896025550489132,3.0669528284588985,2.335570469798658,3.012855312252762,2.177549785590373,7.66974366748752,6.348130966088824,5.548381174087752,-2.348130966088825,0.2443615397659827,0.16711590296495957,-0.31794598687741576,0.6643876337693233,0.0693493502276359,3.194303224890025,8.31510912252942,944,1608,5076,27528,0.562549322342232,0.25600405054195136,0.9473862125952099,12,5.099764193723925,1.3404016382613293,2.7986523979389615
