randomization,name,type,l1,l2,l3,ipr1,ipr2,ipr3,l1_cm,l1_er,l1_reg,l2_mp,l3_mp,l1_lap,l2_lap,l3_lap,alg_conn,clustering_c,clustering_r,deg_assort,Q,N.olap,N.temp,N.nodf,H2,H3,H4,H17,cent_between,cent_close,cent_eigen,diam,mean_path_length,deg_het_row,deg_het_col
empirical,Abrego2017_Baztan_zatia_1,biogeography,13.15499,4.918513,3.793732,0.2512842939814499,0.255336582322346,0.18669406749254652,12.01536491675722,4.1245138859515595,2.0155038759689923,3.162515793031974,2.324931364599803,15.15498983226998,6.918512915387274,5.793731560708452,-2.918512915387292,0.06115055789016085,0.08823529411764706,-0.5437889938789352,0.5012426035502938,0.4997558698760211,3.6284943947992714,4.618961907424791,15340,1479,850453,36053365,0.9268702260821511,0.3756483584303558,0.9522873259360813,14,3.952191355231804,1.1172189349112425,8.680414201183432
