randomization,name,type,l1,l2,l3,ipr1,ipr2,ipr3,l1_cm,l1_er,l1_reg,l2_mp,l3_mp,l1_lap,l2_lap,l3_lap,alg_conn,clustering_c,clustering_r,deg_assort,Q,N.olap,N.temp,N.nodf,H2,H3,H4,H17,cent_between,cent_close,cent_eigen,diam,mean_path_length,deg_het_row,deg_het_col
empirical,Abrego2017_Aldude,biogeography,12.252105,5.245249,4.643186,0.2512329955537216,0.20030942099527438,0.07577327957848912,9.87765377401767,3.3903049000070076,2.1942604856512142,3.3218485332826306,2.646481692233075,14.252104859203927,7.245248962882138,6.643186325543207,-3.2452489628821657,0.09409778187121037,0.20172009382329945,-0.2546257481219654,0.7296778659886917,0.1544444815468404,0.6168105870221878,2.8621210139652438,13130,4187,559865,20294136,0.5642169244133571,0.1707620691552391,0.9747425665141806,15,5.671198890386607,1.3965280617305442,8.104012404406317
