randomization,name,type,l1,l2,l3,ipr1,ipr2,ipr3,l1_cm,l1_er,l1_reg,l2_mp,l3_mp,l1_lap,l2_lap,l3_lap,alg_conn,clustering_c,clustering_r,deg_assort,Q,N.olap,N.temp,N.nodf,H2,H3,H4,H17,cent_between,cent_close,cent_eigen,diam,mean_path_length,deg_het_row,deg_het_col
empirical,Abrego2017_Belate,biogeography,12.456741,5.175705,4.274628,0.251004907919524,0.2415669606255293,0.251153995950521,9.927161431862476,3.3451561724271057,2.0664819944598336,3.2607030842784854,2.534932359056538,14.456740967076255,7.175704999123345,6.274628280734956,-3.1757049991233406,0.08703772880089652,0.15548780487804878,-0.31500317011269285,0.7151636251248834,0.2372208925694466,1.0480612734039458,4.6841422932026955,12899,3311,612914,23149331,0.796635718645758,0.1966256663229695,0.9675986975658728,21,6.578054786088027,1.1742339842879632,9.536954912347534
