randomization,name,type,l1,l2,l3,ipr1,ipr2,ipr3,l1_cm,l1_er,l1_reg,l2_mp,l3_mp,l1_lap,l2_lap,l3_lap,alg_conn,clustering_c,clustering_r,deg_assort,Q,N.olap,N.temp,N.nodf,H2,H3,H4,H17,cent_between,cent_close,cent_eigen,diam,mean_path_length,deg_het_row,deg_het_col
empirical,ORNIS-HawaiianIslands,biogeography,17.863009,9.165651,7.954849,0.06239555579038362,0.1235416850371213,0.1032185936411563,18.778415062492037,13.012434989588314,3.7450980392156863,6.108407689943248,4.468550182100042,19.863008577199707,11.165651250731647,9.954849251231407,-7.165651250731663,0.7551669988713324,1,-0.800323193590573,NA,0.41954252848454515,17.288582018890352,42.993459599695264,33660,119880,1421496,47610148,0.458379445707331,0.28553393820270173,0.9063973368081247,4,2.8327868852459015,1.5747314431561026,1.6259544542212232
