randomization,name,type,l1,l2,l3,ipr1,ipr2,ipr3,l1_cm,l1_er,l1_reg,l2_mp,l3_mp,l1_lap,l2_lap,l3_lap,alg_conn,clustering_c,clustering_r,deg_assort,Q,N.olap,N.temp,N.nodf,H2,H3,H4,H17,cent_between,cent_close,cent_eigen,diam,mean_path_length,deg_het_row,deg_het_col
configuration,American_Naturalist-2014,authorship,46.855907,11.83169,11.231175,0.011768167689805268,0.033679586910762276,0.016674317931225677,51.48518993516973,18.171580326267257,16.75876288659794,6.866245951110181,5.855820320384335,48.85590682969525,13.83168971924161,13.231174584238115,-9.831689719241632,NA,NA,-0.19414678795201679,NA,0.1355937134679388,2.5920351665922325,17.860818800199993,453068,18082243,20581806,1181245177,0.20101281024036025,0.5583221260137641,0.9228307085784716,5,3.0181375208792143,1.501265371671368,5.9393718103842446
