randomization,name,type,l1,l2,l3,ipr1,ipr2,ipr3,l1_cm,l1_er,l1_reg,l2_mp,l3_mp,l1_lap,l2_lap,l3_lap,alg_conn,clustering_c,clustering_r,deg_assort,Q,N.olap,N.temp,N.nodf,H2,H3,H4,H17,cent_between,cent_close,cent_eigen,diam,mean_path_length,deg_het_row,deg_het_col
configuration,American_Naturalist-2009,authorship,52.150572,12.729232,11.793111,0.010867710581957388,0.02121072611137658,0.01583890358679418,56.02437698640483,21.335603623977974,20.00186567164179,7.6358130370280906,6.552830294195637,54.15057164940535,14.729231760176878,13.79311138070749,-10.7292317601769,NA,NA,-0.18382001371124637,NA,NA,NA,NA,660847,29196264,34281790,2267738297,0.19222844915111334,0.5640544321561399,0.9234373818632079,4,2.9650278021656424,1.3885831806570883,5.428940257538724
