randomization,name,type,l1,l2,l3,ipr1,ipr2,ipr3,l1_cm,l1_er,l1_reg,l2_mp,l3_mp,l1_lap,l2_lap,l3_lap,alg_conn,clustering_c,clustering_r,deg_assort,Q,N.olap,N.temp,N.nodf,H2,H3,H4,H17,cent_between,cent_close,cent_eigen,diam,mean_path_length,deg_het_row,deg_het_col
configuration,American_Naturalist-2006,authorship,43.992156,11.161054,10.51295,0.010712724049739632,0.028752457616459563,0.014555593072079211,47.638978769022074,19.036804615754633,16.997752808988764,7.228901391530476,6.128161480328293,45.992155809266514,13.161054415578375,12.512950340926661,-9.161054415578391,NA,NA,-0.15015653736094967,NA,0.0955428590215593,4.239240778007965,15.218687849906484,364855,14677028,12231330,507813346,0.1599318673790925,0.5307931669027589,0.9149919479887516,4,3.0533461407211737,1.4254318026802346,4.867627690910297
