randomization,name,type,l1,l2,l3,ipr1,ipr2,ipr3,l1_cm,l1_er,l1_reg,l2_mp,l3_mp,l1_lap,l2_lap,l3_lap,alg_conn,clustering_c,clustering_r,deg_assort,Q,N.olap,N.temp,N.nodf,H2,H3,H4,H17,cent_between,cent_close,cent_eigen,diam,mean_path_length,deg_het_row,deg_het_col
configuration,Ecography-2008,authorship,34.165905,9.699071,9.561416,0.01123799535532164,0.022780262826865245,0.01496616673195212,36.7194823456947,16.33297409884883,13.176904176904177,7.0465598675545635,5.9181458534186815,36.165904760488935,11.699070912120188,11.561416484362939,-7.69907091212008,NA,NA,-0.12264029565942837,NA,0.06134667030216505,5.012306576093935,12.134375473463937,191769,6179372,4064236,104646461,0.17351272623056785,0.5034640297747254,0.9166786316145934,4,3.193936976224799,1.4261873461260326,4.022806281491239
