randomization,name,type,l1,l2,l3,ipr1,ipr2,ipr3,l1_cm,l1_er,l1_reg,l2_mp,l3_mp,l1_lap,l2_lap,l3_lap,alg_conn,clustering_c,clustering_r,deg_assort,Q,N.olap,N.temp,N.nodf,H2,H3,H4,H17,cent_between,cent_close,cent_eigen,diam,mean_path_length,deg_het_row,deg_het_col
configuration,Ecography-2009,authorship,43.527252,12.392105,11.004482,0.00948653143803674,0.02993086778164096,0.010287539790151434,47.646233185117865,19.713171268906073,17.49415515409139,7.501959038050031,6.378978175194097,45.52725200342309,14.392104581597582,13.004481817633689,-10.39210458159756,NA,NA,-0.1301533237352718,NA,0.09209612054707753,4.255027607002002,14.876115299029923,387579,15790791,12252985,510688481,0.17477194636206975,0.521971792124863,0.9156587509888368,4,3.0402288194994007,1.5207818565255546,4.244548372935945
