randomization,name,type,l1,l2,l3,ipr1,ipr2,ipr3,l1_cm,l1_er,l1_reg,l2_mp,l3_mp,l1_lap,l2_lap,l3_lap,alg_conn,clustering_c,clustering_r,deg_assort,Q,N.olap,N.temp,N.nodf,H2,H3,H4,H17,cent_between,cent_close,cent_eigen,diam,mean_path_length,deg_het_row,deg_het_col
configuration,Ecography-2013,authorship,49.330396,13.088608,11.907543,0.010142128398332933,0.030132859806175083,0.014166302602231392,53.83827814558235,21.023043795830592,19.60882070949185,7.634805442806225,6.541305288355975,51.330395919928385,15.088607944030066,13.907543090463008,-11.08860794403003,NA,NA,-0.15818574836505023,NA,NA,NA,NA,577097,25227844,26131150,1629868614,0.1995350658710203,0.5538801820419702,0.9218512626171195,5,2.9575287585824883,1.4934277237426534,4.808619641630157
