randomization,name,type,l1,l2,l3,ipr1,ipr2,ipr3,l1_cm,l1_er,l1_reg,l2_mp,l3_mp,l1_lap,l2_lap,l3_lap,alg_conn,clustering_c,clustering_r,deg_assort,Q,N.olap,N.temp,N.nodf,H2,H3,H4,H17,cent_between,cent_close,cent_eigen,diam,mean_path_length,deg_het_row,deg_het_col
configuration,Ecography-2015,authorship,45.73546,12.660937,11.445739,0.011846673617944517,0.0446655273163287,0.015523879155678514,50.58978014634714,19.445415518840147,18.124410933081997,7.411873513530478,6.355953522966949,47.73545970678748,14.66093739813212,13.445739378990167,-10.660937398132049,NA,NA,-0.13927672984520964,NA,NA,NA,NA,507559,20450944,23940772,1653292614,0.24520454371252096,0.5603274149779627,0.9286973692042879,4,2.9559440186367434,1.5588189605587346,4.788997787680618
