randomization,name,type,l1,l2,l3,ipr1,ipr2,ipr3,l1_cm,l1_er,l1_reg,l2_mp,l3_mp,l1_lap,l2_lap,l3_lap,alg_conn,clustering_c,clustering_r,deg_assort,Q,N.olap,N.temp,N.nodf,H2,H3,H4,H17,cent_between,cent_close,cent_eigen,diam,mean_path_length,deg_het_row,deg_het_col
configuration,Ecology-2016,authorship,50.688665,14.638012,12.494625,0.012485068741355491,0.05629872866553662,0.01769432249512918,57.15639124816973,21.019611646538067,20.019386106623585,7.7010362942662685,6.662315461842006,52.68866518206712,16.63801181018082,14.494625102431769,-12.638011810180847,NA,NA,-0.1470595217590294,NA,NA,NA,NA,773787,32886726,50823291,4911761079,0.27043433400399347,0.5739649858247522,0.9345563114612767,5,2.863881949006338,1.6372312818907722,4.940834074316883
