randomization,name,type,l1,l2,l3,ipr1,ipr2,ipr3,l1_cm,l1_er,l1_reg,l2_mp,l3_mp,l1_lap,l2_lap,l3_lap,alg_conn,clustering_c,clustering_r,deg_assort,Q,N.olap,N.temp,N.nodf,H2,H3,H4,H17,cent_between,cent_close,cent_eigen,diam,mean_path_length,deg_het_row,deg_het_col
configuration,Ecological_Applications-2007,authorship,46.00338,13.463674,12.207428,0.012026286947373984,0.03338240204733604,0.018004419303101885,50.88545048049691,21.07623803007587,19.879159369527144,7.913869886935954,6.8167282340791875,48.00337953190112,15.46367444280081,14.207428127182915,-11.46367444280077,NA,NA,-0.11291100222331993,NA,NA,NA,NA,594800,24467580,29971628,2447931537,0.27548323105337164,0.5612206869478812,0.9319638999572721,5,2.897995582576503,1.566729784526472,4.071185359864509
