randomization,name,type,l1,l2,l3,ipr1,ipr2,ipr3,l1_cm,l1_er,l1_reg,l2_mp,l3_mp,l1_lap,l2_lap,l3_lap,alg_conn,clustering_c,clustering_r,deg_assort,Q,N.olap,N.temp,N.nodf,H2,H3,H4,H17,cent_between,cent_close,cent_eigen,diam,mean_path_length,deg_het_row,deg_het_col
configuration,Ecological_Applications-2014,authorship,44.929368,13.657336,11.702524,0.014128909808806212,0.05139559234289154,0.03606747354249433,50.75444052761328,19.440339638384554,18.335078534031414,7.495445906582347,6.456871178936537,46.92936849868685,15.657335573177509,13.702524445944618,-11.657335573177503,NA,NA,-0.12670754877173254,NA,NA,NA,NA,563310,21797931,31992897,2794541137,0.28705363861364946,0.5716359061554233,0.9360221577510612,5,2.9049757272304655,1.6161672448537654,4.64886673407985
