randomization,name,type,l1,l2,l3,ipr1,ipr2,ipr3,l1_cm,l1_er,l1_reg,l2_mp,l3_mp,l1_lap,l2_lap,l3_lap,alg_conn,clustering_c,clustering_r,deg_assort,Q,N.olap,N.temp,N.nodf,H2,H3,H4,H17,cent_between,cent_close,cent_eigen,diam,mean_path_length,deg_het_row,deg_het_col
configuration,Ecology_Letters-2006,authorship,53.138054,13.347173,11.687859,0.009942223380272737,0.013093345486136733,0.016740744643130395,57.191030984421346,22.479974998408018,20.74486803519062,7.793176276258884,6.66719702783702,55.13805433468648,15.347172641417693,13.687859030630225,-11.347172641417748,NA,NA,-0.17265857656421726,NA,NA,NA,NA,639801,30143930,28927572,1590045574,0.14673486619300236,0.5396705208916137,0.9146525386585465,5,2.987667215683124,1.3831347065426731,5.097943784782758
