randomization,name,type,l1,l2,l3,ipr1,ipr2,ipr3,l1_cm,l1_er,l1_reg,l2_mp,l3_mp,l1_lap,l2_lap,l3_lap,alg_conn,clustering_c,clustering_r,deg_assort,Q,N.olap,N.temp,N.nodf,H2,H3,H4,H17,cent_between,cent_close,cent_eigen,diam,mean_path_length,deg_het_row,deg_het_col
configuration,Ecological_Monographs-2009,authorship,22.297329,8.10492,7.980228,0.015204012084439233,0.017247533619877686,0.02735055173271692,23.672667471161986,12.385373306583034,8.39572192513369,6.372755995723469,5.180696204857424,24.29732917520593,10.104919975448205,9.980228126805573,-6.104919975448225,NA,NA,-0.3150612552935744,0.265818019284259,0.04092460484949068,7.764560228789307,11.463720127888436,56891,1100553,728824,8805723,0.16989534498474596,0.48304768410087123,0.9073050574877962,4,3.3405780494015787,1.315448091200454,3.3143588425944714
