randomization,name,type,l1,l2,l3,ipr1,ipr2,ipr3,l1_cm,l1_er,l1_reg,l2_mp,l3_mp,l1_lap,l2_lap,l3_lap,alg_conn,clustering_c,clustering_r,deg_assort,Q,N.olap,N.temp,N.nodf,H2,H3,H4,H17,cent_between,cent_close,cent_eigen,diam,mean_path_length,deg_het_row,deg_het_col
configuration,Ecology_Letters-2011,authorship,61.346394,14.32248,13.396218,0.009996250034026327,0.01598287247873146,0.017525177679869088,65.86735559931817,26.372343844989015,25.349514563106798,8.58719338707676,7.431820695753255,63.346394277675856,16.32248033494213,15.396218360337745,-12.32248033494219,NA,NA,-0.18569524953054897,NA,NA,NA,NA,1172476,59475522,79614591,6984594657,0.17958685395455107,0.5770365634305666,0.9234019819145554,5,2.8342937253514666,1.3768919883142758,4.8660068473622795
