randomization,name,type,l1,l2,l3,ipr1,ipr2,ipr3,l1_cm,l1_er,l1_reg,l2_mp,l3_mp,l1_lap,l2_lap,l3_lap,alg_conn,clustering_c,clustering_r,deg_assort,Q,N.olap,N.temp,N.nodf,H2,H3,H4,H17,cent_between,cent_close,cent_eigen,diam,mean_path_length,deg_het_row,deg_het_col
configuration,Ecology_Letters-2010,authorship,53.911059,12.644787000000001,12.572891,0.01054879459488442,0.013939671387313734,0.011703189075582897,57.4583268720123,23.48093008244958,22.142602495543674,8.175014093457298,7.035064909255135,55.91105936634553,14.644786821058705,14.572891192388699,-10.644786821058451,NA,NA,-0.15878517756181992,NA,NA,NA,NA,771888,36087338,40663498,2816192756,0.18040877531242647,0.5543168419454915,0.9227206895011232,5,2.9225227030233065,1.3539888679956393,4.795623042316334
