randomization,name,type,l1,l2,l3,ipr1,ipr2,ipr3,l1_cm,l1_er,l1_reg,l2_mp,l3_mp,l1_lap,l2_lap,l3_lap,alg_conn,clustering_c,clustering_r,deg_assort,Q,N.olap,N.temp,N.nodf,H2,H3,H4,H17,cent_between,cent_close,cent_eigen,diam,mean_path_length,deg_het_row,deg_het_col
configuration,Ecological_Applications-2009,authorship,45.137345,12.861311,12.024295,0.012649823861181684,0.04685571619822157,0.01365853886456438,49.728305527794845,20.447172741076173,19.255605381165918,7.778662022212607,6.691412486045696,47.13734546254964,14.861311301955237,14.024295409220063,-10.861311301955201,NA,NA,-0.11497687455331904,NA,NA,NA,NA,553565,22184801,27770640,2222209712,0.2744310765781396,0.5631667056970765,0.9324353402726839,5,2.9094460232990635,1.542232965963057,4.208078724247544
