randomization,name,type,l1,l2,l3,ipr1,ipr2,ipr3,l1_cm,l1_er,l1_reg,l2_mp,l3_mp,l1_lap,l2_lap,l3_lap,alg_conn,clustering_c,clustering_r,deg_assort,Q,N.olap,N.temp,N.nodf,H2,H3,H4,H17,cent_between,cent_close,cent_eigen,diam,mean_path_length,deg_het_row,deg_het_col
configuration,Ecology-2011,authorship,54.174179,13.975141,12.76501,0.010452035082288253,0.02763790347874744,0.02060110967530746,59.079869022501875,23.328421695337084,22.146507666098806,8.118893161371556,7.004586698674258,56.174179304857205,15.975141465373405,14.765010209840767,-11.975141465373449,NA,NA,-0.1570023485186033,NA,NA,NA,NA,827528,38763303,46823774,3650709617,0.20608197482438792,0.5627523472239023,0.9257274143425002,5,2.8909739438327735,1.4735381420118345,4.721013905325444
