randomization,name,type,l1,l2,l3,ipr1,ipr2,ipr3,l1_cm,l1_er,l1_reg,l2_mp,l3_mp,l1_lap,l2_lap,l3_lap,alg_conn,clustering_c,clustering_r,deg_assort,Q,N.olap,N.temp,N.nodf,H2,H3,H4,H17,cent_between,cent_close,cent_eigen,diam,mean_path_length,deg_het_row,deg_het_col
configuration,Ecology_Letters-2012,authorship,57.649929,15.625143,13.170843,0.011023449930361433,0.03711886870645576,0.017642728365542447,64.22433663559254,24.158844880256208,23.218320610687023,8.231167142121697,7.143566671394566,59.64992938997412,17.625143254480175,15.17084319583146,-13.62514325448017,NA,NA,-0.16563332854607493,NA,NA,NA,NA,1099291,51984849,81415366,8514817483,0.2513407777937633,0.5874546545488782,0.931634486398369,5,2.803472145277264,1.5762009135256756,4.8477766813252865
