randomization,name,type,l1,l2,l3,ipr1,ipr2,ipr3,l1_cm,l1_er,l1_reg,l2_mp,l3_mp,l1_lap,l2_lap,l3_lap,alg_conn,clustering_c,clustering_r,deg_assort,Q,N.olap,N.temp,N.nodf,H2,H3,H4,H17,cent_between,cent_close,cent_eigen,diam,mean_path_length,deg_het_row,deg_het_col
configuration,Ecology_Letters-2015,authorship,51.17749,14.025844,12.223177,0.01206890556539307,0.03135390222311079,0.024062597824819995,56.804039989903934,20.717326630256522,19.612903225806452,7.570612881459424,6.531303356105807,53.177490214639604,16.025843734966376,14.223176516477446,-12.025843734966378,NA,NA,-0.16456715298239252,NA,NA,NA,NA,723464,30903614,44038258,3724957113,0.24450264563934732,0.5758723590725777,0.9317798564312033,5,2.9106891711972396,1.5435130790029998,5.336793679165292
