randomization,name,type,l1,l2,l3,ipr1,ipr2,ipr3,l1_cm,l1_er,l1_reg,l2_mp,l3_mp,l1_lap,l2_lap,l3_lap,alg_conn,clustering_c,clustering_r,deg_assort,Q,N.olap,N.temp,N.nodf,H2,H3,H4,H17,cent_between,cent_close,cent_eigen,diam,mean_path_length,deg_het_row,deg_het_col
configuration,Ecological_Monographs-2015,authorship,24.785827,9.942553,8.673618,0.014209644088301748,0.15960908773371754,0.044524578573778416,27.429539996126312,12.884385238079929,8.536585365853659,6.337477445858827,5.178933296475708,26.785827171223893,11.942553020866502,10.673617695782918,-7.9425530208664865,NA,NA,-0.34905211937062064,0.24940321088434916,0.0742086343231928,6.13335307804137,13.665256185751101,77382,1555671,1427376,27913860,0.1478898880782994,0.4668053859811789,0.8986538860843957,6,3.306278965069781,1.5839571882086168,3.4053514739229023
