randomization,name,type,l1,l2,l3,ipr1,ipr2,ipr3,l1_cm,l1_er,l1_reg,l2_mp,l3_mp,l1_lap,l2_lap,l3_lap,alg_conn,clustering_c,clustering_r,deg_assort,Q,N.olap,N.temp,N.nodf,H2,H3,H4,H17,cent_between,cent_close,cent_eigen,diam,mean_path_length,deg_het_row,deg_het_col
configuration,Ecological_Monographs-2010,authorship,24.491456,8.219729,8.192541,0.01450932446904091,0.03553034891756678,0.027641379969006334,26.50206657046726,12.343620640902412,8.505747126436782,6.193692785548748,5.0674289061605755,26.49145572554575,10.21972913851483,10.192540860167563,-6.219729138514912,NA,NA,-0.2796704692689593,0.2586882357776373,0.05474232964020573,5.781278474162922,11.950938016933216,69146,1492928,1013121,14314557,0.16533040507127225,0.48726099684217117,0.9089940287240558,4,3.344017371013741,1.4353584472503391,3.8311071689450062
