randomization,name,type,l1,l2,l3,ipr1,ipr2,ipr3,l1_cm,l1_er,l1_reg,l2_mp,l3_mp,l1_lap,l2_lap,l3_lap,alg_conn,clustering_c,clustering_r,deg_assort,Q,N.olap,N.temp,N.nodf,H2,H3,H4,H17,cent_between,cent_close,cent_eigen,diam,mean_path_length,deg_het_row,deg_het_col
configuration,Ecology-2012,authorship,54.875679,13.779937,12.627921,0.011073169055389144,0.03650832573234448,0.02402602205754022,59.889717720000675,22.89671357410953,21.846913580246913,8.01971266344777,6.932143217052594,56.875678660116094,15.779936580199431,14.627921451283076,-11.779936580199458,NA,NA,-0.1669558672396091,NA,NA,NA,NA,885769,40620368,56337119,4963398754,0.22385660477867317,0.578952602792495,0.9294453180985159,5,2.8751750835587555,1.4764387929502838,5.032519208612784
