randomization,name,type,l1,l2,l3,ipr1,ipr2,ipr3,l1_cm,l1_er,l1_reg,l2_mp,l3_mp,l1_lap,l2_lap,l3_lap,alg_conn,clustering_c,clustering_r,deg_assort,Q,N.olap,N.temp,N.nodf,H2,H3,H4,H17,cent_between,cent_close,cent_eigen,diam,mean_path_length,deg_het_row,deg_het_col
configuration,Journal_Applied_Ecology-2010,authorship,47.049589,13.687723,11.874151,0.011876651203423445,0.04972097182386524,0.024100205453751744,52.35938128481209,20.374559198791147,19.190434012400356,7.648095726840719,6.582944477444363,49.04958945521103,15.687722837004065,13.874151274784873,-11.68772283700412,NA,NA,-0.1342454712656861,NA,NA,NA,NA,595720,24514495,31193370,2491644108,0.2619369297817643,0.5659237095171725,0.9312843353545932,4,2.913156687962108,1.5785907274023103,4.5918422354115584
