randomization,name,type,l1,l2,l3,ipr1,ipr2,ipr3,l1_cm,l1_er,l1_reg,l2_mp,l3_mp,l1_lap,l2_lap,l3_lap,alg_conn,clustering_c,clustering_r,deg_assort,Q,N.olap,N.temp,N.nodf,H2,H3,H4,H17,cent_between,cent_close,cent_eigen,diam,mean_path_length,deg_het_row,deg_het_col
configuration,Journal_Ecology-2016,authorship,48.991977,13.885535,11.952673,0.010994405638652406,0.05993306431514744,0.017407499365227078,55.08067434499778,19.430714081806066,18.357664233576642,7.205740082928522,6.19231814765536,50.99197717241013,15.8855345887616,13.952672587180409,-11.88553458876157,NA,NA,-0.169793561440058,NA,NA,NA,NA,598995,24857310,32907149,2613210071,0.26671013172035235,0.577169022212795,0.9284862483704299,5,2.912662067126621,1.6826418427802965,5.262925508578745
