randomization,name,type,l1,l2,l3,ipr1,ipr2,ipr3,l1_cm,l1_er,l1_reg,l2_mp,l3_mp,l1_lap,l2_lap,l3_lap,alg_conn,clustering_c,clustering_r,deg_assort,Q,N.olap,N.temp,N.nodf,H2,H3,H4,H17,cent_between,cent_close,cent_eigen,diam,mean_path_length,deg_het_row,deg_het_col
configuration,Journal_Applied_Ecology-2014,authorship,51.199695,14.928826,12.836756,0.012241212369741033,0.05719764965743542,0.014539019431464914,57.80005200740682,21.80984339407932,20.830249396621078,7.878381766133846,6.818012697559025,53.199695459674544,16.928826081982727,14.836756397081409,-12.928826081982791,NA,NA,-0.1435339122967785,NA,NA,NA,NA,814192,35084233,54236483,5480507767,0.27267368566463834,0.5842905313741115,0.9344805163510886,5,2.8375275131719917,1.6313277825734867,4.694532367977845
