randomization,name,type,l1,l2,l3,ipr1,ipr2,ipr3,l1_cm,l1_er,l1_reg,l2_mp,l3_mp,l1_lap,l2_lap,l3_lap,alg_conn,clustering_c,clustering_r,deg_assort,Q,N.olap,N.temp,N.nodf,H2,H3,H4,H17,cent_between,cent_close,cent_eigen,diam,mean_path_length,deg_het_row,deg_het_col
configuration,Journal_Animal_Ecology-2015,authorship,50.306924,14.71493,11.854435,0.01060811863946536,0.04940872592530746,0.01440200045357098,56.657686445667224,20.66830313732445,19.593376264949402,7.4424857765372465,6.393969787671548,52.30692377796923,16.714930102081674,13.854434918829917,-12.714930102081686,NA,NA,-0.16320399825786078,NA,NA,NA,NA,643077,27888506,35086815,2748606968,0.25199163324858675,0.5744031762793292,0.9247637001522943,5,2.8869834525219358,1.6876959530613789,4.878136775641381
