randomization,name,type,l1,l2,l3,ipr1,ipr2,ipr3,l1_cm,l1_er,l1_reg,l2_mp,l3_mp,l1_lap,l2_lap,l3_lap,alg_conn,clustering_c,clustering_r,deg_assort,Q,N.olap,N.temp,N.nodf,H2,H3,H4,H17,cent_between,cent_close,cent_eigen,diam,mean_path_length,deg_het_row,deg_het_col
configuration,Journal_Ecology-2012,authorship,50.300173,12.942205,11.993782,0.009799563696777376,0.03335622127799639,0.010346964079302383,55.33814492059342,20.626666208912688,19.32118887823586,7.441756688821798,6.376411412716675,52.30017291408169,14.942205364072892,13.993782347985796,-10.942205364072871,NA,NA,-0.17874731705546013,NA,NA,NA,NA,591678,26000600,27689565,1750238841,0.20770266556868866,0.5577933142979644,0.9212866513523077,5,2.9499064230414627,1.553274510307609,5.081149776190828
