randomization,name,type,l1,l2,l3,ipr1,ipr2,ipr3,l1_cm,l1_er,l1_reg,l2_mp,l3_mp,l1_lap,l2_lap,l3_lap,alg_conn,clustering_c,clustering_r,deg_assort,Q,N.olap,N.temp,N.nodf,H2,H3,H4,H17,cent_between,cent_close,cent_eigen,diam,mean_path_length,deg_het_row,deg_het_col
configuration,Journal_Applied_Ecology-2009,authorship,48.598071,13.608252,11.901997,0.010643772192934418,0.042193053952671596,0.013682075137038946,53.71020495391972,21.27398617919869,19.994599459945995,7.7952850934349165,6.703557367408655,50.59807141288602,15.608252491147823,13.901997450450684,-11.608252491147804,NA,NA,-0.1353495100672174,NA,NA,NA,NA,618030,26776264,30005949,2172564009,0.23747740968122227,0.5554563845558222,0.9266461017140998,5,2.9174041728497175,1.5764372000137576,4.421478286031285
