randomization,name,type,l1,l2,l3,ipr1,ipr2,ipr3,l1_cm,l1_er,l1_reg,l2_mp,l3_mp,l1_lap,l2_lap,l3_lap,alg_conn,clustering_c,clustering_r,deg_assort,Q,N.olap,N.temp,N.nodf,H2,H3,H4,H17,cent_between,cent_close,cent_eigen,diam,mean_path_length,deg_het_row,deg_het_col
configuration,Journal_Ecology-2006,authorship,38.561486,10.283154,9.841847,0.010865166500690398,0.016197889255354554,0.015085798091385482,41.11764842937823,17.691995578872355,15.367758186397985,7.108278611733942,5.979220504078959,40.561486362040874,12.283153952871462,11.841846740491793,-8.28315395287146,NA,NA,-0.12082307443885915,NA,0.08161980300062073,4.574015921862892,14.217052105565498,248054,8962630,6376554,208118652,0.17331025374852835,0.5184136482546015,0.9125912912539148,6,3.107893056689357,1.3756628738853995,4.389989458173093
