randomization,name,type,l1,l2,l3,ipr1,ipr2,ipr3,l1_cm,l1_er,l1_reg,l2_mp,l3_mp,l1_lap,l2_lap,l3_lap,alg_conn,clustering_c,clustering_r,deg_assort,Q,N.olap,N.temp,N.nodf,H2,H3,H4,H17,cent_between,cent_close,cent_eigen,diam,mean_path_length,deg_het_row,deg_het_col
configuration,Oikos-2012,authorship,52.114481,13.502895,12.532795,0.011029543540486996,0.02801380903059389,0.012600270143810079,56.85076142994287,23.01012613531201,21.774869109947645,8.118027773951239,6.994534951169524,54.11448093847308,15.502895349073414,14.532795409104523,-11.502895349073416,NA,NA,-0.1415078544651221,NA,NA,NA,NA,751276,34348584,40475746,3094043338,0.21261792697020576,0.5603725266529008,0.9257270644975283,5,2.895313869391923,1.4756862268314501,4.492235924889646
