randomization,name,type,l1,l2,l3,ipr1,ipr2,ipr3,l1_cm,l1_er,l1_reg,l2_mp,l3_mp,l1_lap,l2_lap,l3_lap,alg_conn,clustering_c,clustering_r,deg_assort,Q,N.olap,N.temp,N.nodf,H2,H3,H4,H17,cent_between,cent_close,cent_eigen,diam,mean_path_length,deg_het_row,deg_het_col
configuration,Oikos-2011,authorship,50.803074,13.615499,12.059861,0.010871771888485031,0.02954771173943905,0.029427931391142935,55.54364495873075,22.250858147520294,20.980427046263344,7.96738009624016,6.8567140774280775,52.80307406566539,15.615498881085696,14.059860707828452,-11.615498881085689,NA,NA,-0.14331351792383934,NA,NA,NA,NA,690647,30875615,35532882,2609583045,0.21398262392120332,0.5600188705746079,0.9258582109662107,5,2.915287913982311,1.4902647912252813,4.554115047060304
