randomization,name,type,l1,l2,l3,ipr1,ipr2,ipr3,l1_cm,l1_er,l1_reg,l2_mp,l3_mp,l1_lap,l2_lap,l3_lap,alg_conn,clustering_c,clustering_r,deg_assort,Q,N.olap,N.temp,N.nodf,H2,H3,H4,H17,cent_between,cent_close,cent_eigen,diam,mean_path_length,deg_het_row,deg_het_col
configuration,Oikos-2016,authorship,47.981899,12.981248,11.872864,0.012811484139355133,0.03521430632980172,0.018126686706030005,53.12838358414383,19.9470157798597,18.727758007117437,7.490480055184955,6.444684157721654,49.98189934031512,14.981247687375182,13.872864344067807,-10.981247687375166,NA,NA,-0.14621416845208238,NA,NA,NA,NA,598825,24689237,32544104,2546461872,0.24663473350886664,0.5681764011883214,0.9313182639722017,4,2.9398883899569976,1.5381340434775252,5.0731386078841805
