randomization,name,type,l1,l2,l3,ipr1,ipr2,ipr3,l1_cm,l1_er,l1_reg,l2_mp,l3_mp,l1_lap,l2_lap,l3_lap,alg_conn,clustering_c,clustering_r,deg_assort,Q,N.olap,N.temp,N.nodf,H2,H3,H4,H17,cent_between,cent_close,cent_eigen,diam,mean_path_length,deg_het_row,deg_het_col
configuration,Oikos-2010,authorship,48.974089,13.083078,11.709494,0.011100463720172291,0.025741256683220012,0.012817027837963638,52.898501864868585,21.261155617954696,19.854477611940297,7.7875246882035345,6.682685340242941,50.97408928937146,15.08307844588031,13.709493569541976,-11.083078445880382,NA,NA,-0.13632437652665963,NA,NA,NA,NA,589570,25692381,27733550,1841437743,0.21430695674341985,0.5548131849199587,0.9244184856988815,5,2.9555705366723806,1.457260401664378,4.6469302785243025
