randomization,name,type,l1,l2,l3,ipr1,ipr2,ipr3,l1_cm,l1_er,l1_reg,l2_mp,l3_mp,l1_lap,l2_lap,l3_lap,alg_conn,clustering_c,clustering_r,deg_assort,Q,N.olap,N.temp,N.nodf,H2,H3,H4,H17,cent_between,cent_close,cent_eigen,diam,mean_path_length,deg_het_row,deg_het_col
configuration,Arai_parsnip,ecologicalinteractions,7.916463,3.967745,3.537429,0.04638248544523667,0.10473806260968525,0.04482185364403948,7.982756612882692,5.982597220514927,4.514285714285714,3.688625651918166,2.4003408064435052,9.916462529430218,5.967745274446816,5.537428810670643,-1.9677452744468165,0.9654979354748408,0.6695178849144634,-0.4430525881048313,0.35551193718955293,0.08423309127871988,22.530014855744206,27.134026622137586,1188,7208,3879,10119,0.18299980381340133,0.39796605861487583,0.739001601642733,6,3.0165631469979295,1.2366607915398171,1.8597981092773597
