randomization,name,type,l1,l2,l3,ipr1,ipr2,ipr3,l1_cm,l1_er,l1_reg,l2_mp,l3_mp,l1_lap,l2_lap,l3_lap,alg_conn,clustering_c,clustering_r,deg_assort,Q,N.olap,N.temp,N.nodf,H2,H3,H4,H17,cent_between,cent_close,cent_eigen,diam,mean_path_length,deg_het_row,deg_het_col
configuration,Arroyo1982-2,ecologicalinteractions,6.810225,4.170009,3.738197,0.04762586300087732,0.045440888087218655,0.08733462344806657,6.713172599747163,4.523045378422778,3.7475728155339807,3.4441828335320994,2.394306331216053,8.81022458793079,6.170008760502494,5.738196852279091,-2.170008760502497,0.6333056164487112,0.5337097309863833,-0.09930272818716172,0.44309914360117186,0.061123914643593014,11.41515351418241,14.708922783434035,1112,6031,3027,7012,0.21168251261399165,0.27110399899624843,0.8084075047174434,7,3.549590710070436,1.6081237080190074,1.9124808719697173
