randomization,name,type,l1,l2,l3,ipr1,ipr2,ipr3,l1_cm,l1_er,l1_reg,l2_mp,l3_mp,l1_lap,l2_lap,l3_lap,alg_conn,clustering_c,clustering_r,deg_assort,Q,N.olap,N.temp,N.nodf,H2,H3,H4,H17,cent_between,cent_close,cent_eigen,diam,mean_path_length,deg_het_row,deg_het_col
configuration,Baird1980,ecologicalinteractions,5.48692,2.463366,2.061752,0.08393796808831588,0.13083702043078563,0.0937654192244215,5.664768309472154,4.6777032346035385,3.5714285714285716,2.523084332884231,1.3414594092993768,7.4869203170060485,4.463365587551327,4.061752042220678,-0.4633655875513163,1,0.7939955285851166,-0.6139534883720934,0.3607355327203893,0.23616030434212254,23.200373757173615,49.377447948876515,260,956,579,1009,0.30994550336114124,0.36224548627104475,0.6251798249409982,4,2.5634920634920637,1.2207999999999999,1.5456000000000003
