randomization,name,type,l1,l2,l3,ipr1,ipr2,ipr3,l1_cm,l1_er,l1_reg,l2_mp,l3_mp,l1_lap,l2_lap,l3_lap,alg_conn,clustering_c,clustering_r,deg_assort,Q,N.olap,N.temp,N.nodf,H2,H3,H4,H17,cent_between,cent_close,cent_eigen,diam,mean_path_length,deg_het_row,deg_het_col
configuration,Bartomeus-MIQ2OP,ecologicalinteractions,3.7401,2.676251,2.179776,0.11357493841596973,0.1060376961486615,0.12144041028655612,3.869609483012518,3.04086450366864,2.2580645161290325,2.5152846658460133,1.3711385330765984,5.740100249893528,4.676251211395228,4.1797755813315804,-0.6762512113952351,0.726027397260274,0.06264501160092807,-0.5324472243940579,0.5412244897959185,0.14816372929842214,22.20988420171495,24.277241145568546,117,216,201,271,0.4966079182630904,0.40385941196419545,0.7533311218289875,7,3.178494623655914,1.443265306122449,1.5583673469387755
