randomization,name,type,l1,l2,l3,ipr1,ipr2,ipr3,l1_cm,l1_er,l1_reg,l2_mp,l3_mp,l1_lap,l2_lap,l3_lap,alg_conn,clustering_c,clustering_r,deg_assort,Q,N.olap,N.temp,N.nodf,H2,H3,H4,H17,cent_between,cent_close,cent_eigen,diam,mean_path_length,deg_het_row,deg_het_col
configuration,Bartomeus-BAT1CA,ecologicalinteractions,4.126052,2.432285,2.302724,0.12128933066503689,0.16399308905071752,0.1277062205544033,4.264782016817452,3.279306974162218,2.533333333333333,2.4549689539327586,1.3362021481507207,6.1260523245516865,4.432285366153492,4.302723518564311,-0.43228536615348073,0.7142857142857143,0.1456752655538695,-0.47108301551643084,0.4598337950138503,0.24614683303787926,17.60278443931924,36.14305071622145,145,316,304,557,0.5363027493994028,0.3706742893700213,0.777303598342878,6,2.9448275862068964,1.6703601108033241,1.425207756232687
