randomization,name,type,l1,l2,l3,ipr1,ipr2,ipr3,l1_cm,l1_er,l1_reg,l2_mp,l3_mp,l1_lap,l2_lap,l3_lap,alg_conn,clustering_c,clustering_r,deg_assort,Q,N.olap,N.temp,N.nodf,H2,H3,H4,H17,cent_between,cent_close,cent_eigen,diam,mean_path_length,deg_het_row,deg_het_col
configuration,Bartomeus-MED2CA,ecologicalinteractions,5.490792,3.283739,2.8192,0.06953884411007726,0.10483752267860533,0.06388538164954545,5.684677546004284,4.110066184141478,3.217391304347826,2.866863850189183,1.7276020128653717,7.490791759267149,5.283739278072329,4.819199902131796,-1.283739278072343,0.805131761442441,0.5690173410404624,-0.4861771147568085,0.44320672023374696,0.18626538115138552,12.689262484313517,31.562258014557848,382,1336,966,2110,0.296212481312105,0.27932263562682264,0.718112920180372,6,3.0898550724637683,1.6157779401022645,1.6362308254200146
