randomization,name,type,l1,l2,l3,ipr1,ipr2,ipr3,l1_cm,l1_er,l1_reg,l2_mp,l3_mp,l1_lap,l2_lap,l3_lap,alg_conn,clustering_c,clustering_r,deg_assort,Q,N.olap,N.temp,N.nodf,H2,H3,H4,H17,cent_between,cent_close,cent_eigen,diam,mean_path_length,deg_het_row,deg_het_col
configuration,Bartomeus-MED1CA,ecologicalinteractions,4.120147,2.295773,2.173403,0.1002516515705776,0.07825317496492781,0.113953033188895,4.368440506822869,3.2897906242483272,2.642857142857143,2.3362180020933057,1.255572203535044,6.120147186633983,4.295772693215126,4.173403020928063,-0.29577269321514116,0.868995633187773,0.5184590690208668,-0.4366300366300369,0.4594594594594595,0.25220587163546165,20.140550703912,37.4939874939875,130,344,195,206,0.43179627870985887,0.4338335943708639,0.7017364909862813,6,2.894179894179894,1.526661796932067,1.6435354273192115
