randomization,name,type,l1,l2,l3,ipr1,ipr2,ipr3,l1_cm,l1_er,l1_reg,l2_mp,l3_mp,l1_lap,l2_lap,l3_lap,alg_conn,clustering_c,clustering_r,deg_assort,Q,N.olap,N.temp,N.nodf,H2,H3,H4,H17,cent_between,cent_close,cent_eigen,diam,mean_path_length,deg_het_row,deg_het_col
configuration,Bartomeus-SEL1OP,ecologicalinteractions,3.512197,2.38227,1.951498,0.13427270126808802,0.09945148874969408,0.18246602584330088,3.5210735839617824,2.8670773787841024,2.24,2.3545169640967183,1.225578882027196,5.512197201199624,4.382269625097705,3.951497511454307,-0.3822696250977049,0.5789473684210527,0.05217391304347826,-0.5420928402832417,0.5293367346938777,0.17463300165281873,19.744100507733876,31.20644599303136,83,123,130,163,0.6081169484702093,0.3445246714758624,0.7573531627266255,7,3.3866666666666667,1.653061224489796,1.3010204081632653
