randomization,name,type,l1,l2,l3,ipr1,ipr2,ipr3,l1_cm,l1_er,l1_reg,l2_mp,l3_mp,l1_lap,l2_lap,l3_lap,alg_conn,clustering_c,clustering_r,deg_assort,Q,N.olap,N.temp,N.nodf,H2,H3,H4,H17,cent_between,cent_close,cent_eigen,diam,mean_path_length,deg_het_row,deg_het_col
configuration,Bartomeus-MIQ1OP,ecologicalinteractions,4.161417,3.028414,2.466531,0.09834614989248015,0.12698562124079643,0.08236148917960096,4.436638444110662,3.5025784007592398,2.5161290322580645,2.5582936695131893,1.3856831338560294,6.161417420367357,5.028413557673523,4.466530956191489,-1.0284135576735096,0.8449612403100775,0.10268378063010501,-0.7488940931563884,0.47205785667324124,0.20406123220132882,21.427223283635904,32.91619902731014,171,307,390,673,0.3936110198868819,0.25705977987911105,0.720758325901231,5,2.890322580645161,1.5141354372123603,1.435897435897436
