randomization,name,type,l1,l2,l3,ipr1,ipr2,ipr3,l1_cm,l1_er,l1_reg,l2_mp,l3_mp,l1_lap,l2_lap,l3_lap,alg_conn,clustering_c,clustering_r,deg_assort,Q,N.olap,N.temp,N.nodf,H2,H3,H4,H17,cent_between,cent_close,cent_eigen,diam,mean_path_length,deg_het_row,deg_het_col
configuration,Bek2006,ecologicalinteractions,12.608684,7.782728,6.084638,0.031878987503684106,0.1495888967455897,0.1436290124513419,14.555623926065376,7.351510823877192,4.5038167938931295,4.4932248535415305,3.396310431530943,14.608684199203607,9.7827283202714,8.084638226064937,-5.782728320271379,0.9497349868779911,0.5839909590549508,-0.40770017205061193,0.391557023843723,0.13587301879129748,5.607796378447236,18.675265714686805,10338,77891,141353,2066749,0.33573537376970153,0.3295638085954826,0.8805598247845243,6,3.3154046386475975,1.8798678540649238,2.6953461648951453
