randomization,name,type,l1,l2,l3,ipr1,ipr2,ipr3,l1_cm,l1_er,l1_reg,l2_mp,l3_mp,l1_lap,l2_lap,l3_lap,alg_conn,clustering_c,clustering_r,deg_assort,Q,N.olap,N.temp,N.nodf,H2,H3,H4,H17,cent_between,cent_close,cent_eigen,diam,mean_path_length,deg_het_row,deg_het_col
configuration,belay19,ecologicalinteractions,16.582718,6.818196,6.720836,0.02088786853510082,0.09932245221839878,0.0629135442011668,18.774886830336516,7.641337649489995,5.654822335025381,4.505207231087918,3.5779421089191206,18.58271787886816,8.818195803783393,8.72083581585441,-4.818195803783405,0.9005310564188531,0.6364902256848917,-0.316294816457176,0.33738062008257375,0.09964538061955032,2.6623171516599555,13.92733800389014,20582,286124,219111,2079687,0.1323713102464541,0.34459791675112217,0.8810510295592993,7,3.384004339907777,1.9696243984670376,3.914629861820667
