randomization,name,type,l1,l2,l3,ipr1,ipr2,ipr3,l1_cm,l1_er,l1_reg,l2_mp,l3_mp,l1_lap,l2_lap,l3_lap,alg_conn,clustering_c,clustering_r,deg_assort,Q,N.olap,N.temp,N.nodf,H2,H3,H4,H17,cent_between,cent_close,cent_eigen,diam,mean_path_length,deg_het_row,deg_het_col
configuration,belay14,ecologicalinteractions,4.224312,2.191291,1.964955,0.09881432578180725,0.13163010524406996,0.10108339057791237,4.255715111601235,3.6416071878572462,3,2.3954829775838706,1.2183017087557624,6.224312292101608,4.19129143938941,3.964954742882901,-0.1912914393894142,0.75,0.6863468634686347,-0.24644439263231538,0.3728191000918274,0.18436041083099908,25.8479199933675,43.305322128851536,109,328,127,99,0.278773710542418,0.3767957643028863,0.6363726648044088,6,2.761904761904762,1.1974288337924701,1.5555555555555554
