randomization,name,type,l1,l2,l3,ipr1,ipr2,ipr3,l1_cm,l1_er,l1_reg,l2_mp,l3_mp,l1_lap,l2_lap,l3_lap,alg_conn,clustering_c,clustering_r,deg_assort,Q,N.olap,N.temp,N.nodf,H2,H3,H4,H17,cent_between,cent_close,cent_eigen,diam,mean_path_length,deg_het_row,deg_het_col
configuration,belay28,ecologicalinteractions,6.828023,4.655801,4.505311,0.03451120734804417,0.05438006446061173,0.04858981076627772,6.684820902447169,4.245242364830739,3.2280701754385963,3.549668522624613,2.608139490618986,8.828023375397315,6.655800569287681,6.505311062932613,-2.6558005692876927,0.6071929390414914,0.3488644145172335,-0.3337468769135661,0.5067606595253097,0.05358951244491522,5.0511791670602975,9.760946928212807,1741,8101,5958,17828,0.16559314752774695,0.21543683018486265,0.8273187226590165,12,4.038527691778466,1.8216761184625077,1.9250682629699645
