randomization,name,type,l1,l2,l3,ipr1,ipr2,ipr3,l1_cm,l1_er,l1_reg,l2_mp,l3_mp,l1_lap,l2_lap,l3_lap,alg_conn,clustering_c,clustering_r,deg_assort,Q,N.olap,N.temp,N.nodf,H2,H3,H4,H17,cent_between,cent_close,cent_eigen,diam,mean_path_length,deg_het_row,deg_het_col
configuration,belay13,ecologicalinteractions,5.252053,3.70497,3.672285,0.05000039366505442,0.06510693423283956,0.10321616329189408,5.253646072985273,3.910717513002709,2.673076923076923,3.461714526207382,2.360872369411701,7.252053438907695,5.704970279420278,5.672285234566468,-1.704970279420275,0.5788827501534684,0.251939021128644,-0.543081360117274,0.5897210289322488,0.04104027535636055,12.887386659196723,10.58706654541141,711,2083,1929,4369,0.23462086127176093,0.2398241651866599,0.8213519385617986,8,3.8605302464525764,1.3966668391905184,1.7827752186739818
