randomization,name,type,l1,l2,l3,ipr1,ipr2,ipr3,l1_cm,l1_er,l1_reg,l2_mp,l3_mp,l1_lap,l2_lap,l3_lap,alg_conn,clustering_c,clustering_r,deg_assort,Q,N.olap,N.temp,N.nodf,H2,H3,H4,H17,cent_between,cent_close,cent_eigen,diam,mean_path_length,deg_het_row,deg_het_col
configuration,belay1,ecologicalinteractions,4.899824,3.615569,2.862525,0.06796657005329798,0.09238023864595009,0.08101587047820663,5.441594055564622,3.1067989184422777,2.484848484848485,2.563926907380421,1.6532204413621656,6.899824372597859,5.615569409333677,4.862524718620216,-1.615569409333675,0.4272363150867824,0.3788027477919529,-0.3296094612548889,0.5585960737656154,0.14648176111737324,5.660659782678834,19.058536235006823,366,1204,857,1555,0.3488296296898371,0.2390135508788183,0.7880834806762229,9,3.6904428904428905,1.886972040452112,2.427126710291493
