randomization,name,type,l1,l2,l3,ipr1,ipr2,ipr3,l1_cm,l1_er,l1_reg,l2_mp,l3_mp,l1_lap,l2_lap,l3_lap,alg_conn,clustering_c,clustering_r,deg_assort,Q,N.olap,N.temp,N.nodf,H2,H3,H4,H17,cent_between,cent_close,cent_eigen,diam,mean_path_length,deg_het_row,deg_het_col
configuration,belay21,ecologicalinteractions,3.817119,2.635754,2.138753,0.15703438615590506,0.1407095610703793,0.20086814047238769,4.04771232006606,3.2037033973878577,2.2962962962962963,2.395037231961515,1.2445994646264231,5.817119467344684,4.635754063997907,4.138752694524668,-0.6357540639979086,0.4807692307692308,0.3247863247863248,-0.5792144457624887,0.5046826222684703,0.2367321312540611,25.487515550106846,28.023280423280426,120,181,278,540,0.5524023668639054,0.38615336700500486,0.7960263122860363,5,2.8603988603988606,1.4672216441207073,1.4640998959417273
