randomization,name,type,l1,l2,l3,ipr1,ipr2,ipr3,l1_cm,l1_er,l1_reg,l2_mp,l3_mp,l1_lap,l2_lap,l3_lap,alg_conn,clustering_c,clustering_r,deg_assort,Q,N.olap,N.temp,N.nodf,H2,H3,H4,H17,cent_between,cent_close,cent_eigen,diam,mean_path_length,deg_het_row,deg_het_col
configuration,Brosi2017_Gothic.Road.Steep.2013_Manipulation,ecologicalinteractions,4.129804,1.990154,1.414214,0.12122132055440088,0.14287578546213503,0.11062500000000001,4.376510728176746,3.4541077698398728,2.888888888888889,1.77785907148956,0.8234959394179584,6.129803914844632,3.990154243035226,3.4142135623730985,0.009845756964777018,0.7894736842105263,0.9017857142857143,-0.5558002936857567,0.31656804733727817,0.5410087719298246,14.477788266440724,67.21491228070177,96,238,156,199,0.414940682155215,0.41857768858201927,0.6491631288419784,5,2.3594771241830066,1.7189349112426036,1.269230769230769
