randomization,name,type,l1,l2,l3,ipr1,ipr2,ipr3,l1_cm,l1_er,l1_reg,l2_mp,l3_mp,l1_lap,l2_lap,l3_lap,alg_conn,clustering_c,clustering_r,deg_assort,Q,N.olap,N.temp,N.nodf,H2,H3,H4,H17,cent_between,cent_close,cent_eigen,diam,mean_path_length,deg_het_row,deg_het_col
configuration,Brosi2017_Brush.Creek.Sign.2014_Control,ecologicalinteractions,4.896251,2.08305,2.019737,0.12241184881181336,0.11494995344728075,0.09476213489464835,5.275730597114805,3.817358015987264,3.130434782608696,1.748227758454467,0.8684847906563335,6.89625119017451,4.08304950340334,4.019737308900574,-0.08304950340334415,0.8104575163398693,1,-0.524526392359025,0.46938775510204095,0.6115462649297235,17.760450543871233,61.7794486215539,185,490,548,1445,0.664456250819887,0.6592024769184155,0.7315277881130826,4,2.292490118577075,2.0617283950617282,1.25
