randomization,name,type,l1,l2,l3,ipr1,ipr2,ipr3,l1_cm,l1_er,l1_reg,l2_mp,l3_mp,l1_lap,l2_lap,l3_lap,alg_conn,clustering_c,clustering_r,deg_assort,Q,N.olap,N.temp,N.nodf,H2,H3,H4,H17,cent_between,cent_close,cent_eigen,diam,mean_path_length,deg_het_row,deg_het_col
configuration,Brosi2017_Belleview.Bench.2013_Manipulation,ecologicalinteractions,4.650939,2.109389,1.73608,0.09768224787021149,0.11301864384334583,0.11419432930877006,4.998437255783052,4.044704861111111,3.5555555555555554,1.7658016750347572,0.8226927048908493,6.650939429200276,4.1093892331485264,3.736079815773855,-0.10938923314851833,0.9389438943894389,0.9466019417475728,-0.47023809523809523,0.30078125,0.5585565476190476,11.099118471122694,70.07936507936508,128,433,184,183,0.2744933267424617,0.35600366364164643,0.49105340326425895,4,2.2026143790849675,1.44140625,1.37109375
