randomization,name,type,l1,l2,l3,ipr1,ipr2,ipr3,l1_cm,l1_er,l1_reg,l2_mp,l3_mp,l1_lap,l2_lap,l3_lap,alg_conn,clustering_c,clustering_r,deg_assort,Q,N.olap,N.temp,N.nodf,H2,H3,H4,H17,cent_between,cent_close,cent_eigen,diam,mean_path_length,deg_het_row,deg_het_col
configuration,Brosi2017_Gothic.Road.2013_Control,ecologicalinteractions,4.492583,2.308027,1.826281,0.09587035083194166,0.09635228355174529,0.13978859639221816,4.51848057057532,3.636327744343971,3,2.3351166881310443,1.2109918207962862,6.492583086600144,4.308026751231175,3.8262814854704623,-0.30802675123117046,0.8409090909090909,0.7575030012004802,-0.3681318681318676,0.3564814814814815,0.26702765952386015,19.16417742831869,46.05369807497467,132,417,178,163,0.24825244069100405,0.2806738298410968,0.6230236847400739,5,2.7282608695652173,1.4583333333333333,1.4583333333333335
