randomization,name,type,l1,l2,l3,ipr1,ipr2,ipr3,l1_cm,l1_er,l1_reg,l2_mp,l3_mp,l1_lap,l2_lap,l3_lap,alg_conn,clustering_c,clustering_r,deg_assort,Q,N.olap,N.temp,N.nodf,H2,H3,H4,H17,cent_between,cent_close,cent_eigen,diam,mean_path_length,deg_het_row,deg_het_col
configuration,Brosi2017_Rustlers.2013_Control,ecologicalinteractions,4.851369,2.253124,1.750307,0.09032381723956134,0.11916232894180756,0.12979004142240946,5.052319401694844,4.023205784525617,3.3636363636363638,2.1029099062458783,1.0514916541112642,6.851368894260527,4.253124079518711,3.750306871782779,-0.253124079518713,0.9499105545617174,0.8298755186721992,-0.5275436667888103,0.2972972972972973,0.4528286139630677,15.889752984263644,59.95398159263706,156,541,241,253,0.20208925979834336,0.357433408394138,0.5350900542250233,5,2.484848484848485,1.408327246165084,1.4828341855368883
