randomization,name,type,l1,l2,l3,ipr1,ipr2,ipr3,l1_cm,l1_er,l1_reg,l2_mp,l3_mp,l1_lap,l2_lap,l3_lap,alg_conn,clustering_c,clustering_r,deg_assort,Q,N.olap,N.temp,N.nodf,H2,H3,H4,H17,cent_between,cent_close,cent_eigen,diam,mean_path_length,deg_het_row,deg_het_col
configuration,Burkle2013,ecologicalinteractions,10.592079,4.308597,4.119896,0.03621086334650582,0.09700665259984542,0.05300966655136348,11.213831459407618,7.683464312403759,6.410256410256411,3.7922005729108244,2.5313684054541126,12.592079321060972,6.308596536595127,6.119895558663309,-2.308596536595145,0.9686390007103954,0.8926048413925364,-0.4264553489789697,0.26308800000000016,0.297682844687113,13.417885258857023,45.804735559878736,2750,23254,14635,73701,0.2591278888740145,0.2971038079923627,0.7328363750456663,6,2.6253746253746253,1.5621120000000002,1.6692479999999998
