randomization,name,type,l1,l2,l3,ipr1,ipr2,ipr3,l1_cm,l1_er,l1_reg,l2_mp,l3_mp,l1_lap,l2_lap,l3_lap,alg_conn,clustering_c,clustering_r,deg_assort,Q,N.olap,N.temp,N.nodf,H2,H3,H4,H17,cent_between,cent_close,cent_eigen,diam,mean_path_length,deg_het_row,deg_het_col
configuration,Carlo4,ecologicalinteractions,4.669515,2.734965,2.449974,0.08864276081130784,0.08589391243564803,0.08117577649852203,5.086452594883785,3.5652490205270375,2.9411764705882355,2.411156602137364,1.3650001236817189,6.669515329070211,4.734964575432218,4.449974322913289,-0.7349645754322204,0.77046783625731,0.5609756097560976,-0.39162704395222037,0.44800000000000006,0.2885439250692713,12.054133641489457,40.55075410947297,209,671,394,582,0.3604485056189602,0.3610438308157187,0.7059711740393635,5,2.855614973262032,1.7247999999999999,1.68
