randomization,name,type,l1,l2,l3,ipr1,ipr2,ipr3,l1_cm,l1_er,l1_reg,l2_mp,l3_mp,l1_lap,l2_lap,l3_lap,alg_conn,clustering_c,clustering_r,deg_assort,Q,N.olap,N.temp,N.nodf,H2,H3,H4,H17,cent_between,cent_close,cent_eigen,diam,mean_path_length,deg_het_row,deg_het_col
configuration,Carlo2003-4,ecologicalinteractions,4.78779,2.474317,2.26305,0.08995393865002828,0.10975086834130227,0.09078635315445865,5.086452594883785,3.5652490205270375,2.9411764705882355,2.411156602137364,1.3650001236817189,6.787789979711105,4.474317184014504,4.263050140555879,-0.47431718401450945,0.8108465608465608,0.5078299776286354,-0.35297073717576977,0.41680000000000045,0.2617240609566778,13.36499122404539,39.403490933740045,209,691,394,582,0.2914839949103035,0.3097632028613476,0.7198459256740544,6,2.9340463458110517,1.7247999999999999,1.68
