randomization,name,type,l1,l2,l3,ipr1,ipr2,ipr3,l1_cm,l1_er,l1_reg,l2_mp,l3_mp,l1_lap,l2_lap,l3_lap,alg_conn,clustering_c,clustering_r,deg_assort,Q,N.olap,N.temp,N.nodf,H2,H3,H4,H17,cent_between,cent_close,cent_eigen,diam,mean_path_length,deg_het_row,deg_het_col
configuration,Carstensen2017_Brazil.Paulino,ecologicalinteractions,7.24118,4.362013,4.275854,0.05663998700989946,0.13018801834161534,0.09580005569518674,7.338707471441977,4.544412169783289,3.2336448598130842,3.4261803374384643,2.3545285723694818,9.24118034698374,6.362012820974855,6.275854172950775,-2.362012820974848,0.7903869512406733,0.5205676617058638,-0.5077657288230377,0.48117210732065935,0.14268926080138133,8.942905441617745,20.196999702300058,1429,5621,7517,34024,0.2799796228582241,0.30980411168332483,0.8403874253434567,7,3.455122553341562,2.068094490293695,1.7332687360085535
