randomization,name,type,l1,l2,l3,ipr1,ipr2,ipr3,l1_cm,l1_er,l1_reg,l2_mp,l3_mp,l1_lap,l2_lap,l3_lap,alg_conn,clustering_c,clustering_r,deg_assort,Q,N.olap,N.temp,N.nodf,H2,H3,H4,H17,cent_between,cent_close,cent_eigen,diam,mean_path_length,deg_het_row,deg_het_col
configuration,Carstensen2017_WesternSahara,ecologicalinteractions,5.997553,4.199041,3.606706,0.09188235597444697,0.08003605498086656,0.08456489018021644,6.232567525441155,4.523324560510165,2.9166666666666665,3.3980024099665247,2.1732988869102234,7.997552921005496,6.199040862232332,5.606705953265994,-2.1990408622323208,0.8711507293354943,0.4309731962724565,-0.551516452965117,0.4894331065759624,0.16428015614471522,17.89826996704552,24.6361791322864,802,1992,4273,21132,0.4924767404671541,0.324068748346065,0.8487242066426438,6,3.183098591549296,1.670748299319728,1.5183673469387757
