randomization,name,type,l1,l2,l3,ipr1,ipr2,ipr3,l1_cm,l1_er,l1_reg,l2_mp,l3_mp,l1_lap,l2_lap,l3_lap,alg_conn,clustering_c,clustering_r,deg_assort,Q,N.olap,N.temp,N.nodf,H2,H3,H4,H17,cent_between,cent_close,cent_eigen,diam,mean_path_length,deg_het_row,deg_het_col
configuration,Carstensen2017_Brazil.Cedro,ecologicalinteractions,5.978968,4.095995,3.721022,0.09414659860222863,0.0760458233571124,0.07385262719419328,6.410446720821711,3.6843762126239503,2.7551020408163267,3.014994502203134,2.0545743670806864,7.978967729601563,6.09599528391124,5.721022462202227,-2.0959952839112246,0.6037735849056604,0.4050044505983582,-0.3978793783506867,0.5458984910836756,0.13318239358650474,6.007103229204807,17.161264188326953,869,2723,3980,16985,0.4103125761489332,0.3060490347499318,0.8828790283819602,9,3.674521354933726,2.2414814814814816,1.9283950617283954
