randomization,name,type,l1,l2,l3,ipr1,ipr2,ipr3,l1_cm,l1_er,l1_reg,l2_mp,l3_mp,l1_lap,l2_lap,l3_lap,alg_conn,clustering_c,clustering_r,deg_assort,Q,N.olap,N.temp,N.nodf,H2,H3,H4,H17,cent_between,cent_close,cent_eigen,diam,mean_path_length,deg_het_row,deg_het_col
configuration,Carvalheiro2008,ecologicalinteractions,4.224518,3.22408,2.802216,0.11742829703779041,0.09674771239037232,0.07359990729613676,5.0980793661084265,2.8051407842238785,2.156862745098039,2.256923144299183,1.3727166210294222,6.224518288279208,5.224079789221271,4.80221608193423,-1.2240797892212711,0.5502183406113537,0.18594436310395315,-0.4759846551754067,0.6175206611570242,0.16367093486400672,7.584693287964454,17.019425019425018,234,497,603,1194,0.6066612244897958,0.37671105258322435,0.8302540072303731,7,3.5764705882352943,1.8988429752066116,2.5338842975206615
