randomization,name,type,l1,l2,l3,ipr1,ipr2,ipr3,l1_cm,l1_er,l1_reg,l2_mp,l3_mp,l1_lap,l2_lap,l3_lap,alg_conn,clustering_c,clustering_r,deg_assort,Q,N.olap,N.temp,N.nodf,H2,H3,H4,H17,cent_between,cent_close,cent_eigen,diam,mean_path_length,deg_het_row,deg_het_col
configuration,Dicks2002-2,ecologicalinteractions,6.190369,3.179261,2.980914,0.08439377528604389,0.07138015815565045,0.10581181334559996,6.70317385143334,4.2962321043115965,3.36,2.670355409560048,1.626676167396263,8.190369405181707,5.179260750560128,4.980914113602805,-1.1792607505601196,0.7238738738738739,0.7670025188916877,-0.4409525880817745,0.3886054421768707,0.3204056844098268,11.595937299847472,39.17155225726654,554,2109,2201,7980,0.38965773603719145,0.33454306365706443,0.7976886080219661,7,2.9248979591836735,1.9940476190476193,1.6765873015873016
