randomization,name,type,l1,l2,l3,ipr1,ipr2,ipr3,l1_cm,l1_er,l1_reg,l2_mp,l3_mp,l1_lap,l2_lap,l3_lap,alg_conn,clustering_c,clustering_r,deg_assort,Q,N.olap,N.temp,N.nodf,H2,H3,H4,H17,cent_between,cent_close,cent_eigen,diam,mean_path_length,deg_het_row,deg_het_col
configuration,Duplessis2001,ecologicalinteractions,4.717784,1.901631,1.414214,0.09793290386722596,0.13628541179860804,0.1874999999999996,4.853406592853679,4.608098078517271,4,1.9380653963145802,0.8479961211780984,6.717784408999671,3.9016305443265686,3.414213562373086,0.09836945567342702,0.9916666666666667,1,-0.567628749292586,0.28125,0.2006060606060606,20.65206161078826,61.81818181818182,123,404,186,239,0.44184981684981683,0.5426029558776091,0.5254398188492503,3,1.9047619047619047,1.1111111111111112,1.1777777777777778
