randomization,name,type,l1,l2,l3,ipr1,ipr2,ipr3,l1_cm,l1_er,l1_reg,l2_mp,l3_mp,l1_lap,l2_lap,l3_lap,alg_conn,clustering_c,clustering_r,deg_assort,Q,N.olap,N.temp,N.nodf,H2,H3,H4,H17,cent_between,cent_close,cent_eigen,diam,mean_path_length,deg_het_row,deg_het_col
configuration,Dupont2009-2,ecologicalinteractions,15.367867,6.996921,6.590927,0.033473530051068706,0.07198313417602561,0.07165575724291624,16.280017104235057,8.953664600968146,5.045112781954887,4.990145417337111,3.758339619327693,17.367867135029538,8.996921278547376,8.590927187267207,-4.996921278547333,0.956142207173844,0.7131951517298531,-0.5832538522669308,0.3388829537958561,0.19431931153743345,7.3617155144069795,26.09625649168263,16520,129240,288650,4496465,0.210494225559678,0.3548262938703215,0.8718288097225989,6,3.191885373811888,2.0299128688857744,2.0531493133677294
