randomization,name,type,l1,l2,l3,ipr1,ipr2,ipr3,l1_cm,l1_er,l1_reg,l2_mp,l3_mp,l1_lap,l2_lap,l3_lap,alg_conn,clustering_c,clustering_r,deg_assort,Q,N.olap,N.temp,N.nodf,H2,H3,H4,H17,cent_between,cent_close,cent_eigen,diam,mean_path_length,deg_het_row,deg_het_col
configuration,Dupont2009-1,ecologicalinteractions,12.980235,6.376891,6.038306,0.05076947171850591,0.10050875275151591,0.10516672125085845,14.001394888493412,8.072393770619184,4.146341463414634,4.580886071900728,3.327653786932346,14.980235284043431,8.376890974350767,8.038305583128132,-4.376890974350753,0.967192946483494,0.6869068316340011,-0.5962221127469636,0.39686089965397964,0.24916081116807046,8.83549481547076,30.144307779524873,9901,54054,172321,2636530,0.3289701535776941,0.3107525295004814,0.8828187050062394,6,3.1158297465327593,1.9738961937716264,1.94315294117647
