randomization,name,type,l1,l2,l3,ipr1,ipr2,ipr3,l1_cm,l1_er,l1_reg,l2_mp,l3_mp,l1_lap,l2_lap,l3_lap,alg_conn,clustering_c,clustering_r,deg_assort,Q,N.olap,N.temp,N.nodf,H2,H3,H4,H17,cent_between,cent_close,cent_eigen,diam,mean_path_length,deg_het_row,deg_het_col
configuration,Galetti1996-1,ecologicalinteractions,4.610746,2.657857,1.767374,0.09138808874624181,0.11434965139378152,0.12240613691631597,4.868349928356706,3.914160114856005,3.04,2.320534236003506,1.1965918818080086,6.610746329731235,4.657856523243894,3.7673735705734335,-0.6578565232438932,0.9575892857142857,0.6762886597938145,-0.4737850131673445,0.36426592797783924,0.2347432739674119,30.300005477120497,40.775862068965516,155,476,269,393,0.45159415566070793,0.33172199904208294,0.637464173529507,4,2.6533333333333333,1.2022160664819943,1.7202216066481995
