randomization,name,type,l1,l2,l3,ipr1,ipr2,ipr3,l1_cm,l1_er,l1_reg,l2_mp,l3_mp,l1_lap,l2_lap,l3_lap,alg_conn,clustering_c,clustering_r,deg_assort,Q,N.olap,N.temp,N.nodf,H2,H3,H4,H17,cent_between,cent_close,cent_eigen,diam,mean_path_length,deg_het_row,deg_het_col
configuration,Gilarranz_2015_Barrosa,ecologicalinteractions,7.541438,4.518146,3.988526,0.05017615637770316,0.1378921572601291,0.057714136421887045,8.799764586865466,4.588199360833193,3.782608695652174,2.9625953667069718,2.018081609410077,9.541438285125132,6.518146034739251,5.988526205976712,-2.5181460347392357,0.8435897435897436,0.6589664987957083,-0.378288012677703,0.44081120359360565,0.2313525231338498,4.729856879700982,28.229778767624982,1398,7561,6513,27395,0.327822694575073,0.36195574339449127,0.8027379601123917,7,3.161729574773053,2.228828114678293,2.2893380895759012
