randomization,name,type,l1,l2,l3,ipr1,ipr2,ipr3,l1_cm,l1_er,l1_reg,l2_mp,l3_mp,l1_lap,l2_lap,l3_lap,alg_conn,clustering_c,clustering_r,deg_assort,Q,N.olap,N.temp,N.nodf,H2,H3,H4,H17,cent_between,cent_close,cent_eigen,diam,mean_path_length,deg_het_row,deg_het_col
configuration,Gilarranz_2015_Volcan,ecologicalinteractions,8.903927,4.373998,4.157901,0.04618050858243686,0.057977767603919636,0.044159656048252664,9.97975019594831,5.474674506472628,4.470588235294118,3.3175043156549826,2.291971428153075,10.903926650438802,6.373998455607301,6.157901044206083,-2.373998455607273,0.8918421355425152,0.7427432571317464,-0.3469043536291408,0.3712873191751314,0.24302422908680854,5.4380072518044065,31.19648579669714,2165,14653,11805,65076,0.3234304920523547,0.3578962896321313,0.8169668672414115,6,3.0168899242865463,2.049784549092028,2.160972606955986
