randomization,name,type,l1,l2,l3,ipr1,ipr2,ipr3,l1_cm,l1_er,l1_reg,l2_mp,l3_mp,l1_lap,l2_lap,l3_lap,alg_conn,clustering_c,clustering_r,deg_assort,Q,N.olap,N.temp,N.nodf,H2,H3,H4,H17,cent_between,cent_close,cent_eigen,diam,mean_path_length,deg_het_row,deg_het_col
configuration,Gilarranz_2015_Difunito,ecologicalinteractions,8.66137,4.604952,4.039877,0.044877132254470806,0.09938307092268604,0.05761220275400256,9.176971480589636,5.196247466461397,4.173913043478261,3.4651458491365994,2.4327948230853678,10.661369936944512,6.604952004917223,6.039876502277631,-2.6049520049172306,0.8264790764790765,0.6683725275171601,-0.34248705153957143,0.38796875000000025,0.18129806324547312,6.452388604263947,24.55237311493572,2163,13618,11496,58961,0.31082984590785395,0.2792979468788317,0.8189472522266952,7,3.2143401983218918,2.1609027777777774,1.952708333333333
