randomization,name,type,l1,l2,l3,ipr1,ipr2,ipr3,l1_cm,l1_er,l1_reg,l2_mp,l3_mp,l1_lap,l2_lap,l3_lap,alg_conn,clustering_c,clustering_r,deg_assort,Q,N.olap,N.temp,N.nodf,H2,H3,H4,H17,cent_between,cent_close,cent_eigen,diam,mean_path_length,deg_het_row,deg_het_col
configuration,Gilarranz_2015_Vigilancia,ecologicalinteractions,9.044429,4.591945,4.300256,0.04865650218892281,0.06738926161018333,0.05397099287729335,9.339727889033261,5.672976396015594,4.566037735849057,3.621703751615751,2.5166221275940313,11.044429048925394,6.591944555662938,6.300256452386899,-2.5919445556629443,0.8346114063558868,0.7545503694359345,-0.3780850464134734,0.36573663001161133,0.20733203991686805,7.4710030154711715,29.120192375103652,2355,14675,14121,84382,0.2932859994899526,0.2702941500846727,0.8262188449863712,7,3.1157232704402515,2.1840721262208866,1.6428864148623725
