randomization,name,type,l1,l2,l3,ipr1,ipr2,ipr3,l1_cm,l1_er,l1_reg,l2_mp,l3_mp,l1_lap,l2_lap,l3_lap,alg_conn,clustering_c,clustering_r,deg_assort,Q,N.olap,N.temp,N.nodf,H2,H3,H4,H17,cent_between,cent_close,cent_eigen,diam,mean_path_length,deg_het_row,deg_het_col
configuration,Gilarranz_2015_Difuntos,ecologicalinteractions,8.666192,4.187702,3.810121,0.059268564706235816,0.07924157549242028,0.06919355618964398,8.757672549602505,5.453551712011663,4.1521739130434785,3.4788520176510165,2.354930363516705,10.666192183495605,6.187701610414831,5.810120773038368,-2.187701610414814,0.863083451202263,0.758762686484388,-0.4380751726225569,0.3571722266385246,0.23645380778752018,9.878503668982372,32.29603707873089,1908,9945,12653,81506,0.4153771049916751,0.33559301770755207,0.8347122231864633,7,3.0774008600095555,2.2150708588032124,1.5489706970751902
