randomization,name,type,l1,l2,l3,ipr1,ipr2,ipr3,l1_cm,l1_er,l1_reg,l2_mp,l3_mp,l1_lap,l2_lap,l3_lap,alg_conn,clustering_c,clustering_r,deg_assort,Q,N.olap,N.temp,N.nodf,H2,H3,H4,H17,cent_between,cent_close,cent_eigen,diam,mean_path_length,deg_het_row,deg_het_col
configuration,Gilarranz_2015_ElMorro,ecologicalinteractions,7.851569,4.609417,3.795725,0.09393714834967352,0.13945346540312173,0.1084765328048927,8.598983171762649,4.887578393502958,3.341463414634146,2.962672720674297,1.9373923676922802,9.851569462842434,6.609416511779624,5.795725431150029,-2.6094165117796253,0.8583162217659137,0.7091233107271917,-0.5383580070127273,0.4336938568916832,0.4065619959884133,8.485829460357081,40.674349366794466,1657,5110,15373,122386,0.4941631317552897,0.3520807113200576,0.8548436324495057,8,2.9153869316470944,2.6827215088710106,1.550748574777559
