randomization,name,type,l1,l2,l3,ipr1,ipr2,ipr3,l1_cm,l1_er,l1_reg,l2_mp,l3_mp,l1_lap,l2_lap,l3_lap,alg_conn,clustering_c,clustering_r,deg_assort,Q,N.olap,N.temp,N.nodf,H2,H3,H4,H17,cent_between,cent_close,cent_eigen,diam,mean_path_length,deg_het_row,deg_het_col
configuration,Hadfield_2013_A_HP_045,ecologicalinteractions,6.452482,2.256441,1.92143,0.07823719816236381,0.12062049745963008,0.11686136195438979,6.659714750198887,5.8472933655508115,4.956521739130435,2.233312141097342,1.1274642845182001,8.45248211839053,4.256440604701519,3.9214300686515515,-0.2564406047015069,0.9800796812749004,0.9883507050889025,-0.623826481061832,0.2080640196983687,0.5704402689509073,12.527637760229238,75.60053421755549,361,1644,985,2289,0.3192682377685754,0.4934867363779416,0.5816897616438274,4,2.0316205533596836,1.277623884272084,1.1966759002770082
