randomization,name,type,l1,l2,l3,ipr1,ipr2,ipr3,l1_cm,l1_er,l1_reg,l2_mp,l3_mp,l1_lap,l2_lap,l3_lap,alg_conn,clustering_c,clustering_r,deg_assort,Q,N.olap,N.temp,N.nodf,H2,H3,H4,H17,cent_between,cent_close,cent_eigen,diam,mean_path_length,deg_het_row,deg_het_col
configuration,Hadfield_2013_A_HP_033,ecologicalinteractions,11.654843,3.415306,3.010605,0.03839280819173266,0.044593884101541824,0.0537239472943826,12.147244772192398,9.032877002429242,8.425531914893616,2.9347272015288937,1.79906138808818,13.654843260455152,5.415305975412124,5.010604902512687,-1.4153059754121184,0.9818357066633008,0.9965550028248977,-0.4786410020827678,0.19018467503315972,0.5997977522128812,12.333816254220258,74.37751710766001,2264,22930,9934,34496,0.12869130560867625,0.3473150023728558,0.5354062305971999,4,2.2164662349676227,1.6767676767676767,1.2345679012345678
