randomization,name,type,l1,l2,l3,ipr1,ipr2,ipr3,l1_cm,l1_er,l1_reg,l2_mp,l3_mp,l1_lap,l2_lap,l3_lap,alg_conn,clustering_c,clustering_r,deg_assort,Q,N.olap,N.temp,N.nodf,H2,H3,H4,H17,cent_between,cent_close,cent_eigen,diam,mean_path_length,deg_het_row,deg_het_col
configuration,Hadfield_2013_A_HP_026,ecologicalinteractions,10.457211,3.213887,2.293039,0.044022669454650394,0.04910535293506277,0.09390110680604906,10.899424793137738,9.089618334401779,8.606060606060606,2.379073145757683,1.3394117289902603,12.45721147997773,5.213887132035899,4.293038614011599,-1.2138871320358944,1,0.9992820390092139,-0.42909044986934275,0.18813775510204087,0.6920770879637159,4.954862666845164,90.64885964595267,1407,13008,4903,12885,0.14108142132845586,0.3163146191352224,0.39661471550704014,4,1.981060606060606,1.1991668319777822,1.3265225153739335
