randomization,name,type,l1,l2,l3,ipr1,ipr2,ipr3,l1_cm,l1_er,l1_reg,l2_mp,l3_mp,l1_lap,l2_lap,l3_lap,alg_conn,clustering_c,clustering_r,deg_assort,Q,N.olap,N.temp,N.nodf,H2,H3,H4,H17,cent_between,cent_close,cent_eigen,diam,mean_path_length,deg_het_row,deg_het_col
configuration,Hadfield_2013_A_HP_028,ecologicalinteractions,3.450998,1.896402,1.222404,0.2293112271615164,0.25211926592283196,0.2661549293057624,3.492453555011152,3.0490620435180147,2.125,1.8730945588233108,0.7899110218127807,5.450997821661348,3.8964024611512555,3.222404082219995,0.10359753884874702,0,0.5263157894736842,-0.6573816155988857,0.3875432525951557,0.5006858710562414,31.34176544538265,41.358024691358025,66,48,169,331,0.8387301587301588,0.6136590590372102,0.7819831199165745,5,2.3916666666666666,1.463667820069204,1.1245674740484428
