randomization,name,type,l1,l2,l3,ipr1,ipr2,ipr3,l1_cm,l1_er,l1_reg,l2_mp,l3_mp,l1_lap,l2_lap,l3_lap,alg_conn,clustering_c,clustering_r,deg_assort,Q,N.olap,N.temp,N.nodf,H2,H3,H4,H17,cent_between,cent_close,cent_eigen,diam,mean_path_length,deg_het_row,deg_het_col
configuration,Hadfield_2013_A_HP_005,ecologicalinteractions,6.500096,2.01943,1.510847,0.08372995827471719,0.14285524497764782,0.12419719130570851,6.619063029341075,5.756300994829489,5.1,1.7569281380601245,0.8364233321395458,8.500095765690746,4.019429648620314,3.5108467407643236,-0.01942964862030612,0.9882075471698113,1,-0.6862110796603312,0.27999999999999997,0.6897446689113356,13.527035974682006,74.57912457912458,323,1480,849,1831,0.1942662867930843,0.5053321502826602,0.5234650827563417,4,1.9631578947368422,1.4398308342945023,1.0645905420991926
