randomization,name,type,l1,l2,l3,ipr1,ipr2,ipr3,l1_cm,l1_er,l1_reg,l2_mp,l3_mp,l1_lap,l2_lap,l3_lap,alg_conn,clustering_c,clustering_r,deg_assort,Q,N.olap,N.temp,N.nodf,H2,H3,H4,H17,cent_between,cent_close,cent_eigen,diam,mean_path_length,deg_het_row,deg_het_col
configuration,Hadfield_2013_A_HP_020,ecologicalinteractions,8.493572,2.861242,2.638889,0.050916977737165886,0.05642682104132502,0.09595169832292072,8.772266680960714,7.228867920864279,6.709677419354839,2.642992740499705,1.4821204008537876,10.493572140212803,4.8612423314197395,4.638889162036309,-0.8612423314197425,1,0.9719452817064688,-0.3938683196515322,0.20404955621301774,0.43511285340174227,19.721466601848633,70.49430816097482,814,5919,2235,4596,0.11122881362485412,0.340536208948065,0.48816599547236367,4,2.1548387096774193,1.1316568047337277,1.5088757396449703
