randomization,name,type,l1,l2,l3,ipr1,ipr2,ipr3,l1_cm,l1_er,l1_reg,l2_mp,l3_mp,l1_lap,l2_lap,l3_lap,alg_conn,clustering_c,clustering_r,deg_assort,Q,N.olap,N.temp,N.nodf,H2,H3,H4,H17,cent_between,cent_close,cent_eigen,diam,mean_path_length,deg_het_row,deg_het_col
configuration,Hadfield_2013_A_HP_043,ecologicalinteractions,6.699122,2.753675,2.614017,0.07628825033177387,0.10066997940053186,0.08180128674302535,6.7813060033529755,5.414155010279256,4,2.767138539563334,1.559595028178457,8.699121930447443,4.753674674219001,4.614017212750016,-0.7536746742190025,0.9706448508180944,0.8687160940325497,-0.6651119881092716,0.29089506172839497,0.3657023737072998,23.997309589813447,53.946311283133944,519,2119,1887,5727,0.3218803465821403,0.2655916358398574,0.6935293697498791,5,2.5682539682539685,1.4259259259259258,1.3935185185185182
