randomization,name,type,l1,l2,l3,ipr1,ipr2,ipr3,l1_cm,l1_er,l1_reg,l2_mp,l3_mp,l1_lap,l2_lap,l3_lap,alg_conn,clustering_c,clustering_r,deg_assort,Q,N.olap,N.temp,N.nodf,H2,H3,H4,H17,cent_between,cent_close,cent_eigen,diam,mean_path_length,deg_het_row,deg_het_col
configuration,Hadfield_2013_A_HP_025,ecologicalinteractions,6.319828,3.449193,3.193108,0.05736049391706621,0.1143508525947509,0.10092170550479208,6.548069863319361,5.078097214298935,4,3.30391498838385,2.0506983726434154,8.319827650529158,5.449192832215365,5.19310807028563,-1.449192832215358,0.9032082653616096,0.7192950078434991,-0.4398474124795834,0.3805473372781065,0.15229828050466931,25.753152805293976,32.423765166955825,643,2818,1988,5574,0.25125896352243615,0.2509330692141255,0.7172850422590992,6,2.8152337858220213,1.461723372781065,1.5051775147928992
