randomization,name,type,l1,l2,l3,ipr1,ipr2,ipr3,l1_cm,l1_er,l1_reg,l2_mp,l3_mp,l1_lap,l2_lap,l3_lap,alg_conn,clustering_c,clustering_r,deg_assort,Q,N.olap,N.temp,N.nodf,H2,H3,H4,H17,cent_between,cent_close,cent_eigen,diam,mean_path_length,deg_het_row,deg_het_col
configuration,Hadfield_2013_A_HP_037,ecologicalinteractions,7.143887,2.815071,2.682115,0.06295961395488274,0.07817451375088656,0.08099108338448396,7.60928607478397,5.388160714119968,4.7368421052631575,2.610434628144509,1.5240563359607961,9.14388667535646,4.815070987589765,4.682115027384479,-0.8150709875897613,0.976824034334764,0.8764118872683409,-0.3097547482943014,0.30925925925925934,0.37459829757018775,16.29079437526363,52.96941738415727,595,3467,1615,3434,0.25131675721593155,0.33565031309186877,0.6330744860411797,6,2.519203413940256,1.406172839506173,1.814814814814815
