randomization,name,type,l1,l2,l3,ipr1,ipr2,ipr3,l1_cm,l1_er,l1_reg,l2_mp,l3_mp,l1_lap,l2_lap,l3_lap,alg_conn,clustering_c,clustering_r,deg_assort,Q,N.olap,N.temp,N.nodf,H2,H3,H4,H17,cent_between,cent_close,cent_eigen,diam,mean_path_length,deg_het_row,deg_het_col
configuration,Hadfield_2013_A_HP_029,ecologicalinteractions,5.20073,3.289218,2.95171,0.071142498035392,0.08456596414288776,0.06291021948900206,4.97684109492046,4.117819149726382,3.2244897959183674,3.1643667977967986,1.9426311569197283,7.200729707950129,5.28921812348075,4.9517098244869375,-1.2892181234807596,0.7839851024208566,0.5685954903558815,-0.40936418738190467,0.4637077391443679,0.0777604377948634,29.95993965865717,22.896077896077898,353,1155,752,1325,0.3025110143615522,0.23792579399605285,0.7363080145817795,8,3.3350340136054424,1.4685146611120015,1.3783047588527477
