randomization,name,type,l1,l2,l3,ipr1,ipr2,ipr3,l1_cm,l1_er,l1_reg,l2_mp,l3_mp,l1_lap,l2_lap,l3_lap,alg_conn,clustering_c,clustering_r,deg_assort,Q,N.olap,N.temp,N.nodf,H2,H3,H4,H17,cent_between,cent_close,cent_eigen,diam,mean_path_length,deg_het_row,deg_het_col
configuration,Hadfield_2013_A_HP_009,ecologicalinteractions,7.798547,2.936764,2.447912,0.054497130842569234,0.0689018076875063,0.08337740588082808,8.13983688070249,6.389371985352066,5.647058823529412,2.7026887639621644,1.5410915803340948,9.798546678619788,4.936764219842846,4.447912376356772,-0.9367642198428486,0.9942428950013708,0.9453600859906843,-0.4134332393495811,0.2343750000000001,0.41802518128638944,12.962830855588706,66.3793816137566,697,4503,1904,4091,0.1913285178488493,0.28882275436292437,0.5472069847784643,4,2.3297682709447414,1.3090277777777777,1.4993489583333335
