randomization,name,type,l1,l2,l3,ipr1,ipr2,ipr3,l1_cm,l1_er,l1_reg,l2_mp,l3_mp,l1_lap,l2_lap,l3_lap,alg_conn,clustering_c,clustering_r,deg_assort,Q,N.olap,N.temp,N.nodf,H2,H3,H4,H17,cent_between,cent_close,cent_eigen,diam,mean_path_length,deg_het_row,deg_het_col
configuration,Hadfield_2013_A_HP_039,ecologicalinteractions,4.389499,2.089348,1.677815,0.09921385800921935,0.12560035971382405,0.12191907999705605,4.522502858444352,4.031652009088429,3.411764705882353,2.074996331035088,0.9597724767377351,6.389499099467951,4.089348479386033,3.677815216965903,-0.08934847938603856,0.959866220735786,0.8710217755443886,-0.4892548144013404,0.2758620689655171,0.3633361678004535,21.066734839703326,66.43537414965986,106,327,135,123,0.3337079124579124,0.2907941422260383,0.5186850011144265,4,2.235294117647059,1.1914387633769323,1.3472057074910821
