randomization,name,type,l1,l2,l3,ipr1,ipr2,ipr3,l1_cm,l1_er,l1_reg,l2_mp,l3_mp,l1_lap,l2_lap,l3_lap,alg_conn,clustering_c,clustering_r,deg_assort,Q,N.olap,N.temp,N.nodf,H2,H3,H4,H17,cent_between,cent_close,cent_eigen,diam,mean_path_length,deg_het_row,deg_het_col
configuration,Hadfield_2013_A_HP_031,ecologicalinteractions,9.445357,3.58805,3.328975,0.04140428449728811,0.05890398024800232,0.060549028387062234,9.779931432455413,7.496283381812409,6.8,3.4679492605200855,2.172797083300308,11.445356606549126,5.588050095368186,5.3289748271876345,-1.5880500953681798,0.9776082412016982,0.9427597675898741,-0.22106445472980332,0.24287197231833907,0.27218421767026735,23.786966764342804,51.04188686701003,1493,12297,5102,13953,0.15887564012559402,0.3320383825583832,0.6016309641500925,5,2.4179591836734695,1.2941176470588234,1.5753633217993082
