randomization,name,type,l1,l2,l3,ipr1,ipr2,ipr3,l1_cm,l1_er,l1_reg,l2_mp,l3_mp,l1_lap,l2_lap,l3_lap,alg_conn,clustering_c,clustering_r,deg_assort,Q,N.olap,N.temp,N.nodf,H2,H3,H4,H17,cent_between,cent_close,cent_eigen,diam,mean_path_length,deg_het_row,deg_het_col
configuration,Hadfield_2013_A_HP_027,ecologicalinteractions,7.502007,3.133252,3.018269,0.05715109629380205,0.06697700171110255,0.06677271145994135,8.022329996259549,5.816335787050948,4.930232558139535,2.8856948873039787,1.7269524533064475,9.502006669307647,5.133252364382543,5.018269324095174,-1.1332523643825354,0.9574283231972198,0.9066012671162885,-0.48410635289825316,0.30170879316482735,0.40499427346405725,16.495520322299015,54.772294073536315,804,4496,2868,9163,0.3598851485124171,0.3747599464083105,0.6810537790491273,5,2.4363233665559245,1.6473834104663583,1.460306158775365
