randomization,name,type,l1,l2,l3,ipr1,ipr2,ipr3,l1_cm,l1_er,l1_reg,l2_mp,l3_mp,l1_lap,l2_lap,l3_lap,alg_conn,clustering_c,clustering_r,deg_assort,Q,N.olap,N.temp,N.nodf,H2,H3,H4,H17,cent_between,cent_close,cent_eigen,diam,mean_path_length,deg_het_row,deg_het_col
configuration,Hadfield_2013_A_HP_048,ecologicalinteractions,7.148777,2.676221,2.043129,0.06777312106845006,0.07354144205876935,0.10368670362687715,7.6733423293550205,5.989953091455722,5.461538461538462,1.935410675224492,1.0130625191486247,9.14877696286789,4.67622053346355,4.043129387336079,-0.6762205334635533,0.9825624082232012,1,-0.5472109277419017,0.23804800634794682,0.6995281063593165,11.578606472717027,81.3952077646345,485,2733,1296,2685,0.1934670051064134,0.36442818976497543,0.5262325915825915,4,2.1107692307692307,1.5877802023408052,1.235865899623091
