randomization,name,type,l1,l2,l3,ipr1,ipr2,ipr3,l1_cm,l1_er,l1_reg,l2_mp,l3_mp,l1_lap,l2_lap,l3_lap,alg_conn,clustering_c,clustering_r,deg_assort,Q,N.olap,N.temp,N.nodf,H2,H3,H4,H17,cent_between,cent_close,cent_eigen,diam,mean_path_length,deg_het_row,deg_het_col
configuration,Hadfield_2013_A_HP_016,ecologicalinteractions,6.133771,2.381944,1.991614,0.10761027135847634,0.18217188243598928,0.1839500138916936,6.300711224752033,5.582743028219762,4.08,2.2550980306912782,1.131426874667683,8.133770502157168,4.3819438916824005,3.9916137582129165,-0.38194389168240295,1,0.9776069518716578,-0.6850328300270159,0.2665406427221172,0.4841163003663004,14.948736360521876,62.05952380952381,370,1148,1519,5318,0.4859715060763282,0.6530431445000803,0.6945753538277645,4,2.08,1.3321799307958477,1.1457131872356787
