randomization,name,type,l1,l2,l3,ipr1,ipr2,ipr3,l1_cm,l1_er,l1_reg,l2_mp,l3_mp,l1_lap,l2_lap,l3_lap,alg_conn,clustering_c,clustering_r,deg_assort,Q,N.olap,N.temp,N.nodf,H2,H3,H4,H17,cent_between,cent_close,cent_eigen,diam,mean_path_length,deg_het_row,deg_het_col
configuration,Hadfield_2013_A_HP_013,ecologicalinteractions,8.231802,3.206499,2.631408,0.05517372131676596,0.05496189107868506,0.08844945001477302,8.596170454301397,7.160635790945554,6.242424242424242,2.7768633886940712,1.570059521898424,10.231801991464556,5.206499279835111,4.631407714695913,-1.2064992798351142,0.9932851678708032,0.9847162450227245,-0.5084451096655341,0.22235837496465255,0.48176642801642805,18.518791258580467,73.47071489116944,829,5386,2791,8358,0.32995292212806704,0.45237487594343795,0.5821125259004203,4,2.121212121212121,1.2680742765576398,1.3292487510604205
