randomization,name,type,l1,l2,l3,ipr1,ipr2,ipr3,l1_cm,l1_er,l1_reg,l2_mp,l3_mp,l1_lap,l2_lap,l3_lap,alg_conn,clustering_c,clustering_r,deg_assort,Q,N.olap,N.temp,N.nodf,H2,H3,H4,H17,cent_between,cent_close,cent_eigen,diam,mean_path_length,deg_het_row,deg_het_col
configuration,Hammann1999,ecologicalinteractions,9.706355,3.963327,3.618402,0.03586469102856564,0.04618290357297462,0.056525409312738424,9.84251393306401,8.193536029322118,7.163636363636364,3.9632971535773183,2.53534834556504,11.706354510042964,5.963326653586264,5.618402102040592,-1.9633266535862621,0.9924820036631596,0.8830761216383408,-0.31553325650986447,0.23623386327913629,0.15242325020483258,29.758520835817198,44.21575078410285,1782,14906,6061,16103,0.11431331361320998,0.30989460408589736,0.5849583676394714,5,2.4404040404040406,1.162745754850679,1.468422273184055
