randomization,name,type,l1,l2,l3,ipr1,ipr2,ipr3,l1_cm,l1_er,l1_reg,l2_mp,l3_mp,l1_lap,l2_lap,l3_lap,alg_conn,clustering_c,clustering_r,deg_assort,Q,N.olap,N.temp,N.nodf,H2,H3,H4,H17,cent_between,cent_close,cent_eigen,diam,mean_path_length,deg_het_row,deg_het_col
configuration,HennemanXXXX-1,ecologicalinteractions,4.418924,2.509225,2.080745,0.14651391018634544,0.07209701117140363,0.11398888760193049,5.088986400569487,2.8516955601856333,2.324324324324324,1.9234874329633769,1.099402340940865,6.418923840954946,4.5092246462348715,4.080745200869761,-0.5092246462348666,0.6965648854961832,0.38258575197889183,-0.3704544401723257,0.5294753921038401,0.3406034883125025,8.480924698199813,34.988977072310405,188,450,546,1431,0.6217511757789537,0.453811384165793,0.8303259018734098,6,3,1.5283937263385614,3.134126554894538
