randomization,name,type,l1,l2,l3,ipr1,ipr2,ipr3,l1_cm,l1_er,l1_reg,l2_mp,l3_mp,l1_lap,l2_lap,l3_lap,alg_conn,clustering_c,clustering_r,deg_assort,Q,N.olap,N.temp,N.nodf,H2,H3,H4,H17,cent_between,cent_close,cent_eigen,diam,mean_path_length,deg_het_row,deg_het_col
configuration,Ingversen2006-1,ecologicalinteractions,5.693966,3.854189,3.044052,0.06384594382935857,0.08374878415224661,0.0687570409905267,5.8379116395390795,3.9394343673189938,3.2285714285714286,3.04962031274177,1.9975184961443475,7.693965996774769,5.8541894252223345,5.04405235013739,-1.8541894252223279,0.5431642593214646,0.6181906614785992,-0.2865003582795912,0.4887618450935862,0.12121245033514665,10.20176013949761,21.901879395826125,579,2206,1681,4675,0.27181107754540285,0.2430600216922626,0.8000138173435889,9,3.55527950310559,1.9757224528154127,1.5886913618920822
