randomization,name,type,l1,l2,l3,ipr1,ipr2,ipr3,l1_cm,l1_er,l1_reg,l2_mp,l3_mp,l1_lap,l2_lap,l3_lap,alg_conn,clustering_c,clustering_r,deg_assort,Q,N.olap,N.temp,N.nodf,H2,H3,H4,H17,cent_between,cent_close,cent_eigen,diam,mean_path_length,deg_het_row,deg_het_col
configuration,janzen2003,ecologicalinteractions,7.613887,6.068298,5.629463,0.028505313445308413,0.07055698040786415,0.06548401639719041,7.000136208653285,4.820074368578082,3.5523349436392913,4.098181373089775,3.3751648291644853,9.613886635455712,8.06829775673011,7.6294632505603754,-4.068297756730078,0.29508324865160634,0.14775814061976103,-0.33513022891907907,NA,0.013977782857422419,2.522388185709082,3.081858159326796,7978,36535,37632,186047,0.12327175955179687,0.17013139518950382,0.9352745905087388,10,4.624040309594307,1.7887234107260428,1.6403495288954792
