randomization,name,type,l1,l2,l3,ipr1,ipr2,ipr3,l1_cm,l1_er,l1_reg,l2_mp,l3_mp,l1_lap,l2_lap,l3_lap,alg_conn,clustering_c,clustering_r,deg_assort,Q,N.olap,N.temp,N.nodf,H2,H3,H4,H17,cent_between,cent_close,cent_eigen,diam,mean_path_length,deg_het_row,deg_het_col
configuration,Jordano-1,ecologicalinteractions,8.888729,3.523587,3.206152,0.052322148252354046,0.046045371088730074,0.047942705402577855,9.919462351021517,5.909721202180354,5.172413793103448,2.687228355516285,1.700431630362838,10.888729055262036,5.523586901929588,5.206152186702223,-1.523586901929603,0.9209020531807472,0.9490923626787058,-0.38360446009284255,0.29719999999999985,0.4787882859807444,7.340716987771424,56.87153359254808,1373,9721,6205,25332,0.2756423130441304,0.3553315291793137,0.7243505418770234,6,2.6273442226255295,2.0533333333333332,1.7570666666666663
