randomization,name,type,l1,l2,l3,ipr1,ipr2,ipr3,l1_cm,l1_er,l1_reg,l2_mp,l3_mp,l1_lap,l2_lap,l3_lap,alg_conn,clustering_c,clustering_r,deg_assort,Q,N.olap,N.temp,N.nodf,H2,H3,H4,H17,cent_between,cent_close,cent_eigen,diam,mean_path_length,deg_het_row,deg_het_col
configuration,Jordano2,ecologicalinteractions,8.804569,3.799052,3.371999,0.05118856015719412,0.04983019692144034,0.06974538974772432,9.917249113952598,6.049270044078443,5.310344827586207,2.7905333146550992,1.768483774007909,10.80456929740442,5.799052035774593,5.3719992469639495,-1.7990520357745936,0.8708518206153056,0.9451105149450393,-0.39945190704716904,0.2945269016697588,0.4417925274792759,9.529177706693076,54.4858043861667,1405,9817,6309,25643,0.2615228996683715,0.38990469606998096,0.7288611143006436,5,2.571687840290381,1.9733513240006746,1.7337662337662334
