randomization,name,type,l1,l2,l3,ipr1,ipr2,ipr3,l1_cm,l1_er,l1_reg,l2_mp,l3_mp,l1_lap,l2_lap,l3_lap,alg_conn,clustering_c,clustering_r,deg_assort,Q,N.olap,N.temp,N.nodf,H2,H3,H4,H17,cent_between,cent_close,cent_eigen,diam,mean_path_length,deg_het_row,deg_het_col
configuration,Jordano1985,ecologicalinteractions,9.10436,3.171689,2.68214,0.049787997627349756,0.05218825084397918,0.08496412714646202,9.693862590739926,7.847285442249921,7.333333333333333,2.5606655757854453,1.4509264303835114,11.104359609841056,5.171688501482754,4.682140475259632,-1.171688501482735,0.9958775806345228,1,-0.4082316533721404,0.2289201183431953,0.5302814696515868,13.981001885021584,78.75111433705185,1052,8212,3461,8917,0.16987740974541207,0.3894256861365237,0.47325429826777304,3,2.0568181818181817,1.2709514377433235,1.3736083600846938
