randomization,name,type,l1,l2,l3,ipr1,ipr2,ipr3,l1_cm,l1_er,l1_reg,l2_mp,l3_mp,l1_lap,l2_lap,l3_lap,alg_conn,clustering_c,clustering_r,deg_assort,Q,N.olap,N.temp,N.nodf,H2,H3,H4,H17,cent_between,cent_close,cent_eigen,diam,mean_path_length,deg_het_row,deg_het_col
configuration,Jordano-7,ecologicalinteractions,2.973198,1.261518,0.754098,0.1665261763467742,0.20445915013516647,0.24018488628401566,3.089571903266623,2.8026146292936134,2.4444444444444446,1.1423825791261217,0.3666265981097717,4.973198311312181,3.2615184131478125,2.7540975367281195,0.7384815868521839,1,0,-0.43790849673202525,0.4444444444444445,0.2708333333333333,17.293865634265355,66.66666666666666,23,42,13,3,0.3627232142857143,0.3785185402832462,0.45527049861403174,4,2.0555555555555554,1.0909090909090908,1.446280991735537
