randomization,name,type,l1,l2,l3,ipr1,ipr2,ipr3,l1_cm,l1_er,l1_reg,l2_mp,l3_mp,l1_lap,l2_lap,l3_lap,alg_conn,clustering_c,clustering_r,deg_assort,Q,N.olap,N.temp,N.nodf,H2,H3,H4,H17,cent_between,cent_close,cent_eigen,diam,mean_path_length,deg_het_row,deg_het_col
configuration,Kaiser-Bunbury_2014_M_PL_061_19,ecologicalinteractions,4.398215,2.500376,2.206317,0.08726953980790653,0.06835339860233595,0.09629288374244858,4.506194084143174,3.446057529989887,2.75,2.5298705991311046,1.4100392807591593,6.398214962487613,4.500375604717302,4.2063166638716964,-0.5003756047173141,0.8106995884773662,0.5241758241758242,-0.23833967607752915,0.44783057851239666,0.1503458757971653,21.435723060905495,32.40700808625337,157,499,220,207,0.26263933622934654,0.3078817428486431,0.6686254228998898,6,2.9858870967741935,1.3295454545454546,1.822314049586777
