randomization,name,type,l1,l2,l3,ipr1,ipr2,ipr3,l1_cm,l1_er,l1_reg,l2_mp,l3_mp,l1_lap,l2_lap,l3_lap,alg_conn,clustering_c,clustering_r,deg_assort,Q,N.olap,N.temp,N.nodf,H2,H3,H4,H17,cent_between,cent_close,cent_eigen,diam,mean_path_length,deg_het_row,deg_het_col
configuration,Kaiser-Bunbury_2010_M_PL_060_15,ecologicalinteractions,7.692958,3.456584,3.391913,0.048278688791520245,0.06645299778418469,0.09989527957315568,7.942750842775494,6.430824204678641,5.137254901960785,3.5572760176999307,2.210316433330306,9.692957744369313,5.456584422047862,5.391912654967386,-1.4565844220478457,0.9965324086423046,0.8206509282603713,-0.4798243233736346,0.3044111648505331,0.13178058453585886,27.723957096638024,39.056881031781955,974,5784,3102,8401,0.18383834855168302,0.3676878771295976,0.6832109917940652,4,2.6227450980392155,1.2049414369791969,1.5803857584056873
