randomization,name,type,l1,l2,l3,ipr1,ipr2,ipr3,l1_cm,l1_er,l1_reg,l2_mp,l3_mp,l1_lap,l2_lap,l3_lap,alg_conn,clustering_c,clustering_r,deg_assort,Q,N.olap,N.temp,N.nodf,H2,H3,H4,H17,cent_between,cent_close,cent_eigen,diam,mean_path_length,deg_het_row,deg_het_col
configuration,Kaiser-Bunbury_2010_M_PL_060_16,ecologicalinteractions,6.766651,3.471476,3.141551,0.05104352769665712,0.06314574103993195,0.05860419118287568,7.150408882277212,5.100547562117394,4.071428571428571,3.1927874205619355,2.005490438405238,8.766650736401292,5.471476045903132,5.141550526881482,-1.471476045903141,0.9449929478138223,0.7106454831529665,-0.4063725923616379,0.37696214219759944,0.14633661972516096,17.845680673450314,32.69865317755853,721,3794,1908,3876,0.1653450757276906,0.3270896063997112,0.6772904206443573,5,2.888961038961039,1.3290243151738996,1.962603878116344
