randomization,name,type,l1,l2,l3,ipr1,ipr2,ipr3,l1_cm,l1_er,l1_reg,l2_mp,l3_mp,l1_lap,l2_lap,l3_lap,alg_conn,clustering_c,clustering_r,deg_assort,Q,N.olap,N.temp,N.nodf,H2,H3,H4,H17,cent_between,cent_close,cent_eigen,diam,mean_path_length,deg_het_row,deg_het_col
configuration,Kaiser-Bunbury_2014_M_PL_061_18,ecologicalinteractions,3.734555,2.251339,2.043588,0.11211856269533022,0.12319510454926016,0.06896939380564887,3.742420912419431,3.00191117413055,2.413793103448276,2.461487044591951,1.3436977950367894,5.734554561420359,4.25133934432495,4.043587562379528,-0.25133934432496574,0.7281553398058253,0.36524822695035464,-0.13218070273285004,0.5110204081632655,0.0757044885261797,24.668446797011352,25.040064102564106,96,243,107,84,0.40152813771011053,0.31806509015045975,0.7325825028137467,6,3.206896551724138,1.1942857142857144,1.895510204081633
