randomization,name,type,l1,l2,l3,ipr1,ipr2,ipr3,l1_cm,l1_er,l1_reg,l2_mp,l3_mp,l1_lap,l2_lap,l3_lap,alg_conn,clustering_c,clustering_r,deg_assort,Q,N.olap,N.temp,N.nodf,H2,H3,H4,H17,cent_between,cent_close,cent_eigen,diam,mean_path_length,deg_het_row,deg_het_col
configuration,Kaiser-Bunbury_2010_M_PL_060_19,ecologicalinteractions,4.432628,2.556476,1.760396,0.11083113711681264,0.11595741715092371,0.07613938841084082,4.703650790131286,3.228314514343334,2.6451612903225805,2.229014367132176,1.2293018367709965,6.4326276711831545,4.556476090165924,3.760396372774369,-0.5564760901659034,0.6928746928746928,0.7348377997179125,-0.3356015636310987,0.453896490184414,0.3016242286629987,12.070958712570437,39.05483405483405,159,447,321,569,0.44724573468251627,0.3701476341287079,0.7671148524541995,7,3.053763440860215,1.9565734681737061,1.5740630577037478
