randomization,name,type,l1,l2,l3,ipr1,ipr2,ipr3,l1_cm,l1_er,l1_reg,l2_mp,l3_mp,l1_lap,l2_lap,l3_lap,alg_conn,clustering_c,clustering_r,deg_assort,Q,N.olap,N.temp,N.nodf,H2,H3,H4,H17,cent_between,cent_close,cent_eigen,diam,mean_path_length,deg_het_row,deg_het_col
configuration,Kaiser-Bunbury_2010_M_PL_060_02,ecologicalinteractions,7.250164,3.508005,3.132038,0.05549498082115708,0.0718791257382991,0.0906644910752814,7.4074780504714,5.678831887570897,4.28,3.2555002650752227,1.989191503997262,9.250163769995122,5.508004510064244,5.132038091701928,-1.508004510064228,0.9647101846772719,0.789547748447205,-0.6088131836765531,0.3161848196349025,0.24835407557756506,18.994620992902036,42.654963155613345,801,3963,2845,8779,0.3153524006952139,0.2813041997894073,0.7120176018208303,5,2.749387755102041,1.416018866276531,1.5433662328587647
