randomization,name,type,l1,l2,l3,ipr1,ipr2,ipr3,l1_cm,l1_er,l1_reg,l2_mp,l3_mp,l1_lap,l2_lap,l3_lap,alg_conn,clustering_c,clustering_r,deg_assort,Q,N.olap,N.temp,N.nodf,H2,H3,H4,H17,cent_between,cent_close,cent_eigen,diam,mean_path_length,deg_het_row,deg_het_col
configuration,Kaiser-Bunbury_2014_M_PL_061_25,ecologicalinteractions,3.578256,1.778177,1.50134,0.12185608179356149,0.1519811561058204,0.14426461204239632,3.6249951129844296,3.277707793207639,2.625,2.0990234196221658,0.9480853301885095,5.578255899791817,3.778177100061254,3.501340280111117,0.22182289993874602,1,0.6142131979695431,-0.35658914728682206,0.44921875,0.0918827838827839,32.02261255435305,48.743589743589745,57,135,51,27,0.27026455026455015,0.4198435240408285,0.567661762282088,4,2.5416666666666665,1.0770975056689343,1.5215419501133787
