randomization,name,type,l1,l2,l3,ipr1,ipr2,ipr3,l1_cm,l1_er,l1_reg,l2_mp,l3_mp,l1_lap,l2_lap,l3_lap,alg_conn,clustering_c,clustering_r,deg_assort,Q,N.olap,N.temp,N.nodf,H2,H3,H4,H17,cent_between,cent_close,cent_eigen,diam,mean_path_length,deg_het_row,deg_het_col
configuration,Kaiser-Bunbury_2010_M_PL_060_06,ecologicalinteractions,5.047321,3.482168,3.058038,0.08234216721785441,0.07779062812866144,0.07155899995090899,5.21307752535089,3.4619774056416412,2.753623188405797,2.888656057936201,1.8796123932309672,7.0473210459212545,5.482168076559105,5.05803751667961,-1.4821680765591174,0.5672413793103448,0.454510556621881,-0.2749084993899959,0.5414958448753455,0.09677195315082135,8.35168164274199,17.800103187342355,408,1368,914,1883,0.4097643972666635,0.3184949229670497,0.8422130360869683,7,3.6768968456947997,1.6371191135734073,2.0232686980609413
