randomization,name,type,l1,l2,l3,ipr1,ipr2,ipr3,l1_cm,l1_er,l1_reg,l2_mp,l3_mp,l1_lap,l2_lap,l3_lap,alg_conn,clustering_c,clustering_r,deg_assort,Q,N.olap,N.temp,N.nodf,H2,H3,H4,H17,cent_between,cent_close,cent_eigen,diam,mean_path_length,deg_het_row,deg_het_col
configuration,Kaiser-Bunbury_2010_M_PL_060_05,ecologicalinteractions,6.471743,3.452625,3.371065,0.060280053235257085,0.04633728556981486,0.07163109964104032,6.549088256807363,4.135363610511552,3.364705882352941,3.14309112865204,2.1194856221558167,8.47174277670116,5.4526249605866015,5.371065024947668,-1.4526249605865862,0.7340627442223959,0.5749341758820432,-0.12757366458322394,0.44950853342461805,0.09508180281342943,10.87246811311766,18.039627868870134,794,4001,2270,5823,0.281783713745154,0.30691816163558966,0.816727160430021,8,3.481232492997199,1.5132280307105481,2.3507750990268472
