randomization,name,type,l1,l2,l3,ipr1,ipr2,ipr3,l1_cm,l1_er,l1_reg,l2_mp,l3_mp,l1_lap,l2_lap,l3_lap,alg_conn,clustering_c,clustering_r,deg_assort,Q,N.olap,N.temp,N.nodf,H2,H3,H4,H17,cent_between,cent_close,cent_eigen,diam,mean_path_length,deg_het_row,deg_het_col
configuration,Kaiser-Bunbury_2014_M_PL_061_46,ecologicalinteractions,4.053415,2.528137,2.241536,0.09987570571384714,0.08018443957777219,0.11094965875950084,4.044383393922618,3.2749171930115457,2.6470588235294117,2.6522363056613916,1.509748609951829,6.053414593945583,4.528136509149202,4.241536449347472,-0.5281365091492086,0.7938144329896907,0.36153846153846153,-0.09716744352814634,0.47753086419753105,0.051148603540022694,28.121135950913605,23.896329365079364,137,393,176,184,0.47573663964848534,0.32641925799776206,0.7536671467010153,7,3.213903743315508,1.1619753086419753,1.8977777777777778
