randomization,name,type,l1,l2,l3,ipr1,ipr2,ipr3,l1_cm,l1_er,l1_reg,l2_mp,l3_mp,l1_lap,l2_lap,l3_lap,alg_conn,clustering_c,clustering_r,deg_assort,Q,N.olap,N.temp,N.nodf,H2,H3,H4,H17,cent_between,cent_close,cent_eigen,diam,mean_path_length,deg_het_row,deg_het_col
configuration,Kaiser-Bunbury_2014_M_PL_061_36,ecologicalinteractions,3.734722,2.42979,1.930243,0.10473927013117854,0.11361910877611243,0.13474987131040514,3.888267793092606,3.3387680608671113,2.5833333333333335,2.472782310336936,1.2760503305442847,5.734721531746442,4.429789852608475,3.9302430740614844,-0.42978985260848424,0.8898305084745762,0.4341736694677871,-0.43803843605036435,0.4401664932362124,0.10083379995800379,32.67628710563511,33.26963906581741,96,212,132,150,0.4055237767903174,0.4101705078156287,0.6766844213239992,5,2.7934782608695654,1.2164412070759625,1.539021852237253
