randomization,name,type,l1,l2,l3,ipr1,ipr2,ipr3,l1_cm,l1_er,l1_reg,l2_mp,l3_mp,l1_lap,l2_lap,l3_lap,alg_conn,clustering_c,clustering_r,deg_assort,Q,N.olap,N.temp,N.nodf,H2,H3,H4,H17,cent_between,cent_close,cent_eigen,diam,mean_path_length,deg_het_row,deg_het_col
configuration,Kaiser-Bunbury_2010_M_PL_060_03,ecologicalinteractions,7.752417,4.074285,3.183017,0.045465221714938275,0.07230586761574617,0.07689203776392736,8.072438315343733,6.071304871699152,4.482758620689655,3.433571703282159,2.152559879408706,9.752416600195922,6.0742852549108415,5.183016844272462,-2.0742852549108393,0.9781664380429812,0.7742550508933239,-0.7038999391991657,0.32076923076923036,0.2072020653005827,16.66898620987501,40.956667992358675,1070,5690,4055,12642,0.2181403862538226,0.27807832612205924,0.6637062261011667,5,2.778584392014519,1.3707692307692307,1.6455621301775147
