randomization,name,type,l1,l2,l3,ipr1,ipr2,ipr3,l1_cm,l1_er,l1_reg,l2_mp,l3_mp,l1_lap,l2_lap,l3_lap,alg_conn,clustering_c,clustering_r,deg_assort,Q,N.olap,N.temp,N.nodf,H2,H3,H4,H17,cent_between,cent_close,cent_eigen,diam,mean_path_length,deg_het_row,deg_het_col
configuration,Kaiser-Bunbury_2010_M_PL_060_18,ecologicalinteractions,5.415178,3.026375,2.88706,0.0819999427298033,0.07770005748478293,0.07184853264798444,5.897992125385648,3.7851729099676104,3.125,2.6164029974996112,1.596982330561427,7.415178149818942,5.026374980095982,4.887059750004419,-1.0263749800959892,0.7804551539491299,0.6115552325581395,-0.2833241793062652,0.44444444444444436,0.2335315365194767,10.243937539092235,33.2899480214621,368,1448,900,1841,0.3746285286867643,0.37558236488345725,0.764189067600929,6,3.017730496453901,1.6604444444444446,2.085688888888889
