randomization,name,type,l1,l2,l3,ipr1,ipr2,ipr3,l1_cm,l1_er,l1_reg,l2_mp,l3_mp,l1_lap,l2_lap,l3_lap,alg_conn,clustering_c,clustering_r,deg_assort,Q,N.olap,N.temp,N.nodf,H2,H3,H4,H17,cent_between,cent_close,cent_eigen,diam,mean_path_length,deg_het_row,deg_het_col
configuration,Kaiser-Bunbury_2014_M_PL_061_35,ecologicalinteractions,2.841045,1.732051,1.532339,0.1592727858891124,0.1093749999999995,0.177830251432703,2.9580398915498085,2.475790184372867,2,1.9507114814857294,0.8790290456950494,4.841045418928868,3.732050807568875,3.5323386367756227,0.26794919243112353,0.6,0.2222222222222222,-0.37209302325581395,0.5,0.19335978835978837,23.477476955791015,35.277777777777786,32,48,25,11,0.64,0.4699229042769695,0.6854678845942358,5,2.8666666666666667,1.3125000000000002,1.5624999999999998
