randomization,name,type,l1,l2,l3,ipr1,ipr2,ipr3,l1_cm,l1_er,l1_reg,l2_mp,l3_mp,l1_lap,l2_lap,l3_lap,alg_conn,clustering_c,clustering_r,deg_assort,Q,N.olap,N.temp,N.nodf,H2,H3,H4,H17,cent_between,cent_close,cent_eigen,diam,mean_path_length,deg_het_row,deg_het_col
configuration,Kaiser-Bunbury_2014_M_PL_061_05,ecologicalinteractions,4.848013,2.520808,2.425087,0.09179300874937693,0.07978400420093307,0.08443402817389416,5.1883034690880425,3.7149978414463893,3,2.462850956631084,1.389393330546281,6.848013006557401,4.520807732987866,4.4250871988951,-0.5208077329878626,0.7850707850707851,0.6765698852126941,-0.3620599054125062,0.44252210688196864,0.2413293306479555,14.266730726242246,36.25140291806959,221,728,457,784,0.3661447414193904,0.3271815844187981,0.7199268271806549,6,2.873440285204991,1.5455594002306805,1.7677816224529026
