randomization,name,type,l1,l2,l3,ipr1,ipr2,ipr3,l1_cm,l1_er,l1_reg,l2_mp,l3_mp,l1_lap,l2_lap,l3_lap,alg_conn,clustering_c,clustering_r,deg_assort,Q,N.olap,N.temp,N.nodf,H2,H3,H4,H17,cent_between,cent_close,cent_eigen,diam,mean_path_length,deg_het_row,deg_het_col
configuration,Kaiser-Bunbury_2014_M_PL_061_23,ecologicalinteractions,4.188633,2.904255,2.258021,0.08771038079644004,0.09732039668254382,0.08511266377113678,4.324636324460471,3.4566801026603686,2.588235294117647,2.682487504217805,1.5040417511397774,6.188633100081473,4.904255268569162,4.258021107855338,-0.9042552685691655,0.7743362831858407,0.43071965628356607,-0.5121293800539081,0.5,0.1268083150036475,25.00887729132008,27.4922052154195,164,404,284,371,0.42641731164458413,0.3970386916714155,0.6990196531079662,6,3.085561497326203,1.3574380165289255,1.6012396694214877
