randomization,name,type,l1,l2,l3,ipr1,ipr2,ipr3,l1_cm,l1_er,l1_reg,l2_mp,l3_mp,l1_lap,l2_lap,l3_lap,alg_conn,clustering_c,clustering_r,deg_assort,Q,N.olap,N.temp,N.nodf,H2,H3,H4,H17,cent_between,cent_close,cent_eigen,diam,mean_path_length,deg_het_row,deg_het_col
configuration,Kaiser-Bunbury_2010_M_PL_060_13,ecologicalinteractions,4.857272,3.160359,2.487782,0.15407127113184726,0.19599467290490788,0.1500597113675869,4.8922754867914,4.0053621337447876,2.611111111111111,2.837525470355611,1.574994528150256,6.857272315733486,5.160359111602507,4.487781978899404,-1.1603591116024967,0.8359375,0.5612472160356348,-0.6273179782341968,0.4558623811679493,0.27107720479650305,26.3981973542083,36.284511784511785,289,439,1207,4282,0.6231642163358854,0.39404218060890833,0.8270407445602065,7,2.888888888888889,1.5780896333182435,1.2358533272974197
