randomization,name,type,l1,l2,l3,ipr1,ipr2,ipr3,l1_cm,l1_er,l1_reg,l2_mp,l3_mp,l1_lap,l2_lap,l3_lap,alg_conn,clustering_c,clustering_r,deg_assort,Q,N.olap,N.temp,N.nodf,H2,H3,H4,H17,cent_between,cent_close,cent_eigen,diam,mean_path_length,deg_het_row,deg_het_col
configuration,Kaiser-Bunbury_2014_M_PL_061_21,ecologicalinteractions,4.384817,2.390835,2.003259,0.09123855750129993,0.08607256061623396,0.09933047175347627,4.404813238343212,3.616328454594932,2.9655172413793105,2.6096430457702797,1.4333215283516185,6.384816903199442,4.390834611596254,4.003258902971489,-0.390834611596256,0.8966165413533834,0.6086369770580297,-0.144821533060269,0.40778799351000533,0.08403611345919039,26.837351917376225,33.09981684981685,147,468,198,199,0.26433965431981316,0.29946402645404935,0.6795661744012954,6,2.9753694581280787,1.2195781503515413,1.7036235803136832
