randomization,name,type,l1,l2,l3,ipr1,ipr2,ipr3,l1_cm,l1_er,l1_reg,l2_mp,l3_mp,l1_lap,l2_lap,l3_lap,alg_conn,clustering_c,clustering_r,deg_assort,Q,N.olap,N.temp,N.nodf,H2,H3,H4,H17,cent_between,cent_close,cent_eigen,diam,mean_path_length,deg_het_row,deg_het_col
configuration,Kaiser-Bunbury_2010_M_PL_060_01,ecologicalinteractions,6.471897,3.541196,3.179847,0.05453462722055835,0.08402256305881946,0.07407911085260598,6.765359052001089,5.241649854223575,3.8,3.239048953461676,1.9700812912719816,8.471897444140117,5.541195938266812,5.17984741315898,-1.5411959382668203,0.9922813036020584,0.6722408026755853,-0.7088603965732769,0.37540166204986164,0.15979442684207168,20.314056610417513,35.16313530132626,619,2732,1750,3810,0.21141748132041766,0.28442574489371647,0.6725433318904243,5,2.869387755102041,1.2493074792243766,1.7414958448753466
