randomization,name,type,l1,l2,l3,ipr1,ipr2,ipr3,l1_cm,l1_er,l1_reg,l2_mp,l3_mp,l1_lap,l2_lap,l3_lap,alg_conn,clustering_c,clustering_r,deg_assort,Q,N.olap,N.temp,N.nodf,H2,H3,H4,H17,cent_between,cent_close,cent_eigen,diam,mean_path_length,deg_het_row,deg_het_col
configuration,Kaiser-Bunbury_2014_M_PL_061_39,ecologicalinteractions,4.811546,2.851259,2.04807,0.08975513465795844,0.09239660966729298,0.0799153203979965,4.894346879815752,4.172647223104877,3.066666666666667,2.7536647482735788,1.4970735852914374,6.811546361455219,4.851258643471102,4.048070146041019,-0.851258643471108,0.9615384615384616,0.6460541813898705,-0.5436108962791094,0.3931947069943288,0.10019610282732869,34.79604392331676,36.11531108793883,202,612,397,651,0.3496007488915592,0.37751080406358695,0.7074578677723918,5,2.802298850574713,1.1644612476370513,1.565217391304348
