randomization,name,type,l1,l2,l3,ipr1,ipr2,ipr3,l1_cm,l1_er,l1_reg,l2_mp,l3_mp,l1_lap,l2_lap,l3_lap,alg_conn,clustering_c,clustering_r,deg_assort,Q,N.olap,N.temp,N.nodf,H2,H3,H4,H17,cent_between,cent_close,cent_eigen,diam,mean_path_length,deg_het_row,deg_het_col
configuration,Kaiser-Bunbury_2010_M_PL_060_22,ecologicalinteractions,5.267564,3.231266,2.832749,0.08904231467154229,0.0744437035030509,0.09503536145278875,5.66677198125176,3.7726046370632726,2.909090909090909,2.5803901765131187,1.52951461640011,7.267563585933432,5.231265565559008,4.832748676078587,-1.231265565559013,0.8469055374592834,0.6161616161616161,-0.46534653465346537,0.47021484375,0.2767902868328843,11.449707751630536,34.15848168610599,340,1066,1019,2800,0.4331798257315075,0.3492966450358132,0.7869822224545421,6,3.0644820295983086,1.8471679687499996,1.7104492187500002
