randomization,name,type,l1,l2,l3,ipr1,ipr2,ipr3,l1_cm,l1_er,l1_reg,l2_mp,l3_mp,l1_lap,l2_lap,l3_lap,alg_conn,clustering_c,clustering_r,deg_assort,Q,N.olap,N.temp,N.nodf,H2,H3,H4,H17,cent_between,cent_close,cent_eigen,diam,mean_path_length,deg_het_row,deg_het_col
configuration,Kantak1979,ecologicalinteractions,8.103622,3.170986,2.513315,0.07406546766260763,0.08643034586650708,0.12804508786923535,8.212134698158762,7.834549052632386,5.375,2.755818127648291,1.4795287829300197,10.1036222527301,5.170985655398368,4.513315107023584,-1.1709856553983766,1,0.9781937354257263,-0.8448057097541637,0.20156106519742886,0.2101764657804168,20.49538158943143,67.48422591566636,882,3843,4774,21502,0.348533832777967,0.5994725612131796,0.6688158327604126,4,1.997983870967742,1.1019469983775014,1.1170903190914008
