randomization,name,type,l1,l2,l3,ipr1,ipr2,ipr3,l1_cm,l1_er,l1_reg,l2_mp,l3_mp,l1_lap,l2_lap,l3_lap,alg_conn,clustering_c,clustering_r,deg_assort,Q,N.olap,N.temp,N.nodf,H2,H3,H4,H17,cent_between,cent_close,cent_eigen,diam,mean_path_length,deg_het_row,deg_het_col
configuration,Kato1993,ecologicalinteractions,11.227746,6.781317,6.077497,0.030033965813605172,0.11198516991095371,0.03158199273666009,11.663195935092501,5.558951217227115,3.8201754385964914,4.260953929877619,3.4139080048731225,13.227746438782466,8.781316656019538,8.077497400596226,-4.781316656019555,0.6987515938676867,0.4021369638373106,-0.3080583995322956,0.45745088915573895,0.0507055469190978,2.323295141768129,7.3695850975719,10964,84063,100726,998214,0.20066299217730052,0.24413333692594327,0.9256833124854932,9,3.8970599575862734,2.1479685384786746,2.7727146305037564
