randomization,name,type,l1,l2,l3,ipr1,ipr2,ipr3,l1_cm,l1_er,l1_reg,l2_mp,l3_mp,l1_lap,l2_lap,l3_lap,alg_conn,clustering_c,clustering_r,deg_assort,Q,N.olap,N.temp,N.nodf,H2,H3,H4,H17,cent_between,cent_close,cent_eigen,diam,mean_path_length,deg_het_row,deg_het_col
configuration,Krasnov2012_altai,ecologicalinteractions,9.184357,2.640393,2.254283,0.05431658923575055,0.07039574904404278,0.12535320469583466,9.431832931249795,8.473202348470368,7.133333333333334,2.407239453147041,1.299146921092958,11.184356508208962,4.6403928882616965,4.254282655734825,-0.6403928882616914,1,0.9952491387656767,-0.7508935905995108,0.1922477166406772,0.39938778653064366,9.436720806569472,83.12126617798887,1014,7055,3999,13249,0.28896876109450914,0.49648203749856257,0.5218537965031128,4,1.9264367816091954,1.124290331033278,1.2163507729932748
