randomization,name,type,l1,l2,l3,ipr1,ipr2,ipr3,l1_cm,l1_er,l1_reg,l2_mp,l3_mp,l1_lap,l2_lap,l3_lap,alg_conn,clustering_c,clustering_r,deg_assort,Q,N.olap,N.temp,N.nodf,H2,H3,H4,H17,cent_between,cent_close,cent_eigen,diam,mean_path_length,deg_het_row,deg_het_col
configuration,Krasnov2012_middle_ural,ecologicalinteractions,5.301871,2.199269,2.087084,0.07020620453327471,0.10544977777404176,0.11478607382865595,5.286600812256222,5.4,5,2.752925865882564,1.385957548312476,7.301871097165298,4.199269332157179,4.087083965802123,-0.19926933215717044,0.9812332439678284,0.9437065148640101,-0.01031553398058243,0.2138271604938271,-0.0440972222222222,59.622949804288176,50.380291005291014,193,827,236,186,0.10133356899883944,0.24962293149167428,0.4165368276271417,4,1.9542483660130718,1.0888888888888888,1.0266666666666666
