randomization,name,type,l1,l2,l3,ipr1,ipr2,ipr3,l1_cm,l1_er,l1_reg,l2_mp,l3_mp,l1_lap,l2_lap,l3_lap,alg_conn,clustering_c,clustering_r,deg_assort,Q,N.olap,N.temp,N.nodf,H2,H3,H4,H17,cent_between,cent_close,cent_eigen,diam,mean_path_length,deg_het_row,deg_het_col
configuration,Krasnov2012_turkmenistan,ecologicalinteractions,11.146631,3.972514,3.481185,0.03658284794061344,0.06542500102088376,0.060943020070999054,11.395976869843057,8.64432616639021,7.3,3.6820270668466963,2.3599949599758574,13.146630709306647,5.972513877255403,5.481185344516782,-1.9725138772554038,0.9838074398249453,0.9298272744575562,-0.589387906464962,0.22115885823898593,0.3168934338643154,17.388206758678308,54.41780891173603,2498,22310,12162,49229,0.14946377236129216,0.24412557450540967,0.6316941584224709,6,2.4519774011299433,1.422781009570276,1.438794020141365
