randomization,name,type,l1,l2,l3,ipr1,ipr2,ipr3,l1_cm,l1_er,l1_reg,l2_mp,l3_mp,l1_lap,l2_lap,l3_lap,alg_conn,clustering_c,clustering_r,deg_assort,Q,N.olap,N.temp,N.nodf,H2,H3,H4,H17,cent_between,cent_close,cent_eigen,diam,mean_path_length,deg_het_row,deg_het_col
configuration,Lara-Romero_2016_nevero-Pasture-1,ecologicalinteractions,3.602046,2.642163,2.416117,0.10001146646922657,0.11293784096394748,0.10136933867164769,3.6243347622889086,3.1639192913129115,2.25,2.7636250799317827,1.5179659563546666,5.602045672498239,4.642163411682219,4.416116628189689,-0.6421634116822043,0.6491228070175439,0.2606516290726817,-0.5945945945945944,0.5540123456790125,0.027117962608833833,35.95302734073083,18.509865005192108,114,185,181,218,0.43919528269164065,0.2870088668365265,0.7334148093542928,6,3.3004032258064515,1.2098765432098764,1.4660493827160495
