randomization,name,type,l1,l2,l3,ipr1,ipr2,ipr3,l1_cm,l1_er,l1_reg,l2_mp,l3_mp,l1_lap,l2_lap,l3_lap,alg_conn,clustering_c,clustering_r,deg_assort,Q,N.olap,N.temp,N.nodf,H2,H3,H4,H17,cent_between,cent_close,cent_eigen,diam,mean_path_length,deg_het_row,deg_het_col
configuration,Lara-Romero_2016_nevero-Encroachedpasture-6,ecologicalinteractions,3.256502,2.718405,2.367177,0.11509040856895367,0.16679081279443425,0.14236762273711337,3.2854586716511243,2.7727271544484635,2,2.52192606350495,1.3192141001202544,5.256502273994692,4.7184053258680905,4.3671767015475,-0.7184053258680954,0.3333333333333333,0.12290502793296089,-0.7485346676197284,0.5706447187928673,0.13959709101814366,29.27250687946341,18.857142857142858,86,80,149,175,0.482603550295858,0.35823737753176,0.7140521736175396,7,3.304843304843305,1.5061728395061729,1.238683127572016
