randomization,name,type,l1,l2,l3,ipr1,ipr2,ipr3,l1_cm,l1_er,l1_reg,l2_mp,l3_mp,l1_lap,l2_lap,l3_lap,alg_conn,clustering_c,clustering_r,deg_assort,Q,N.olap,N.temp,N.nodf,H2,H3,H4,H17,cent_between,cent_close,cent_eigen,diam,mean_path_length,deg_het_row,deg_het_col
configuration,Lara-Romero_2016_nevero-Encroachedpasture-2,ecologicalinteractions,3.274107,3.173796,2.618869,0.13933535639287437,0.1783166435551844,0.14377596587720062,3.5965518465865585,2.7855991340421986,2,2.605573020285362,1.4600976189548245,5.274107185032893,5.173795981543573,4.618868845490341,-1.1737959815435683,0.15,0.024793388429752067,-0.6914388976733682,0.640432098765432,0.06617300977977783,20.831135554403357,11.449096880131362,124,87,265,431,0.5503001200480192,0.2924292756916766,0.8194117150161647,6,3.980952380952381,1.5679012345679013,1.4259259259259258
