randomization,name,type,l1,l2,l3,ipr1,ipr2,ipr3,l1_cm,l1_er,l1_reg,l2_mp,l3_mp,l1_lap,l2_lap,l3_lap,alg_conn,clustering_c,clustering_r,deg_assort,Q,N.olap,N.temp,N.nodf,H2,H3,H4,H17,cent_between,cent_close,cent_eigen,diam,mean_path_length,deg_het_row,deg_het_col
configuration,Lara-Romero_2016_nevero-Pasture-6,ecologicalinteractions,2.921316,2.38485,1.893884,0.1345781359475634,0.14470183537671827,0.1259856704619709,3.0472470011002204,2.6068479005642784,2,2.2809913637000805,1.1228958014786847,4.921315900620608,4.38484971765714,3.8938837397399553,-0.3848497176571342,0.25,0.04411764705882353,-0.6333333333333331,0.5510204081632654,0.12358300264550265,26.978283103806575,22.638888888888893,51,56,60,50,0.46342105263157896,0.289232990722781,0.7238591453594024,6,3.1142857142857143,1.4285714285714286,1.326530612244898
