randomization,name,type,l1,l2,l3,ipr1,ipr2,ipr3,l1_cm,l1_er,l1_reg,l2_mp,l3_mp,l1_lap,l2_lap,l3_lap,alg_conn,clustering_c,clustering_r,deg_assort,Q,N.olap,N.temp,N.nodf,H2,H3,H4,H17,cent_between,cent_close,cent_eigen,diam,mean_path_length,deg_het_row,deg_het_col
configuration,Lara-Romero_2016_nevero-Encroachedpasture-9,ecologicalinteractions,4.512866,3.253916,2.636365,0.12185656554274515,0.11280757218764995,0.07546386271624529,4.474129625930768,3.5252088913892843,2.4680851063829787,2.962086892073043,1.7658757254085613,6.512865797774113,5.253915504195611,4.636364710395673,-1.2539155041956036,0.7024390243902439,0.34149484536082475,-0.49036695086909415,0.5496432818073722,0.11585342950388407,23.96191403527853,20.532966798789587,266,502,806,2197,0.5209968106061361,0.338408523218631,0.8375240134324705,7,3.385753931544866,1.5398335315101068,1.429845422116528
