randomization,name,type,l1,l2,l3,ipr1,ipr2,ipr3,l1_cm,l1_er,l1_reg,l2_mp,l3_mp,l1_lap,l2_lap,l3_lap,alg_conn,clustering_c,clustering_r,deg_assort,Q,N.olap,N.temp,N.nodf,H2,H3,H4,H17,cent_between,cent_close,cent_eigen,diam,mean_path_length,deg_het_row,deg_het_col
configuration,Lara-Romero_2016_peñalara-Encroachedpasture-6,ecologicalinteractions,5.882772,3.514277,2.967369,0.06603387646336702,0.10458881687042508,0.09140456175319109,5.917222390789954,4.623152109769865,3.0714285714285716,3.3108251747743567,2.0352176104268977,7.882771910036759,5.51427709460138,4.967369337286939,-1.5142770946013624,0.9007965242577842,0.5535884030418251,-0.6641697877652933,0.4495673336938886,0.1335530606253599,24.286127371238834,27.01385214579659,542,1758,1790,4878,0.28652302988425266,0.3551313691714261,0.7642668488197948,6,3.1363636363636362,1.3466738777717686,1.6170903190914008
