randomization,name,type,l1,l2,l3,ipr1,ipr2,ipr3,l1_cm,l1_er,l1_reg,l2_mp,l3_mp,l1_lap,l2_lap,l3_lap,alg_conn,clustering_c,clustering_r,deg_assort,Q,N.olap,N.temp,N.nodf,H2,H3,H4,H17,cent_between,cent_close,cent_eigen,diam,mean_path_length,deg_het_row,deg_het_col
configuration,Lara-Romero_2016_nevero-Pasture-5,ecologicalinteractions,3.492504,2.515697,2.134206,0.1552161480445455,0.17249030689398695,0.18608356009011243,3.3941125496954285,2.8216366827167203,2.068965517241379,2.54132281991836,1.3603642409365433,5.4925036120729755,4.5156966091948165,4.134205994550938,-0.5156966091948204,0.4230769230769231,0.20675105485232068,-0.5360402895813663,0.5711111111111112,0.12331282220490536,26.180236651717184,21.97845804988662,93,118,171,251,0.5753338372385992,0.31925456820852577,0.8136903020478412,8,3.477832512315271,1.4933333333333334,1.32
