randomization,name,type,l1,l2,l3,ipr1,ipr2,ipr3,l1_cm,l1_er,l1_reg,l2_mp,l3_mp,l1_lap,l2_lap,l3_lap,alg_conn,clustering_c,clustering_r,deg_assort,Q,N.olap,N.temp,N.nodf,H2,H3,H4,H17,cent_between,cent_close,cent_eigen,diam,mean_path_length,deg_het_row,deg_het_col
configuration,Macfadyen2009_plant-herb_B9,ecologicalinteractions,3.784404,2.60851,2.176519,0.20098658882871123,0.17461159585771086,0.21377765392445397,3.6480148693491796,2.960674825006153,2.066666666666667,2.575751408303552,1.3747073460067505,5.78440365168283,4.608509683217206,4.176519100223937,-0.6085096832172033,0.3684210526315789,0.19536423841059603,-0.5899843505477309,0.5671175858480748,0.193380611723814,26.634737063247332,21.62739322533137,124,119,337,756,0.6285034822490231,0.3664040591191083,0.8469206933735112,6,3.1724137931034484,1.6295525494276795,1.2237252861602497
