randomization,name,type,l1,l2,l3,ipr1,ipr2,ipr3,l1_cm,l1_er,l1_reg,l2_mp,l3_mp,l1_lap,l2_lap,l3_lap,alg_conn,clustering_c,clustering_r,deg_assort,Q,N.olap,N.temp,N.nodf,H2,H3,H4,H17,cent_between,cent_close,cent_eigen,diam,mean_path_length,deg_het_row,deg_het_col
configuration,Macfadyen2009_paras-herb_A6,ecologicalinteractions,3.564948,2.806465,2.039969,0.16220827452407777,0.12437197716033542,0.12218991898401367,3.6571847095819483,2.9225875277128752,2.206896551724138,2.4675756634698605,1.327142106350514,5.564948290845814,4.806464712899104,4.039968783696613,-0.8064647128991017,0.5106382978723404,0.21666666666666667,-0.5191692043413758,0.5283203125,0.1787624786756808,26.206990312868456,25.45218087234894,107,150,217,371,0.5883881330309901,0.3642517795872694,0.8115224405285482,5,3.0541871921182264,1.671875,1.3125000000000002
