randomization,name,type,l1,l2,l3,ipr1,ipr2,ipr3,l1_cm,l1_er,l1_reg,l2_mp,l3_mp,l1_lap,l2_lap,l3_lap,alg_conn,clustering_c,clustering_r,deg_assort,Q,N.olap,N.temp,N.nodf,H2,H3,H4,H17,cent_between,cent_close,cent_eigen,diam,mean_path_length,deg_het_row,deg_het_col
configuration,Macfadyen2009_paras-herb_B8,ecologicalinteractions,4.103088,2.938348,2.503435,0.08949715261154381,0.13420056752044007,0.10815989827053565,4.421052631578947,3.6495431277576103,2.7142857142857144,2.561107674062874,1.3642049003065266,6.103087619316172,4.938347816483793,4.503434997241803,-0.9383478164837967,0.8354430379746836,0.4816326530612245,-0.6735491366108677,0.4639889196675899,0.22328585179661736,22.693036738057405,35.901875901875904,157,313,330,563,0.4249992805548361,0.2832517119071362,0.6788269602988785,4,2.7169312169312168,1.4252077562326868,1.3961218836565095
