randomization,name,type,l1,l2,l3,ipr1,ipr2,ipr3,l1_cm,l1_er,l1_reg,l2_mp,l3_mp,l1_lap,l2_lap,l3_lap,alg_conn,clustering_c,clustering_r,deg_assort,Q,N.olap,N.temp,N.nodf,H2,H3,H4,H17,cent_between,cent_close,cent_eigen,diam,mean_path_length,deg_het_row,deg_het_col
configuration,Macfadyen2009_plant-herb_A4,ecologicalinteractions,3.170885,2.853972,2.100881,0.12887592175668477,0.10078974808032752,0.13990556224597833,3.2082656919276498,2.6537974204916126,2.064516129032258,2.4900253436462343,1.372205569143648,5.1708850549248995,4.853971767788465,4.100880771063728,-0.8539717677884526,0.09375,0.1282051282051282,-0.4930139720558882,0.6005859375,0.08953559889728165,18.7288921434363,19.50046685340803,84,97,129,163,0.6235249042145594,0.3044707844319925,0.7903189872999914,9,3.901075268817204,1.6601562499999998,1.2714843750000002
