randomization,name,type,l1,l2,l3,ipr1,ipr2,ipr3,l1_cm,l1_er,l1_reg,l2_mp,l3_mp,l1_lap,l2_lap,l3_lap,alg_conn,clustering_c,clustering_r,deg_assort,Q,N.olap,N.temp,N.nodf,H2,H3,H4,H17,cent_between,cent_close,cent_eigen,diam,mean_path_length,deg_het_row,deg_het_col
configuration,Macfadyen2009_plant-herb_B4,ecologicalinteractions,3.193419,2.376622,2.069601,0.20695079038977593,0.1702949927301794,0.18770319206228597,3.0225490019412096,2.431294981320713,1.945945945945946,2.4432963790526965,1.4093543283135295,5.19341908553291,4.376622447412258,4.069601404937558,-0.376622447412252,0,0,-0.3027522935779815,0.6720679012345677,0.05581535693142836,15.177907039259702,15.922619047619047,78,103,103,130,0.7236772486772487,0.2788762745098499,0.8835318823257463,11,4.633633633633633,1.712962962962963,1.3580246913580245
