randomization,name,type,l1,l2,l3,ipr1,ipr2,ipr3,l1_cm,l1_er,l1_reg,l2_mp,l3_mp,l1_lap,l2_lap,l3_lap,alg_conn,clustering_c,clustering_r,deg_assort,Q,N.olap,N.temp,N.nodf,H2,H3,H4,H17,cent_between,cent_close,cent_eigen,diam,mean_path_length,deg_het_row,deg_het_col
configuration,Macfadyen2009_paras-herb_A8,ecologicalinteractions,5.845714,3.011629,2.761362,0.10249360200473802,0.11401982565205453,0.0770808388283692,5.99644577218545,4.009132055353055,3,2.645203993105161,1.5748411861979565,7.845713870237753,5.011629254335942,4.761361945265717,-1.0116292543359366,0.8,0.720421393841167,-0.5616709016229301,0.43541272841839984,0.34886606930912467,13.06078209197129,41.277815751499965,464,1291,1971,7135,0.3610764670052126,0.30392716871917613,0.7943556381638335,7,3.0357487922705313,2.1902961562696914,1.4068473009871878
