randomization,name,type,l1,l2,l3,ipr1,ipr2,ipr3,l1_cm,l1_er,l1_reg,l2_mp,l3_mp,l1_lap,l2_lap,l3_lap,alg_conn,clustering_c,clustering_r,deg_assort,Q,N.olap,N.temp,N.nodf,H2,H3,H4,H17,cent_between,cent_close,cent_eigen,diam,mean_path_length,deg_het_row,deg_het_col
configuration,Macfadyen2009_plant-herb_B6,ecologicalinteractions,3.196403,1,0.884878,0.2638893265051243,0.2499999999999996,0.1943269656297071,3.366501646120693,2.4647515087732477,1.8461538461538463,0.7296034105381917,0.26086297521243595,5.196402754039029,2.9999999999999982,2.884878202902353,0.9999999999999991,0,NaN,-0.7450467289719627,0.5,0.8935185185185185,24.65264221247771,37.5,47,18,120,210,0.9419191919191919,0.8183040488922837,0.7806006072666062,4,2.1025641025641026,2.125,1.1111111111111112
