randomization,name,type,l1,l2,l3,ipr1,ipr2,ipr3,l1_cm,l1_er,l1_reg,l2_mp,l3_mp,l1_lap,l2_lap,l3_lap,alg_conn,clustering_c,clustering_r,deg_assort,Q,N.olap,N.temp,N.nodf,H2,H3,H4,H17,cent_between,cent_close,cent_eigen,diam,mean_path_length,deg_het_row,deg_het_col
configuration,Macfadyen2009_paras-herb_B2,ecologicalinteractions,3.851798,2.417068,1.825642,0.13715818710288036,0.07972285308522822,0.10537041390892943,3.779979023115407,3.2485371368468763,2.48,2.5086707008514986,1.3067986620916467,5.851797538497104,4.417067915577457,3.8256421062232637,-0.41706791557744377,0.6219512195121951,0.5423280423280423,-0.4344621699785429,0.4786680541103016,0.1535138871345768,27.757403767205712,32.969348659003835,103,192,195,341,0.6686579825166782,0.4289622744773999,0.7741816294560625,6,3.04,1.4495317377731527,1.2924037460978146
