randomization,name,type,l1,l2,l3,ipr1,ipr2,ipr3,l1_cm,l1_er,l1_reg,l2_mp,l3_mp,l1_lap,l2_lap,l3_lap,alg_conn,clustering_c,clustering_r,deg_assort,Q,N.olap,N.temp,N.nodf,H2,H3,H4,H17,cent_between,cent_close,cent_eigen,diam,mean_path_length,deg_het_row,deg_het_col
configuration,Macfadyen2009_paras-herb_B6,ecologicalinteractions,3.137726,2.293192,1.715051,0.15623071947496067,0.23269905530625173,0.1293698233176835,3.032877694111323,2.6561162821503794,2.0952380952380953,2.3085787365605612,1.1490359260239158,5.137725821931776,4.29319163836655,3.7150512623998546,-0.2931916383665383,0.36363636363636365,0.42,-0.5086285195277023,0.5165289256198345,0.10974511599511601,30.02394452409991,29.28571428571428,52,72,57,45,0.6293421052631579,0.3578188021070432,0.7687233271266305,7,3.361904761904762,1.5330578512396695,1.2148760330578514
