randomization,name,type,l1,l2,l3,ipr1,ipr2,ipr3,l1_cm,l1_er,l1_reg,l2_mp,l3_mp,l1_lap,l2_lap,l3_lap,alg_conn,clustering_c,clustering_r,deg_assort,Q,N.olap,N.temp,N.nodf,H2,H3,H4,H17,cent_between,cent_close,cent_eigen,diam,mean_path_length,deg_het_row,deg_het_col
configuration,Macfadyen2009_paras-herb_B4,ecologicalinteractions,3.689104,2.395346,2.206428,0.13584989403679462,0.13942837274767955,0.0886438562515106,3.7130400841718187,3.061246218132393,2.4,2.400199134233093,1.2522827587445675,5.689104494169214,4.395346341105248,4.20642779447705,-0.39534634110523464,0.5384615384615384,0.4766355140186916,-0.5285119784051289,0.4733333333333333,0.1651502613240418,23.60879996924223,30.627177700348433,97,157,171,251,0.4726751207729469,0.31008825538095036,0.7687738880761475,7,3.1133333333333333,1.6711111111111112,1.2466666666666668
