randomization,name,type,l1,l2,l3,ipr1,ipr2,ipr3,l1_cm,l1_er,l1_reg,l2_mp,l3_mp,l1_lap,l2_lap,l3_lap,alg_conn,clustering_c,clustering_r,deg_assort,Q,N.olap,N.temp,N.nodf,H2,H3,H4,H17,cent_between,cent_close,cent_eigen,diam,mean_path_length,deg_het_row,deg_het_col
configuration,Macfadyen2009_paras-herb_A9,ecologicalinteractions,3.506041,1.600896,1.414214,0.2572543878942068,0.2819985228195968,0.18750000000000008,3.426715960138533,2.534263813179726,1.9,1.9003788431009752,0.8906377086719848,5.506040875621461,3.600896248405381,3.414213562373101,0.3991037515946215,0,0,-0.5380321004884857,0.4764542936288089,0.35925306577480487,29.215520475183666,27.391304347826086,73,37,220,495,0.8670360110803325,0.5369001268461644,0.8392836424510643,7,2.9105263157894736,2.1745152354570636,1.1218836565096955
