randomization,name,type,l1,l2,l3,ipr1,ipr2,ipr3,l1_cm,l1_er,l1_reg,l2_mp,l3_mp,l1_lap,l2_lap,l3_lap,alg_conn,clustering_c,clustering_r,deg_assort,Q,N.olap,N.temp,N.nodf,H2,H3,H4,H17,cent_between,cent_close,cent_eigen,diam,mean_path_length,deg_het_row,deg_het_col
configuration,Macfadyen2009_paras-herb_A1,ecologicalinteractions,6.315847,3.921074,2.928865,0.10628773749773336,0.11874756980319986,0.08360224054888667,6.503924819851759,3.832004670117279,3.044776119402985,2.7759040347632573,1.7923102010935064,8.31584699534981,5.921074205694439,4.928864553481247,-1.9210742056944519,0.6014760147601476,0.7005836575875486,-0.4027015027141884,0.44953863898500557,0.2626091303816165,7.476519466807142,31.482274364939748,736,2323,3998,19647,0.484563257608583,0.3414649887575883,0.8584075593147501,7,3.165988240615106,2.984429065743945,1.378700499807766
