randomization,name,type,l1,l2,l3,ipr1,ipr2,ipr3,l1_cm,l1_er,l1_reg,l2_mp,l3_mp,l1_lap,l2_lap,l3_lap,alg_conn,clustering_c,clustering_r,deg_assort,Q,N.olap,N.temp,N.nodf,H2,H3,H4,H17,cent_between,cent_close,cent_eigen,diam,mean_path_length,deg_het_row,deg_het_col
configuration,Macfadyen2009_plant-herb_A3,ecologicalinteractions,4.718487,3.511567,3.150175,0.2517534146051821,0.229055997740463,0.1539993229276273,4.418813999226865,3.0613130210644486,2.03125,2.959509630605166,1.8449446100124753,6.718487341679406,5.511567011161403,5.150174608181182,-1.5115670111614021,0.3,0.036608863198458574,-0.5112515255786995,0.6802366863905325,0.1262293908451942,13.381988985957177,9.262619213770643,374,225,1849,7893,0.6058973171108347,0.2033937587311285,0.930302563993934,10,4.687996031746032,2.007337278106509,1.3422485207100594
