randomization,name,type,l1,l2,l3,ipr1,ipr2,ipr3,l1_cm,l1_er,l1_reg,l2_mp,l3_mp,l1_lap,l2_lap,l3_lap,alg_conn,clustering_c,clustering_r,deg_assort,Q,N.olap,N.temp,N.nodf,H2,H3,H4,H17,cent_between,cent_close,cent_eigen,diam,mean_path_length,deg_het_row,deg_het_col
configuration,Magrach2017_Germany_2011_high,ecologicalinteractions,8.317264,4.448595,3.95887,0.050642150714145615,0.07624433663109041,0.08919708943827279,9.046691648107318,4.2791657970628645,3.579710144927536,3.098152159784079,2.235141364820913,10.317264241230498,6.4485946089094295,5.958869571581144,-2.448594608909467,0.7079015930470755,0.6012970405553526,-0.23045786551773265,0.4379845596551332,0.14897269171047378,3.2913228084389208,19.397512352242508,2032,13024,10236,47494,0.28740797526970413,0.29753967335454184,0.8565913925788871,7,3.419549349412885,1.9507777541018538,3.2629775934698153
