randomization,name,type,l1,l2,l3,ipr1,ipr2,ipr3,l1_cm,l1_er,l1_reg,l2_mp,l3_mp,l1_lap,l2_lap,l3_lap,alg_conn,clustering_c,clustering_r,deg_assort,Q,N.olap,N.temp,N.nodf,H2,H3,H4,H17,cent_between,cent_close,cent_eigen,diam,mean_path_length,deg_het_row,deg_het_col
configuration,Magrach2017_UK_2011_low,ecologicalinteractions,5.563731,3.276937,3.109931,0.06355434486834101,0.05688513091836077,0.10878946307676567,5.6479384436320705,3.8540430638761367,3.2131147540983607,2.94698437753193,1.8899959918909268,7.563730686558928,5.276937287679479,5.109931368888796,-1.2769372876794862,0.5873434410019776,0.6454361964566047,-0.19518116634460908,0.4561640982923779,0.1313813698851278,11.131038717519212,24.04999472072643,465,1925,1061,2136,0.3324176399357646,0.2945445498921829,0.7884266729711794,7,3.3092896174863387,2.0110370678883793,1.5326947105372761
