randomization,name,type,l1,l2,l3,ipr1,ipr2,ipr3,l1_cm,l1_er,l1_reg,l2_mp,l3_mp,l1_lap,l2_lap,l3_lap,alg_conn,clustering_c,clustering_r,deg_assort,Q,N.olap,N.temp,N.nodf,H2,H3,H4,H17,cent_between,cent_close,cent_eigen,diam,mean_path_length,deg_het_row,deg_het_col
configuration,Magrach2017_Sweden_2011_low,ecologicalinteractions,6.564636,3.793826,3.525934,0.08425943903064928,0.09027963890463735,0.0776814652472498,7.218671053308804,3.946719766212032,3.12,2.750313546603844,1.806545473067858,8.564635860207826,5.793825922723087,5.5259337945277425,-1.7938259227230964,0.686461454644511,0.648714069591528,-0.3995209082493682,0.45971217766089334,0.2732986807932339,5.297360966052046,30.786789377816127,865,3326,4404,20646,0.4228829947161525,0.3494885734898328,0.8428340387455904,6,3.1185585585585587,2.708378990430273,1.7568850902184237
