randomization,name,type,l1,l2,l3,ipr1,ipr2,ipr3,l1_cm,l1_er,l1_reg,l2_mp,l3_mp,l1_lap,l2_lap,l3_lap,alg_conn,clustering_c,clustering_r,deg_assort,Q,N.olap,N.temp,N.nodf,H2,H3,H4,H17,cent_between,cent_close,cent_eigen,diam,mean_path_length,deg_het_row,deg_het_col
configuration,Memmott1999,ecologicalinteractions,11.456265,4.851767,4.335756,0.039383647410544634,0.08494967480961432,0.1434081786157334,12.722008423506061,7.519209833779091,5.75,3.6598302102738534,2.5168559157974943,13.456264504235136,6.851767163193566,6.335756171219373,-2.851767163193549,0.9607123187075455,0.8472854104393862,-0.469963540058071,0.28907954049730966,0.33033897150616287,9.933946617718803,42.12057143613774,4067,33548,32526,254332,0.31326805793929924,0.3276316916977854,0.7968762926659679,5,2.7458924570575056,1.8201697967584254,1.964374000290824
