randomization,name,type,l1,l2,l3,ipr1,ipr2,ipr3,l1_cm,l1_er,l1_reg,l2_mp,l3_mp,l1_lap,l2_lap,l3_lap,alg_conn,clustering_c,clustering_r,deg_assort,Q,N.olap,N.temp,N.nodf,H2,H3,H4,H17,cent_between,cent_close,cent_eigen,diam,mean_path_length,deg_het_row,deg_het_col
configuration,novotny2005,ecologicalinteractions,3.060329,1.693875,1.223152,0.17604776246530743,0.1429556842417561,0.1524290253519966,3.181194744117373,2.5914143959290983,2.142857142857143,1.6828749181552443,0.7111061559898875,5.06032896940186,3.693874794105142,3.223152424150582,0.3061252058948619,0,0.75,-0.44628099173553715,0.39999999999999997,0.3849390919158361,20.148421226495014,52.906976744186046,36,54,41,36,0.7120315581854043,0.5301243438578963,0.7140862443322146,5,2.5274725274725274,1.84,1.1733333333333333
