randomization,name,type,l1,l2,l3,ipr1,ipr2,ipr3,l1_cm,l1_er,l1_reg,l2_mp,l3_mp,l1_lap,l2_lap,l3_lap,alg_conn,clustering_c,clustering_r,deg_assort,Q,N.olap,N.temp,N.nodf,H2,H3,H4,H17,cent_between,cent_close,cent_eigen,diam,mean_path_length,deg_het_row,deg_het_col
configuration,Orford_2016_Farm-2012-B7,ecologicalinteractions,4.80795,3.410504,2.437554,0.11452720569200839,0.1262122384861123,0.11468716591979677,5.91782984371565,3.0550641633274958,2.3636363636363638,1.8535888931725684,1.086924068116427,6.80795023225901,5.410504095395154,4.4375542241443995,-1.410504095395141,0.6737967914438503,0.46814814814814815,-0.5484317742447411,0.5406804733727808,0.4132669743830751,7.69604773280109,32.65571247510411,303,669,1154,3518,0.5535793693716896,0.3623934846815924,0.806374995157446,5,2.9323467230443976,2.754437869822485,1.974852071005917
