randomization,name,type,l1,l2,l3,ipr1,ipr2,ipr3,l1_cm,l1_er,l1_reg,l2_mp,l3_mp,l1_lap,l2_lap,l3_lap,alg_conn,clustering_c,clustering_r,deg_assort,Q,N.olap,N.temp,N.nodf,H2,H3,H4,H17,cent_between,cent_close,cent_eigen,diam,mean_path_length,deg_het_row,deg_het_col
configuration,Orford_2016_Field-9,ecologicalinteractions,5.239211,2.853374,2.699669,0.13784505060360344,0.08170093863733797,0.11849943441563075,5.829201646600904,3.73244134520381,2.731707317073171,2.326741680071958,1.337780562599499,7.239210661997177,4.853373655037439,4.6996685784176115,-0.8533736550374416,0.8317757009345794,0.6184058529072006,-0.5147740824168544,0.4649234693877551,0.4039987756606506,13.141544680225712,40.6437908496732,357,819,1583,6325,0.5958053393365893,0.43429737611302727,0.8281994832889078,5,2.773170731707317,2.1237244897959187,1.5816326530612246
