randomization,name,type,l1,l2,l3,ipr1,ipr2,ipr3,l1_cm,l1_er,l1_reg,l2_mp,l3_mp,l1_lap,l2_lap,l3_lap,alg_conn,clustering_c,clustering_r,deg_assort,Q,N.olap,N.temp,N.nodf,H2,H3,H4,H17,cent_between,cent_close,cent_eigen,diam,mean_path_length,deg_het_row,deg_het_col
configuration,Orford_2016_Farm-2012-B5,ecologicalinteractions,3.756878,2.446998,2.033728,0.11476365008999027,0.15713022709494007,0.12152963867646235,4.190995638800456,2.9546842014263945,2.4,2.025662931289945,1.0490474634866094,5.75687810847805,4.446997780010509,4.033728298508603,-0.44699778001052426,0.6736111111111112,0.5214007782101168,-0.4960758665794639,0.48666666666666697,0.32576516076516077,14.802149912630808,39.733333333333334,98,219,142,140,0.4492717678858981,0.39710307164354425,0.6971765757562068,6,2.8733333333333335,1.6888888888888889,1.7333333333333334
