randomization,name,type,l1,l2,l3,ipr1,ipr2,ipr3,l1_cm,l1_er,l1_reg,l2_mp,l3_mp,l1_lap,l2_lap,l3_lap,alg_conn,clustering_c,clustering_r,deg_assort,Q,N.olap,N.temp,N.nodf,H2,H3,H4,H17,cent_between,cent_close,cent_eigen,diam,mean_path_length,deg_het_row,deg_het_col
configuration,Orford_2016_Farm-2012-B6,ecologicalinteractions,4.517661,3.452041,2.871984,0.07164973080409487,0.06839750693622994,0.07106692913835938,4.453795225783847,3.380433862130337,2.4761904761904763,3.0190696997884414,1.914467618155602,6.517661126343623,5.452041082135177,4.8719841922138345,-1.4520410821351741,0.6565836298932385,0.2975413948820873,-0.43753549968610805,0.5846482577251805,0.05372814130304383,14.875141667699506,13.26295547361326,302,794,575,886,0.28939920566089467,0.24209508005540145,0.7811658167692048,8,3.855606758832565,1.4043392504930967,1.7458908612754767
