randomization,name,type,l1,l2,l3,ipr1,ipr2,ipr3,l1_cm,l1_er,l1_reg,l2_mp,l3_mp,l1_lap,l2_lap,l3_lap,alg_conn,clustering_c,clustering_r,deg_assort,Q,N.olap,N.temp,N.nodf,H2,H3,H4,H17,cent_between,cent_close,cent_eigen,diam,mean_path_length,deg_het_row,deg_het_col
configuration,Orford_2016_Field-10,ecologicalinteractions,4.278131,2.872011,2.689956,0.09098126953140735,0.09132656532671435,0.12899766854199565,4.284110487085507,3.556177637033092,2.5789473684210527,2.8733005978975865,1.6493862435584397,6.2781309156171226,4.872011391290874,4.6899559640156765,-0.8720113912908609,0.696969696969697,0.39186991869918697,-0.6215907794134429,0.4993752603082049,0.13987734236603017,24.771825257242586,24.92458521870287,205,413,456,801,0.35276657189746735,0.29630988062611097,0.7309210709481717,6,3.1536273115220483,1.4881299458558934,1.340691378592253
