randomization,name,type,l1,l2,l3,ipr1,ipr2,ipr3,l1_cm,l1_er,l1_reg,l2_mp,l3_mp,l1_lap,l2_lap,l3_lap,alg_conn,clustering_c,clustering_r,deg_assort,Q,N.olap,N.temp,N.nodf,H2,H3,H4,H17,cent_between,cent_close,cent_eigen,diam,mean_path_length,deg_het_row,deg_het_col
configuration,Orford_2016_Farm-2012-B10,ecologicalinteractions,2.867728,1.777798,1,0.159433961002104,0.21776733309896765,0.1666666666666665,2.8399099910730357,2.8378442701171998,2.3636363636363638,1.9503682365596466,0.7733497055007637,4.867727513439267,3.7777981483344893,3.0000000000000027,0.22220185166550968,0.7142857142857143,0.7222222222222222,-0.4268292682926827,NA,NA,NA,NA,25,40,14,5,0.4314814814814814,0.3777553875770699,0.6127833569000826,5,2.4363636363636365,1.1124260355029585,1.2011834319526629
