randomization,name,type,l1,l2,l3,ipr1,ipr2,ipr3,l1_cm,l1_er,l1_reg,l2_mp,l3_mp,l1_lap,l2_lap,l3_lap,alg_conn,clustering_c,clustering_r,deg_assort,Q,N.olap,N.temp,N.nodf,H2,H3,H4,H17,cent_between,cent_close,cent_eigen,diam,mean_path_length,deg_het_row,deg_het_col
configuration,Orford_2016_Field-28,ecologicalinteractions,4.916524,3.2042,2.935975,0.11047710083841251,0.13293862374084053,0.11386729228193723,4.810238819705469,3.889078376104449,2.6382978723404253,3.089242491724092,1.8375269710096926,6.916523957278711,5.204199645388802,4.935974847629108,-1.2041996453888018,0.7068403908794788,0.46839080459770116,-0.6103896103896105,0.516649323621228,0.14157340139782215,22.611902481449977,25.99117015896448,333,681,1090,3065,0.4900805902124594,0.32649882492297083,0.8282138965795446,6,3.20259019426457,1.531217481789802,1.344432882414152
