randomization,name,type,l1,l2,l3,ipr1,ipr2,ipr3,l1_cm,l1_er,l1_reg,l2_mp,l3_mp,l1_lap,l2_lap,l3_lap,alg_conn,clustering_c,clustering_r,deg_assort,Q,N.olap,N.temp,N.nodf,H2,H3,H4,H17,cent_between,cent_close,cent_eigen,diam,mean_path_length,deg_het_row,deg_het_col
configuration,Orford_2016_Field-51,ecologicalinteractions,5.512113,3.045315,2.316331,0.19079102346354934,0.12366267527305232,0.1719262190481175,6.006500387499907,3.7358315849085204,2.4285714285714284,2.112985170150002,1.1861235557392158,7.5121130184269305,5.045314666460931,4.316331322626778,-1.0453146664609299,0.8092485549132948,0.6369020501138952,-0.5527258377853326,0.45328719723183397,0.528459182862592,20.646096730883702,33.86608431251288,441,600,3062,17717,0.798170731707317,0.5526901144308237,0.8577121815078133,6,2.700348432055749,2.3602460592079972,1.4398308342945023
