randomization,name,type,l1,l2,l3,ipr1,ipr2,ipr3,l1_cm,l1_er,l1_reg,l2_mp,l3_mp,l1_lap,l2_lap,l3_lap,alg_conn,clustering_c,clustering_r,deg_assort,Q,N.olap,N.temp,N.nodf,H2,H3,H4,H17,cent_between,cent_close,cent_eigen,diam,mean_path_length,deg_het_row,deg_het_col
configuration,Passmore2012-Colosso-FF,ecologicalinteractions,3.147396,1.8250440000000001,1.414214,0.16210318057788475,0.10592928016402835,0.10416666666666646,3.4455728577899936,2.5821005727770188,2.125,1.610744472843562,0.7116854981803954,5.147395795859951,3.825044337880578,3.414213562373098,0.17495566211942012,0,0.631578947368421,-0.4601955307262568,0.46020761245674735,0.43429406850459484,16.6282396213777,51.02339181286549,43,70,50,41,0.6025396825396825,0.44999764825267025,0.7092350434181597,5,2.625,1.7681660899653981,1.4636678200692042
