randomization,name,type,l1,l2,l3,ipr1,ipr2,ipr3,l1_cm,l1_er,l1_reg,l2_mp,l3_mp,l1_lap,l2_lap,l3_lap,alg_conn,clustering_c,clustering_r,deg_assort,Q,N.olap,N.temp,N.nodf,H2,H3,H4,H17,cent_between,cent_close,cent_eigen,diam,mean_path_length,deg_het_row,deg_het_col
configuration,Passmore2012-Dimona-CF,ecologicalinteractions,3.755706,2.498108,2.387827,0.14257595690097305,0.08853433428895861,0.09402485747864683,4.217692181233731,2.922092221062324,2.3448275862068964,2.162981868444828,1.1675642504935124,5.755705798344775,4.498107940393081,4.387826999194579,-0.4981079403930835,0.5398230088495575,0.4153846153846154,-0.46085782843431317,0.5173010380622837,0.24723268930353207,12.97298656037812,32.72435897435897,116,215,224,373,0.5298563869992442,0.3762111810057025,0.7914916222038832,7,3.044334975369458,1.846020761245675,1.6505190311418687
