randomization,name,type,l1,l2,l3,ipr1,ipr2,ipr3,l1_cm,l1_er,l1_reg,l2_mp,l3_mp,l1_lap,l2_lap,l3_lap,alg_conn,clustering_c,clustering_r,deg_assort,Q,N.olap,N.temp,N.nodf,H2,H3,H4,H17,cent_between,cent_close,cent_eigen,diam,mean_path_length,deg_het_row,deg_het_col
configuration,Passmore2012-2108-FF,ecologicalinteractions,3.509868,1.873636,1.795002,0.13047333441082423,0.12411522605531117,0.14169482589386498,3.5433819375782165,3.277707793207639,2.625,2.175744233538223,0.9901644863956565,5.50986837243803,3.873636390316822,3.7950017698980374,0.12636360968317797,0.7608695652173914,0.676923076923077,-0.543160690571049,0.344671201814059,0.21868131868131865,27.3842442415048,45.38461538461539,60,113,73,74,0.44211640211640213,0.3271993484240581,0.6583420381271051,5,2.558333333333333,1.2811791383219955,1.2222222222222219
