randomization,name,type,l1,l2,l3,ipr1,ipr2,ipr3,l1_cm,l1_er,l1_reg,l2_mp,l3_mp,l1_lap,l2_lap,l3_lap,alg_conn,clustering_c,clustering_r,deg_assort,Q,N.olap,N.temp,N.nodf,H2,H3,H4,H17,cent_between,cent_close,cent_eigen,diam,mean_path_length,deg_het_row,deg_het_col
configuration,percival1974,ecologicalinteractions,7.575521,4.192507,3.987983,0.06994657595328664,0.06716145692356335,0.09318598377049937,8.436735909938074,4.601895215258981,3.7473684210526317,3.0958332498918937,2.1178604941406434,9.575520835026047,6.192506876109427,5.987982773581506,-2.192506876109427,0.7016566150087793,0.676931334071316,-0.29216047515604826,0.4338782981946731,0.24281613709977093,6.735359192784257,28.99416999898294,1456,7612,8388,49471,0.4316840329025523,0.3618641751547872,0.8539885621944341,6,3.097424412094065,2.444514581492236,1.9060093422547657
