randomization,name,type,l1,l2,l3,ipr1,ipr2,ipr3,l1_cm,l1_er,l1_reg,l2_mp,l3_mp,l1_lap,l2_lap,l3_lap,alg_conn,clustering_c,clustering_r,deg_assort,Q,N.olap,N.temp,N.nodf,H2,H3,H4,H17,cent_between,cent_close,cent_eigen,diam,mean_path_length,deg_het_row,deg_het_col
configuration,petanidou1991,ecologicalinteractions,21.460185,9.82355,8.601798,0.014351554525338435,0.13055587042294123,0.015268193913131037,23.4594327208424,11.05411146277677,7.5012853470437015,6.164282933935894,5.125570699489257,23.460184960259316,11.823550268247933,10.601797552437308,-7.8235502682479625,NA,NA,-0.3172617081615071,NA,0.04755362020960025,4.0832508922041075,9.16847265350904,73241,1259828,1196169,21121624,0.19133705332146755,0.4257675566691201,0.9213710171968742,7,3.440981561804184,1.6852546248122666,3.2506819950946153
