randomization,name,type,l1,l2,l3,ipr1,ipr2,ipr3,l1_cm,l1_er,l1_reg,l2_mp,l3_mp,l1_lap,l2_lap,l3_lap,alg_conn,clustering_c,clustering_r,deg_assort,Q,N.olap,N.temp,N.nodf,H2,H3,H4,H17,cent_between,cent_close,cent_eigen,diam,mean_path_length,deg_het_row,deg_het_col
configuration,Pilosof2013_1982,ecologicalinteractions,7.741028,4.25033,3.694071,0.05859409581709333,0.07224595593073148,0.07291453647814687,8.165301300547318,5.360809756930384,4.059701492537314,3.196954454879241,2.0535610096034342,9.741027801908464,6.250330024630733,5.694071132119232,-2.2503300246307316,0.842748980780431,0.7355675146771037,-0.5804275936711337,0.35969939446366755,0.3391900926873954,10.178359687147928,42.35647942554629,1257,5711,6846,32978,0.3287407517889839,0.2935362844165636,0.7748388080632144,5,2.80958842152872,2.0533088235294117,1.4922145328719718
