randomization,name,type,l1,l2,l3,ipr1,ipr2,ipr3,l1_cm,l1_er,l1_reg,l2_mp,l3_mp,l1_lap,l2_lap,l3_lap,alg_conn,clustering_c,clustering_r,deg_assort,Q,N.olap,N.temp,N.nodf,H2,H3,H4,H17,cent_between,cent_close,cent_eigen,diam,mean_path_length,deg_het_row,deg_het_col
configuration,Pilosof2013_1984,ecologicalinteractions,8.861174,3.746001,3.698643,0.05692380843124754,0.05839818094586091,0.09407713363469045,9.01497801179329,6.809744701467394,5.096774193548387,3.6054310448415015,2.29319359203643,10.861174412121859,5.746001309428542,5.698643469761323,-1.7460013094285314,0.9562518695782232,0.8539447027444579,-0.5882445792897446,0.28296747316135235,0.30123241781155613,17.45525770944229,47.04719391542067,1608,9006,9089,46025,0.2723135860420916,0.27266288643216724,0.745249539762412,5,2.607086197778953,1.5758692517224802,1.3882390642525237
