randomization,name,type,l1,l2,l3,ipr1,ipr2,ipr3,l1_cm,l1_er,l1_reg,l2_mp,l3_mp,l1_lap,l2_lap,l3_lap,alg_conn,clustering_c,clustering_r,deg_assort,Q,N.olap,N.temp,N.nodf,H2,H3,H4,H17,cent_between,cent_close,cent_eigen,diam,mean_path_length,deg_het_row,deg_het_col
configuration,Pilosof2013_1985,ecologicalinteractions,7.273551,3.339859,3.190287,0.0746991841919185,0.06533915435699217,0.07691234516695858,7.732811184460975,5.564372100379694,4.326530612244898,3.0181263872728272,1.8354807907445871,9.273550820229795,5.339858965629827,5.190287398841082,-1.3398589656298194,0.9348755832037325,0.7638960238364327,-0.45221684552613245,0.3332146671413313,0.35650023092904176,16.29553088430898,47.04853134937881,850,3949,4102,19872,0.4641261522716704,0.44800293403732605,0.7799622279598949,5,2.57312925170068,1.6753292986828054,1.4866500533997862
