randomization,name,type,l1,l2,l3,ipr1,ipr2,ipr3,l1_cm,l1_er,l1_reg,l2_mp,l3_mp,l1_lap,l2_lap,l3_lap,alg_conn,clustering_c,clustering_r,deg_assort,Q,N.olap,N.temp,N.nodf,H2,H3,H4,H17,cent_between,cent_close,cent_eigen,diam,mean_path_length,deg_het_row,deg_het_col
configuration,PolLib_NorthDakota,ecologicalinteractions,7.119708,4.337445,3.737952,0.06591776175524604,0.07113879510697345,0.045223986216906396,7.212017945607144,4.245306009954449,3.55,3.2815201290966685,2.3287385857262404,9.11970847592574,6.337445341945422,5.7379518902047915,-2.3374453419454264,0.5291228608702325,0.5926910562653758,-0.17837172249266017,0.4547378165707838,0.10669171525862835,6.458281741750562,16.88545628225043,1413,7319,6493,33221,0.41409370259565215,0.33521942360637125,0.8759875263575122,7,3.5131652661064425,2.664903348101127,1.5418457537084793
