randomization,name,type,l1,l2,l3,ipr1,ipr2,ipr3,l1_cm,l1_er,l1_reg,l2_mp,l3_mp,l1_lap,l2_lap,l3_lap,alg_conn,clustering_c,clustering_r,deg_assort,Q,N.olap,N.temp,N.nodf,H2,H3,H4,H17,cent_between,cent_close,cent_eigen,diam,mean_path_length,deg_het_row,deg_het_col
configuration,PolLib_Colorado,ecologicalinteractions,4.730482,2.960559,2.825584,0.09759853641854108,0.10698869672537747,0.11336299871395543,4.979550016552393,3.6390800272977084,2.731707317073171,2.704131481355691,1.5780436382134388,6.730481752945486,4.960559350070329,4.825583759412299,-0.9605593500703161,0.8114143920595533,0.5218076720966894,-0.5286803232360269,0.46396683673469413,0.2038583216894954,16.207209146784095,30.85689990281827,267,655,725,1722,0.390843099098614,0.271298973344812,0.7922773350387662,7,3.0829268292682928,1.7047193877551021,1.530612244897959
