randomization,name,type,l1,l2,l3,ipr1,ipr2,ipr3,l1_cm,l1_er,l1_reg,l2_mp,l3_mp,l1_lap,l2_lap,l3_lap,alg_conn,clustering_c,clustering_r,deg_assort,Q,N.olap,N.temp,N.nodf,H2,H3,H4,H17,cent_between,cent_close,cent_eigen,diam,mean_path_length,deg_het_row,deg_het_col
configuration,Primack1983-3,ecologicalinteractions,9.471502,5.160383,4.757511,0.04933649553022102,0.07857792674241217,0.11666104189736393,10.583794508808472,5.298302155161928,4.1437125748503,3.5933741797549676,2.6352406413783007,11.471502321170371,7.160382613446921,6.757510914683752,-3.160382613446937,0.776943603356976,0.6243199406830715,-0.22719044622800472,0.4127017274215654,0.1131112124924762,5.552629979920369,17.132120339236828,3403,24500,23182,169183,0.3312725939747832,0.3154735383992626,0.8768413067637403,6,3.4160594473703196,1.8631427712252326,2.903772261017741
