randomization,name,type,l1,l2,l3,ipr1,ipr2,ipr3,l1_cm,l1_er,l1_reg,l2_mp,l3_mp,l1_lap,l2_lap,l3_lap,alg_conn,clustering_c,clustering_r,deg_assort,Q,N.olap,N.temp,N.nodf,H2,H3,H4,H17,cent_between,cent_close,cent_eigen,diam,mean_path_length,deg_het_row,deg_het_col
configuration,Robertson1929,ecologicalinteractions,38.269889,12.423673,12.045938,0.003262255366898017,0.03896382383097518,0.019454416824841687,38.10492693592335,23.10080378696554,20.340000000000003,9.137904439370683,7.961731172155302,40.2698894499663,14.423672622649597,14.045937799695611,-10.423672622649642,NA,NA,-0.02578791741733524,NA,NA,NA,NA,567894,20908941,9855234,175576216,0.036645032560591276,0.2142457025305579,0.8707708054160032,6,3.163600622637314,1.051516703745278,2.824795468191192
