randomization,name,type,l1,l2,l3,ipr1,ipr2,ipr3,l1_cm,l1_er,l1_reg,l2_mp,l3_mp,l1_lap,l2_lap,l3_lap,alg_conn,clustering_c,clustering_r,deg_assort,Q,N.olap,N.temp,N.nodf,H2,H3,H4,H17,cent_between,cent_close,cent_eigen,diam,mean_path_length,deg_het_row,deg_het_col
configuration,Santos2010,ecologicalinteractions,9.62646,4.219893,3.748907,0.04812093347402345,0.052215405802373306,0.09081110885850711,10.545571860860662,6.044781841442813,5,3.018232987055192,1.991631084488487,11.626460147921797,6.219893114962917,5.748906858804213,-2.2198931149629124,0.9440282317549391,0.8448247796665349,-0.42472840988404775,0.3175900277008308,0.3748099789471042,8.157966279969651,44.32694809081364,1983,14390,11187,61590,0.3388191821547658,0.37960708860608433,0.7811482339146734,6,2.77859649122807,2.087257617728532,1.8817728531855953
