randomization,name,type,l1,l2,l3,ipr1,ipr2,ipr3,l1_cm,l1_er,l1_reg,l2_mp,l3_mp,l1_lap,l2_lap,l3_lap,alg_conn,clustering_c,clustering_r,deg_assort,Q,N.olap,N.temp,N.nodf,H2,H3,H4,H17,cent_between,cent_close,cent_eigen,diam,mean_path_length,deg_het_row,deg_het_col
configuration,Schleuning2011_midstory,ecologicalinteractions,5.043037,3.071337,2.700193,0.07224643521568602,0.10582949066399369,0.10276772718943793,5.172102702575306,4.511547853499498,3.0256410256410255,3.1502926803326265,1.807363427977561,7.043037209630144,5.07133657885346,4.700192646242686,-1.071336578853467,0.9680851063829787,0.5297992471769134,-0.7539581061261327,0.47855029585798814,0.03897733472201559,38.363896432832796,31.173436492585427,301,856,712,1272,0.23455347278061972,0.4145170831877917,0.6711449514333697,4,2.920377867746289,1.1080149382361388,1.5535765584602126
