randomization,name,type,l1,l2,l3,ipr1,ipr2,ipr3,l1_cm,l1_er,l1_reg,l2_mp,l3_mp,l1_lap,l2_lap,l3_lap,alg_conn,clustering_c,clustering_r,deg_assort,Q,N.olap,N.temp,N.nodf,H2,H3,H4,H17,cent_between,cent_close,cent_eigen,diam,mean_path_length,deg_het_row,deg_het_col
configuration,Schleuning2011_primary,ecologicalinteractions,11.946526,4.746113,3.96506,0.03622701932761549,0.1015594398203597,0.053382019768790284,12.90289495706956,8.492559904308266,6.288888888888889,3.7574040094393015,2.5235772444633553,13.946525792304449,6.746113381244405,5.965060035895583,-2.7461133812444185,0.9943258824719329,0.8914806368814489,-0.48803854912602657,0.2702992920376079,0.3200725344252243,15.266573569183151,47.840368404070034,3850,34301,28521,213260,0.3757207801698896,0.3592674368813315,0.7650441468975931,5,2.6808988764044943,1.4397857383660677,1.9476707163280849
