randomization,name,type,l1,l2,l3,ipr1,ipr2,ipr3,l1_cm,l1_er,l1_reg,l2_mp,l3_mp,l1_lap,l2_lap,l3_lap,alg_conn,clustering_c,clustering_r,deg_assort,Q,N.olap,N.temp,N.nodf,H2,H3,H4,H17,cent_between,cent_close,cent_eigen,diam,mean_path_length,deg_het_row,deg_het_col
configuration,Schleuning2011_understory,ecologicalinteractions,5.439482,2.989087,2.961106,0.0767266958373925,0.06494732698822692,0.0706405089560537,5.476480323592323,4.459491894655324,3.255813953488372,3.101280173857874,1.834378743484679,7.4394818236725735,4.989087489941916,4.961106263187604,-0.9890874899419189,0.8733125649013499,0.6404671008309005,-0.5505734340838476,0.4132653061224491,0.13390037452939016,24.501692387060693,32.31794383626845,374,1178,1038,2576,0.3236927772803422,0.2358149204557488,0.7586318315682528,6,3.054263565891473,1.363265306122449,1.4816326530612247
