randomization,name,type,l1,l2,l3,ipr1,ipr2,ipr3,l1_cm,l1_er,l1_reg,l2_mp,l3_mp,l1_lap,l2_lap,l3_lap,alg_conn,clustering_c,clustering_r,deg_assort,Q,N.olap,N.temp,N.nodf,H2,H3,H4,H17,cent_between,cent_close,cent_eigen,diam,mean_path_length,deg_het_row,deg_het_col
configuration,Silva2002,ecologicalinteractions,16.008866,7.103512,6.601046,0.01723544736853368,0.02736539205006808,0.02645474779337468,17.052123545727017,8.276543358420072,7.072555205047319,4.749957005029586,3.736116754426352,18.008866391878126,9.103511901413896,8.601046359664384,-5.1035119014139045,0.865667304915776,0.7029617502721669,-0.2752087474768862,0.2892186392135856,0.1221413345705267,3.5980464589921444,17.661474074246993,18881,258710,171538,1461455,0.127021501902255,0.25962077944667517,0.8363728214752377,7,3.2342770434852053,2.266367244105516,2.3247618054798465
