randomization,name,type,l1,l2,l3,ipr1,ipr2,ipr3,l1_cm,l1_er,l1_reg,l2_mp,l3_mp,l1_lap,l2_lap,l3_lap,alg_conn,clustering_c,clustering_r,deg_assort,Q,N.olap,N.temp,N.nodf,H2,H3,H4,H17,cent_between,cent_close,cent_eigen,diam,mean_path_length,deg_het_row,deg_het_col
configuration,Small1976,ecologicalinteractions,8.404591,3.73545,3.547533,0.04259994985938287,0.06954188003916202,0.07191069482704539,8.471467184005709,7.351862091671109,6,3.734740505281342,2.3038874330987507,10.404591274842776,5.735449837782778,5.547533047668806,-1.7354498377827905,0.987292742593096,0.8959639775566977,-0.6578354440214429,0.25506765253256886,0.1558714684758197,31.043988553321547,44.22881413491742,1167,7497,3926,10589,0.13567364591857212,0.27950070304388536,0.6054651178747485,5,2.436632747456059,1.2038126854785975,1.325386046979528
