randomization,name,type,l1,l2,l3,ipr1,ipr2,ipr3,l1_cm,l1_er,l1_reg,l2_mp,l3_mp,l1_lap,l2_lap,l3_lap,alg_conn,clustering_c,clustering_r,deg_assort,Q,N.olap,N.temp,N.nodf,H2,H3,H4,H17,cent_between,cent_close,cent_eigen,diam,mean_path_length,deg_het_row,deg_het_col
configuration,Sorensen1981,ecologicalinteractions,3.941302,1.722555,1.517838,0.11360947113271665,0.15020552471158743,0.12241286404190195,4.032922365967061,3.7920496517660136,3.3846153846153846,1.882899499512307,0.7922947347571294,5.941302355152874,3.722555081310114,3.517837696449884,0.2774449186898859,0.8952879581151832,0.6,-0.273779983457402,0.26666666666666666,0.2527006172839506,25.4193000720945,63.65740740740742,67,189,64,44,0.41650788184879095,0.4538756320954013,0.48953515417623,4,2.0256410256410255,1.1900826446280992,1.1859504132231404
