randomization,name,type,l1,l2,l3,ipr1,ipr2,ipr3,l1_cm,l1_er,l1_reg,l2_mp,l3_mp,l1_lap,l2_lap,l3_lap,alg_conn,clustering_c,clustering_r,deg_assort,Q,N.olap,N.temp,N.nodf,H2,H3,H4,H17,cent_between,cent_close,cent_eigen,diam,mean_path_length,deg_het_row,deg_het_col
configuration,Stald2003-1,ecologicalinteractions,5.963209,3.179835,3.156109,0.06665635306309155,0.077798756651072,0.08648995458414781,6.162132479110032,4.522006924571495,3.510204081632653,3.0236056667842344,1.845006168619792,7.963208831690019,5.179834869917429,5.156109490756455,-1.17983486991742,0.8298440979955457,0.6488497038159526,-0.4985111328837912,0.4291508923742566,0.19541542409306095,15.620170557930027,33.785543902161976,497,1967,1397,3452,0.29469389734062645,0.3218864428489357,0.7443628564928502,6,2.9863945578231292,1.5635478637101135,1.6089778258518115
