randomization,name,type,l1,l2,l3,ipr1,ipr2,ipr3,l1_cm,l1_er,l1_reg,l2_mp,l3_mp,l1_lap,l2_lap,l3_lap,alg_conn,clustering_c,clustering_r,deg_assort,Q,N.olap,N.temp,N.nodf,H2,H3,H4,H17,cent_between,cent_close,cent_eigen,diam,mean_path_length,deg_het_row,deg_het_col
configuration,Sugiura2007,ecologicalinteractions,4.491257,2.712414,2.507251,0.19762324364916023,0.13803248180701258,0.10197609844425029,4.437059837324712,3.304176907190897,2.2857142857142856,2.555194289509676,1.4110744477061352,6.491256759504772,4.712414027609733,4.507250683255323,-0.7124140276097427,0.42105263157894735,0.0199203187250996,-0.5473321858864028,0.5137500000000002,0.2982713193239509,23.910661585492427,30.52273540995346,220,256,911,3166,0.7758962170726879,0.4678057627044323,0.8531295281200721,6,3.042016806722689,1.9687500000000002,1.2249999999999999
