randomization,name,type,l1,l2,l3,ipr1,ipr2,ipr3,l1_cm,l1_er,l1_reg,l2_mp,l3_mp,l1_lap,l2_lap,l3_lap,alg_conn,clustering_c,clustering_r,deg_assort,Q,N.olap,N.temp,N.nodf,H2,H3,H4,H17,cent_between,cent_close,cent_eigen,diam,mean_path_length,deg_het_row,deg_het_col
configuration,Trojelsgaard_2015_Site5_GranCanaria1,ecologicalinteractions,6.111009,3.104569,2.691864,0.08405595498067235,0.08740684493037129,0.1226595509417709,6.093106051559581,4.849922411047792,3.511111111111111,3.140116670904443,1.8705629328291116,8.11100894170425,5.104569368351241,4.691863811741452,-1.1045693683512348,0.8915588416512631,0.7325082091437232,-0.4987861647201343,0.3869572183944882,0.18224685121495018,26.53404137196317,37.147636217948715,493,1784,1725,5455,0.35716097299297683,0.33367434200630613,0.7794303551510607,6,2.892929292929293,1.4116327511616726,1.474923890402179
