randomization,name,type,l1,l2,l3,ipr1,ipr2,ipr3,l1_cm,l1_er,l1_reg,l2_mp,l3_mp,l1_lap,l2_lap,l3_lap,alg_conn,clustering_c,clustering_r,deg_assort,Q,N.olap,N.temp,N.nodf,H2,H3,H4,H17,cent_between,cent_close,cent_eigen,diam,mean_path_length,deg_het_row,deg_het_col
configuration,Trojelsgaard_2015_Site14_Hierro2,ecologicalinteractions,4.647378,3.476209,2.609505,0.14353195926326615,0.14880408769789819,0.0603757265030791,4.986685874514288,3.4643657309885354,2.425531914893617,2.724478186692634,1.6145737261486488,6.6473780349406,5.476208613168123,4.609504678345217,-1.476208613168123,0.8793969849246231,0.2902319044272663,-0.4946992017325177,0.5546321945213912,0.1981778829958083,19.27209770979041,21.90342240975152,300,545,1123,3637,0.5394822766325601,0.4104783180425712,0.8474093248429894,7,3.1711378353376505,1.763619575253924,1.605724838411819
