randomization,name,type,l1,l2,l3,ipr1,ipr2,ipr3,l1_cm,l1_er,l1_reg,l2_mp,l3_mp,l1_lap,l2_lap,l3_lap,alg_conn,clustering_c,clustering_r,deg_assort,Q,N.olap,N.temp,N.nodf,H2,H3,H4,H17,cent_between,cent_close,cent_eigen,diam,mean_path_length,deg_het_row,deg_het_col
configuration,Trojelsgaard_2015_Site11_Gomera1,ecologicalinteractions,4.790047,3.428314,2.808782,0.06094990360563579,0.0999152625254185,0.09269935413590862,4.915299513024617,4.109228912844279,3.0454545454545454,3.1128319440841143,1.8561789221254106,6.790046957101071,5.42831400899527,4.8087817408511135,-1.4283140089952768,0.9165424739195231,0.4822638501394978,-0.5862035958712889,0.46290933392737776,0.08166762051071882,26.357160149010923,25.772822565275398,305,840,673,1320,0.3721543909174288,0.2476664772166415,0.7109929810973437,6,3.072938689217759,1.3354867453775898,1.462909333927378
