randomization,name,type,l1,l2,l3,ipr1,ipr2,ipr3,l1_cm,l1_er,l1_reg,l2_mp,l3_mp,l1_lap,l2_lap,l3_lap,alg_conn,clustering_c,clustering_r,deg_assort,Q,N.olap,N.temp,N.nodf,H2,H3,H4,H17,cent_between,cent_close,cent_eigen,diam,mean_path_length,deg_het_row,deg_het_col
configuration,Vazquez-ArroyoGoye,ecologicalinteractions,4.631537,2.632952,2.393707,0.19454498221326885,0.21436346108952387,0.20621297917614637,4.724724543368419,3.2626973442456864,2.342857142857143,2.3596561089653325,1.305474503114972,6.631537325673316,4.63295194950746,4.393706611892612,-0.6329519495074747,0.47126436781609193,0.4856486796785304,-0.5123899439059252,0.493158834027365,0.38780299261447715,17.153837591423596,36.587510993843445,236,318,1051,3962,0.7578932345368332,0.49233590050465603,0.8486361372509408,6,2.877310924369748,2.260559190957763,1.2688875669244497
