randomization,name,type,l1,l2,l3,ipr1,ipr2,ipr3,l1_cm,l1_er,l1_reg,l2_mp,l3_mp,l1_lap,l2_lap,l3_lap,alg_conn,clustering_c,clustering_r,deg_assort,Q,N.olap,N.temp,N.nodf,H2,H3,H4,H17,cent_between,cent_close,cent_eigen,diam,mean_path_length,deg_het_row,deg_het_col
empirical,EP_1982,legislature,107.7488,44.781204,34.809039,0.003427249027259065,0.004465334965196884,0.005088610901856764,108.65936318855265,82.44946375461059,77.43683409436834,13.4116199177351,11.288919802717022,109.74880034937584,46.781204375257005,36.80903909065449,-42.78120437525695,NA,NA,-0.43257348641207916,0.19362919987599245,0.21167798199719412,26.902638303173067,47.16048487187126,2968111,289844917,157969083,7751677997,0.017997624635968074,0.26483525790980833,0.673761688014361,5,2.2619259754241376,1.23398057231579,1.4341546236518476
