randomization,name,type,l1,l2,l3,ipr1,ipr2,ipr3,l1_cm,l1_er,l1_reg,l2_mp,l3_mp,l1_lap,l2_lap,l3_lap,alg_conn,clustering_c,clustering_r,deg_assort,Q,N.olap,N.temp,N.nodf,H2,H3,H4,H17,cent_between,cent_close,cent_eigen,diam,mean_path_length,deg_het_row,deg_het_col
empirical,EP_1985,legislature,178.001168,65.953632,43.348721,0.0019284429697537353,0.002634375346295933,0.003300548397485275,177.64579525917858,136.5777177716104,135.4690831556503,16.55102443377491,14.261229740585396,180.00116763557781,67.95363217615866,45.34872057291426,-63.953632176158685,NA,NA,-0.024635620715479895,NA,0.17292860152569078,26.24997601026347,47.962578110902754,11231768,1978730500,750528870,40550531129,0.006048433967005814,0.23983680931267,0.5593620671805635,5,2.2525344007208963,1.2588098483927908,1.3580099094526241
