randomization,name,type,l1,l2,l3,ipr1,ipr2,ipr3,l1_cm,l1_er,l1_reg,l2_mp,l3_mp,l1_lap,l2_lap,l3_lap,alg_conn,clustering_c,clustering_r,deg_assort,Q,N.olap,N.temp,N.nodf,H2,H3,H4,H17,cent_between,cent_close,cent_eigen,diam,mean_path_length,deg_het_row,deg_het_col
empirical,EP_1988,legislature,190.474704,50.386785,41.263585,0.0019371915936722995,0.0031221043275232317,0.003588694565849232,192.39011122493497,141.83434294511022,140.3950103950104,15.992680871433574,13.780852603325492,192.474703651609,52.386784729919086,43.2635848665378,-48.38678472991899,NA,NA,-0.17744296704961132,NA,NA,NA,NA,13031830,2437309772,979626952,60803738826,0.009465465635998704,0.20507925789216905,0.5544173305239535,5,2.238122537810363,1.3279924138339203,1.3993811329423456
