randomization,name,type,l1,l2,l3,ipr1,ipr2,ipr3,l1_cm,l1_er,l1_reg,l2_mp,l3_mp,l1_lap,l2_lap,l3_lap,alg_conn,clustering_c,clustering_r,deg_assort,Q,N.olap,N.temp,N.nodf,H2,H3,H4,H17,cent_between,cent_close,cent_eigen,diam,mean_path_length,deg_het_row,deg_het_col
empirical,EP_1989,legislature,143.267931,78.452108,52.280189,0.0023353846822903434,0.0022962222893919615,0.003487674536196925,143.10429112809004,97.07141857256276,91.87063829787235,15.635670106571318,13.560540482310113,145.26793118911408,80.452107582166,54.280189069803875,-76.4521075821663,NA,NA,-0.31659442010087213,NA,NA,NA,NA,8092897,1080106713,542185033,32616983807,0.013216483732975086,0.2287084073824506,0.7019532499800799,5,2.538168110478814,1.4532709487012319,1.5222799770625262
