randomization,name,type,l1,l2,l3,ipr1,ipr2,ipr3,l1_cm,l1_er,l1_reg,l2_mp,l3_mp,l1_lap,l2_lap,l3_lap,alg_conn,clustering_c,clustering_r,deg_assort,Q,N.olap,N.temp,N.nodf,H2,H3,H4,H17,cent_between,cent_close,cent_eigen,diam,mean_path_length,deg_het_row,deg_het_col
empirical,EP_1991,legislature,167.643506,62.456711,40.214567,0.0019558420427753273,0.00315713724266941,0.005315254506187943,167.07904874878218,121.8774637435186,121.11220472440945,16.26868600491414,14.058267064628179,169.6435055818234,64.45671129786801,42.214566750382026,-60.45671129786798,NA,NA,-0.04945145733375912,NA,NA,NA,NA,10236152,1689218303,657350985,34806797592,0.008141140416954195,0.19401860188461637,0.5962028688528156,5,2.317563321826151,1.3153388625582243,1.4466715058364366
