randomization,name,type,l1,l2,l3,ipr1,ipr2,ipr3,l1_cm,l1_er,l1_reg,l2_mp,l3_mp,l1_lap,l2_lap,l3_lap,alg_conn,clustering_c,clustering_r,deg_assort,Q,N.olap,N.temp,N.nodf,H2,H3,H4,H17,cent_between,cent_close,cent_eigen,diam,mean_path_length,deg_het_row,deg_het_col
empirical,EP_1999,legislature,295.610071,159.442439,98.551317,0.0011493001333904697,0.002003651368216012,0.002090279782524064,290.7541258395527,222.08548656534128,219.8945558739255,22.290549121488596,19.77587712448617,297.6100709142338,161.44243880027906,100.55131679645041,-157.44243880027935,NA,NA,-0.10349738331191685,NA,NA,NA,NA,55992937,16076832752,6280200971,574187279898,0.0057520781470270345,0.20643925547755668,0.5972858786095504,4,2.4084842669751056,1.306624735427306,1.3206472453739337
