randomization,name,type,l1,l2,l3,ipr1,ipr2,ipr3,l1_cm,l1_er,l1_reg,l2_mp,l3_mp,l1_lap,l2_lap,l3_lap,alg_conn,clustering_c,clustering_r,deg_assort,Q,N.olap,N.temp,N.nodf,H2,H3,H4,H17,cent_between,cent_close,cent_eigen,diam,mean_path_length,deg_het_row,deg_het_col
empirical,EP_1996,legislature,281.043106,100.673156,59.660283,0.0012796691241646642,0.0018904910232201125,0.0026075455971966985,280.82062977334715,214.1488179512052,213.17740767559738,19.91649148599679,17.49182425419399,283.04310563278307,102.6731558462132,61.660283012359706,-98.67315584621326,NA,NA,-0.042729544831393754,NA,NA,NA,NA,41195611,11464354929,4334730270,366919773316,0.00601902012451232,0.23068787054791587,0.5358821439810604,5,2.206821353986294,1.2279671714996658,1.4094168615290965
