randomization,name,type,l1,l2,l3,ipr1,ipr2,ipr3,l1_cm,l1_er,l1_reg,l2_mp,l3_mp,l1_lap,l2_lap,l3_lap,alg_conn,clustering_c,clustering_r,deg_assort,Q,N.olap,N.temp,N.nodf,H2,H3,H4,H17,cent_between,cent_close,cent_eigen,diam,mean_path_length,deg_het_row,deg_het_col
empirical,EP_2002,legislature,450.832192,166.916061,96.849573,8.292178607487046e-4,0.0011701684338960576,0.0016624327879278635,450.5963761289889,392.1412848656843,374.9719730941704,25.08258683449177,22.310248780923136,452.832191813188,168.9160614190119,98.84957296766659,-164.91606141901158,NA,NA,-0.4786951796182992,NA,NA,NA,NA,154975104,67477543588,26897651592,3772399864209,0.0026302513953849974,0.1719929250764309,0.44465356619764396,4,2.04076932363201,1.0944229971388284,1.2099198675003768
