randomization,name,type,l1,l2,l3,ipr1,ipr2,ipr3,l1_cm,l1_er,l1_reg,l2_mp,l3_mp,l1_lap,l2_lap,l3_lap,alg_conn,clustering_c,clustering_r,deg_assort,Q,N.olap,N.temp,N.nodf,H2,H3,H4,H17,cent_between,cent_close,cent_eigen,diam,mean_path_length,deg_het_row,deg_het_col
empirical,UN_1970,legislature,58.211428,22.519421,10.699415,0.0074502450784220495,0.010463138966920535,0.015521111127434024,58.143103987591616,54.820973650957264,51.026737967914436,8.09607315698063,6.189153257924643,60.2114275360675,24.519421092398773,12.6994152422997,-20.519421092398712,NA,NA,-0.6822445104568658,0.15716991863921867,0.16129070186174968,50.38317115014925,72.89461633463928,292001,15542088,6997886,141457729,0.01719181118452948,0.2864422645190211,0.43436991413167547,4,1.8948881605428094,1.0589784285437576,1.0779307456524545
