randomization,name,type,l1,l2,l3,ipr1,ipr2,ipr3,l1_cm,l1_er,l1_reg,l2_mp,l3_mp,l1_lap,l2_lap,l3_lap,alg_conn,clustering_c,clustering_r,deg_assort,Q,N.olap,N.temp,N.nodf,H2,H3,H4,H17,cent_between,cent_close,cent_eigen,diam,mean_path_length,deg_het_row,deg_het_col
empirical,UN_1979,legislature,110.287954,26.041467,14.391181,0.004055801402385182,0.008916139226495269,0.011899627890538627,110.3311888916382,106.38785534246308,105.64835164835165,8.146407048678714,6.4207771521473465,112.28795403354678,28.041466919705922,16.391181141844115,-24.04146691970602,NA,NA,-0.24876302281647777,0.07658491353369924,0.1501828362508427,25.54419631116219,87.03094443918948,1581559,172232705,58921356,1666149276,0.004940899667614905,0.15675102932530482,0.20762284761631633,4,1.720211161387632,1.0610602470823476,1.017799349459557
