randomization,name,type,l1,l2,l3,ipr1,ipr2,ipr3,l1_cm,l1_er,l1_reg,l2_mp,l3_mp,l1_lap,l2_lap,l3_lap,alg_conn,clustering_c,clustering_r,deg_assort,Q,N.olap,N.temp,N.nodf,H2,H3,H4,H17,cent_between,cent_close,cent_eigen,diam,mean_path_length,deg_het_row,deg_het_col
empirical,UN_1977,legislature,99.887133,21.554678,12.871444,0.004571777396994174,0.009971472632663972,0.011316556586131798,99.9714308543719,97.40167290644733,95.31147540983606,7.428075485804859,5.781401235294455,101.88713272207043,23.554678231549058,14.87144408462618,-19.554678231549047,NA,NA,-0.6786012653877737,0.0697574825318144,0.05965322486157804,22.862271058022692,88.55151848976762,1171144,113734821,41000756,1113109757,0.004335055248837093,0.20429051447153482,0.23958540555846208,3,1.6981717601025434,1.041526337207947,1.0154310633419992
