randomization,name,type,l1,l2,l3,ipr1,ipr2,ipr3,l1_cm,l1_er,l1_reg,l2_mp,l3_mp,l1_lap,l2_lap,l3_lap,alg_conn,clustering_c,clustering_r,deg_assort,Q,N.olap,N.temp,N.nodf,H2,H3,H4,H17,cent_between,cent_close,cent_eigen,diam,mean_path_length,deg_het_row,deg_het_col
empirical,UN_1978,legislature,111.815383,25.745956,15.278023,0.003942928887949555,0.008511370922137555,0.010806382652500798,111.893356123179,108.05462122621594,107.65,8.547585553756784,6.762599643379476,113.81538288102028,27.745955995936278,17.278022898415852,-23.7459559959363,NA,NA,-0.1087060503104023,0.07711131634682468,0.17648485943302256,26.60350827123888,86.54473288752733,1672812,185149911,62942391,1795735983,0.0034914350499688275,0.15187506397878475,0.20058175798270395,4,1.7285202252944187,1.05287220741955,1.0227852249358567
