randomization,name,type,l1,l2,l3,ipr1,ipr2,ipr3,l1_cm,l1_er,l1_reg,l2_mp,l3_mp,l1_lap,l2_lap,l3_lap,alg_conn,clustering_c,clustering_r,deg_assort,Q,N.olap,N.temp,N.nodf,H2,H3,H4,H17,cent_between,cent_close,cent_eigen,diam,mean_path_length,deg_het_row,deg_het_col
empirical,UN_1950,legislature,32.601788,12.713237,7.983652,0.012841999269294024,0.02712259835344934,0.021120280714036814,32.80031658608605,28.19939334342293,27.646017699115045,5.875060904744106,4.236161801873016,34.60178771946152,14.713236607778029,9.983652398728523,-10.713236607777995,NA,NA,-0.3664240559459343,0.17001086954739714,0.20234460886209116,31.904141834360072,70.1594584626549,50265,1545560,587883,5460706,0.02880308836573349,0.30247074558512826,0.4416945473343696,4,2.052149178255373,1.0822823098525969,1.2956287369192456
