randomization,name,type,l1,l2,l3,ipr1,ipr2,ipr3,l1_cm,l1_er,l1_reg,l2_mp,l3_mp,l1_lap,l2_lap,l3_lap,alg_conn,clustering_c,clustering_r,deg_assort,Q,N.olap,N.temp,N.nodf,H2,H3,H4,H17,cent_between,cent_close,cent_eigen,diam,mean_path_length,deg_het_row,deg_het_col
empirical,UN_1982,legislature,128.655359,28.070062,17.396029,0.0035096549597967417,0.008529795370677488,0.010239604165417304,128.7191117536404,123.77178190081808,123.54430379746836,8.64451973763054,6.899054595495734,130.6553591467554,30.07006203798227,19.396028517069336,-26.070062037982225,NA,NA,-0.079231361553315,0.07364000352727793,0.2282541519523158,25.183592527320116,88.21896471694862,2494449,318089901,108259767,3564881143,0.001858376232257058,0.15583622928218338,0.19416646462635653,3,1.7170986538075146,1.0632586586267134,1.0207798642837946
