randomization,name,type,l1,l2,l3,ipr1,ipr2,ipr3,l1_cm,l1_er,l1_reg,l2_mp,l3_mp,l1_lap,l2_lap,l3_lap,alg_conn,clustering_c,clustering_r,deg_assort,Q,N.olap,N.temp,N.nodf,H2,H3,H4,H17,cent_between,cent_close,cent_eigen,diam,mean_path_length,deg_het_row,deg_het_col
empirical,UN_1968,legislature,37.972789,14.64219,7.039693,0.014076804402400203,0.023826272652515922,0.02855931452331759,37.98060328483739,35.23561725549624,26.470588235294116,6.794756994347274,4.984809496922875,39.97278946933875,16.64218953401213,9.039693399496711,-12.642189534012154,NA,NA,-0.8346210790148201,0.1609015698826397,0.14831403531235673,42.14816827810015,69.45313489495155,97832,2713098,2346985,49245642,0.07219901249041345,0.49851796201841925,0.6329850965548476,4,1.9633642930856554,1.1113657064471876,1.0768395061728395
