randomization,name,type,l1,l2,l3,ipr1,ipr2,ipr3,l1_cm,l1_er,l1_reg,l2_mp,l3_mp,l1_lap,l2_lap,l3_lap,alg_conn,clustering_c,clustering_r,deg_assort,Q,N.olap,N.temp,N.nodf,H2,H3,H4,H17,cent_between,cent_close,cent_eigen,diam,mean_path_length,deg_het_row,deg_het_col
empirical,UN_1961,legislature,51.812182,27.504757,11.031176,0.007566911614056507,0.008251233650016619,0.014124761300438299,51.95510155508142,48.29843339338008,47.20670391061452,8.340364203245612,6.389938421511508,53.812181602045825,29.504757359334494,13.031176223985817,-25.504757359334597,NA,NA,-0.38329835369488374,0.23798684919995777,0.14155284306170723,50.35612949830303,65.28741268959237,220178,10897708,4252643,68724114,0.024352560828141266,0.37975993350322795,0.47732824096659654,4,1.9684891092837864,1.0358794720072826,1.1386450054269808
