randomization,name,type,l1,l2,l3,ipr1,ipr2,ipr3,l1_cm,l1_er,l1_reg,l2_mp,l3_mp,l1_lap,l2_lap,l3_lap,alg_conn,clustering_c,clustering_r,deg_assort,Q,N.olap,N.temp,N.nodf,H2,H3,H4,H17,cent_between,cent_close,cent_eigen,diam,mean_path_length,deg_het_row,deg_het_col
empirical,UN_1963,legislature,42.224487,14.194021,7.3657,0.012778837382562719,0.019128551566839604,0.030899658314325635,42.21308049350903,40.214926597600815,32.212765957446805,6.19621332304548,4.503097326981698,44.224487040366604,16.194020796342,9.36569999684386,-12.194020796342,NA,NA,-0.8596993069062254,0.12932246825509028,0.1962851713617029,32.98304590660816,75.95134378556197,116965,3809177,2827868,59047184,0.057914587173247135,0.5724815275913557,0.5567775079562683,4,1.8699088145896656,1.0496523372734656,1.0691296323118384
