randomization,name,type,l1,l2,l3,ipr1,ipr2,ipr3,l1_cm,l1_er,l1_reg,l2_mp,l3_mp,l1_lap,l2_lap,l3_lap,alg_conn,clustering_c,clustering_r,deg_assort,Q,N.olap,N.temp,N.nodf,H2,H3,H4,H17,cent_between,cent_close,cent_eigen,diam,mean_path_length,deg_het_row,deg_het_col
empirical,UN_1988,legislature,125.368298,23.937396,13.377552,0.0037010607638957513,0.011343235489245672,0.011937162063083085,125.42918010043692,121.39071463980301,120.87755102040816,7.459856406979869,5.8954566826275725,127.36829759721574,25.937396044417472,15.377551640060542,-21.937396044417518,NA,NA,-0.2048490706917191,0.06512221086183195,0.23338694294094406,20.395785422913935,90.21052452467477,2214926,274800917,93395261,2977879437,0.002447501433067432,0.1410829567160534,0.16462694051448798,3,1.6737944324487475,1.0508969383575737,1.0188425182916507
