randomization,name,type,l1,l2,l3,ipr1,ipr2,ipr3,l1_cm,l1_er,l1_reg,l2_mp,l3_mp,l1_lap,l2_lap,l3_lap,alg_conn,clustering_c,clustering_r,deg_assort,Q,N.olap,N.temp,N.nodf,H2,H3,H4,H17,cent_between,cent_close,cent_eigen,diam,mean_path_length,deg_het_row,deg_het_col
empirical,UN_1953,legislature,27.034818,9.833681,6.579076,0.016931626521620922,0.02648791676951909,0.028539689928477486,26.91144503209957,24.986572054288978,22.58139534883721,5.108826506882188,3.5203763287526844,29.034817942622315,11.833680730264764,8.57907583239537,-7.8336807302647316,0.9993328698301059,0.9969470932554052,-0.71856695811187965,0.16733680440286336,0.17405394186063675,36.316737125081666,72.45280521298554,27233,647328,299541,2757549,0.09040377926559831,0.46584762314867717,0.48313818640694095,4,1.9047879616963064,1.1194464390072134,1.0704265088174996
