randomization,name,type,l1,l2,l3,ipr1,ipr2,ipr3,l1_cm,l1_er,l1_reg,l2_mp,l3_mp,l1_lap,l2_lap,l3_lap,alg_conn,clustering_c,clustering_r,deg_assort,Q,N.olap,N.temp,N.nodf,H2,H3,H4,H17,cent_between,cent_close,cent_eigen,diam,mean_path_length,deg_het_row,deg_het_col
empirical,UN_1980,legislature,98.750199,25.223367,13.974227,0.004544581408379287,0.009539004003337535,0.017168916364814265,98.69364085861473,95.0621416492368,93.11023622047244,8.214238954428236,6.438433594316353,100.75019946104264,27.223366513761903,15.974226565820738,-23.223366513761842,NA,NA,-0.547659988440594,0.08522162437591843,0.15655718441713398,26.934512336421424,85.28355748072228,1173947,112820141,40724706,1100607720,0.006295108925289016,0.2285150471023261,0.2754595847961804,4,1.7503656904547011,1.0538582302696564,1.0280352891221076
