randomization,name,type,l1,l2,l3,ipr1,ipr2,ipr3,l1_cm,l1_er,l1_reg,l2_mp,l3_mp,l1_lap,l2_lap,l3_lap,alg_conn,clustering_c,clustering_r,deg_assort,Q,N.olap,N.temp,N.nodf,H2,H3,H4,H17,cent_between,cent_close,cent_eigen,diam,mean_path_length,deg_het_row,deg_het_col
empirical,UN_1996,legislature,90.669006,24.726096,13.147583,0.005312514326832418,0.01011911269365196,0.012432955005748156,90.84326102671409,86.40966825100824,78.6953125,8.074515366302823,6.301164357445379,92.66900619139079,26.7260955111989,15.14758328177568,-22.72609551119897,NA,NA,-0.814072057670728,0.10835723008398168,0.20704842469762877,30.308162451103545,84.47095223767823,988973,80926563,38657925,1274552228,0.014390955527237723,0.3551420999629972,0.4091161354155036,4,1.803125,1.0610483508115367,1.0486213275866874
