randomization,name,type,l1,l2,l3,ipr1,ipr2,ipr3,l1_cm,l1_er,l1_reg,l2_mp,l3_mp,l1_lap,l2_lap,l3_lap,alg_conn,clustering_c,clustering_r,deg_assort,Q,N.olap,N.temp,N.nodf,H2,H3,H4,H17,cent_between,cent_close,cent_eigen,diam,mean_path_length,deg_het_row,deg_het_col
empirical,UN_1987,legislature,130.839657,24.673265,14.796268,0.0035374037073204675,0.010658831872639671,0.0113374701162251,130.96032652468247,127.21635929379683,126.95394736842105,7.5199818049079585,5.959760928515671,132.83965693524576,26.6732649464088,16.796267863222226,-22.67326494640883,NA,NA,-0.12237268344670175,0.06438627171410809,0.22561156685756695,18.95021784120314,90.74899340242024,2508924,325454175,109931482,3634015098,0.004001152775027,0.13049567098484113,0.15162083262543982,4,1.6629320826819525,1.0413892816083834,1.020226838534889
