randomization,name,type,l1,l2,l3,ipr1,ipr2,ipr3,l1_cm,l1_er,l1_reg,l2_mp,l3_mp,l1_lap,l2_lap,l3_lap,alg_conn,clustering_c,clustering_r,deg_assort,Q,N.olap,N.temp,N.nodf,H2,H3,H4,H17,cent_between,cent_close,cent_eigen,diam,mean_path_length,deg_het_row,deg_het_col
empirical,UN_1973,legislature,84.038902,19.716767,12.351698,0.0052676929468061864,0.010516565988933727,0.015104518974122846,84.15384155505355,79.29699239214446,77.6283185840708,7.8376060828360465,6.079344493019308,86.03890173087028,21.716767045710526,14.351697969277918,-17.716767045710505,NA,NA,-0.5532442924874863,0.08671452653002683,0.294366612563062,31.46539067450388,83.7926060072599,743317,60498737,22246897,522136829,0.006522093342476157,0.2487553086741844,0.30911375785597073,4,1.7956342182890856,1.0591519070857007,1.0712356544649697
