randomization,name,type,l1,l2,l3,ipr1,ipr2,ipr3,l1_cm,l1_er,l1_reg,l2_mp,l3_mp,l1_lap,l2_lap,l3_lap,alg_conn,clustering_c,clustering_r,deg_assort,Q,N.olap,N.temp,N.nodf,H2,H3,H4,H17,cent_between,cent_close,cent_eigen,diam,mean_path_length,deg_het_row,deg_het_col
empirical,UN_1956,legislature,51.431997,19.470133,8.315263,0.008481178581778277,0.012110846141978125,0.017671319226689693,51.2107217392795,47.422295474977744,46.851351351351354,6.779046159283602,5.052311760928563,53.43199685012988,21.4701326311964,10.315262598763166,-17.470132631196396,NA,NA,-0.18093313881705422,0.1695217065364493,0.23145596673125415,37.157848647575285,76.06955161382045,175323,8755553,3100201,42706979,0.021669818162691708,0.29420747447434964,0.3435452152354901,4,1.883342526199669,1.0630261556299625,1.1138583915643223
