randomization,name,type,l1,l2,l3,ipr1,ipr2,ipr3,l1_cm,l1_er,l1_reg,l2_mp,l3_mp,l1_lap,l2_lap,l3_lap,alg_conn,clustering_c,clustering_r,deg_assort,Q,N.olap,N.temp,N.nodf,H2,H3,H4,H17,cent_between,cent_close,cent_eigen,diam,mean_path_length,deg_het_row,deg_het_col
empirical,UN_2006,legislature,102.195672,29.151738,13.790742,0.00473856081722587,0.008647488344418499,0.012845913614873082,102.43690347371229,97.37069642934527,89.96415770609319,8.13499999803741,6.394877360874673,104.19567219494125,31.151737579183333,15.790741862000008,-27.15173757918336,NA,NA,-0.7903458366869934,0.1177051538864443,0.2091528889426399,26.52621276430924,85.731642304816,1371336,128510694,58489561,2087735097,0.014260247767085085,0.3390800904048524,0.3816204486518417,4,1.7838632319950491,1.0625294201679338,1.0473816225139283
