randomization,name,type,l1,l2,l3,ipr1,ipr2,ipr3,l1_cm,l1_er,l1_reg,l2_mp,l3_mp,l1_lap,l2_lap,l3_lap,alg_conn,clustering_c,clustering_r,deg_assort,Q,N.olap,N.temp,N.nodf,H2,H3,H4,H17,cent_between,cent_close,cent_eigen,diam,mean_path_length,deg_het_row,deg_het_col
empirical,UN_2012,legislature,92.423774,25.376889,13.587213,0.005501140590051923,0.00967924929027228,0.01388257038114064,92.62964098868264,88.77052405910551,77.70114942528735,7.63212666111454,5.936493525086706,94.42377440860452,27.376889383555852,15.587213015349839,-23.376889383555863,NA,NA,-0.8792436558010875,0.11352924928710251,0.116433629792413,24.819630974950538,86.62041507013639,1054213,84609166,45657776,1681919738,0.021658109155677525,0.41503288013557105,0.4319227215151332,4,1.7893899204244033,1.0581516753615068,1.035004765628343
