randomization,name,type,l1,l2,l3,ipr1,ipr2,ipr3,l1_cm,l1_er,l1_reg,l2_mp,l3_mp,l1_lap,l2_lap,l3_lap,alg_conn,clustering_c,clustering_r,deg_assort,Q,N.olap,N.temp,N.nodf,H2,H3,H4,H17,cent_between,cent_close,cent_eigen,diam,mean_path_length,deg_het_row,deg_het_col
empirical,UN_2008,legislature,94.617767,26.913065,11.846027,0.005361137454862353,0.009507870167410788,0.014378417910672691,94.80589221362193,89.99096674375032,80.16603773584907,7.648020819277305,5.962576278262874,96.61776746169231,28.913065450396754,13.846027473092981,-24.913065450396747,NA,NA,-0.8358689138586443,0.11780832305889184,0.22027831775989795,24.581918276261526,86.28349046386872,1112481,92966455,47857775,1752024487,0.02531926261378451,0.3823423783372547,0.4142078485532516,4,1.7940537449971412,1.0650329756514414,1.0483808982972531
