randomization,name,type,l1,l2,l3,ipr1,ipr2,ipr3,l1_cm,l1_er,l1_reg,l2_mp,l3_mp,l1_lap,l2_lap,l3_lap,alg_conn,clustering_c,clustering_r,deg_assort,Q,N.olap,N.temp,N.nodf,H2,H3,H4,H17,cent_between,cent_close,cent_eigen,diam,mean_path_length,deg_het_row,deg_het_col
empirical,US_House_1963,legislature,49.578259,26.022845,9.810171,0.012545504987139714,0.014155980714796314,0.0231066670064049,49.489528099891785,47.81888377634071,33.096774193548384,8.546550404796479,6.512456606952071,51.57825882842986,28.02284518465676,11.810171052575187,-24.022845184656774,NA,NA,-0.8050931219718924,0.23980075944290244,0.06177302026547633,67.27011947856096,59.38465411750506,256762,8283698,10205472,361376380,0.07055565156313279,0.7225892228091302,0.6877388024953213,3,1.9395801331285203,1.0109554029881165,1.0832743388841235
