randomization,name,type,l1,l2,l3,ipr1,ipr2,ipr3,l1_cm,l1_er,l1_reg,l2_mp,l3_mp,l1_lap,l2_lap,l3_lap,alg_conn,clustering_c,clustering_r,deg_assort,Q,N.olap,N.temp,N.nodf,H2,H3,H4,H17,cent_between,cent_close,cent_eigen,diam,mean_path_length,deg_het_row,deg_het_col
empirical,US_House_1973,legislature,69.403104,33.925839,13.702535,0.005710172450853041,0.006736469786213109,0.011822481627290422,69.39833575458131,65.31468595062599,64.25217391304348,9.529631782407272,7.485104068730447,71.40310439504049,35.92583939494312,15.702534784185357,-31.925839394943015,NA,NA,-0.3523493681659189,0.21707512693051773,0.10978235561713913,60.821523103666536,65.23500878088034,515757,34526677,13222112,282956444,0.01268346682341332,0.36063423623863433,0.45545993606613994,4,1.9340421492310613,1.0066404357092906,1.1364724104320063
