randomization,name,type,l1,l2,l3,ipr1,ipr2,ipr3,l1_cm,l1_er,l1_reg,l2_mp,l3_mp,l1_lap,l2_lap,l3_lap,alg_conn,clustering_c,clustering_r,deg_assort,Q,N.olap,N.temp,N.nodf,H2,H3,H4,H17,cent_between,cent_close,cent_eigen,diam,mean_path_length,deg_het_row,deg_het_col
empirical,US_House_1994,legislature,109.064435,54.344293,15.732125,0.0036363707026879845,0.004196300239885069,0.00934262511184136,109.0293955959475,101.60303694477678,97.91501416430594,11.333456268310098,9.1956144390698,111.06443512757485,56.34429336741957,17.73212527045845,-52.34429336741961,NA,NA,-0.4841048579878238,0.23783417382014702,0.04521293378783764,56.874540353866976,70.63925480681972,1900037,201588084,74030560,2238706897,0.008385889872267249,0.18375055800213885,0.3204460268173399,4,1.9212593355652845,1.0040966623475271,1.1563515556515611
