randomization,name,type,l1,l2,l3,ipr1,ipr2,ipr3,l1_cm,l1_er,l1_reg,l2_mp,l3_mp,l1_lap,l2_lap,l3_lap,alg_conn,clustering_c,clustering_r,deg_assort,Q,N.olap,N.temp,N.nodf,H2,H3,H4,H17,cent_between,cent_close,cent_eigen,diam,mean_path_length,deg_het_row,deg_het_col
empirical,US_House_1967,legislature,65.085779,27.383276,11.389056,0.007492028563039912,0.009728458485837392,0.017207967492269167,64.9935561224631,61.98955479982823,56.656565656565654,7.97204576538934,6.105326028763227,67.08577937567203,29.38327633776784,13.389055818528606,-25.383276337767793,NA,NA,-0.6945053394122237,0.19203754257675346,0.1224954454510406,55.54580939477515,72.7625101432856,398423,22905539,11890537,312551924,0.01845807777916405,0.44910126500159636,0.46872590039045625,4,1.851407475772958,1.008130636901109,1.102765685423749
