randomization,name,type,l1,l2,l3,ipr1,ipr2,ipr3,l1_cm,l1_er,l1_reg,l2_mp,l3_mp,l1_lap,l2_lap,l3_lap,alg_conn,clustering_c,clustering_r,deg_assort,Q,N.olap,N.temp,N.nodf,H2,H3,H4,H17,cent_between,cent_close,cent_eigen,diam,mean_path_length,deg_het_row,deg_het_col
empirical,US_House_1981,legislature,76.699951,29.11647,13.300919,0.007110683147841051,0.009392062273555506,0.012491416816648128,76.41337928580124,70.82439238158105,59.2,9.11014206654958,7.143936803307974,78.69995070098294,31.11646969722697,15.300918814449096,-27.116469697227007,NA,NA,-0.7319318719078257,0.17886367199887626,0.250361204308908,43.13569859996265,72.8779021436898,741130,45205383,33374812,1354256773,0.02690175128963176,0.5766545358437342,0.5734143410800487,4,1.9157923722979484,1.0266537809080354,1.1483092827562296
