randomization,name,type,l1,l2,l3,ipr1,ipr2,ipr3,l1_cm,l1_er,l1_reg,l2_mp,l3_mp,l1_lap,l2_lap,l3_lap,alg_conn,clustering_c,clustering_r,deg_assort,Q,N.olap,N.temp,N.nodf,H2,H3,H4,H17,cent_between,cent_close,cent_eigen,diam,mean_path_length,deg_het_row,deg_het_col
empirical,US_House_1953,legislature,48.916619,18.442845,14.900496,0.01254705936043467,0.0167701738040591,0.019931401849507698,49.13420775234698,45.334858975204284,34.56565656565657,7.7852828650482335,5.889396699083175,50.91661924896157,20.44284494799334,16.900495712321995,-16.44284494799339,NA,NA,-0.7430521377797685,0.1659826765096791,0.2498642318559202,42.93192206775606,67.50597896754488,225515,7725305,8080180,260188486,0.0536287853121159,0.6649925786306858,0.6520120713667821,4,1.9483156437471159,1.0176459878511548,1.1814863155550377
