randomization,name,type,l1,l2,l3,ipr1,ipr2,ipr3,l1_cm,l1_er,l1_reg,l2_mp,l3_mp,l1_lap,l2_lap,l3_lap,alg_conn,clustering_c,clustering_r,deg_assort,Q,N.olap,N.temp,N.nodf,H2,H3,H4,H17,cent_between,cent_close,cent_eigen,diam,mean_path_length,deg_het_row,deg_het_col
empirical,US_House_2016,legislature,78.827275,54.539972,5.768835,0.005715803410869791,0.0064209177662270635,0.06967242446630562,77.31358272279219,73.5912750514986,72.56370656370656,10.340720576902099,8.22097572207904,80.82727478456276,56.539971551955794,7.76883474188224,-52.539971551955766,NA,NA,-0.2676897199690327,0.39903750996009835,0.007977292199098256,70.91741090263841,45.938432998126586,729202,54835793,20797812,500870453,0.02235964414663591,0.37100084754325113,0.4490219301286947,4,1.9677351770375027,1.0011999622801373,1.1154333341007616
