randomization,name,type,l1,l2,l3,ipr1,ipr2,ipr3,l1_cm,l1_er,l1_reg,l2_mp,l3_mp,l1_lap,l2_lap,l3_lap,alg_conn,clustering_c,clustering_r,deg_assort,Q,N.olap,N.temp,N.nodf,H2,H3,H4,H17,cent_between,cent_close,cent_eigen,diam,mean_path_length,deg_het_row,deg_het_col
empirical,US_House_1941,legislature,47.366088,20.708497,9.218622,0.015335375705397331,0.02158705318532562,0.06138471229364037,47.27548720824344,45.42274973239931,28.52132701421801,7.713511846931261,5.7879512485997076,49.36608803667133,22.70849674703293,11.218622121747588,-18.70849674703292,NA,NA,-0.8317620047129879,0.23494005717000846,0.1202376314798321,52.82469896834235,67.19770600045577,227006,6271663,9982835,379287700,0.07793859033411937,0.7629008018143362,0.7044413684001687,4,1.9310313698939292,1.017461739076556,1.0888358520318075
