randomization,name,type,l1,l2,l3,ipr1,ipr2,ipr3,l1_cm,l1_er,l1_reg,l2_mp,l3_mp,l1_lap,l2_lap,l3_lap,alg_conn,clustering_c,clustering_r,deg_assort,Q,N.olap,N.temp,N.nodf,H2,H3,H4,H17,cent_between,cent_close,cent_eigen,diam,mean_path_length,deg_het_row,deg_het_col
empirical,US_House_1992,legislature,96.193077,41.266925,15.344758,0.0043962968691312,0.006029294280204021,0.011717440879784222,95.94322762887165,88.75860803233307,88.13377926421404,10.326644612564335,8.275426981327376,98.19307662495255,43.26692474317871,17.344758238895217,-39.26692474317873,NA,NA,-0.1765557443980711,0.19942919274308876,0.15689125945369622,45.711783730884235,71.969999571158,1260540,118682168,43389769,1206544699,0.007252973676998005,0.3122809896655303,0.3956752920166522,4,1.9124149850732868,1.0302701200209836,1.1445773699784967
