randomization,name,type,l1,l2,l3,ipr1,ipr2,ipr3,l1_cm,l1_er,l1_reg,l2_mp,l3_mp,l1_lap,l2_lap,l3_lap,alg_conn,clustering_c,clustering_r,deg_assort,Q,N.olap,N.temp,N.nodf,H2,H3,H4,H17,cent_between,cent_close,cent_eigen,diam,mean_path_length,deg_het_row,deg_het_col
empirical,US_House_2012,legislature,109.307625,66.217643,16.955222,0.003981793093682539,0.00566738205968194,0.011157979939922631,106.43655287874533,98.10444027930627,97.44297082228117,12.238979719712573,10.01699567891297,111.30762475145372,68.2176432751193,18.955221807958626,-64.21764327511947,NA,NA,0.02800864730836549,0.31940156859329555,0.013338546492649823,62.50963304509279,59.14787390071394,1937140,204690702,72148792,2118154759,0.01086135127637132,0.31123029521362633,0.4349469885584919,4,2.022715728878605,1.0031472085599558,1.1849402536148308
