randomization,name,type,l1,l2,l3,ipr1,ipr2,ipr3,l1_cm,l1_er,l1_reg,l2_mp,l3_mp,l1_lap,l2_lap,l3_lap,alg_conn,clustering_c,clustering_r,deg_assort,Q,N.olap,N.temp,N.nodf,H2,H3,H4,H17,cent_between,cent_close,cent_eigen,diam,mean_path_length,deg_het_row,deg_het_col
empirical,US_House_1998,legislature,101.019155,54.778835,15.587021,0.0040543277415819295,0.004817864117229052,0.010922153618797168,100.20666300567603,92.98491351333911,92.50588235294117,11.567689571123827,9.392102426967389,103.01915501817963,56.7788354529807,17.58702060731991,-52.778835452980715,NA,NA,-0.0650054693839057,0.2728668825336595,0.09888484479603021,66.45203994155064,63.822687557320144,1567014,155251019,56108949,1636787150,0.008219489821792578,0.32093091197576507,0.43504133426841707,4,1.9666146104459483,1.0097888666962365,1.161404261639485
