randomization,name,type,l1,l2,l3,ipr1,ipr2,ipr3,l1_cm,l1_er,l1_reg,l2_mp,l3_mp,l1_lap,l2_lap,l3_lap,alg_conn,clustering_c,clustering_r,deg_assort,Q,N.olap,N.temp,N.nodf,H2,H3,H4,H17,cent_between,cent_close,cent_eigen,diam,mean_path_length,deg_het_row,deg_het_col
empirical,US_House_1956,legislature,56.202948,21.265077,15.52647,0.012648015291528687,0.019051854585000493,0.018930449841955115,56.16685655214073,51.70865582537089,35.66801619433198,8.405313139855854,6.452846310004357,58.20294848816884,23.265077043170248,17.52646973885454,-19.26507704317023,NA,NA,-0.7595528715640498,0.17876055079219547,0.30629822854944344,48.62449947384546,63.95233193570429,373334,13130710,18545825,814132219,0.05714164569991186,0.7265507086866662,0.6933154951532808,4,1.9543793818504986,1.0084845798745365,1.1961979537750544
