randomization,name,type,l1,l2,l3,ipr1,ipr2,ipr3,l1_cm,l1_er,l1_reg,l2_mp,l3_mp,l1_lap,l2_lap,l3_lap,alg_conn,clustering_c,clustering_r,deg_assort,Q,N.olap,N.temp,N.nodf,H2,H3,H4,H17,cent_between,cent_close,cent_eigen,diam,mean_path_length,deg_het_row,deg_het_col
empirical,US_House_1999,legislature,121.560504,61.098781,18.983234,0.0034711943283022447,0.004170145926517949,0.0083705308292072109,121.33471911665741,111.3910617241073,110.93846153846154,11.908254175589107,9.7489035392994,123.56050445332215,63.09878079898321,20.983233661152614,-59.09878079898326,NA,NA,-0.10261734709478922,0.2597329357303606,0.1357393550605766,47.84488109537649,69.33466607819051,2612287,312507334,113823622,4024167453,0.005656825538305181,0.30197610996817975,0.4024769430880444,4,1.9367345593566674,1.0270609833520286,1.164198110344117
