randomization,name,type,l1,l2,l3,ipr1,ipr2,ipr3,l1_cm,l1_er,l1_reg,l2_mp,l3_mp,l1_lap,l2_lap,l3_lap,alg_conn,clustering_c,clustering_r,deg_assort,Q,N.olap,N.temp,N.nodf,H2,H3,H4,H17,cent_between,cent_close,cent_eigen,diam,mean_path_length,deg_het_row,deg_het_col
empirical,US_House_1997,legislature,125.341206,54.968511,17.782628,0.003383859159789637,0.004469379296456754,0.00943345763020082,124.98808182778443,114.16163658097437,112.68894601542416,11.459240797475756,9.3592249851164,127.3412063708419,56.96851050999495,19.782628418759483,-52.96851050999513,NA,NA,-0.033764815841331626,0.21037040022591458,0.10277518952379708,48.49709195550259,72.41532743661615,2721257,337161168,118623189,4005490922,0.0047102615721120525,0.22640918734977758,0.34028945306323993,4,1.9225081493652771,1.009030123901828,1.1965553264042392
