randomization,name,type,l1,l2,l3,ipr1,ipr2,ipr3,l1_cm,l1_er,l1_reg,l2_mp,l3_mp,l1_lap,l2_lap,l3_lap,alg_conn,clustering_c,clustering_r,deg_assort,Q,N.olap,N.temp,N.nodf,H2,H3,H4,H17,cent_between,cent_close,cent_eigen,diam,mean_path_length,deg_het_row,deg_het_col
empirical,US_House_1954,legislature,56.169171,18.707949,9.349317,0.010685088211467514,0.01818618697151166,0.030422013858643602,56.27397738472656,53.426761227422865,42.61702127659574,7.064854962128579,5.304720907208302,58.169171418338344,20.707949480864322,11.349317153707624,-16.7079494808643,NA,NA,-0.7870224429659518,0.161765711961436,0.22977623162831173,43.39718973915121,74.10360289181438,285347,12073990,10174676,321543735,0.03211771014375118,0.5871467707208323,0.5642918007960193,4,1.8685857321652064,1.0090580554530162,1.114684687895765
