randomization,name,type,l1,l2,l3,ipr1,ipr2,ipr3,l1_cm,l1_er,l1_reg,l2_mp,l3_mp,l1_lap,l2_lap,l3_lap,alg_conn,clustering_c,clustering_r,deg_assort,Q,N.olap,N.temp,N.nodf,H2,H3,H4,H17,cent_between,cent_close,cent_eigen,diam,mean_path_length,deg_het_row,deg_het_col
empirical,US_House_1968,legislature,60.09878,24.863039,10.052617,0.011654201412190725,0.015266246628495716,0.027375448094772954,60.146035437127345,58.75733387770071,35.01075268817204,8.971612689935517,6.914739192738421,62.09878016904278,26.863039296164835,12.052617236640764,-22.863039296164857,NA,NA,-0.8951356190710634,0.1774765988922563,0.021024985332246216,52.16906513876743,71.03562250364791,489242,16667017,28216538,1374670836,0.0649398060887016,0.7837006240460296,0.7187660943598231,3,1.9293468451045614,1.0185651085528236,1.046419101701657
