randomization,name,type,l1,l2,l3,ipr1,ipr2,ipr3,l1_cm,l1_er,l1_reg,l2_mp,l3_mp,l1_lap,l2_lap,l3_lap,alg_conn,clustering_c,clustering_r,deg_assort,Q,N.olap,N.temp,N.nodf,H2,H3,H4,H17,cent_between,cent_close,cent_eigen,diam,mean_path_length,deg_het_row,deg_het_col
empirical,US_House_1979,legislature,72.491575,35.714557,13.105173,0.005255648765191116,0.006154878304302321,0.010504518863407612,72.3985188744597,67.87376421871471,66.84297520661157,9.764822881281354,7.704888534352012,74.49157515359967,37.714556588082445,15.105173352618479,-33.71455658808251,NA,NA,-0.0736668486142713,0.22861607872687142,0.059466505938477666,61.54875115011952,65.65395897439315,578772,41243192,14396999,276706060,0.005578687186802669,0.24401437760819294,0.38358567133437993,4,1.942560268852234,1.0046627307334455,1.1472726810230882
