randomization,name,type,l1,l2,l3,ipr1,ipr2,ipr3,l1_cm,l1_er,l1_reg,l2_mp,l3_mp,l1_lap,l2_lap,l3_lap,alg_conn,clustering_c,clustering_r,deg_assort,Q,N.olap,N.temp,N.nodf,H2,H3,H4,H17,cent_between,cent_close,cent_eigen,diam,mean_path_length,deg_het_row,deg_het_col
empirical,US_House_2014,legislature,114.137607,71.202374,18.27377,0.003700680171423848,0.004488026757490488,0.010068726499301543,112.62749865746241,105.75666422739421,104.84375,12.495433762631047,10.246234956324436,116.13760671691809,73.20237400667865,20.273769961335756,-69.20237400667881,NA,NA,-0.15916023690775455,0.3338713904862857,0.08928853636689014,58.957212688275845,63.21739317739812,2267283,251335172,92814692,3143776940,0.011929101777884477,0.3552227481363755,0.44302507799161744,4,1.969701914708442,1.028154847440963,1.11252900853839
