randomization,name,type,l1,l2,l3,ipr1,ipr2,ipr3,l1_cm,l1_er,l1_reg,l2_mp,l3_mp,l1_lap,l2_lap,l3_lap,alg_conn,clustering_c,clustering_r,deg_assort,Q,N.olap,N.temp,N.nodf,H2,H3,H4,H17,cent_between,cent_close,cent_eigen,diam,mean_path_length,deg_het_row,deg_het_col
empirical,US_House_1957,legislature,59.278886,27.795906,19.808926,0.008925807068530826,0.011958408157022217,0.01325417257845079,59.622521553917274,56.1400815187828,39.89855072463768,9.703475040091586,7.585711812684886,61.27888629909634,29.79590599405352,21.80892572566809,-25.795905994053612,NA,NA,-0.8150833614061012,0.20899750877720147,0.11136467959417223,51.20980868414123,65.66392307200198,454535,18433130,20163132,797245303,0.0626140142079426,0.6297118777980201,0.6898122599332505,4,1.96901185770751,1.0632800409657779,1.0838414362616535
