randomization,name,type,l1,l2,l3,ipr1,ipr2,ipr3,l1_cm,l1_er,l1_reg,l2_mp,l3_mp,l1_lap,l2_lap,l3_lap,alg_conn,clustering_c,clustering_r,deg_assort,Q,N.olap,N.temp,N.nodf,H2,H3,H4,H17,cent_between,cent_close,cent_eigen,diam,mean_path_length,deg_het_row,deg_het_col
empirical,US_House_1986,legislature,90.09813,39.962532,15.11874,0.004404663791578173,0.005397168249709228,0.008979422539544197,90.00150896225922,84.15315622488667,82.2076124567474,10.370176890637037,8.2902789769415,92.0981304385837,41.96253159059651,17.118740067402044,-37.962531590596605,NA,NA,-0.25131338518011653,0.21480426290577068,0.06154944256478481,59.87722001101326,69.2678841662527,1065465,94113582,33424820,807498777,0.003622048216828864,0.20716049273698212,0.3378653383145456,4,1.9202710495963091,1.0033738773817915,1.1513075048677583
