randomization,name,type,l1,l2,l3,ipr1,ipr2,ipr3,l1_cm,l1_er,l1_reg,l2_mp,l3_mp,l1_lap,l2_lap,l3_lap,alg_conn,clustering_c,clustering_r,deg_assort,Q,N.olap,N.temp,N.nodf,H2,H3,H4,H17,cent_between,cent_close,cent_eigen,diam,mean_path_length,deg_het_row,deg_het_col
empirical,US_House_2015,legislature,87.059247,14.045763000000001,8.085125,0.007481989909015583,0.036870298366507605,0.05293724210286198,87.0713557498827,74.56386432330359,46.352617079889804,6.1640875096867225,4.794201877958308,89.05924675695302,16.04576329898229,10.085125158289502,-12.04576329898235,NA,NA,-0.9923823752174479,0.10875076421491509,-0.12246132888829867,32.41982152602489,74.04300945577795,1029134,61606568,63212917,3217673852,0.16381762902808236,0.3118397196406486,0.6448555205525719,4,2.0509565773252363,1.0016178767332808,1.3816857614061115
