randomization,name,type,l1,l2,l3,ipr1,ipr2,ipr3,l1_cm,l1_er,l1_reg,l2_mp,l3_mp,l1_lap,l2_lap,l3_lap,alg_conn,clustering_c,clustering_r,deg_assort,Q,N.olap,N.temp,N.nodf,H2,H3,H4,H17,cent_between,cent_close,cent_eigen,diam,mean_path_length,deg_het_row,deg_het_col
empirical,US_House_1988,legislature,125.86302,32.413195,12.047298,0.003884128290094873,0.007582454155007288,0.012284250092825631,126.01148582369402,119.39381763351713,116.13249211356467,8.14353209618544,6.4789215664402775,127.8630204094275,34.4131948191082,14.04729820870998,-30.413194819108032,NA,NA,-0.6162560682584403,0.13136126769397113,0.3321233907358467,30.10161610374793,86.09982471388435,2387897,287020807,114771250,4515800890,0.0038807853047836383,0.2791914084262187,0.30256449708232774,4,1.7420436848620373,1.011058954605992,1.1060750645843715
