randomization,name,type,l1,l2,l3,ipr1,ipr2,ipr3,l1_cm,l1_er,l1_reg,l2_mp,l3_mp,l1_lap,l2_lap,l3_lap,alg_conn,clustering_c,clustering_r,deg_assort,Q,N.olap,N.temp,N.nodf,H2,H3,H4,H17,cent_between,cent_close,cent_eigen,diam,mean_path_length,deg_het_row,deg_het_col
empirical,US_House_1946,legislature,48.76169,18.178387,7.982675,0.01393077769610476,0.025220959575548485,0.04634124264985464,49.58631461307867,43.75924670544819,26.223175965665234,6.673100512439154,4.993265203179977,50.76168966495092,20.178386979145913,9.982675045986365,-16.178386979145955,NA,NA,-0.8747020123168745,0.15994387951380035,0.42708069621709693,19.15360139352001,78.50403200773856,241759,6821747,10987767,425501625,0.12917351684390094,0.7973841208651296,0.7238449889383625,3,1.9595234571555424,1.175596658103884,1.124088277916324
