randomization,name,type,l1,l2,l3,ipr1,ipr2,ipr3,l1_cm,l1_er,l1_reg,l2_mp,l3_mp,l1_lap,l2_lap,l3_lap,alg_conn,clustering_c,clustering_r,deg_assort,Q,N.olap,N.temp,N.nodf,H2,H3,H4,H17,cent_between,cent_close,cent_eigen,diam,mean_path_length,deg_het_row,deg_het_col
empirical,US_House_1944,legislature,41.257675,14.193447,7.520128,0.023981239608108936,0.03353936631762584,0.05309246918411842,41.57099706074589,39.081771357471645,18.204255319148935,6.780722340157764,4.9944530403455065,43.257674657139546,16.193446884551317,9.520128216338566,-12.193446884551337,NA,NA,-0.8552235227336978,0.1810443918974013,0.27338439483871946,24.15066001988002,76.01517023069358,189e3,3274860,10736170,503640898,0.13866320945364127,0.8708161583369692,0.7877536912708163,3,1.9569376250227315,1.0599044307492305,1.1025871190239986
