randomization,name,type,l1,l2,l3,ipr1,ipr2,ipr3,l1_cm,l1_er,l1_reg,l2_mp,l3_mp,l1_lap,l2_lap,l3_lap,alg_conn,clustering_c,clustering_r,deg_assort,Q,N.olap,N.temp,N.nodf,H2,H3,H4,H17,cent_between,cent_close,cent_eigen,diam,mean_path_length,deg_het_row,deg_het_col
empirical,US_House_1962,legislature,55.335999,25.13451,12.829301,0.007939325526123921,0.010035941674061513,0.015970397704671645,55.16161523657762,52.67385422947936,50.15028901734104,7.9864955415606405,6.0752971892563465,57.33599869216463,27.13450965547299,14.829300752252081,-23.13450965547292,NA,NA,-0.5896162007400136,0.20278363323671847,0.10040050120166605,60.53758270282325,67.9064960329775,248514,12716200,5522411,105299930,0.020557576851329088,0.4074983013571606,0.45697020389576626,4,1.8814356768382847,1.0095808089213851,1.102220377204164
