randomization,name,type,l1,l2,l3,ipr1,ipr2,ipr3,l1_cm,l1_er,l1_reg,l2_mp,l3_mp,l1_lap,l2_lap,l3_lap,alg_conn,clustering_c,clustering_r,deg_assort,Q,N.olap,N.temp,N.nodf,H2,H3,H4,H17,cent_between,cent_close,cent_eigen,diam,mean_path_length,deg_het_row,deg_het_col
empirical,US_House_1959,legislature,59.154232,28.786634,16.350833,0.00838593588502458,0.011372753624796405,0.013524381606932956,58.67540883082501,56.7137813144842,45.47639484978541,9.383622132468732,7.290942972757572,61.15423158174655,30.786634133800717,18.350833104354248,-26.78663413380069,NA,NA,-0.8108663145619981,0.210440815362134,0.07638765837750004,77.43798644641545,60.787639142138495,385962,17539446,13592325,424442640,0.04355102567112103,0.5597749269214326,0.6172155203798347,4,1.9366582803019092,1.0128308281321854,1.075386040673482
