randomization,name,type,l1,l2,l3,ipr1,ipr2,ipr3,l1_cm,l1_er,l1_reg,l2_mp,l3_mp,l1_lap,l2_lap,l3_lap,alg_conn,clustering_c,clustering_r,deg_assort,Q,N.olap,N.temp,N.nodf,H2,H3,H4,H17,cent_between,cent_close,cent_eigen,diam,mean_path_length,deg_het_row,deg_het_col
empirical,US_House_1966,legislature,56.524916,19.528135,9.428653,0.01180537040129477,0.017636279543884317,0.03176532088302311,56.62650760991677,54.42352922188688,38.89655172413793,6.966759433736671,5.221546877177269,58.52491581463598,21.52813525365009,11.428652885761286,-17.52813525365001,NA,NA,-0.8460124343601783,0.15881175933623567,0.15860341833860156,40.8739999199013,72.86109219909964,315179,11986015,13473354,498318955,0.040286874326601926,0.6633921146227618,0.6139138369783594,3,1.8749451299809783,1.0085370197573522,1.0876359748667839
