randomization,name,type,l1,l2,l3,ipr1,ipr2,ipr3,l1_cm,l1_er,l1_reg,l2_mp,l3_mp,l1_lap,l2_lap,l3_lap,alg_conn,clustering_c,clustering_r,deg_assort,Q,N.olap,N.temp,N.nodf,H2,H3,H4,H17,cent_between,cent_close,cent_eigen,diam,mean_path_length,deg_het_row,deg_het_col
empirical,US_House_2001,legislature,115.170978,62.673906,14.255926,0.00369558246413956,0.00393258088413798,0.011722625834025864,114.91040713611316,105.83840484333547,105.10810810810811,11.64106788624231,9.493429764220322,117.17097781608001,64.67390589481494,16.255925581780648,-60.67390589481482,NA,NA,-0.2247355425868426,0.2739895861855718,0.11997762298561897,59.187480429794036,66.4895464263539,2243538,252308233,95250030,3362622407,0.006817425946500688,0.3330734780736694,0.4261095980282741,4,1.9512048633999854,1.0024266186891961,1.1854941851604444
