randomization,name,type,l1,l2,l3,ipr1,ipr2,ipr3,l1_cm,l1_er,l1_reg,l2_mp,l3_mp,l1_lap,l2_lap,l3_lap,alg_conn,clustering_c,clustering_r,deg_assort,Q,N.olap,N.temp,N.nodf,H2,H3,H4,H17,cent_between,cent_close,cent_eigen,diam,mean_path_length,deg_het_row,deg_het_col
empirical,US_Senate_2001,legislature,80.730779,38.333043,10.694975,0.005960952061797102,0.006708054294959345,0.01786956188732944,81.12835418992717,75.06393363605027,61.259515570934255,9.213523230723185,7.251479140187532,82.73077876031287,40.33304338213147,12.694974511683759,-36.33304338213142,NA,NA,-0.8920951689889202,0.2693396179508464,0.05863953725606343,42.6195060930279,75.46338162754807,838264,56106881,34877811,1233976636,0.019417500487313968,0.257458313412973,0.4998666659932557,4,1.9832276047673971,1.0257761361253357,1.152464287457204
