randomization,name,type,l1,l2,l3,ipr1,ipr2,ipr3,l1_cm,l1_er,l1_reg,l2_mp,l3_mp,l1_lap,l2_lap,l3_lap,alg_conn,clustering_c,clustering_r,deg_assort,Q,N.olap,N.temp,N.nodf,H2,H3,H4,H17,cent_between,cent_close,cent_eigen,diam,mean_path_length,deg_het_row,deg_het_col
empirical,US_Senate_1943,legislature,14.174198,5.4332,3.521016,0.030486637369888766,0.047378644524927536,0.07379631677530156,14.17561557740145,13.274680279156083,12.883720930232558,3.7623047572309822,2.324652233611137,16.174197627700742,7.4331996229270265,5.52101601494197,-3.433199622927017,1,0.9821065927854117,-0.05627922766815432,0.18886373924852884,0.15098838410592477,40.01711163530474,70.30146031846712,3652,47909,16250,54277,0.03992303241083292,0.2907927319231944,0.3687449225314342,4,1.929125138427464,1.0381081468545141,1.1655306337890496
