randomization,name,type,l1,l2,l3,ipr1,ipr2,ipr3,l1_cm,l1_er,l1_reg,l2_mp,l3_mp,l1_lap,l2_lap,l3_lap,alg_conn,clustering_c,clustering_r,deg_assort,Q,N.olap,N.temp,N.nodf,H2,H3,H4,H17,cent_between,cent_close,cent_eigen,diam,mean_path_length,deg_het_row,deg_het_col
empirical,US_Senate_2007,legislature,67.863447,31.553375,10.007678,0.008424612710696854,0.01196052185613236,0.025710229530469357,67.77857612290713,63.13840221802333,39.41614906832298,9.45137446542008,7.395645438493601,69.86344682179455,33.55337455331271,12.007678261605664,-29.553374553312693,NA,NA,-0.9905897569912059,0.2598205103661398,-0.03334150597004855,54.40108520162636,71.90291144162056,636424,27825688,33176840,1418085369,0.03696051963326094,0.18453773802318788,0.6333157813115365,4,2.0407886844294807,1.0015726173674846,1.1726565612451179
