randomization,name,type,l1,l2,l3,ipr1,ipr2,ipr3,l1_cm,l1_er,l1_reg,l2_mp,l3_mp,l1_lap,l2_lap,l3_lap,alg_conn,clustering_c,clustering_r,deg_assort,Q,N.olap,N.temp,N.nodf,H2,H3,H4,H17,cent_between,cent_close,cent_eigen,diam,mean_path_length,deg_het_row,deg_het_col
empirical,US_Senate_1961,legislature,23.9075,13.074576,7.363995,0.01791123171228026,0.02060272060342004,0.032092662685886,24.27994089180432,22.40222951075118,19.717391304347824,5.687671456306838,3.978027308923717,25.907500359439712,15.074575713962005,9.363994568617434,-11.074575713961995,1,0.9872576083891148,-0.7322721838656903,0.27280171337558873,0.1347774902560282,40.652327918342486,64.45119813415886,23408,471572,253905,2374487,0.0558423769494769,0.2995617831937661,0.5151741740085836,4,2.0062111801242235,1.094267421464075,1.1237623822553726
