randomization,name,type,l1,l2,l3,ipr1,ipr2,ipr3,l1_cm,l1_er,l1_reg,l2_mp,l3_mp,l1_lap,l2_lap,l3_lap,alg_conn,clustering_c,clustering_r,deg_assort,Q,N.olap,N.temp,N.nodf,H2,H3,H4,H17,cent_between,cent_close,cent_eigen,diam,mean_path_length,deg_het_row,deg_het_col
empirical,US_Senate_2009,legislature,74.920185,43.418809,10.299304,0.006908137745719976,0.01042098814187424,0.024859052592970155,74.17150733415531,69.96858308971876,49.51497005988024,10.561578156159051,8.39018358746755,76.92018453978143,45.41880924644326,12.299304123919107,-41.41880924644331,NA,NA,-0.9805013132601779,0.30163267743428107,-0.05943000992224309,62.76943324798551,65.17749517346651,814168,43847545,38795628,1536598342,0.04280827210604953,0.20444707988032287,0.5949978722243225,4,2.0431928934922947,1.0020824302129796,1.140126717185198
