randomization,name,type,l1,l2,l3,ipr1,ipr2,ipr3,l1_cm,l1_er,l1_reg,l2_mp,l3_mp,l1_lap,l2_lap,l3_lap,alg_conn,clustering_c,clustering_r,deg_assort,Q,N.olap,N.temp,N.nodf,H2,H3,H4,H17,cent_between,cent_close,cent_eigen,diam,mean_path_length,deg_het_row,deg_het_col
empirical,US_Senate_1975,legislature,38.225049,15.481036,8.868087,0.013896994081502904,0.029824645659161857,0.030173312216431842,37.816648991658575,35.1798480224207,24.444444444444443,7.263706541662458,5.376330578485547,40.225048562792665,17.481036128760753,10.868086637000308,-13.481036128760728,NA,NA,-0.9454911893376767,0.1947737476370509,-0.004552319758559187,49.813061269715504,66.69947439490292,104090,2795234,2535519,51499917,0.04493633936717323,0.17005123727769725,0.6180053583334414,4,2.0394908840729276,1.0135070167807514,1.1790700762345185
