randomization,name,type,l1,l2,l3,ipr1,ipr2,ipr3,l1_cm,l1_er,l1_reg,l2_mp,l3_mp,l1_lap,l2_lap,l3_lap,alg_conn,clustering_c,clustering_r,deg_assort,Q,N.olap,N.temp,N.nodf,H2,H3,H4,H17,cent_between,cent_close,cent_eigen,diam,mean_path_length,deg_het_row,deg_het_col
empirical,US_Senate_1985,legislature,58.699897,24.726529,8.856921,0.007257363940499012,0.009266173218518185,0.0223391351769913,58.66015265435435,55.09541645903885,48.54,8.22625871108859,6.304049179199894,60.69989697592513,26.72652920157762,10.856920527096866,-22.726529201577645,NA,NA,-0.8817384898366132,0.1966740042642749,0.004397492031123695,54.123522462299796,72.65817865481311,306896,16089282,7618528,154350708,0.012845341386861312,0.13477643494545447,0.41510626645705545,4,1.928140703517588,1.0054256731669828,1.145205641314772
