randomization,name,type,l1,l2,l3,ipr1,ipr2,ipr3,l1_cm,l1_er,l1_reg,l2_mp,l3_mp,l1_lap,l2_lap,l3_lap,alg_conn,clustering_c,clustering_r,deg_assort,Q,N.olap,N.temp,N.nodf,H2,H3,H4,H17,cent_between,cent_close,cent_eigen,diam,mean_path_length,deg_het_row,deg_het_col
empirical,US_Senate_1948,legislature,19.695336,8.46029,5.62335,0.02327540680635289,0.03047725253936119,0.04638963149942732,19.87857544459561,17.299221723346008,16.25,4.705591284909547,3.171605350786341,21.695335819592085,10.460289594683154,7.623350212964256,-6.460289594683135,1,0.9940341447639863,-0.5640046465929502,0.21150120534735925,0.27420516579381327,35.26364060714471,65.90148320396762,11934,201893,101736,758604,0.059835773119485416,0.3857028978300254,0.530556892717034,4,2.0277777777777777,1.0365548980933597,1.3534516765285993
