randomization,name,type,l1,l2,l3,ipr1,ipr2,ipr3,l1_cm,l1_er,l1_reg,l2_mp,l3_mp,l1_lap,l2_lap,l3_lap,alg_conn,clustering_c,clustering_r,deg_assort,Q,N.olap,N.temp,N.nodf,H2,H3,H4,H17,cent_between,cent_close,cent_eigen,diam,mean_path_length,deg_het_row,deg_het_col
empirical,US_Senate_2006,legislature,66.487618,33.610048,8.528193,0.006397763848760923,0.007388648238253041,0.02167770695327171,66.57128880884224,62.66290441938968,55.69642857142857,8.736653417321593,6.775322833979004,68.48761764389054,35.61004789466955,10.528192925559209,-31.61004789466946,NA,NA,-0.8752280307242787,0.2861121545408461,0.008993063869286945,54.58307269350034,71.78537118194376,445956,26664202,12465534,283888155,0.019198853458248975,0.1763881351322811,0.3940333716584706,4,1.9301729660474054,1.005635083547651,1.1374949489425599
