randomization,name,type,l1,l2,l3,ipr1,ipr2,ipr3,l1_cm,l1_er,l1_reg,l2_mp,l3_mp,l1_lap,l2_lap,l3_lap,alg_conn,clustering_c,clustering_r,deg_assort,Q,N.olap,N.temp,N.nodf,H2,H3,H4,H17,cent_between,cent_close,cent_eigen,diam,mean_path_length,deg_het_row,deg_het_col
empirical,US_Senate_1987,legislature,65.185309,22.916961,10.706207,0.007400184603684987,0.01290805984205572,0.022433076141431266,65.00986977705017,61.23378815289125,53.213592233009706,7.7292810086099095,5.9075292866614095,67.18530949684167,24.91696101816936,12.70620650861644,-20.916961018169406,NA,NA,-0.8595771995761373,0.16395336545523662,0.06050843099096419,41.833244948133355,77.83745630883789,394019,22391619,11611435,286882714,0.014185155289621575,0.23089850521160854,0.4362190408321338,4,1.8806062041202936,1.0235328885399033,1.1145626524710384
