randomization,name,type,l1,l2,l3,ipr1,ipr2,ipr3,l1_cm,l1_er,l1_reg,l2_mp,l3_mp,l1_lap,l2_lap,l3_lap,alg_conn,clustering_c,clustering_r,deg_assort,Q,N.olap,N.temp,N.nodf,H2,H3,H4,H17,cent_between,cent_close,cent_eigen,diam,mean_path_length,deg_het_row,deg_het_col
empirical,US_Senate_1989,legislature,84.007606,23.590912,10.835305,0.00543082485464601,0.009148015356595143,0.014575886821042956,84.02770560052413,78.64678395413216,72.7883817427386,7.96347920397767,6.189766419440147,86.00760554366315,25.590911621714216,12.835305294510444,-21.590911621714266,NA,NA,-0.8216886785307107,0.14725679852251816,0.053600745028974196,42.23411971432014,79.28742579253755,766513,60360381,24761640,636592254,0.00797341626772787,0.14047939240825313,0.32350927669082746,4,1.8313278008298755,1.0035923750911553,1.1467981185757146
