randomization,name,type,l1,l2,l3,ipr1,ipr2,ipr3,l1_cm,l1_er,l1_reg,l2_mp,l3_mp,l1_lap,l2_lap,l3_lap,alg_conn,clustering_c,clustering_r,deg_assort,Q,N.olap,N.temp,N.nodf,H2,H3,H4,H17,cent_between,cent_close,cent_eigen,diam,mean_path_length,deg_het_row,deg_het_col
empirical,US_Senate_2008,legislature,61.540641,27.463403,9.474886,0.007183594691658051,0.009994631869048842,0.016892106715529417,61.35002960597217,57.184072072356024,52.33160621761658,7.767113916169848,5.928902869642567,63.54064147574758,29.463403365744806,11.474885556086498,-25.46340336574482,NA,NA,-0.8007948382674969,0.22382857146494287,0.017465479256415978,54.431336068148504,74.729905376779,322618,18363525,7697841,146471028,0.01748437017403371,0.15821851870265288,0.3663169387481954,4,1.9246545768566494,1.0048496421919422,1.1611879619645133
