randomization,name,type,l1,l2,l3,ipr1,ipr2,ipr3,l1_cm,l1_er,l1_reg,l2_mp,l3_mp,l1_lap,l2_lap,l3_lap,alg_conn,clustering_c,clustering_r,deg_assort,Q,N.olap,N.temp,N.nodf,H2,H3,H4,H17,cent_between,cent_close,cent_eigen,diam,mean_path_length,deg_het_row,deg_het_col
empirical,US_Senate_1972,legislature,34.600681,16.867245,7.592987,0.011546032105500278,0.013836553745301123,0.027602162444038552,34.624033986654354,32.101800202066194,31.309734513274336,6.408291529805849,4.648266726214709,36.60068087684702,18.867245387811643,9.592987444939201,-14.867245387811616,NA,NA,-0.12346125613933673,0.22918145230523237,0.08546472468323353,51.3681016769492,67.46584862506008,59646,1994596,695060,6189910,0.01831928922556745,0.24365753360237788,0.37136653714501944,4,1.9570164348925412,1.0110434686186733,1.1821822410389855
