randomization,name,type,l1,l2,l3,ipr1,ipr2,ipr3,l1_cm,l1_er,l1_reg,l2_mp,l3_mp,l1_lap,l2_lap,l3_lap,alg_conn,clustering_c,clustering_r,deg_assort,Q,N.olap,N.temp,N.nodf,H2,H3,H4,H17,cent_between,cent_close,cent_eigen,diam,mean_path_length,deg_het_row,deg_het_col
empirical,US_Senate_1953,legislature,18.190441,8.335296,6.513412,0.02275806174139453,0.0386082989972162,0.03396394235127448,18.117504729626656,16.59718432076572,16.06153846153846,4.894211046070527,3.2831163106404233,20.190440648594844,10.335296158757387,8.513412453448854,-6.335296158757403,1,0.9642041067334159,-0.2689413074149105,0.2092895783175711,0.12191438886100905,49.83611236853383,58.44060782439787,9082,151512,57701,300525,0.06519023302458764,0.397891254355332,0.5033981442159027,4,2.0528846153846154,1.018848813141322,1.241467388910909
