randomization,name,type,l1,l2,l3,ipr1,ipr2,ipr3,l1_cm,l1_er,l1_reg,l2_mp,l3_mp,l1_lap,l2_lap,l3_lap,alg_conn,clustering_c,clustering_r,deg_assort,Q,N.olap,N.temp,N.nodf,H2,H3,H4,H17,cent_between,cent_close,cent_eigen,diam,mean_path_length,deg_het_row,deg_het_col
empirical,US_Senate_1962,legislature,19.050063,8.198987,5.490816,0.02129330958822348,0.025423758219471244,0.04069858200915906,18.94824310653092,17.212841182903745,16.727272727272727,4.837944598788676,3.2475000753699645,21.05006318201192,10.198986893034016,7.490816122959351,-6.198986893034023,0.9991506592444889,0.9832799169730339,-0.057268126465397515,0.18834344150388582,0.12244382265856689,47.34987737022279,61.941864830545754,9934,177819,61851,295140,0.02692279557062967,0.2607163183179152,0.41781911894781165,4,2.038228438228438,1.022894349926486,1.2533081285444236
