randomization,name,type,l1,l2,l3,ipr1,ipr2,ipr3,l1_cm,l1_er,l1_reg,l2_mp,l3_mp,l1_lap,l2_lap,l3_lap,alg_conn,clustering_c,clustering_r,deg_assort,Q,N.olap,N.temp,N.nodf,H2,H3,H4,H17,cent_between,cent_close,cent_eigen,diam,mean_path_length,deg_het_row,deg_het_col
empirical,US_Senate_1974,legislature,32.511258,13.979921,6.777767,0.012159426902923692,0.017539546353545654,0.026250971081749574,32.38329805752045,30.466127574321543,29.96153846153846,6.273231539736612,4.513009378852143,34.51125759702081,15.979921119403995,8.777766820804247,-11.979921119404015,NA,NA,0.01577049543207924,0.19411970559228633,0.07295864911166768,58.977017547163484,66.1351435309108,48899,1536050,523139,4246962,0.016984818734566774,0.26103745851340227,0.37884925416228243,4,1.9256908140403286,1.0100438170789383,1.1497311486863937
