randomization,name,type,l1,l2,l3,ipr1,ipr2,ipr3,l1_cm,l1_er,l1_reg,l2_mp,l3_mp,l1_lap,l2_lap,l3_lap,alg_conn,clustering_c,clustering_r,deg_assort,Q,N.olap,N.temp,N.nodf,H2,H3,H4,H17,cent_between,cent_close,cent_eigen,diam,mean_path_length,deg_het_row,deg_het_col
empirical,US_Senate_2013,legislature,68.320982,40.794654,8.417748,0.006022680826280499,0.00695455507688297,0.014455094053737148,67.78478636490608,65.02226033137403,60.775330396475766,9.434284943940932,7.379922428505372,70.32098173379198,42.7946538404484,10.41774800684325,-38.79465384044832,NA,NA,-0.7508429210494871,0.3139680598394624,0.007815415337708619,71.71541553844301,66.38737190016418,483766,30829091,12523171,258576431,0.017695441531170333,0.17487061038711285,0.3552938293148745,4,1.969747768118202,1.0078210844496214,1.092293865606286
