randomization,name,type,l1,l2,l3,ipr1,ipr2,ipr3,l1_cm,l1_er,l1_reg,l2_mp,l3_mp,l1_lap,l2_lap,l3_lap,alg_conn,clustering_c,clustering_r,deg_assort,Q,N.olap,N.temp,N.nodf,H2,H3,H4,H17,cent_between,cent_close,cent_eigen,diam,mean_path_length,deg_het_row,deg_het_col
erdos-renyi,HMP_604812005,microbiome,51.722932,31.49014,31.221265,0.008733806902286414,0.0243071519507603,0.033108588406891834,51.70744039930763,51.72301955991029,4.4532699167657555,31.024935509658558,27.947924106922986,53.722932262651874,33.49013959631612,33.22126458204134,-29.490139596315952,NA,NA,-0.9983708106014785,NA,NA,NA,NA,13625040,47819791,4389123302,1062103241323,0.06748147069352439,0.15959584639948055,0.9588449145447258,4,3.6711352748309967,1.2358493820369552,1.0008147662642544
