randomization,name,type,l1,l2,l3,ipr1,ipr2,ipr3,l1_cm,l1_er,l1_reg,l2_mp,l3_mp,l1_lap,l2_lap,l3_lap,alg_conn,clustering_c,clustering_r,deg_assort,Q,N.olap,N.temp,N.nodf,H2,H3,H4,H17,cent_between,cent_close,cent_eigen,diam,mean_path_length,deg_het_row,deg_het_col
erdos-renyi,HMP_368533040,microbiome,45.374997,28.079208,27.779125,0.009048226372217125,0.040681520208589825,0.04738673002038362,45.364334752275475,45.26986202629513,4.306749698674166,27.706537514715148,24.787074501357992,47.374996725980004,30.0792078197106,29.779125388767874,-26.07920781971035,NA,NA,-0.9984361750545693,NA,NA,NA,NA,8221433,27652122,2091511840,399719702823,0.069803159982915,0.16072197519408618,0.9549772329796681,4,3.6793230041413763,1.2436602469833604,1.0007787882394397
