randomization,name,type,l1,l2,l3,ipr1,ipr2,ipr3,l1_cm,l1_er,l1_reg,l2_mp,l3_mp,l1_lap,l2_lap,l3_lap,alg_conn,clustering_c,clustering_r,deg_assort,Q,N.olap,N.temp,N.nodf,H2,H3,H4,H17,cent_between,cent_close,cent_eigen,diam,mean_path_length,deg_het_row,deg_het_col
erdos-renyi,HMP_158499257,microbiome,65.908006,36.157916,35.974991,0.009710080876809342,0.026385520222776283,0.022086201463395138,65.89396645942459,65.84275733983898,5.387129724208376,35.46907298241595,31.964386363852775,67.90800603762808,38.15791604895372,37.97499126168686,-34.157916048953076,NA,NA,-0.9986374828227963,NA,NA,NA,NA,22637378,103537945,9930385950,3272512062481,0.07150160064003891,0.16692625268590403,0.9601337226852493,4,3.492250373327245,1.2192641363045216,1.0006859478761694
