randomization,name,type,l1,l2,l3,ipr1,ipr2,ipr3,l1_cm,l1_er,l1_reg,l2_mp,l3_mp,l1_lap,l2_lap,l3_lap,alg_conn,clustering_c,clustering_r,deg_assort,Q,N.olap,N.temp,N.nodf,H2,H3,H4,H17,cent_between,cent_close,cent_eigen,diam,mean_path_length,deg_het_row,deg_het_col
erdos-renyi,HMP_764487809,microbiome,38.855515,25.830623,25.566624,0.013553912503854773,0.04992915621343185,0.042384494759913086,38.81714213110308,38.77921788741058,3.72103520914836,25.18580095885881,22.180787938818206,40.85551505240715,27.830623374959355,27.56662409103073,-23.830623374959707,NA,NA,-0.99656411504052,NA,NA,NA,NA,4032419,10556175,873326041,142162969743,0.1042869168947458,0.1678471409068243,0.9560617381803082,4,3.6456760879720362,1.2387274387076341,1.0017369376569825
