randomization,name,type,l1,l2,l3,ipr1,ipr2,ipr3,l1_cm,l1_er,l1_reg,l2_mp,l3_mp,l1_lap,l2_lap,l3_lap,alg_conn,clustering_c,clustering_r,deg_assort,Q,N.olap,N.temp,N.nodf,H2,H3,H4,H17,cent_between,cent_close,cent_eigen,diam,mean_path_length,deg_het_row,deg_het_col
erdos-renyi,HMP_336497421,microbiome,41.327112,26.324364,25.881573,0.009452392023663186,0.06252938989277229,0.0226599948443583,41.30903841394412,41.33512589260301,4.2285989872196765,25.596981216416225,22.770346542356485,43.327111868695866,28.324363676682964,27.88157265403226,-24.324363676682676,NA,NA,-0.9972876178212702,NA,NA,NA,NA,5707771,18490165,1232145088,199948972751,0.0762996741722415,0.162949169420113,0.9535409446854232,4,3.6777481864406028,1.236966605610481,1.0013429035140222
