randomization,name,type,l1,l2,l3,ipr1,ipr2,ipr3,l1_cm,l1_er,l1_reg,l2_mp,l3_mp,l1_lap,l2_lap,l3_lap,alg_conn,clustering_c,clustering_r,deg_assort,Q,N.olap,N.temp,N.nodf,H2,H3,H4,H17,cent_between,cent_close,cent_eigen,diam,mean_path_length,deg_het_row,deg_het_col
erdos-renyi,HMP_289996019,microbiome,53.835456,30.983069,30.798327,0.011513219878132704,0.0518735612327503,0.033182981128573,53.825699242644845,53.73716770498234,4.860965012577178,30.339033268056237,27.01439996199218,55.835455783978134,32.98306905334141,32.79832735283998,-28.983069053341602,NA,NA,-0.9978798378654327,NA,NA,NA,NA,10291017,40972879,3307828128,799078965320,0.08717587862721131,0.16036538976314443,0.956219799764452,4,3.505142437408616,1.229287265447094,1.0010606049396502
