randomization,name,type,l1,l2,l3,ipr1,ipr2,ipr3,l1_cm,l1_er,l1_reg,l2_mp,l3_mp,l1_lap,l2_lap,l3_lap,alg_conn,clustering_c,clustering_r,deg_assort,Q,N.olap,N.temp,N.nodf,H2,H3,H4,H17,cent_between,cent_close,cent_eigen,diam,mean_path_length,deg_het_row,deg_het_col
erdos-renyi,HMP_764042746,microbiome,47.96256,28.615413,28.395079,0.010581038570981307,0.04949102759430046,0.03609998000769809,47.94749906778506,47.916392829641445,4.588235294117647,28.134859274950696,25.03288279185774,49.962559967657974,30.615413298795172,30.39507898724357,-26.61541329879477,NA,NA,-0.997838124262371,NA,NA,NA,NA,7875190,28878587,2118843838,428461350067,0.08049295139005723,0.15647291858943202,0.9549159016023868,4,3.585607584432445,1.2334885990099986,1.0010723565666229
