randomization,name,type,l1,l2,l3,ipr1,ipr2,ipr3,l1_cm,l1_er,l1_reg,l2_mp,l3_mp,l1_lap,l2_lap,l3_lap,alg_conn,clustering_c,clustering_r,deg_assort,Q,N.olap,N.temp,N.nodf,H2,H3,H4,H17,cent_between,cent_close,cent_eigen,diam,mean_path_length,deg_het_row,deg_het_col
erdos-renyi,HMP_295137534,microbiome,48.194271,28.227025,27.987397,0.01099014228828392,0.03302574086268124,0.03139386736319057,48.18615331221927,48.195348973354854,4.7193930041152266,27.835321809295532,24.69958115397954,50.19427116334324,30.22702485219149,29.987397261880425,-26.22702485219144,NA,NA,-0.9988450962350349,NA,NA,NA,NA,7331821,27919051,1942448128,386620123758,0.08241453428397322,0.18000285760282297,0.9520312239825187,4,3.5471940044724968,1.2290416399235082,1.0005775117317763
