randomization,name,type,l1,l2,l3,ipr1,ipr2,ipr3,l1_cm,l1_er,l1_reg,l2_mp,l3_mp,l1_lap,l2_lap,l3_lap,alg_conn,clustering_c,clustering_r,deg_assort,Q,N.olap,N.temp,N.nodf,H2,H3,H4,H17,cent_between,cent_close,cent_eigen,diam,mean_path_length,deg_het_row,deg_het_col
erdos-renyi,HMP_763678604,microbiome,48.577547,28.616454,28.570159,0.011032372504186459,0.07008699719331253,0.02170325434729888,48.56276022719464,48.52874258627101,4.663609320773426,28.177484355898166,25.02976528415157,50.57754749727497,30.616453766377198,30.57015906590199,NA,NA,NA,-0.9979432653967657,NA,NA,NA,NA,7710178,28926874,2096526046,428458897639,0.08711560653731487,0.15585871032955853,0.9539800180603725,4,3.5567403425168944,1.231700293512849,1.0010123952300722
