randomization,name,type,l1,l2,l3,ipr1,ipr2,ipr3,l1_cm,l1_er,l1_reg,l2_mp,l3_mp,l1_lap,l2_lap,l3_lap,alg_conn,clustering_c,clustering_r,deg_assort,Q,N.olap,N.temp,N.nodf,H2,H3,H4,H17,cent_between,cent_close,cent_eigen,diam,mean_path_length,deg_het_row,deg_het_col
erdos-renyi,HMP_764649650,microbiome,35.417548,24.414937,24.084024,0.014283354564183547,0.044259958136275215,0.04326422372376491,35.39634392820214,35.43698747060079,3.5068308315061563,23.78144638114048,20.849563035185877,37.41754849224179,26.41493661655403,26.08402361270422,-22.41493661655398,NA,NA,-0.9961487311965096,NA,NA,NA,NA,3008890,6995334,578349203,83555003593,0.10940032259140103,0.1700695280037501,0.9540152337912888,4,3.664372424112684,1.231020610377715,1.0019646766795942
