randomization,name,type,l1,l2,l3,ipr1,ipr2,ipr3,l1_cm,l1_er,l1_reg,l2_mp,l3_mp,l1_lap,l2_lap,l3_lap,alg_conn,clustering_c,clustering_r,deg_assort,Q,N.olap,N.temp,N.nodf,H2,H3,H4,H17,cent_between,cent_close,cent_eigen,diam,mean_path_length,deg_het_row,deg_het_col
erdos-renyi,HMP_764447348,microbiome,36.127891,23.258784,22.887713,0.011149689934281483,0.03146174605562805,0.025163554982411608,36.10393862947124,36.08314477444251,4.051885987369858,22.779503865366042,20.014878625138838,38.12789094239973,25.258783783419315,24.887712705575076,-21.258783783419553,NA,NA,-0.9970266139774415,NA,NA,NA,NA,3070614,9319556,526202138,67797006967,0.08659513120487987,0.16343003347491603,0.946194881473923,4,3.6522407683323554,1.2399598287826066,1.0014821901688398
