randomization,name,type,l1,l2,l3,ipr1,ipr2,ipr3,l1_cm,l1_er,l1_reg,l2_mp,l3_mp,l1_lap,l2_lap,l3_lap,alg_conn,clustering_c,clustering_r,deg_assort,Q,N.olap,N.temp,N.nodf,H2,H3,H4,H17,cent_between,cent_close,cent_eigen,diam,mean_path_length,deg_het_row,deg_het_col
erdos-renyi,HMP_764811490,microbiome,37.509358,28.007211,27.909309,0.019527335378608648,0.05662303372311841,0.04152165927990114,37.49058259430979,37.43595243582562,2.9116777010846597,27.33098552347036,24.029335468112137,39.50935829837759,30.007210976313846,29.90930898447433,-26.007210976313676,NA,NA,-0.9992274802036737,NA,NA,NA,NA,4108550,6300070,1085818195,215240447083,0.14525262477663722,0.17776918943464895,0.9626077432463174,4,3.677578914416172,1.2117132659674492,1.0003870343492984
