randomization,name,type,l1,l2,l3,ipr1,ipr2,ipr3,l1_cm,l1_er,l1_reg,l2_mp,l3_mp,l1_lap,l2_lap,l3_lap,alg_conn,clustering_c,clustering_r,deg_assort,Q,N.olap,N.temp,N.nodf,H2,H3,H4,H17,cent_between,cent_close,cent_eigen,diam,mean_path_length,deg_het_row,deg_het_col
erdos-renyi,HMP_937415040,microbiome,55.406185,34.683365,34.535712,0.014838173200222618,0.07197026373782778,0.02829128865898037,55.393521208706574,55.39500870981178,4.015100831501481,33.792545928630624,30.174982638969993,57.406185091425385,36.68336542443505,36.5357123156623,-32.68336542443515,NA,NA,-0.9991199544256063,NA,NA,NA,NA,12987435,38458368,5338636455,1647251903801,0.11158724806770867,0.16293339476814406,0.9655877040823331,4,3.5534013558770687,1.2344798511774524,1.000431853288012
