randomization,name,type,l1,l2,l3,ipr1,ipr2,ipr3,l1_cm,l1_er,l1_reg,l2_mp,l3_mp,l1_lap,l2_lap,l3_lap,alg_conn,clustering_c,clustering_r,deg_assort,Q,N.olap,N.temp,N.nodf,H2,H3,H4,H17,cent_between,cent_close,cent_eigen,diam,mean_path_length,deg_het_row,deg_het_col
erdos-renyi,HMP_160663879,microbiome,45.625047,29.223789,29.07548,0.016916244875016678,0.06170402014284332,0.05794837691954399,45.61528987461969,45.59688666682743,3.8370565045992118,28.425067779774174,25.026278936817768,47.62504745114771,31.2237891456496,31.075479782623106,-27.223789145649857,NA,NA,-0.9976567180441587,NA,NA,NA,NA,5764657,15790407,1680793326,368125278382,0.12802641839857848,0.18941777507784782,0.9602510365500854,4,3.5356043177051566,1.2338909391658501,1.0011971532425652
