randomization,name,type,l1,l2,l3,ipr1,ipr2,ipr3,l1_cm,l1_er,l1_reg,l2_mp,l3_mp,l1_lap,l2_lap,l3_lap,alg_conn,clustering_c,clustering_r,deg_assort,Q,N.olap,N.temp,N.nodf,H2,H3,H4,H17,cent_between,cent_close,cent_eigen,diam,mean_path_length,deg_het_row,deg_het_col
erdos-renyi,HMP_160178356,microbiome,51.604371,31.31983,31.046515,0.009367728945494841,0.06917742277573598,0.03380084619861936,51.59310615470839,51.483876079834886,4.44472963723477,30.798465868095754,27.674022426374215,53.60437144107769,33.31983027024977,33.04651522103167,-29.319830270249373,NA,NA,-0.9985141550014761,NA,NA,NA,NA,12513595,44085891,4003096038,961912768063,0.07299963297864796,0.1591335859199919,0.9581892609049477,4,3.650037406205565,1.2412290814166655,1.0007367652875674
