randomization,name,type,l1,l2,l3,ipr1,ipr2,ipr3,l1_cm,l1_er,l1_reg,l2_mp,l3_mp,l1_lap,l2_lap,l3_lap,alg_conn,clustering_c,clustering_r,deg_assort,Q,N.olap,N.temp,N.nodf,H2,H3,H4,H17,cent_between,cent_close,cent_eigen,diam,mean_path_length,deg_het_row,deg_het_col
erdos-renyi,HMP_160845950,microbiome,57.158565,31.859902,31.731376,0.008429207054757217,0.028402915565767798,0.02801371693145183,57.14931261069895,57.13882832196406,5.310399576607569,31.449307705667024,28.274411628591174,59.158565498122734,33.859901589117115,33.73137625646007,-29.85990158911747,NA,NA,-0.9982312309515428,NA,NA,NA,NA,15134489,68007314,5049553872,1266234028926,0.06411159722854519,0.16415817577163197,0.9542262653907082,4,3.562942803987593,1.221554263176451,1.0008919643314387
