randomization,name,type,l1,l2,l3,ipr1,ipr2,ipr3,l1_cm,l1_er,l1_reg,l2_mp,l3_mp,l1_lap,l2_lap,l3_lap,alg_conn,clustering_c,clustering_r,deg_assort,Q,N.olap,N.temp,N.nodf,H2,H3,H4,H17,cent_between,cent_close,cent_eigen,diam,mean_path_length,deg_het_row,deg_het_col
erdos-renyi,HMP_763597684,microbiome,68.434533,36.763011,36.512446,0.009010816594893521,0.023417603720651162,0.03171767217361682,68.42857419086627,68.4844322705921,5.700902255639098,36.031289230740846,32.53002666313349,70.43453318418334,38.76301072929146,38.51244641317073,-34.763010729292084,NA,NA,-0.9984335073661548,NA,NA,NA,NA,25712675,126034810,11584678275,3921802086270,0.06811230142640554,0.16181348495868889,0.9605891436306218,4,3.4754002760114813,1.20976326884739,1.0007797556028069
