randomization,name,type,l1,l2,l3,ipr1,ipr2,ipr3,l1_cm,l1_er,l1_reg,l2_mp,l3_mp,l1_lap,l2_lap,l3_lap,alg_conn,clustering_c,clustering_r,deg_assort,Q,N.olap,N.temp,N.nodf,H2,H3,H4,H17,cent_between,cent_close,cent_eigen,diam,mean_path_length,deg_het_row,deg_het_col
erdos-renyi,HMP_159814214,microbiome,54.24737,30.791801,30.609314,0.008714176996525656,0.023545176515811683,0.022118230352070164,54.23211763234658,54.30363496394913,5.128602475668525,30.39970919072019,27.269414434768237,56.24737034977876,32.791801159547504,32.60931412583256,-28.791801159548196,NA,NA,-0.9991295615331557,NA,NA,NA,NA,12718711,54355656,3953258646,923084759529,0.06420939667100399,0.15068216053741304,0.9537409651819091,4,3.5757724224132614,1.2217613052550644,1.0004287663480766
