randomization,name,type,l1,l2,l3,ipr1,ipr2,ipr3,l1_cm,l1_er,l1_reg,l2_mp,l3_mp,l1_lap,l2_lap,l3_lap,alg_conn,clustering_c,clustering_r,deg_assort,Q,N.olap,N.temp,N.nodf,H2,H3,H4,H17,cent_between,cent_close,cent_eigen,diam,mean_path_length,deg_het_row,deg_het_col
erdos-renyi,HMP_159470302,microbiome,65.076938,37.887572,37.697889,0.0125882094836097,0.04574514208416927,0.03209724795261506,65.06631918896892,64.96092801083884,4.6253217879709805,37.05481554364929,33.33062488959171,67.07693838588064,39.887572402742755,39.69788869825649,-35.88757240274179,NA,NA,-0.9992755003432013,NA,NA,NA,NA,21992730,81495931,10846221518,4015548876797,0.09198900739575976,0.1795077338232194,0.9653577117513483,4,3.5075490550887034,1.2326215244219643,1.0003605521610512
