randomization,name,type,l1,l2,l3,ipr1,ipr2,ipr3,l1_cm,l1_er,l1_reg,l2_mp,l3_mp,l1_lap,l2_lap,l3_lap,alg_conn,clustering_c,clustering_r,deg_assort,Q,N.olap,N.temp,N.nodf,H2,H3,H4,H17,cent_between,cent_close,cent_eigen,diam,mean_path_length,deg_het_row,deg_het_col
erdos-renyi,HMP_763880905,microbiome,51.535599,30.092439,29.936502,0.009402293591840524,0.07293625340407209,0.03519102974144319,51.509134976373964,51.638439424099126,4.808839560003964,29.75603864857122,26.637050673734656,53.535598828167515,32.09243942878162,31.93650244409715,-28.092439428782335,NA,NA,-0.9983914744563405,NA,NA,NA,NA,10921957,42515530,3262474584,732246077915,0.07249429226165342,0.1547944271377525,0.9546087582848956,4,3.5956605003487097,1.223678299552343,1.0007985110491404
