randomization,name,type,l1,l2,l3,ipr1,ipr2,ipr3,l1_cm,l1_er,l1_reg,l2_mp,l3_mp,l1_lap,l2_lap,l3_lap,alg_conn,clustering_c,clustering_r,deg_assort,Q,N.olap,N.temp,N.nodf,H2,H3,H4,H17,cent_between,cent_close,cent_eigen,diam,mean_path_length,deg_het_row,deg_het_col
erdos-renyi,HMP_763557224,microbiome,31.188269,23.003146,22.941297,0.017933231686677882,0.057978860210985236,0.04023982100203334,31.120703529245493,31.160328328784665,3.091713596138375,22.32618696326445,19.41275132326078,33.188268809474174,25.00314645742264,24.94129687811056,-21.003146457422268,NA,NA,-0.993120754014583,NA,NA,NA,NA,1975435,3485390,337824640,43469629131,0.135723346489405,0.17778023640849758,0.9592097093358132,4,3.682422329478797,1.2148613932120669,1.0034171033518369
