randomization,name,type,l1,l2,l3,ipr1,ipr2,ipr3,l1_cm,l1_er,l1_reg,l2_mp,l3_mp,l1_lap,l2_lap,l3_lap,alg_conn,clustering_c,clustering_r,deg_assort,Q,N.olap,N.temp,N.nodf,H2,H3,H4,H17,cent_between,cent_close,cent_eigen,diam,mean_path_length,deg_het_row,deg_het_col
erdos-renyi,HMP_159308461,microbiome,63.459766,33.951449,33.857225,0.008716991179277392,0.0438390753619251,0.026133309721262692,63.44333826839939,63.50301554343892,5.75098814229249,33.45420880056963,30.10323646187897,65.45976569332264,35.951448942489336,35.85722542915047,-31.95144894248951,NA,NA,-0.9985704478553188,NA,NA,NA,NA,19347433,95972427,7423860062,2140710175749,0.0642060004228027,0.1578061236107249,0.9556593951651728,4,3.482985549156892,1.2091267614839805,1.0007172136220603
