randomization,name,type,l1,l2,l3,ipr1,ipr2,ipr3,l1_cm,l1_er,l1_reg,l2_mp,l3_mp,l1_lap,l2_lap,l3_lap,alg_conn,clustering_c,clustering_r,deg_assort,Q,N.olap,N.temp,N.nodf,H2,H3,H4,H17,cent_between,cent_close,cent_eigen,diam,mean_path_length,deg_het_row,deg_het_col
erdos-renyi,HMP_763395383,microbiome,48.002793,31.053433,30.807875,0.018077438845583344,0.06552581979611771,0.061608613805696065,47.990561150857936,47.95099884448557,3.721233058729737,30.156603856682203,26.617274682236257,50.00279291188329,33.053433084786136,32.80787469057142,-29.05343308478631,NA,NA,-0.998374558619924,NA,NA,NA,NA,7010826,18211582,2333542362,583179150502,0.1359192421534273,0.19639150962259105,0.9625836594275674,4,3.531918602443975,1.2342368214228014,1.0008168182648693
