randomization,name,type,l1,l2,l3,ipr1,ipr2,ipr3,l1_cm,l1_er,l1_reg,l2_mp,l3_mp,l1_lap,l2_lap,l3_lap,alg_conn,clustering_c,clustering_r,deg_assort,Q,N.olap,N.temp,N.nodf,H2,H3,H4,H17,cent_between,cent_close,cent_eigen,diam,mean_path_length,deg_het_row,deg_het_col
erdos-renyi,HMP_161028021,microbiome,39.896063,27.357394,27.262387,0.01606590106891682,0.07799574704533739,0.06849192819657023,39.852630279110436,39.8035324427228,3.4068731438268984,26.78203215691716,23.596013060516473,41.896062841246305,29.357394371547045,29.262387408100945,-25.357394371547297,NA,NA,-0.997875037082573,NA,NA,NA,NA,4539232,10044403,1136770834,213769950575,0.1210850117067326,0.17209822629140786,0.9613560170249561,4,3.646384089284739,1.2344132569144939,1.001052363309652
