randomization,name,type,l1,l2,l3,ipr1,ipr2,ipr3,l1_cm,l1_er,l1_reg,l2_mp,l3_mp,l1_lap,l2_lap,l3_lap,alg_conn,clustering_c,clustering_r,deg_assort,Q,N.olap,N.temp,N.nodf,H2,H3,H4,H17,cent_between,cent_close,cent_eigen,diam,mean_path_length,deg_het_row,deg_het_col
erdos-renyi,HMP_158438567,microbiome,61.009701,34.756493,34.456556,0.012616627513057999,0.03659784055540996,0.041543343144770525,60.9940653908281,60.98286763310047,4.877488965179008,33.95512637880322,30.355821903766238,63.00970058941948,36.75649268366621,36.45655603686791,-32.75649268366492,NA,NA,-0.9990619304981643,NA,NA,NA,NA,15473715,61531277,6397465023,1986231758555,0.0913201000774023,0.20743177269314755,0.9610177263511238,4,3.459191286876672,1.2241396895934098,1.0004641628862359
