randomization,name,type,l1,l2,l3,ipr1,ipr2,ipr3,l1_cm,l1_er,l1_reg,l2_mp,l3_mp,l1_lap,l2_lap,l3_lap,alg_conn,clustering_c,clustering_r,deg_assort,Q,N.olap,N.temp,N.nodf,H2,H3,H4,H17,cent_between,cent_close,cent_eigen,diam,mean_path_length,deg_het_row,deg_het_col
erdos-renyi,HMP_160744799,microbiome,38.185995,25.737904,25.533313,0.01829761821640955,0.0542457000056274,0.053559132682847545,38.15439690317099,38.090261657921715,3.4924874791318863,25.05867667189555,21.859326413282997,40.18599536087881,27.73790367762829,27.53331324040511,-23.737903677628303,NA,NA,-0.9972084248382885,NA,NA,NA,NA,3170333,7354009,709258884,119197189336,0.13837971350901704,0.1714530057533707,0.9553735697662197,4,3.579895441760455,1.2348060324837924,1.0014058590126698
