randomization,name,type,l1,l2,l3,ipr1,ipr2,ipr3,l1_cm,l1_er,l1_reg,l2_mp,l3_mp,l1_lap,l2_lap,l3_lap,alg_conn,clustering_c,clustering_r,deg_assort,Q,N.olap,N.temp,N.nodf,H2,H3,H4,H17,cent_between,cent_close,cent_eigen,diam,mean_path_length,deg_het_row,deg_het_col
erdos-renyi,HMP_763516763,microbiome,42.821474,26.371966,26.339847,0.010195072734514546,0.09679030097271471,0.0663324787970227,42.80181442815016,42.910265041344495,4.3384107641533385,26.09770221738825,23.169829718015066,44.82147355339413,28.37196554897091,28.339846998905227,-24.371965548971197,NA,NA,-0.9974902503057148,NA,NA,NA,NA,5853724,19583596,1329955812,227128891399,0.08046220077708399,0.16076674494275559,0.952989354543067,4,3.637491389494024,1.2300618290160887,1.0012435336236165
