randomization,name,type,l1,l2,l3,ipr1,ipr2,ipr3,l1_cm,l1_er,l1_reg,l2_mp,l3_mp,l1_lap,l2_lap,l3_lap,alg_conn,clustering_c,clustering_r,deg_assort,Q,N.olap,N.temp,N.nodf,H2,H3,H4,H17,cent_between,cent_close,cent_eigen,diam,mean_path_length,deg_het_row,deg_het_col
erdos-renyi,HMP_160400887,microbiome,55.4752,31.748645,31.562396,0.008454724065296211,0.025671174966374038,0.02865085864963728,55.455491737911025,55.40590556769767,5.020215633423181,31.34891271140325,28.212751721554568,57.475199751195035,33.748644546742334,33.56239625523907,-29.748644546741986,NA,NA,-0.9979072181607952,NA,NA,NA,NA,14832581,61949663,4901345915,1217292213032,0.06422730372221423,0.15235988697709427,0.9554999387574679,4,3.6044167863835423,1.2289788793297598,1.0010562587270844
