randomization,name,type,l1,l2,l3,ipr1,ipr2,ipr3,l1_cm,l1_er,l1_reg,l2_mp,l3_mp,l1_lap,l2_lap,l3_lap,alg_conn,clustering_c,clustering_r,deg_assort,Q,N.olap,N.temp,N.nodf,H2,H3,H4,H17,cent_between,cent_close,cent_eigen,diam,mean_path_length,deg_het_row,deg_het_col
erdos-renyi,HMP_650853796,microbiome,48.817967,29.342363,29.292525,0.0084442325979498,0.05371773913279729,0.043460616749859654,48.80364293694253,48.90847848367889,4.594658645520007,29.025794536466908,26.05682786877708,50.81796698487181,31.342362623586492,31.292524661484165,NA,NA,NA,-0.9985227137520682,NA,NA,NA,NA,10605548,38793706,2960842180,621022291611,0.06689497320455173,0.15873490312908603,0.9560287990184262,4,3.6617340470073296,1.229782908303665,1.0007264070683932
