randomization,name,type,l1,l2,l3,ipr1,ipr2,ipr3,l1_cm,l1_er,l1_reg,l2_mp,l3_mp,l1_lap,l2_lap,l3_lap,alg_conn,clustering_c,clustering_r,deg_assort,Q,N.olap,N.temp,N.nodf,H2,H3,H4,H17,cent_between,cent_close,cent_eigen,diam,mean_path_length,deg_het_row,deg_het_col
erdos-renyi,HMP_160380657,microbiome,49.698767,28.992899,28.732253,0.008514310043558761,0.06290683011272302,0.03758101595628002,49.668699369574966,49.72779582413195,4.942920983140362,28.490705945757405,25.506708520803528,51.69876674119832,30.992899358984722,30.73225291254421,-26.99289935898461,NA,NA,-0.997014586777471,NA,NA,NA,NA,9896284,40220207,2670388002,541919200519,0.0675460167318992,0.15494045859269942,0.9535194564723541,4,3.6135810114668896,1.225044826798723,1.0014802559128075
