randomization,name,type,l1,l2,l3,ipr1,ipr2,ipr3,l1_cm,l1_er,l1_reg,l2_mp,l3_mp,l1_lap,l2_lap,l3_lap,alg_conn,clustering_c,clustering_r,deg_assort,Q,N.olap,N.temp,N.nodf,H2,H3,H4,H17,cent_between,cent_close,cent_eigen,diam,mean_path_length,deg_het_row,deg_het_col
erdos-renyi,HMP_160319967,microbiome,50.935742,29.663688,29.424558,0.007025657036005675,0.03890429551561016,0.019660145315023744,50.92456628517679,50.88738211485126,4.97776319028473,29.269130563493192,26.389192428013793,52.93574156742624,31.66368773042628,31.424558284008267,-27.663687730426172,NA,NA,-0.998800872440453,NA,NA,NA,NA,12802079,53024116,3582406339,753249755059,0.055634911103417124,0.15580843688128215,0.9533665856745805,4,3.669789416367089,1.2322822385887182,1.0005917457772562
