randomization,name,type,l1,l2,l3,ipr1,ipr2,ipr3,l1_cm,l1_er,l1_reg,l2_mp,l3_mp,l1_lap,l2_lap,l3_lap,alg_conn,clustering_c,clustering_r,deg_assort,Q,N.olap,N.temp,N.nodf,H2,H3,H4,H17,cent_between,cent_close,cent_eigen,diam,mean_path_length,deg_het_row,deg_het_col
erdos-renyi,HMP_764305738,microbiome,54.095712,29.821777,29.801446,0.00938348462819509,0.03509976337031394,0.01876420340714479,54.07998138753021,54.0542011226423,5.3663764233087745,29.499986519868884,26.3312269852188,56.09571176509834,31.821777151330554,31.801445799434184,-27.821777151330302,NA,NA,-0.9983032978941211,NA,NA,NA,NA,10723243,48828101,3172157624,705382817147,0.06980679712873092,0.1869847980040182,0.9515005069652159,4,3.510023641768592,1.2196681782950471,1.000854247834439
