randomization,name,type,l1,l2,l3,ipr1,ipr2,ipr3,l1_cm,l1_er,l1_reg,l2_mp,l3_mp,l1_lap,l2_lap,l3_lap,alg_conn,clustering_c,clustering_r,deg_assort,Q,N.olap,N.temp,N.nodf,H2,H3,H4,H17,cent_between,cent_close,cent_eigen,diam,mean_path_length,deg_het_row,deg_het_col
erdos-renyi,HMP_517810313,microbiome,44.778609,27.668018,27.279472,0.016927044875212967,0.07359570473771089,0.04602754359189931,44.76180258625248,44.82189202174795,4.1345244351024695,26.870077056125766,23.5249110102803,46.77860911934992,29.66801768549303,29.27947241204292,-25.668017685493087,NA,NA,-0.9980020271704229,NA,NA,NA,NA,4650800,14332148,1216709271,239127991250,0.12767585974959975,0.19472430364772084,0.9556673195300864,4,3.4700552110211405,1.2273679928272525,1.0010086784425656
