randomization,name,type,l1,l2,l3,ipr1,ipr2,ipr3,l1_cm,l1_er,l1_reg,l2_mp,l3_mp,l1_lap,l2_lap,l3_lap,alg_conn,clustering_c,clustering_r,deg_assort,Q,N.olap,N.temp,N.nodf,H2,H3,H4,H17,cent_between,cent_close,cent_eigen,diam,mean_path_length,deg_het_row,deg_het_col
erdos-renyi,HMP_160239046,microbiome,40.11698,26.485932,26.293434,0.018169893639012672,0.044450121630826823,0.043761601239734105,40.09938508440087,40.135447950833246,3.649744338933528,25.712089984475302,22.4489542009817,42.11698041730417,28.485932260906687,28.293434339482378,-24.48593226090631,NA,NA,-0.9980085985832148,NA,NA,NA,NA,3571242,8915568,847527567,151052208090,0.13429007601419443,0.16855296915261075,0.9565643492584384,4,3.5457434183535628,1.230070676212066,1.0009982470567382
