randomization,name,type,l1,l2,l3,ipr1,ipr2,ipr3,l1_cm,l1_er,l1_reg,l2_mp,l3_mp,l1_lap,l2_lap,l3_lap,alg_conn,clustering_c,clustering_r,deg_assort,Q,N.olap,N.temp,N.nodf,H2,H3,H4,H17,cent_between,cent_close,cent_eigen,diam,mean_path_length,deg_het_row,deg_het_col
erdos-renyi,HMP_159025240,microbiome,44.705257,29.432224,28.949872,0.02115262905748804,0.06701549549736444,0.04015830292569542,44.68687702313613,44.75440519017273,3.6039966694421315,28.330582091389033,24.79169853796135,46.7052574784981,31.432223749188157,30.949871865234044,-27.432223749187923,NA,NA,-0.9981546892220652,NA,NA,NA,NA,4884552,11829232,1465690428,330234090054,0.15659158689501643,0.1875508773223152,0.9615293297648563,4,3.4887255290810844,1.2253263426103809,1.0009190817831626
