randomization,name,type,l1,l2,l3,ipr1,ipr2,ipr3,l1_cm,l1_er,l1_reg,l2_mp,l3_mp,l1_lap,l2_lap,l3_lap,alg_conn,clustering_c,clustering_r,deg_assort,Q,N.olap,N.temp,N.nodf,H2,H3,H4,H17,cent_between,cent_close,cent_eigen,diam,mean_path_length,deg_het_row,deg_het_col
erdos-renyi,HMP_208027353,microbiome,41.952433,26.972429,26.713024,0.014953386436060609,0.051205595564391464,0.049026590699128465,41.935861450426025,41.84059413628704,3.8699110903135234,26.315515869038002,23.136548173363277,43.95243304237834,28.97242886790655,28.71302414164862,-24.97242886790696,NA,NA,-0.997889905656226,NA,NA,NA,NA,4533299,12735689,1099838764,200446845475,0.11289926031307351,0.1654485796118423,0.9555398609969762,4,3.5795035395238926,1.2409137985570626,1.0010540795251488
