randomization,name,type,l1,l2,l3,ipr1,ipr2,ipr3,l1_cm,l1_er,l1_reg,l2_mp,l3_mp,l1_lap,l2_lap,l3_lap,alg_conn,clustering_c,clustering_r,deg_assort,Q,N.olap,N.temp,N.nodf,H2,H3,H4,H17,cent_between,cent_close,cent_eigen,diam,mean_path_length,deg_het_row,deg_het_col
erdos-renyi,HMP_160421117,microbiome,55.395885,32.451746,32.299346,0.008441775507943828,0.0367798685119158,0.027995048449209067,55.38372492024128,55.458620235303584,4.854531126871552,31.885507425033193,28.743108128481516,57.39588503737846,34.45174611461056,34.29934609902577,-30.451746114611424,NA,NA,-0.9979202152508069,NA,NA,NA,NA,15844516,62754765,5413020219,1389690391926,0.06560356726273152,0.16123646002288686,0.9578256839820014,4,3.6273955196949315,1.2266051582666564,1.0010520601935147
