randomization,name,type,l1,l2,l3,ipr1,ipr2,ipr3,l1_cm,l1_er,l1_reg,l2_mp,l3_mp,l1_lap,l2_lap,l3_lap,alg_conn,clustering_c,clustering_r,deg_assort,Q,N.olap,N.temp,N.nodf,H2,H3,H4,H17,cent_between,cent_close,cent_eigen,diam,mean_path_length,deg_het_row,deg_het_col
erdos-renyi,HMP_160582958,microbiome,47.014408,28.144793,28.08497,0.007099426010170179,0.02778337811475157,0.023489138081871957,46.987275662162965,47.00986128248005,4.773420865862314,27.673694677007862,24.89533116528632,49.01440764732502,30.14479296592671,30.084969557015356,-26.144792965926786,NA,NA,-0.9970249871752292,NA,NA,NA,NA,10079846,39214711,2505054509,468206916901,0.056845079708235165,0.15810346025794642,0.9528020784746611,4,3.6929657809640912,1.232081191535434,1.0014609294963184
