randomization,name,type,l1,l2,l3,ipr1,ipr2,ipr3,l1_cm,l1_er,l1_reg,l2_mp,l3_mp,l1_lap,l2_lap,l3_lap,alg_conn,clustering_c,clustering_r,deg_assort,Q,N.olap,N.temp,N.nodf,H2,H3,H4,H17,cent_between,cent_close,cent_eigen,diam,mean_path_length,deg_het_row,deg_het_col
erdos-renyi,HMP_765135172,microbiome,37.216781,24.703035,24.687019,0.01815409627207698,0.07674299214146194,0.0666031490060687,37.2033117905855,37.18777158847131,3.5635773676738998,24.220589747180412,21.06385791210531,39.2167811848361,26.703034886654805,26.68701930030839,NA,NA,NA,-0.9982205407426107,NA,NA,NA,NA,2760266,6630024,575503143,90100222204,0.1382249332810803,0.19135802482455178,0.9541156840630127,4,3.5641300659033814,1.2331706035029033,1.0008889315405607
