randomization,name,type,l1,l2,l3,ipr1,ipr2,ipr3,l1_cm,l1_er,l1_reg,l2_mp,l3_mp,l1_lap,l2_lap,l3_lap,alg_conn,clustering_c,clustering_r,deg_assort,Q,N.olap,N.temp,N.nodf,H2,H3,H4,H17,cent_between,cent_close,cent_eigen,diam,mean_path_length,deg_het_row,deg_het_col
erdos-renyi,HMP_441369442,microbiome,36.738703,24.968643,24.82034,0.014947760176027888,0.05529224209207817,0.07331686763308093,36.73682409280012,36.700932704535646,3.537940379403794,24.37222269572761,21.356885970096165,38.738703380531476,26.968643077006607,26.82034003838745,-22.96864307700631,NA,NA,-0.9972510397920044,NA,NA,NA,NA,3213518,7652541,656458457,100746588491,0.11598382651503557,0.16991048461594274,0.9535347704349701,4,3.640938223502174,1.2365831094061728,1.0013574613840246
