randomization,name,type,l1,l2,l3,ipr1,ipr2,ipr3,l1_cm,l1_er,l1_reg,l2_mp,l3_mp,l1_lap,l2_lap,l3_lap,alg_conn,clustering_c,clustering_r,deg_assort,Q,N.olap,N.temp,N.nodf,H2,H3,H4,H17,cent_between,cent_close,cent_eigen,diam,mean_path_length,deg_het_row,deg_het_col
erdos-renyi,HMP_158155345,microbiome,47.367171,29.970083,29.613063,0.02101853502663997,0.07387228047805029,0.042797987345083416,47.36105506755215,47.368437152829344,3.8127079174983365,28.95519971854428,25.350312515415393,49.367171230033655,31.970082784413705,31.613062819982602,-27.97008278441372,NA,NA,-0.9989509029809325,NA,NA,NA,NA,5477910,14738800,1739657059,414725128372,0.1540023308448212,0.2285293017385772,0.9607535005876136,4,3.4371600612892776,1.2288728151199304,1.000514234298795
