randomization,name,type,l1,l2,l3,ipr1,ipr2,ipr3,l1_cm,l1_er,l1_reg,l2_mp,l3_mp,l1_lap,l2_lap,l3_lap,alg_conn,clustering_c,clustering_r,deg_assort,Q,N.olap,N.temp,N.nodf,H2,H3,H4,H17,cent_between,cent_close,cent_eigen,diam,mean_path_length,deg_het_row,deg_het_col
erdos-renyi,HMP_159551223,microbiome,56.005476,30.766174,30.590222,0.008430873997778112,0.018572627820871813,0.03484425017412434,55.988732224953424,55.93977902659642,5.499803149606299,30.319080457091918,27.180184385630064,58.00547607765416,32.76617381629439,32.59022205039239,-28.76617381629452,NA,NA,-0.9989433600227225,NA,NA,NA,NA,13035655,61489246,4032026643,937200624357,0.062205714518045324,0.14541654723942307,0.9523706322677236,4,3.5351133512583,1.2197848677150789,1.0005228483474953
