randomization,name,type,l1,l2,l3,ipr1,ipr2,ipr3,l1_cm,l1_er,l1_reg,l2_mp,l3_mp,l1_lap,l2_lap,l3_lap,alg_conn,clustering_c,clustering_r,deg_assort,Q,N.olap,N.temp,N.nodf,H2,H3,H4,H17,cent_between,cent_close,cent_eigen,diam,mean_path_length,deg_het_row,deg_het_col
erdos-renyi,HMP_764062976,microbiome,39.543474,26.181688,25.693939,0.013419744561344907,0.06839514097833076,0.09030420051834524,39.52444621133397,39.52737577559908,3.759089565474431,25.515864933850775,22.485933600166376,41.543473825354894,28.181688245952408,27.69393926967713,-24.181688245952408,NA,NA,-0.9976778541073132,NA,NA,NA,NA,4262897,11327354,948553959,158559243649,0.10210288205509233,0.16672728143638194,0.9547619037176874,4,3.6393302104627745,1.2368644891793352,1.0011621789030936
