randomization,name,type,l1,l2,l3,ipr1,ipr2,ipr3,l1_cm,l1_er,l1_reg,l2_mp,l3_mp,l1_lap,l2_lap,l3_lap,alg_conn,clustering_c,clustering_r,deg_assort,Q,N.olap,N.temp,N.nodf,H2,H3,H4,H17,cent_between,cent_close,cent_eigen,diam,mean_path_length,deg_het_row,deg_het_col
erdos-renyi,HMP_159672603,microbiome,49.147567,29.048931,28.998869,0.008715278280840868,0.026242894391391932,0.04671426231929469,49.13749774472525,49.143561000073575,4.725963908884726,28.718768000158448,25.721804341230197,51.14756706117995,31.04893145419574,30.99886854705576,-27.048931454195568,NA,NA,-0.9989799291842889,NA,NA,NA,NA,9916463,38000507,2721191351,560946486314,0.0672277410183214,0.15573690038244506,0.953534184574331,4,3.6329356468274647,1.2324225960835247,1.000504634618468
