randomization,name,type,l1,l2,l3,ipr1,ipr2,ipr3,l1_cm,l1_er,l1_reg,l2_mp,l3_mp,l1_lap,l2_lap,l3_lap,alg_conn,clustering_c,clustering_r,deg_assort,Q,N.olap,N.temp,N.nodf,H2,H3,H4,H17,cent_between,cent_close,cent_eigen,diam,mean_path_length,deg_het_row,deg_het_col
erdos-renyi,HMP_764669880,microbiome,44.447834,25.640891,25.364886,0.008460681055904196,0.05640936250749988,0.02228419083418421,44.43995836283841,44.55508309146328,5.167333425300042,25.15539078082433,22.323300321250755,46.44783438093565,27.640890937036033,27.364885892989527,-23.640890937036218,NA,NA,-0.9979934219503898,NA,NA,NA,NA,5862881,25239738,1214380326,189187260297,0.06678411954223747,0.151960732676079,0.9443300770894633,4,3.579766197484193,1.2181166098227503,1.0009849292727424
