randomization,name,type,l1,l2,l3,ipr1,ipr2,ipr3,l1_cm,l1_er,l1_reg,l2_mp,l3_mp,l1_lap,l2_lap,l3_lap,alg_conn,clustering_c,clustering_r,deg_assort,Q,N.olap,N.temp,N.nodf,H2,H3,H4,H17,cent_between,cent_close,cent_eigen,diam,mean_path_length,deg_het_row,deg_het_col
erdos-renyi,HMP_370027359,microbiome,43.92471,28.259878,28.167692,0.016898014123039273,0.07006042575088284,0.05992498768919974,43.913594755467926,43.861265570157414,3.773740458015267,27.633301084891798,24.29038454029535,45.92471009855896,30.25987781168775,30.16769188026353,-26.259877811687513,NA,NA,-0.9979207528460255,NA,NA,NA,NA,5099057,13619239,1397719565,287754599693,0.12553086113631742,0.16584333572176113,0.9582630903907017,4,3.548908137015266,1.2362366827861158,1.0010748248905312
