randomization,name,type,l1,l2,l3,ipr1,ipr2,ipr3,l1_cm,l1_er,l1_reg,l2_mp,l3_mp,l1_lap,l2_lap,l3_lap,alg_conn,clustering_c,clustering_r,deg_assort,Q,N.olap,N.temp,N.nodf,H2,H3,H4,H17,cent_between,cent_close,cent_eigen,diam,mean_path_length,deg_het_row,deg_het_col
erdos-renyi,HMP_160866180,microbiome,44.346485,28.094395,27.712959,0.007935052665780979,0.02427742098694483,0.027831871383963477,44.32941067065666,44.384855493712195,4.210683012259194,27.658975575858282,24.860231454701122,46.346484705376255,30.094395273695937,29.712958866500838,-26.094395273696193,NA,NA,-0.9983490071088466,NA,NA,NA,NA,9047140,29129964,2258700280,423613452020,0.06295010549111717,0.16251805456566587,0.9549530021786898,4,3.7281166409442337,1.2377818707639998,1.0008290941262645
