randomization,name,type,l1,l2,l3,ipr1,ipr2,ipr3,l1_cm,l1_er,l1_reg,l2_mp,l3_mp,l1_lap,l2_lap,l3_lap,alg_conn,clustering_c,clustering_r,deg_assort,Q,N.olap,N.temp,N.nodf,H2,H3,H4,H17,cent_between,cent_close,cent_eigen,diam,mean_path_length,deg_het_row,deg_het_col
erdos-renyi,HMP_492786515,microbiome,43.51576,26.13077,25.980712,0.010153099111346445,0.045250083223842136,0.03188494438528832,43.503417311862435,43.503490304366714,4.547793122122935,25.837974882976432,22.898915462580728,45.515760074471586,28.130769718397136,27.980712044354238,-24.130769718396568,NA,NA,-0.9982583172245401,NA,NA,NA,NA,5653137,20458750,1260941252,211377677177,0.07866694532687038,0.15812195005821644,0.9512659581098659,4,3.605904526505433,1.2336443254165312,1.000860595799956
