randomization,name,type,l1,l2,l3,ipr1,ipr2,ipr3,l1_cm,l1_er,l1_reg,l2_mp,l3_mp,l1_lap,l2_lap,l3_lap,alg_conn,clustering_c,clustering_r,deg_assort,Q,N.olap,N.temp,N.nodf,H2,H3,H4,H17,cent_between,cent_close,cent_eigen,diam,mean_path_length,deg_het_row,deg_het_col
erdos-renyi,HMP_158721788,microbiome,47.9559,28.620114,28.596433,0.009437332991947933,0.03843375838648643,0.08294106041845596,47.92857333782529,47.98750898754845,4.642642642642643,28.211012373564866,25.192767840427187,49.955900069129534,30.620113818117584,30.596432539392644,-26.62011381811732,NA,NA,-0.9978523329518049,NA,NA,NA,NA,8693672,32316429,2316783828,464047975632,0.07351913613173315,0.15710030014695922,0.9552280960745123,4,3.619837586318333,1.2296037266878788,1.001049095183528
