randomization,name,type,l1,l2,l3,ipr1,ipr2,ipr3,l1_cm,l1_er,l1_reg,l2_mp,l3_mp,l1_lap,l2_lap,l3_lap,alg_conn,clustering_c,clustering_r,deg_assort,Q,N.olap,N.temp,N.nodf,H2,H3,H4,H17,cent_between,cent_close,cent_eigen,diam,mean_path_length,deg_het_row,deg_het_col
erdos-renyi,HMP_161554003,microbiome,44.646453,26.717754,26.451616,0.008763132861487036,0.02629745089283277,0.053515505324638404,44.633124503833045,44.70102299995644,4.691122868900647,26.339314127424164,23.470484081652288,46.64645327739222,28.7177544564755,28.45161589115893,-24.71775445647532,NA,NA,-0.9977298385700417,NA,NA,NA,NA,6878218,25961393,1571860166,270053733007,0.06832971193445686,0.1565593592694633,0.9483832774958574,4,3.636140823587254,1.2290290061703564,1.0011499573046565
