randomization,name,type,l1,l2,l3,ipr1,ipr2,ipr3,l1_cm,l1_er,l1_reg,l2_mp,l3_mp,l1_lap,l2_lap,l3_lap,alg_conn,clustering_c,clustering_r,deg_assort,Q,N.olap,N.temp,N.nodf,H2,H3,H4,H17,cent_between,cent_close,cent_eigen,diam,mean_path_length,deg_het_row,deg_het_col
erdos-renyi,HMP_953045535,microbiome,32.089219,23.756214,23.639615,0.017225760550036124,0.07045316585866,0.04339111085303778,32.054251063556144,32.059038628482575,3.024646611090975,23.240127934623487,20.280254324785577,34.08921942402725,25.756213521644096,25.63961465098284,-21.756213521643478,NA,NA,-0.9965696935138554,NA,NA,NA,NA,2324741,3916608,430407330,59847144532,0.13066622041555126,0.17606283800760417,0.9545485983495972,4,3.696127814236309,1.215750148713311,1.0017630918870561
