randomization,name,type,l1,l2,l3,ipr1,ipr2,ipr3,l1_cm,l1_er,l1_reg,l2_mp,l3_mp,l1_lap,l2_lap,l3_lap,alg_conn,clustering_c,clustering_r,deg_assort,Q,N.olap,N.temp,N.nodf,H2,H3,H4,H17,cent_between,cent_close,cent_eigen,diam,mean_path_length,deg_het_row,deg_het_col
erdos-renyi,HMP_764872181,microbiome,47.005811,29.237606,29.060525,0.01951588378281832,0.03796010120353084,0.03734493862989658,46.98390355153769,46.958628872008475,3.910182595821681,28.5472151864073,25.017465525362546,49.005810813297735,31.237606395122558,31.060525119303698,-27.237606395122555,NA,NA,-0.9985498414587586,NA,NA,NA,NA,5439122,15347911,1653729949,377550101022,0.1412506725666247,0.21040695120863748,0.9608901702852147,4,3.4533737293887583,1.2315094540319345,1.0007090528375546
