randomization,name,type,l1,l2,l3,ipr1,ipr2,ipr3,l1_cm,l1_er,l1_reg,l2_mp,l3_mp,l1_lap,l2_lap,l3_lap,alg_conn,clustering_c,clustering_r,deg_assort,Q,N.olap,N.temp,N.nodf,H2,H3,H4,H17,cent_between,cent_close,cent_eigen,diam,mean_path_length,deg_het_row,deg_het_col
erdos-renyi,HMP_553359145,microbiome,39.897275,25.772145,25.748677,0.015816112366624387,0.028862152532092497,0.0427809165168276,39.887148654404065,39.95924941233345,3.8069959571102125,25.30474357835386,22.147388174843137,41.89727456157964,27.7721447874077,27.748676760170543,-23.77214478740746,NA,NA,-0.9988495497532522,NA,NA,NA,NA,3668618,9879039,824520169,139131719519,0.11728618025335824,0.17697736135151865,0.9518067671190109,4,3.5670897695580015,1.2307511609316366,1.0005799317816304
