randomization,name,type,l1,l2,l3,ipr1,ipr2,ipr3,l1_cm,l1_er,l1_reg,l2_mp,l3_mp,l1_lap,l2_lap,l3_lap,alg_conn,clustering_c,clustering_r,deg_assort,Q,N.olap,N.temp,N.nodf,H2,H3,H4,H17,cent_between,cent_close,cent_eigen,diam,mean_path_length,deg_het_row,deg_het_col
erdos-renyi,HMP_159571453,microbiome,53.678123,30.597158,30.443994,0.009765056026900365,0.029547307351964154,0.027682595362086174,53.656653832856904,53.650065792123314,5.016745916890635,30.169444429531143,26.973620476501555,55.678123199002215,32.59715805389797,32.44399354085777,-28.597158053897907,NA,NA,-0.997898954955578,NA,NA,NA,NA,11348900,47142727,3522685722,821870842495,0.07534707536306387,0.18968845857154448,0.9554631518339411,4,3.5494966145490086,1.2251891381959241,1.001055806863365
