randomization,name,type,l1,l2,l3,ipr1,ipr2,ipr3,l1_cm,l1_er,l1_reg,l2_mp,l3_mp,l1_lap,l2_lap,l3_lap,alg_conn,clustering_c,clustering_r,deg_assort,Q,N.olap,N.temp,N.nodf,H2,H3,H4,H17,cent_between,cent_close,cent_eigen,diam,mean_path_length,deg_het_row,deg_het_col
empirical,Action_2001-2005,actorcollaboration,24.027623,10.659057,10.596411,0.012981172942590078,0.24807389591710377,0.01570465770213382,9.814107853083174,5.073426220907694,2.6930856932695844,4.829968293972984,4.47036074886407,26.02762336757045,12.659056818598527,12.596410818194991,-8.65905681859834,NA,NA,-0.26220567705887793,NA,NA,NA,NA,182139,1053330,2235047,33108284,0.09833610473618341,0.10771534445009703,0.9941019356068603,30,10.09683764737712,2.838070628173942,1.724877244437927
