randomization,name,type,l1,l2,l3,ipr1,ipr2,ipr3,l1_cm,l1_er,l1_reg,l2_mp,l3_mp,l1_lap,l2_lap,l3_lap,alg_conn,clustering_c,clustering_r,deg_assort,Q,N.olap,N.temp,N.nodf,H2,H3,H4,H17,cent_between,cent_close,cent_eigen,diam,mean_path_length,deg_het_row,deg_het_col
empirical,Action_1991-1995,actorcollaboration,16.290519,13.499345,9.954811,0.015006885519846108,0.01661664354552766,0.01656994973149033,7.640704682576239,5.052273530271226,2.8440054495912808,4.705601888058367,4.335569487977866,18.290518550953237,15.49934517812567,11.954810750576218,-11.499345178125692,0.5262191218997924,0.8129856055916979,-0.40876835175541726,NA,NA,NA,NA,116846,482625,819741,6149458,0.07934138426394,0.09182425504935553,0.9929974596970075,34,10.040975554392938,2.0913618734586716,1.4554738825741733
