randomization,name,type,l1,l2,l3,ipr1,ipr2,ipr3,l1_cm,l1_er,l1_reg,l2_mp,l3_mp,l1_lap,l2_lap,l3_lap,alg_conn,clustering_c,clustering_r,deg_assort,Q,N.olap,N.temp,N.nodf,H2,H3,H4,H17,cent_between,cent_close,cent_eigen,diam,mean_path_length,deg_het_row,deg_het_col
empirical,Action_1951-1975,actorcollaboration,13.305936,11.886556,10.882925,0.013583963672837452,0.045977815405278184,0.23827752818511105,8.250171667737352,5.232416603073631,3.2216132767271324,4.632284566498936,4.319216209286085,15.305935711074486,13.886556424394236,12.882924538533084,-9.886556424394163,0.2391546130361865,0.48135086006585526,-0.27795163679132223,NA,NA,NA,NA,186260,880022,1430447,18096696,0.059231091975236294,0.1067671056142798,0.9952614055931179,24,8.516374545515001,2.321882632268278,1.4513006102526247
