randomization,name,type,l1,l2,l3,ipr1,ipr2,ipr3,l1_cm,l1_er,l1_reg,l2_mp,l3_mp,l1_lap,l2_lap,l3_lap,alg_conn,clustering_c,clustering_r,deg_assort,Q,N.olap,N.temp,N.nodf,H2,H3,H4,H17,cent_between,cent_close,cent_eigen,diam,mean_path_length,deg_het_row,deg_het_col
empirical,Adventure_2006-2010,actorcollaboration,12.977891,11.976118,11.047054,0.2495139128190855,0.24521533832102832,0.25187400375046193,7.268084893598969,4.882125029235631,2.244909747292419,5.129707835567791,4.667167850315381,14.977890913993274,13.976117723180078,13.047054338388282,-9.976117723180112,0.13407238703865798,0.40281535505626787,-0.3108465882017095,NA,NA,NA,NA,135542,85386,3185593,85044737,0.21608688575229573,0.08547948261628567,0.9981020436793823,38,10.793210493715158,1.2390671731320515,2.157611159133664
