randomization,name,type,l1,l2,l3,ipr1,ipr2,ipr3,l1_cm,l1_er,l1_reg,l2_mp,l3_mp,l1_lap,l2_lap,l3_lap,alg_conn,clustering_c,clustering_r,deg_assort,Q,N.olap,N.temp,N.nodf,H2,H3,H4,H17,cent_between,cent_close,cent_eigen,diam,mean_path_length,deg_het_row,deg_het_col
empirical,Adventure_1951-1975,actorcollaboration,8.682821,8.478528,8.353877,0.06917371998227219,0.019220206917541827,0.04812150450245024,6.721438605126477,4.784207344926654,2.907591892820337,4.448343711163952,4.135854818378903,10.682821240735581,10.478528206715279,10.353877068495205,-6.478528206715297,0.13599553777564544,0.29342397758762445,-0.4096225397601244,NA,NA,NA,NA,130651,410023,779482,5543296,0.13577704502708068,0.09755698737029178,0.997118446486372,40,9.950096809724009,1.8584203563362767,1.4389908368167106
