randomization,name,type,l1,l2,l3,ipr1,ipr2,ipr3,l1_cm,l1_er,l1_reg,l2_mp,l3_mp,l1_lap,l2_lap,l3_lap,alg_conn,clustering_c,clustering_r,deg_assort,Q,N.olap,N.temp,N.nodf,H2,H3,H4,H17,cent_between,cent_close,cent_eigen,diam,mean_path_length,deg_het_row,deg_het_col
empirical,Adventure_1976-1990,actorcollaboration,11.637243,9.961425,9.545173,0.198391478655137,0.1725142250938998,0.15526634565631142,6.391062888829116,4.547088264615414,2.406539888682746,4.626468039978263,4.253105984702098,13.63724346918616,11.961424798908544,11.545172971701367,-7.961424798908515,0.14115732341636705,0.4996526190693848,-0.31280646958781055,NA,NA,NA,NA,104200,164186,1254058,21419438,0.09094069073828051,0.10288785646736356,0.9981587922711646,34,9.592053369585633,1.5251668640392502,1.655462374819874
