randomization,name,type,l1,l2,l3,ipr1,ipr2,ipr3,l1_cm,l1_er,l1_reg,l2_mp,l3_mp,l1_lap,l2_lap,l3_lap,alg_conn,clustering_c,clustering_r,deg_assort,Q,N.olap,N.temp,N.nodf,H2,H3,H4,H17,cent_between,cent_close,cent_eigen,diam,mean_path_length,deg_het_row,deg_het_col
empirical,Animation_1951-1975,actorcollaboration,12.051,10.776929,9.108714,0.17693709516941145,0.0667461217876152,0.09528777862788962,13.696076108909923,3.453482322148627,2.804986642920748,3.1499841890801688,2.706832763364862,14.050999633315474,12.776929001760958,11.10871396979325,-8.776929001760976,0.2799772684220496,0.38997565774704307,-0.26522692766491035,NA,NA,NA,NA,28480,62683,730624,19154325,0.3048511640784591,0.14452414110917897,0.9842176341808545,22,6.993246063907632,10.707842983119171,2.214947442680776
