randomization,name,type,l1,l2,l3,ipr1,ipr2,ipr3,l1_cm,l1_er,l1_reg,l2_mp,l3_mp,l1_lap,l2_lap,l3_lap,alg_conn,clustering_c,clustering_r,deg_assort,Q,N.olap,N.temp,N.nodf,H2,H3,H4,H17,cent_between,cent_close,cent_eigen,diam,mean_path_length,deg_het_row,deg_het_col
empirical,Animation_2006-2010,actorcollaboration,9.786055,8.527734,8.138125,0.06245177521860738,0.02145604911058782,0.024653413069769956,7.182366999234571,4.668390498029706,2.8596968519238244,4.357085740149146,3.8526574422032365,11.786055325452004,10.527734450489119,10.138125033278708,-6.527734450489131,0.31819874349365806,0.5158694989094216,-0.42891329859063776,NA,NA,NA,NA,30330,111156,181175,1082809,0.30100845068147164,0.12696978079119273,0.9916032076980124,22,8.611416316950942,2.0366847798983394,1.5763760892929692
