randomization,name,type,l1,l2,l3,ipr1,ipr2,ipr3,l1_cm,l1_er,l1_reg,l2_mp,l3_mp,l1_lap,l2_lap,l3_lap,alg_conn,clustering_c,clustering_r,deg_assort,Q,N.olap,N.temp,N.nodf,H2,H3,H4,H17,cent_between,cent_close,cent_eigen,diam,mean_path_length,deg_het_row,deg_het_col
empirical,Animation_1976-1990,actorcollaboration,8.545531,7.504184,6.625407,0.011665325754951545,0.03362101528493302,0.20035220616772814,7.309046292880395,4.482247614759435,3.106878306878307,4.066778751527547,3.5620444983982207,10.545531096671082,9.504183630590868,8.625407208526365,-5.504183630590914,0.21791310486655718,0.4342420012724968,-0.33229651576439767,NA,NA,NA,NA,20666,97038,90177,411177,0.5053308874294178,0.08433954322355366,0.9577196696295901,32,10.527568406340244,2.376413441335224,1.5627997646429923
