randomization,name,type,l1,l2,l3,ipr1,ipr2,ipr3,l1_cm,l1_er,l1_reg,l2_mp,l3_mp,l1_lap,l2_lap,l3_lap,alg_conn,clustering_c,clustering_r,deg_assort,Q,N.olap,N.temp,N.nodf,H2,H3,H4,H17,cent_between,cent_close,cent_eigen,diam,mean_path_length,deg_het_row,deg_het_col
empirical,Animation_2015-3000,actorcollaboration,9.020232,7.815381,6.932242,0.10722488774464813,0.022357532234635838,0.0609405497812441,6.6891571986811575,4.670596937795923,2.649284253578732,4.494820171099339,3.913197917384081,11.02023227308949,9.81538051995807,8.932242116146982,-5.81538051995808,0.224244268572036,0.43763672629005274,-0.45008165335045663,NA,NA,NA,NA,23328,61232,172438,1386926,0.13310844184480197,0.14851069683304605,0.9904598967764244,24,7.0469149943252845,1.702028114121843,1.5953848796140067
