randomization,name,type,l1,l2,l3,ipr1,ipr2,ipr3,l1_cm,l1_er,l1_reg,l2_mp,l3_mp,l1_lap,l2_lap,l3_lap,alg_conn,clustering_c,clustering_r,deg_assort,Q,N.olap,N.temp,N.nodf,H2,H3,H4,H17,cent_between,cent_close,cent_eigen,diam,mean_path_length,deg_het_row,deg_het_col
empirical,Comedy_2015-3000,actorcollaboration,11.92904,11.459807,10.9479,0.2397528406015999,0.044835821016756816,0.08591316306739324,7.243881462000176,4.6335118288414145,2.5295603185909474,4.595008333467423,4.3547615702949924,13.929040231128045,13.459806594338415,12.947900176657066,-9.45980659433844,0.08099526968778303,0.3609630471219997,-0.30630251867824754,NA,NA,NA,NA,459860,930704,6529547,116358642,0.05826023560535373,0.09598284944385875,0.9994396024628749,34,11.164841199382195,1.58718309067024,2.0068955065006926
