randomization,name,type,l1,l2,l3,ipr1,ipr2,ipr3,l1_cm,l1_er,l1_reg,l2_mp,l3_mp,l1_lap,l2_lap,l3_lap,alg_conn,clustering_c,clustering_r,deg_assort,Q,N.olap,N.temp,N.nodf,H2,H3,H4,H17,cent_between,cent_close,cent_eigen,diam,mean_path_length,deg_het_row,deg_het_col
empirical,Crime_2006-2010,actorcollaboration,10.681961,10.594064,9.609574,0.24745586605560474,0.22419678438825713,0.23360956883240794,6.061356573123731,4.5496540949470985,2.2666829925309173,4.786499018673729,4.386132226892928,12.681960688767058,12.594064433037344,11.609574023085015,-8.594064433037369,0.07233909804849382,0.27055786205212295,-0.35591120584712177,NA,NA,NA,NA,106422,96325,1428157,23665076,0.1027758410406526,0.09656049887274874,0.9985759975276122,30,10.158756614501572,1.2682126251915176,1.726144231983141
