randomization,name,type,l1,l2,l3,ipr1,ipr2,ipr3,l1_cm,l1_er,l1_reg,l2_mp,l3_mp,l1_lap,l2_lap,l3_lap,alg_conn,clustering_c,clustering_r,deg_assort,Q,N.olap,N.temp,N.nodf,H2,H3,H4,H17,cent_between,cent_close,cent_eigen,diam,mean_path_length,deg_het_row,deg_het_col
empirical,Documentary_1996-2000,actorcollaboration,7.6349,6.561355,6.250847,0.22083104170361714,0.23090104665019456,0.25503740702894606,4.975706058661886,3.5571247215372064,2.1523915461624026,3.901363163596765,3.38787359371013,9.634899759466226,8.561354754846466,8.25084678461492,-4.561354754846472,0.1999303709330295,0.33947853568606795,-0.4371564311453635,NA,NA,NA,NA,14129,12262,98995,759324,0.2702389756738542,0.09659883070978792,0.9958447656741496,27,10.744524151301484,1.3293445239001396,1.8925505278128316
