randomization,name,type,l1,l2,l3,ipr1,ipr2,ipr3,l1_cm,l1_er,l1_reg,l2_mp,l3_mp,l1_lap,l2_lap,l3_lap,alg_conn,clustering_c,clustering_r,deg_assort,Q,N.olap,N.temp,N.nodf,H2,H3,H4,H17,cent_between,cent_close,cent_eigen,diam,mean_path_length,deg_het_row,deg_het_col
empirical,Documentary_2011-2014,actorcollaboration,16.33855,9.819789,8.368668,0.2490001858654401,0.24983833156861293,0.16320722337807245,6.7978218406783215,3.6699224136961934,2.246238425925926,3.930804173542399,3.601611770462384,18.338550052972085,11.819788612395795,10.368667594304794,-7.819788612395787,0.0942108945174311,0.20611833443054642,-0.10527476097395184,NA,NA,NA,NA,94926,115005,3666455,210917007,0.40737535449529355,0.13476840288917993,0.9976139272290595,34,10.436283976966404,1.4339240287209465,3.140419176774843
