randomization,name,type,l1,l2,l3,ipr1,ipr2,ipr3,l1_cm,l1_er,l1_reg,l2_mp,l3_mp,l1_lap,l2_lap,l3_lap,alg_conn,clustering_c,clustering_r,deg_assort,Q,N.olap,N.temp,N.nodf,H2,H3,H4,H17,cent_between,cent_close,cent_eigen,diam,mean_path_length,deg_het_row,deg_het_col
empirical,Documentary_2001-2005,actorcollaboration,10.326877,8.312622,8.162861,0.24047310677397313,0.2303955059651988,0.24465705750930197,6.06248221121827,3.818401862357644,2.3458225667527994,3.983188217195053,3.603364331661635,12.326876500802461,10.312622190380756,10.162861470783685,-6.3126221903807,0.18408104684099988,0.4549010197960408,-0.279085420058217,NA,NA,NA,NA,48055,70087,547952,8414540,0.15038538346510885,0.10772925623374105,0.9974542582128753,30,9.972102799672685,1.5228654488473452,2.2006461517834515
