randomization,name,type,l1,l2,l3,ipr1,ipr2,ipr3,l1_cm,l1_er,l1_reg,l2_mp,l3_mp,l1_lap,l2_lap,l3_lap,alg_conn,clustering_c,clustering_r,deg_assort,Q,N.olap,N.temp,N.nodf,H2,H3,H4,H17,cent_between,cent_close,cent_eigen,diam,mean_path_length,deg_het_row,deg_het_col
empirical,Documentary_0-1950,actorcollaboration,5.556189,5.043171,4.770358,0.21789841095198995,0.09497613480135672,0.21306368019734057,4.774632012321348,3.1682061361659595,2.1089324618736383,3.4647784586706547,2.7686606208498636,7.556188946196367,7.043170806513856,6.770357922574207,-3.043170806513855,0.09384191176470588,0.30985915492957744,-0.49068604752778666,0.8046069257564368,0.016855625485579374,1.4858642048403254,1.4471900844482077,2847,2605,14240,65367,0.5965838505785551,0.10270059899976222,0.9854354663257419,26,10.572138025515883,1.495936069940578,2.0302148077317126
