randomization,name,type,l1,l2,l3,ipr1,ipr2,ipr3,l1_cm,l1_er,l1_reg,l2_mp,l3_mp,l1_lap,l2_lap,l3_lap,alg_conn,clustering_c,clustering_r,deg_assort,Q,N.olap,N.temp,N.nodf,H2,H3,H4,H17,cent_between,cent_close,cent_eigen,diam,mean_path_length,deg_het_row,deg_het_col
empirical,Drama_2011-2014,actorcollaboration,16.062146,14.985271,14.451714,0.022404678454952514,0.2490396422917583,0.24788704410183757,7.1308345227974135,4.515389856386349,2.608870887288254,4.4253040955709535,4.231398505371586,18.062145801387306,16.985270858701224,16.451713825427877,-12.98527085870119,NA,NA,-0.20141943417371092,NA,NA,NA,NA,689359,1521071,11705293,350589023,0.036061472607026426,0.09393294029142224,0.9992193161184804,36,10.57517240576829,1.6500968197054084,2.0081483117467207
