randomization,name,type,l1,l2,l3,ipr1,ipr2,ipr3,l1_cm,l1_er,l1_reg,l2_mp,l3_mp,l1_lap,l2_lap,l3_lap,alg_conn,clustering_c,clustering_r,deg_assort,Q,N.olap,N.temp,N.nodf,H2,H3,H4,H17,cent_between,cent_close,cent_eigen,diam,mean_path_length,deg_het_row,deg_het_col
empirical,Drama_1951-1960,actorcollaboration,13.0646,11.997603,11.096459,0.03261533662888326,0.02000743051486555,0.16327994203041352,8.92249186265914,5.822629251511494,3.7808691653253623,4.823478358382041,4.531503236393284,15.06460046869229,13.997603490598683,13.096458869124072,-9.99760349059867,NA,NA,-0.2794674644932463,NA,NA,NA,NA,318413,1766235,2492061,30247220,0.06646386660115047,0.1009263206284715,0.9974358970932024,30,9.032692941804822,2.1070125987671164,1.5032695755694954
