randomization,name,type,l1,l2,l3,ipr1,ipr2,ipr3,l1_cm,l1_er,l1_reg,l2_mp,l3_mp,l1_lap,l2_lap,l3_lap,alg_conn,clustering_c,clustering_r,deg_assort,Q,N.olap,N.temp,N.nodf,H2,H3,H4,H17,cent_between,cent_close,cent_eigen,diam,mean_path_length,deg_het_row,deg_het_col
empirical,Drama_2001-2005,actorcollaboration,23.994772,11.706363,11.168291,0.013054043133966752,0.25167306514897053,0.2481787039632245,7.683293993390828,4.796906795307243,2.8165082282661764,4.519124279974895,4.296674071315254,25.99477205092016,13.706362641312245,13.168290698348683,-9.706362641312255,NA,NA,-0.26496450153359724,NA,NA,NA,NA,464570,1912757,4443293,63157551,0.05677925331865636,0.09258992486789312,0.9981804936269612,36,10.268889075889996,2.064389742167662,1.6687889820873063
