randomization,name,type,l1,l2,l3,ipr1,ipr2,ipr3,l1_cm,l1_er,l1_reg,l2_mp,l3_mp,l1_lap,l2_lap,l3_lap,alg_conn,clustering_c,clustering_r,deg_assort,Q,N.olap,N.temp,N.nodf,H2,H3,H4,H17,cent_between,cent_close,cent_eigen,diam,mean_path_length,deg_het_row,deg_het_col
empirical,Drama_1961-1970,actorcollaboration,11.298948,10.346706,9.562303,0.02149579758746633,0.03752227486925639,0.027426313071803075,7.554894394975762,5.023769745009816,3.2010986689203467,4.4846996390401,4.23892604974861,13.298947667099494,12.34670623381664,11.562303083450857,-8.346706233816647,NA,NA,-0.35295638430342907,NA,NA,NA,NA,305494,1327144,1793074,12906187,0.07149045726830888,0.11421166262182637,0.9969250590841073,32,9.582701950127333,2.1121774164521194,1.4623356753579035
