randomization,name,type,l1,l2,l3,ipr1,ipr2,ipr3,l1_cm,l1_er,l1_reg,l2_mp,l3_mp,l1_lap,l2_lap,l3_lap,alg_conn,clustering_c,clustering_r,deg_assort,Q,N.olap,N.temp,N.nodf,H2,H3,H4,H17,cent_between,cent_close,cent_eigen,diam,mean_path_length,deg_het_row,deg_het_col
empirical,Family_2015-3000,actorcollaboration,12.988134,12.454073,9.78477,0.2009547766540138,0.19946261553689318,0.24321925384589613,7.636460088022662,4.626040728538514,2.2293075684380033,4.878339427114793,4.310755707426213,14.988134447230188,14.454072970549428,11.784769642615874,-10.454072970549412,0.12930628190495658,0.44068895935428076,-0.2581508187656952,NA,NA,NA,NA,65316,42288,1926138,63035128,0.22505277270523763,0.11953874813040384,0.9944149676439223,28,9.270858442485515,1.2644222103880773,2.6170760981259704
