randomization,name,type,l1,l2,l3,ipr1,ipr2,ipr3,l1_cm,l1_er,l1_reg,l2_mp,l3_mp,l1_lap,l2_lap,l3_lap,alg_conn,clustering_c,clustering_r,deg_assort,Q,N.olap,N.temp,N.nodf,H2,H3,H4,H17,cent_between,cent_close,cent_eigen,diam,mean_path_length,deg_het_row,deg_het_col
empirical,Family_2001-2005,actorcollaboration,10.768477,8.723761,7.985351,0.08968727096915216,0.25232523079017455,0.06134637280919927,6.288874381548934,4.5723760488188345,2.403047431801425,4.644228805045561,4.16232437459654,12.768477326831988,10.723761097832918,9.985351496243597,-6.7237610978329325,0.3676102384600866,0.5322861794847237,-0.42723108228998996,NA,NA,NA,NA,48940,74442,471135,4954229,0.11307211547513998,0.1136345103667576,0.9959444306767824,26,9.282506313776635,1.4817155204300032,1.6279239576775828
