randomization,name,type,l1,l2,l3,ipr1,ipr2,ipr3,l1_cm,l1_er,l1_reg,l2_mp,l3_mp,l1_lap,l2_lap,l3_lap,alg_conn,clustering_c,clustering_r,deg_assort,Q,N.olap,N.temp,N.nodf,H2,H3,H4,H17,cent_between,cent_close,cent_eigen,diam,mean_path_length,deg_het_row,deg_het_col
empirical,Family_1991-1995,actorcollaboration,8.890822,8.125407,7.187882,0.2527929767353561,0.25353958829885215,0.22383263512511245,5.755560367841443,4.265257334286416,2.1987810595405533,4.57016958521387,3.9777166351279103,10.89082154824238,10.125406778213728,9.187882261537927,-6.125406778213708,0.0943492023196592,0.28504380475594493,-0.4109427139090693,NA,NA,NA,NA,24377,17844,267418,3231800,0.15936681537075267,0.11776670182058536,0.9962240424614748,20,8.88359285735019,1.292188706179732,1.729203813403285
