randomization,name,type,l1,l2,l3,ipr1,ipr2,ipr3,l1_cm,l1_er,l1_reg,l2_mp,l3_mp,l1_lap,l2_lap,l3_lap,alg_conn,clustering_c,clustering_r,deg_assort,Q,N.olap,N.temp,N.nodf,H2,H3,H4,H17,cent_between,cent_close,cent_eigen,diam,mean_path_length,deg_het_row,deg_het_col
empirical,Family_1951-1975,actorcollaboration,17.670624,14.323581,10.330908,0.25036978990869246,0.012013450678044315,0.017375358242865617,11.50015433670267,4.8807579335722835,2.8358335094020704,4.5345952443072575,4.099773758707937,19.670623538839486,16.32358089307355,12.330907555843233,-12.323580893073531,0.3458985058362572,0.8447085239219572,-0.10099295868266153,NA,NA,NA,NA,112116,392600,5473270,390552269,0.37526968272524114,0.08957075707359835,0.9964106719627388,36,11.69044526310206,2.60360800053804,2.8563980020125883
