randomization,name,type,l1,l2,l3,ipr1,ipr2,ipr3,l1_cm,l1_er,l1_reg,l2_mp,l3_mp,l1_lap,l2_lap,l3_lap,alg_conn,clustering_c,clustering_r,deg_assort,Q,N.olap,N.temp,N.nodf,H2,H3,H4,H17,cent_between,cent_close,cent_eigen,diam,mean_path_length,deg_het_row,deg_het_col
empirical,Fantasy_1991-1995,actorcollaboration,8.72608,6.504897,6.48617,0.2519505125118197,0.22682008661265832,0.2546968202310004,5.435794753595922,4.344462004139195,2.151963284038756,4.714123766870776,4.078731521609371,10.72608035138474,8.504896817562326,8.486169590381378,-4.504896817562289,0.10769906983927108,0.4082133006435795,-0.4618358962998754,NA,NA,NA,NA,21153,11724,208231,2242804,0.26923658029924463,0.08493909713273926,0.9958525101534216,26,11.426577443828117,1.2253309674086386,1.5340657217942093
