randomization,name,type,l1,l2,l3,ipr1,ipr2,ipr3,l1_cm,l1_er,l1_reg,l2_mp,l3_mp,l1_lap,l2_lap,l3_lap,alg_conn,clustering_c,clustering_r,deg_assort,Q,N.olap,N.temp,N.nodf,H2,H3,H4,H17,cent_between,cent_close,cent_eigen,diam,mean_path_length,deg_het_row,deg_het_col
empirical,Fantasy_2015-3000,actorcollaboration,13.048253,12.46371,10.217334,0.19823453140970576,0.20636916359345064,0.2277373838285122,8.079898330713872,5.232916937439009,2.124544792425346,5.6244173084125055,4.912674805594169,15.048252727046599,14.463709694986651,12.217333817020174,-10.463709694986584,0.0585429156309402,0.339179548156956,-0.3696056329359711,NA,NA,NA,NA,74943,31156,2325192,71966981,0.22668538032047633,0.12493119121944851,0.993160818688798,22,8.092602454041447,1.1205140882669877,2.430530237261292
