randomization,name,type,l1,l2,l3,ipr1,ipr2,ipr3,l1_cm,l1_er,l1_reg,l2_mp,l3_mp,l1_lap,l2_lap,l3_lap,alg_conn,clustering_c,clustering_r,deg_assort,Q,N.olap,N.temp,N.nodf,H2,H3,H4,H17,cent_between,cent_close,cent_eigen,diam,mean_path_length,deg_het_row,deg_het_col
empirical,Fantasy_0-1950,actorcollaboration,10.449752,7.664081,7.138507,0.24384736149979377,0.22982011034134742,0.1839981513957382,6.089059804728112,4.655929174956044,2.2614840989399294,4.859501297980827,4.171348195955565,12.449751816336969,9.664080502097955,9.138507207769047,-5.664080502097966,0.05407253153117756,0.2225630538513974,-0.31974414557693176,NA,NA,NA,NA,22944,22309,346322,6547089,0.2851037175325034,0.11575099550022769,0.9932746414789768,30,9.497351037964176,1.2396375868055558,1.6887651909722226
