randomization,name,type,l1,l2,l3,ipr1,ipr2,ipr3,l1_cm,l1_er,l1_reg,l2_mp,l3_mp,l1_lap,l2_lap,l3_lap,alg_conn,clustering_c,clustering_r,deg_assort,Q,N.olap,N.temp,N.nodf,H2,H3,H4,H17,cent_between,cent_close,cent_eigen,diam,mean_path_length,deg_het_row,deg_het_col
empirical,Foreign_1991-1995,actorcollaboration,5.975803,4.955551,4.852506,0.03493220098890754,0.09649818007521306,0.05477201468077407,5.194201252197749,4.610664259091088,2.5377358490566038,4.461644375059738,3.503005249973822,7.975803446336632,6.955551373611081,6.8525064448877275,-2.9555513736110552,0.13744324533984348,0.4257823715188056,-0.7126988176689701,0.6913496220339684,0.00407752321672717,9.013057853677093,2.7009930638261777,3724,6680,16283,58662,0.18058489125556287,0.15269404586977084,0.9223739018710579,12,5.537011017440564,1.3598070783985847,1.2146045521758957
