randomization,name,type,l1,l2,l3,ipr1,ipr2,ipr3,l1_cm,l1_er,l1_reg,l2_mp,l3_mp,l1_lap,l2_lap,l3_lap,alg_conn,clustering_c,clustering_r,deg_assort,Q,N.olap,N.temp,N.nodf,H2,H3,H4,H17,cent_between,cent_close,cent_eigen,diam,mean_path_length,deg_het_row,deg_het_col
empirical,Foreign_2001-2005,actorcollaboration,5.903641,5.829741,5.77642,0.22858488918029266,0.084228687247596,0.10993768601730924,4.594787040221657,3.758960700173566,2.1990212071778137,4.064643826671883,3.529232946766165,7.903641390684852,7.829740688181886,7.776420109522931,-3.829740688181871,0.07732371212010998,0.26589803638983966,-0.525636466821826,NA,NA,NA,NA,12617,13107,63651,305996,0.5354239919921254,0.06535047924790101,0.9965432007588022,41,15.795156448867218,1.3089286884820879,1.4599445662499841
