randomization,name,type,l1,l2,l3,ipr1,ipr2,ipr3,l1_cm,l1_er,l1_reg,l2_mp,l3_mp,l1_lap,l2_lap,l3_lap,alg_conn,clustering_c,clustering_r,deg_assort,Q,N.olap,N.temp,N.nodf,H2,H3,H4,H17,cent_between,cent_close,cent_eigen,diam,mean_path_length,deg_het_row,deg_het_col
empirical,History_1991-1995,actorcollaboration,10.253511,9.007108,8.308687,0.25063470395385945,0.2484932983768459,0.25332790030413865,6.978584250121134,4.740383855650888,2.0927384076990374,5.140640486778707,4.288993224508674,12.253510764346132,11.007108264141069,10.308687166189788,-7.007108264141071,0.02736796785304248,0.5556631171345595,-0.4158681593402604,NA,NA,NA,NA,22220,5875,456377,8809599,0.3477946880688751,0.1254082799118026,0.9911829984976207,22,8.531826253767315,1.1558525631704342,2.1532141698638716
