randomization,name,type,l1,l2,l3,ipr1,ipr2,ipr3,l1_cm,l1_er,l1_reg,l2_mp,l3_mp,l1_lap,l2_lap,l3_lap,alg_conn,clustering_c,clustering_r,deg_assort,Q,N.olap,N.temp,N.nodf,H2,H3,H4,H17,cent_between,cent_close,cent_eigen,diam,mean_path_length,deg_het_row,deg_het_col
empirical,History_2015-3000,actorcollaboration,9.49195,8.722388,8.607264,0.25197607587127735,0.2511097007708856,0.25241228267234467,6.205642497274542,4.969263621857407,2.0626118067978534,5.493563182115583,4.751821449195898,11.491949946870161,10.722387698029753,10.607263574800765,-6.722387698029746,0.046882247957795754,0.2106508875739645,-0.5190404393576525,NA,NA,NA,NA,36778,10004,553537,7971019,0.19662568463940056,0.08361558409495663,0.9960268735093378,23,10.72997322639901,1.0830203496440898,1.617590222422144
