randomization,name,type,l1,l2,l3,ipr1,ipr2,ipr3,l1_cm,l1_er,l1_reg,l2_mp,l3_mp,l1_lap,l2_lap,l3_lap,alg_conn,clustering_c,clustering_r,deg_assort,Q,N.olap,N.temp,N.nodf,H2,H3,H4,H17,cent_between,cent_close,cent_eigen,diam,mean_path_length,deg_het_row,deg_het_col
empirical,History_1996-2000,actorcollaboration,9.496039,8.948848,6.823312,0.251174374983037,0.2524391027052581,0.17247192606875175,6.07628765084413,4.653539792312884,2.0884808013355594,5.089788433286535,4.262420925479041,11.49603914132157,10.9488480354708,8.82331186858933,-6.948848035470788,0.033173952304116766,0.2583547557840617,-0.41182700893076013,NA,NA,NA,NA,18083,6222,287632,4756298,0.2928761264598603,0.08144539478333715,0.9924706138577034,20,9.487728782166881,1.118253598560001,1.754768207815841
