randomization,name,type,l1,l2,l3,ipr1,ipr2,ipr3,l1_cm,l1_er,l1_reg,l2_mp,l3_mp,l1_lap,l2_lap,l3_lap,alg_conn,clustering_c,clustering_r,deg_assort,Q,N.olap,N.temp,N.nodf,H2,H3,H4,H17,cent_between,cent_close,cent_eigen,diam,mean_path_length,deg_het_row,deg_het_col
empirical,Horror_2001-2005,actorcollaboration,9.343243,7.741841,7.224689,0.25056666436560343,0.06445859704419299,0.2511111392907814,5.383348585733864,4.100863117195907,2.2510619598652406,4.365167261677375,3.987058230363342,11.343242754441068,9.741840987792049,9.224689088517353,-5.741840987792025,0.10352820099782983,0.3845566796469875,-0.41116539885624,NA,NA,NA,NA,58778,74955,434019,4277619,0.23567148088159454,0.08800809367351699,0.9986639862453858,40,11.932795323166392,1.4920468608960773,1.4588548214059733
