randomization,name,type,l1,l2,l3,ipr1,ipr2,ipr3,l1_cm,l1_er,l1_reg,l2_mp,l3_mp,l1_lap,l2_lap,l3_lap,alg_conn,clustering_c,clustering_r,deg_assort,Q,N.olap,N.temp,N.nodf,H2,H3,H4,H17,cent_between,cent_close,cent_eigen,diam,mean_path_length,deg_het_row,deg_het_col
empirical,Horror_1991-1995,actorcollaboration,8.197521,7.289668,7.283231,0.2517156930979054,0.25271242918938436,0.25420020076669353,5.381777599541866,4.360568195864048,2.2183833116036507,4.6523683112645635,4.116053653406573,10.197520782072196,9.28966797504191,9.283231157379737,-5.289667975041891,0.043567441547669755,0.16460614623807843,-0.46726677411479994,NA,NA,NA,NA,30496,26205,257194,2388254,0.09399650107209309,0.10026120693312492,0.997469763975583,18,8.5288111362534,1.2995890732356687,1.4392820668078303
