randomization,name,type,l1,l2,l3,ipr1,ipr2,ipr3,l1_cm,l1_er,l1_reg,l2_mp,l3_mp,l1_lap,l2_lap,l3_lap,alg_conn,clustering_c,clustering_r,deg_assort,Q,N.olap,N.temp,N.nodf,H2,H3,H4,H17,cent_between,cent_close,cent_eigen,diam,mean_path_length,deg_het_row,deg_het_col
empirical,Horror_1996-2000,actorcollaboration,8.79033,8.125408,7.982621,0.23225626160348858,0.2535388460683939,0.06651681929623622,5.890949998464854,4.126748518706069,2.2231100184388444,4.411270025070133,3.9198680550565514,10.790330440099787,10.125408192966145,9.982620615635906,-6.125408192966116,0.173680621373587,0.7636709774830959,-0.40391743527455226,NA,NA,NA,NA,30851,31723,268409,2851052,0.19074788915234642,0.09317299315998068,0.9971385913452429,26,10.909803082814577,1.6494506595700626,1.543414201774574
