randomization,name,type,l1,l2,l3,ipr1,ipr2,ipr3,l1_cm,l1_er,l1_reg,l2_mp,l3_mp,l1_lap,l2_lap,l3_lap,alg_conn,clustering_c,clustering_r,deg_assort,Q,N.olap,N.temp,N.nodf,H2,H3,H4,H17,cent_between,cent_close,cent_eigen,diam,mean_path_length,deg_het_row,deg_het_col
empirical,Horror_2011-2014,actorcollaboration,10.101083,8.221517,8.086614,0.25228124947782654,0.16983241495388388,0.2457537232822379,5.37124873027969,4.013813953158795,2.194283469207347,4.347200375229646,4.016761897924296,12.101082692921587,10.221516928764657,10.086613800712849,-6.221516928764542,0.08844876613175844,0.23919284718234762,-0.3811204379365765,NA,NA,NA,NA,92487,98257,808265,9323607,0.09786916537284467,0.10063603334263024,0.9991001130484901,40,11.579903124758184,1.398317112677919,1.5987730916919198
