randomization,name,type,l1,l2,l3,ipr1,ipr2,ipr3,l1_cm,l1_er,l1_reg,l2_mp,l3_mp,l1_lap,l2_lap,l3_lap,alg_conn,clustering_c,clustering_r,deg_assort,Q,N.olap,N.temp,N.nodf,H2,H3,H4,H17,cent_between,cent_close,cent_eigen,diam,mean_path_length,deg_het_row,deg_het_col
empirical,Music_1951-1975,actorcollaboration,12.814164,11.324814,8.765393,0.2508111661358415,0.25070607295620273,0.01568156112571185,7.326486725589073,4.6644496062262375,2.587174020009841,4.561418140305363,4.15401988484252,14.814163688587673,13.324814041288748,10.765393158828923,-9.32481404128869,0.1513965851748151,0.42530637918322944,-0.202248077907569,NA,NA,NA,NA,83570,163391,1457449,42396650,0.20851257803219098,0.09863588708528874,0.9979930166079108,43,11.403249177664502,1.7860838611907712,1.8138667953256125
