randomization,name,type,l1,l2,l3,ipr1,ipr2,ipr3,l1_cm,l1_er,l1_reg,l2_mp,l3_mp,l1_lap,l2_lap,l3_lap,alg_conn,clustering_c,clustering_r,deg_assort,Q,N.olap,N.temp,N.nodf,H2,H3,H4,H17,cent_between,cent_close,cent_eigen,diam,mean_path_length,deg_het_row,deg_het_col
empirical,Music_1976-1990,actorcollaboration,7.762313,7.584706,7.035293,0.2510684421256046,0.2472556232806821,0.24187324318750233,5.978069365161393,3.915909115348381,2.3735338345864663,4.048990313856404,3.6161048196852255,9.762313296176428,9.584705554462401,9.03529269797252,-5.584705554462363,0.1816663505510948,0.724842610172879,-0.43060065833493966,NA,NA,NA,NA,30481,40430,219292,1812950,0.292062140004685,0.09504652328788912,0.9976701912629954,24,10.547066945341694,1.7135315610205593,1.8036796293808275
