randomization,name,type,l1,l2,l3,ipr1,ipr2,ipr3,l1_cm,l1_er,l1_reg,l2_mp,l3_mp,l1_lap,l2_lap,l3_lap,alg_conn,clustering_c,clustering_r,deg_assort,Q,N.olap,N.temp,N.nodf,H2,H3,H4,H17,cent_between,cent_close,cent_eigen,diam,mean_path_length,deg_het_row,deg_het_col
empirical,Music_2011-2014,actorcollaboration,16.343874,14.971259,14.426367,0.2485551599425089,0.25033553195205993,0.25088877408651417,10.338469756748998,3.762142743619717,2.2708488922081154,3.964806920664871,3.5657030491247586,18.343873921261128,16.971259392059974,16.42636671752958,-12.971259392059995,0.1466883480853213,0.4288767046253339,-0.17296803763135316,NA,NA,NA,NA,122171,77905,7206477,402416254,0.6649901123570197,0.15189141282389726,0.9959420190587426,28,10.08439431222087,1.5138230715106933,6.531210027765118
