randomization,name,type,l1,l2,l3,ipr1,ipr2,ipr3,l1_cm,l1_er,l1_reg,l2_mp,l3_mp,l1_lap,l2_lap,l3_lap,alg_conn,clustering_c,clustering_r,deg_assort,Q,N.olap,N.temp,N.nodf,H2,H3,H4,H17,cent_between,cent_close,cent_eigen,diam,mean_path_length,deg_het_row,deg_het_col
empirical,Music_2006-2010,actorcollaboration,12.332658,9.786061,8.668213,0.25125376102038166,0.07519517883727837,0.07341522455901245,6.842683828939851,3.7443078178770985,2.352223634053367,3.8978767220893813,3.507624338339127,14.332658311729903,11.786060738480415,10.668212724122611,-7.7860607384803995,0.4004434553008257,0.5477370255340335,-0.19720905993577656,NA,NA,NA,NA,49011,57187,937308,25437998,0.3498182414159183,0.07948744262979984,0.9970528635826206,37,13.086537267712686,1.6022535593721732,2.796848539086796
