randomization,name,type,l1,l2,l3,ipr1,ipr2,ipr3,l1_cm,l1_er,l1_reg,l2_mp,l3_mp,l1_lap,l2_lap,l3_lap,alg_conn,clustering_c,clustering_r,deg_assort,Q,N.olap,N.temp,N.nodf,H2,H3,H4,H17,cent_between,cent_close,cent_eigen,diam,mean_path_length,deg_het_row,deg_het_col
empirical,Mystery_2006-2010,actorcollaboration,11.460138,8.958776,8.630139,0.25043634875450943,0.2505937436351094,0.2462645149159853,5.751117715163161,4.397847647285283,2.148695451396906,4.788837562085682,4.2904610495693865,13.460138307814027,10.958775989875862,10.630139127167308,-6.9587759898758765,0.1023023788402365,0.40664961636828645,-0.31944458101174317,NA,NA,NA,NA,54649,30142,834033,16900145,0.17383296892032976,0.0933636024461024,0.9974720622829232,32,10.55661728672874,1.177736457542211,1.73644317758616
