randomization,name,type,l1,l2,l3,ipr1,ipr2,ipr3,l1_cm,l1_er,l1_reg,l2_mp,l3_mp,l1_lap,l2_lap,l3_lap,alg_conn,clustering_c,clustering_r,deg_assort,Q,N.olap,N.temp,N.nodf,H2,H3,H4,H17,cent_between,cent_close,cent_eigen,diam,mean_path_length,deg_het_row,deg_het_col
empirical,Mystery_1951-1975,actorcollaboration,8.054147,7.750356,6.433444,0.24333522278897382,0.25336237694271446,0.24795973306234154,5.361213090880434,4.522859459036269,2.4303428154631654,4.579641011646889,4.151841246825448,10.054146704655471,9.750355704333845,8.433444106446366,-5.750355704333871,0.04867406319449499,0.18038269641975985,-0.5264741207696335,NA,NA,NA,NA,49815,74608,296053,2088074,0.15964600870766554,0.0900411228664818,0.9982853165238318,24,9.247533620594815,1.409856619718716,1.281862444857895
