randomization,name,type,l1,l2,l3,ipr1,ipr2,ipr3,l1_cm,l1_er,l1_reg,l2_mp,l3_mp,l1_lap,l2_lap,l3_lap,alg_conn,clustering_c,clustering_r,deg_assort,Q,N.olap,N.temp,N.nodf,H2,H3,H4,H17,cent_between,cent_close,cent_eigen,diam,mean_path_length,deg_het_row,deg_het_col
empirical,Mystery_1976-1990,actorcollaboration,7.304508,7.170516,6.957727,0.24950821380181976,0.24841290103305572,0.24647924991948852,5.014374920621538,4.350345795867632,2.1936466492602262,4.682762437503709,4.209289540488116,9.304508096039978,9.170515638311585,8.95772728092075,-5.170515638311544,0.05280483527157929,0.19214516529952771,-0.5925455977612234,NA,NA,NA,NA,41858,31884,279490,1832573,0.14830055951810134,0.09111318529875363,0.9982981868706328,28,10.404111916403629,1.224270248001303,1.3226502803966413
