randomization,name,type,l1,l2,l3,ipr1,ipr2,ipr3,l1_cm,l1_er,l1_reg,l2_mp,l3_mp,l1_lap,l2_lap,l3_lap,alg_conn,clustering_c,clustering_r,deg_assort,Q,N.olap,N.temp,N.nodf,H2,H3,H4,H17,cent_between,cent_close,cent_eigen,diam,mean_path_length,deg_het_row,deg_het_col
empirical,Romance_1976-1990,actorcollaboration,9.248484,7.774938,7.635798,0.02716150769209658,0.24223348704017325,0.22966485618533358,5.945655905217228,4.45742650175686,2.5073234596186893,4.453113471014176,4.13846059451734,11.248483731607053,9.774937903207165,9.635797515465777,-5.77493790320722,0.10587004344549092,0.46442219656860795,-0.47470720037165887,NA,NA,NA,NA,121842,212548,813518,5894358,0.08160952513070538,0.07835909926022228,0.9973497458802398,38,11.218189157109432,1.5905061486422782,1.4664408663286561
