randomization,name,type,l1,l2,l3,ipr1,ipr2,ipr3,l1_cm,l1_er,l1_reg,l2_mp,l3_mp,l1_lap,l2_lap,l3_lap,alg_conn,clustering_c,clustering_r,deg_assort,Q,N.olap,N.temp,N.nodf,H2,H3,H4,H17,cent_between,cent_close,cent_eigen,diam,mean_path_length,deg_het_row,deg_het_col
empirical,Romance_2001-2005,actorcollaboration,10.077194,10.00784,9.468317,0.24871134405138107,0.2514375194175732,0.248188531720974,5.893144509304445,4.317305039523068,2.3527422082628653,4.4685264371512465,4.151263232307823,12.077194151906838,12.007839779350036,11.468316695813545,-8.007839779350027,0.04545679156144057,0.24754910871172187,-0.3360442134131444,NA,NA,NA,NA,137822,153950,1524724,21549286,0.11829661464099256,0.09292193703745125,0.9991007320985964,38,11.79711070165694,1.3851717208990142,1.721266132766101
