randomization,name,type,l1,l2,l3,ipr1,ipr2,ipr3,l1_cm,l1_er,l1_reg,l2_mp,l3_mp,l1_lap,l2_lap,l3_lap,alg_conn,clustering_c,clustering_r,deg_assort,Q,N.olap,N.temp,N.nodf,H2,H3,H4,H17,cent_between,cent_close,cent_eigen,diam,mean_path_length,deg_het_row,deg_het_col
empirical,Romance_2006-2010,actorcollaboration,12.403786,10.746703,10.509618,0.2311005254829725,0.11735253407521852,0.12475388542608319,6.28254539213624,4.345041937004803,2.389264195727588,4.458695030942401,4.17114094902448,14.403785603844963,12.746703009539658,12.509617863310254,-8.746703009539697,0.09241072386759501,0.3446042310434989,-0.2814447003569097,NA,NA,NA,NA,199165,246039,2709209,53086657,0.20113052353283964,0.09321568578977099,0.9990816629829892,40,12.522875954122762,1.4457477822969595,1.863346033307274
