randomization,name,type,l1,l2,l3,ipr1,ipr2,ipr3,l1_cm,l1_er,l1_reg,l2_mp,l3_mp,l1_lap,l2_lap,l3_lap,alg_conn,clustering_c,clustering_r,deg_assort,Q,N.olap,N.temp,N.nodf,H2,H3,H4,H17,cent_between,cent_close,cent_eigen,diam,mean_path_length,deg_het_row,deg_het_col
empirical,ScienceFiction_2011-2014,actorcollaboration,13.292697,10.944431,10.159672,0.2249619886737868,0.15268745372719572,0.15323655888265067,6.851646354101913,4.578794951331441,2.1555469356089993,4.957782331713177,4.466419240984492,15.292697380687962,12.944430817587577,12.159671548003903,-8.9444308175876035,0.1404938011983201,0.23836777954425012,-0.29322327183142,NA,NA,NA,NA,93460,56931,2214942,61424315,0.18032049104887507,0.11713986422964731,0.9971996380613366,24,8.985796025310036,1.1811395367958333,2.250748204782935
