randomization,name,type,l1,l2,l3,ipr1,ipr2,ipr3,l1_cm,l1_er,l1_reg,l2_mp,l3_mp,l1_lap,l2_lap,l3_lap,alg_conn,clustering_c,clustering_r,deg_assort,Q,N.olap,N.temp,N.nodf,H2,H3,H4,H17,cent_between,cent_close,cent_eigen,diam,mean_path_length,deg_het_row,deg_het_col
empirical,ScienceFiction_1991-1995,actorcollaboration,9.359178,8.723886,8.072065,0.1223918220966885,0.252296535891831,0.25227434887461847,5.442151152277289,4.4292138999124075,2.227497527200791,4.707799619825781,4.161570604366991,11.359177628961367,10.723886401540469,10.072064550219515,-6.723886401540434,0.3678249010082531,0.4133820939997291,-0.4277590555815737,NA,NA,NA,NA,32281,26317,311949,3433637,0.20919938677130395,0.09533761262608835,0.9962714909225149,34,10.042509962966733,1.2416832911455413,1.491295328214712
