randomization,name,type,l1,l2,l3,ipr1,ipr2,ipr3,l1_cm,l1_er,l1_reg,l2_mp,l3_mp,l1_lap,l2_lap,l3_lap,alg_conn,clustering_c,clustering_r,deg_assort,Q,N.olap,N.temp,N.nodf,H2,H3,H4,H17,cent_between,cent_close,cent_eigen,diam,mean_path_length,deg_het_row,deg_het_col
empirical,ScienceFiction_2006-2010,actorcollaboration,12.983454,11.509279,10.919704,0.24866382366235354,0.24536422292642676,0.20039947783901013,6.7758292644231775,4.535023421326881,2.2123113447515688,4.835952017970959,4.382275109738283,14.983453680293437,13.509279291615142,12.91970449430334,-9.509279291615124,0.08870123517869893,0.3084654300168634,-0.2712142936932844,NA,NA,NA,NA,100094,64465,2287087,62609110,0.15534331187499,0.0798846599407747,0.9977631929347887,32,10.872959458492451,1.2253474063132404,2.2111206448372203
