randomization,name,type,l1,l2,l3,ipr1,ipr2,ipr3,l1_cm,l1_er,l1_reg,l2_mp,l3_mp,l1_lap,l2_lap,l3_lap,alg_conn,clustering_c,clustering_r,deg_assort,Q,N.olap,N.temp,N.nodf,H2,H3,H4,H17,cent_between,cent_close,cent_eigen,diam,mean_path_length,deg_het_row,deg_het_col
empirical,Thriller_2015-3000,actorcollaboration,14.473932,10.532792,9.940331,0.24521067382530654,0.24021927813027277,0.22380886611448708,6.616484652330974,4.529107869094072,2.339308194952341,4.684867136179305,4.379108018318462,16.4739320161986,12.532791797656436,11.94033144914996,-8.532791797656376,0.10170129392199026,0.27198942037304813,-0.2669831520681029,NA,NA,NA,NA,238224,265976,4189569,114387200,0.08349522270209385,0.10280434368909451,0.9990798442888821,30,10.247936946887547,1.378230451992664,1.9501177108160865
