randomization,name,type,l1,l2,l3,ipr1,ipr2,ipr3,l1_cm,l1_er,l1_reg,l2_mp,l3_mp,l1_lap,l2_lap,l3_lap,alg_conn,clustering_c,clustering_r,deg_assort,Q,N.olap,N.temp,N.nodf,H2,H3,H4,H17,cent_between,cent_close,cent_eigen,diam,mean_path_length,deg_het_row,deg_het_col
empirical,Thriller_2001-2005,actorcollaboration,10.033069,9.278156,8.981188,0.2401328217464963,0.23954609964509507,0.20650528842208515,5.719036151275834,4.413015328477872,2.3707518022657053,4.540888747446745,4.210452321279176,12.033068642231969,11.278156163274629,10.981187911268798,-7.278156163274643,0.04724018597422439,0.1031886916502301,-0.3912785394861963,NA,NA,NA,NA,125347,154110,1175204,13898714,0.06407257689144147,0.0814062722877475,0.9989880877950814,48,10.226561131981175,1.347735747985295,1.5920107057588273
