randomization,name,type,l1,l2,l3,ipr1,ipr2,ipr3,l1_cm,l1_er,l1_reg,l2_mp,l3_mp,l1_lap,l2_lap,l3_lap,alg_conn,clustering_c,clustering_r,deg_assort,Q,N.olap,N.temp,N.nodf,H2,H3,H4,H17,cent_between,cent_close,cent_eigen,diam,mean_path_length,deg_het_row,deg_het_col
empirical,Thriller_1996-2000,actorcollaboration,11.633029,10.697865,9.597642,0.2504181543853661,0.24956199445653823,0.25187515924703413,6.5446809326425495,4.621559970799858,2.5039580352885076,4.602871003959461,4.257267514827536,13.63302912080504,12.6978645557406,11.597641827230817,-8.697864555740608,0.0412337495378,0.1554460317063204,-0.29706763763638483,NA,NA,NA,NA,135027,204788,1746647,32363643,0.09408465017473557,0.12024588066273213,0.9988994443203332,28,8.977388784362828,1.4923110672818414,1.7443312073101724
