randomization,name,type,l1,l2,l3,ipr1,ipr2,ipr3,l1_cm,l1_er,l1_reg,l2_mp,l3_mp,l1_lap,l2_lap,l3_lap,alg_conn,clustering_c,clustering_r,deg_assort,Q,N.olap,N.temp,N.nodf,H2,H3,H4,H17,cent_between,cent_close,cent_eigen,diam,mean_path_length,deg_het_row,deg_het_col
empirical,TVMovie_2011-2014,actorcollaboration,7.753412,6.255339,6.115277,0.2527761087868136,0.25299060251917616,0.2472452775715895,4.990351197356103,4.033437763035992,2.308,4.215567443919684,3.6193178296818647,9.753412333149353,8.255339297294999,8.115276876308629,-4.255339297294994,0.050917596257646636,0.1624808910242411,-0.39171763318954306,NA,NA,NA,NA,12173,11594,87457,781274,0.295044278768252,0.11439984966482325,0.9952488185466157,24,9.386842784078274,1.3255679138795362,1.4897470631876464
