randomization,name,type,l1,l2,l3,ipr1,ipr2,ipr3,l1_cm,l1_er,l1_reg,l2_mp,l3_mp,l1_lap,l2_lap,l3_lap,alg_conn,clustering_c,clustering_r,deg_assort,Q,N.olap,N.temp,N.nodf,H2,H3,H4,H17,cent_between,cent_close,cent_eigen,diam,mean_path_length,deg_het_row,deg_het_col
empirical,TVMovie_1996-2000,actorcollaboration,7.62719,6.335499,6.170213,0.2519946837602278,0.2529212083625885,0.2552823903863099,4.740669305198803,4.03223265350241,2.047265361242404,4.547186126052989,3.8767035833720533,9.627190324242026,8.335498505887903,8.170212660264962,-4.335498505887962,0.011406055578598091,0.07218683651804671,-0.5209262207111195,NA,NA,NA,NA,13257,4837,105310,854476,0.22718983626906458,0.08194399746296263,0.9951218208658071,26,11.639319670784896,1.1033992731880171,1.4693576346586281
