randomization,name,type,l1,l2,l3,ipr1,ipr2,ipr3,l1_cm,l1_er,l1_reg,l2_mp,l3_mp,l1_lap,l2_lap,l3_lap,alg_conn,clustering_c,clustering_r,deg_assort,Q,N.olap,N.temp,N.nodf,H2,H3,H4,H17,cent_between,cent_close,cent_eigen,diam,mean_path_length,deg_het_row,deg_het_col
empirical,War_1991-1995,actorcollaboration,6.273928,5.79668,5.009763,0.2479294384232555,0.23541407404641512,0.244113169021593,5.027512790902529,4.564936087635705,2.031496062992126,4.92568418176655,3.611556479220191,8.273927685473508,7.796679816196151,7.0097634944434795,-3.7966798161961455,0.04465622872702519,0.2222222222222222,-0.6819274875251813,0.8446607775975019,0.018927028726069897,18.78086576039834,2.3306793232047762,2732,752,22506,156618,0.7770242875071883,0.1798949705159573,0.974904012543161,14,7.261180791136286,1.06279670692867,1.2808725437173247
