randomization,name,type,l1,l2,l3,ipr1,ipr2,ipr3,l1_cm,l1_er,l1_reg,l2_mp,l3_mp,l1_lap,l2_lap,l3_lap,alg_conn,clustering_c,clustering_r,deg_assort,Q,N.olap,N.temp,N.nodf,H2,H3,H4,H17,cent_between,cent_close,cent_eigen,diam,mean_path_length,deg_het_row,deg_het_col
empirical,War_1976-1990,actorcollaboration,10.085504,9.895879,7.077995,0.24735875599530216,0.23182598183315725,0.25379238528121784,5.709134081871278,4.341956952301768,2.18408229561451,4.68014168981148,4.170931772696785,12.085503718049557,11.895879032469875,9.07799533031539,-7.895879032469878,0.10886852936777835,0.25517048630519845,-0.35535330203998666,NA,NA,NA,NA,44327,31026,575379,9226881,0.2823198378869494,0.09774073392288606,0.9971488058422237,28,11.006475764227703,1.2135951993577643,1.7313580721526909
