randomization,name,type,l1,l2,l3,ipr1,ipr2,ipr3,l1_cm,l1_er,l1_reg,l2_mp,l3_mp,l1_lap,l2_lap,l3_lap,alg_conn,clustering_c,clustering_r,deg_assort,Q,N.olap,N.temp,N.nodf,H2,H3,H4,H17,cent_between,cent_close,cent_eigen,diam,mean_path_length,deg_het_row,deg_het_col
empirical,Western_0-1950,actorcollaboration,27.937152,17.940498,16.434497,0.0037877618562073604,0.005523770347115929,0.021939526597809175,26.24453506334274,8.824984036024318,6.673434856175973,5.778747247704367,5.320339560611843,29.937151727723496,19.940498014479257,18.43449737781567,-15.940498014479223,NA,NA,-0.10308000539101726,NA,NA,NA,NA,597532,13011326,11545878,268519313,0.04022611020924355,0.17037319343825802,0.9664497570229897,14,4.829815254006354,5.897601638169899,1.8790147082824173
