randomization,name,type,l1,l2,l3,ipr1,ipr2,ipr3,l1_cm,l1_er,l1_reg,l2_mp,l3_mp,l1_lap,l2_lap,l3_lap,alg_conn,clustering_c,clustering_r,deg_assort,Q,N.olap,N.temp,N.nodf,H2,H3,H4,H17,cent_between,cent_close,cent_eigen,diam,mean_path_length,deg_het_row,deg_het_col
erdos-renyi,Action_2006-2010,actorcollaboration,5.282018,5.191536,5.094103,0.03592766689172024,0.02041527716063667,0.14660628564107647,4.952306526962574,4.952118577004331,2.6008943543879264,4.815045761278346,4.486766010962421,7.282018298271777,7.1915362802104,7.094103270110669,-3.191536280210387,0.001286800780859979,0.006630626325378573,-0.856312644781215,NA,NA,NA,NA,127865,180619,521827,1673885,0.009556427787838292,0.05239316918216001,0.9904990234977902,14,8.28481385460312,1.2143113670508487,1.0693577255284186
