randomization,name,type,l1,l2,l3,ipr1,ipr2,ipr3,l1_cm,l1_er,l1_reg,l2_mp,l3_mp,l1_lap,l2_lap,l3_lap,alg_conn,clustering_c,clustering_r,deg_assort,Q,N.olap,N.temp,N.nodf,H2,H3,H4,H17,cent_between,cent_close,cent_eigen,diam,mean_path_length,deg_het_row,deg_het_col
erdos-renyi,Action_1991-1995,actorcollaboration,5.3724,5.2561,5.108797,0.03803635749147381,0.0554289380641481,0.102732804214153,5.064707538520581,5.052273530271226,2.8440054495912808,4.711774739877176,4.341257670319439,7.372400195179153,7.256099906149571,7.1087969958593344,-3.256099906149595,0.002829262326387487,0.012324603405920806,-0.8237668656965884,NA,NA,NA,NA,80448,147008,295024,871095,0.011896758513938711,0.057422783776923066,0.9864062747881279,14,7.437360149381628,1.2356811901147804,1.0823533930143707
