randomization,name,type,l1,l2,l3,ipr1,ipr2,ipr3,l1_cm,l1_er,l1_reg,l2_mp,l3_mp,l1_lap,l2_lap,l3_lap,alg_conn,clustering_c,clustering_r,deg_assort,Q,N.olap,N.temp,N.nodf,H2,H3,H4,H17,cent_between,cent_close,cent_eigen,diam,mean_path_length,deg_het_row,deg_het_col
erdos-renyi,Adventure_2006-2010,actorcollaboration,5.538869,5.413372,5.337261,0.17788057051277886,0.23837096341780176,0.1001597397910682,4.887474828048364,4.882125029235631,2.244909747292419,5.139312723957892,4.6759088750312126,7.53886904016352,7.413372196332023,7.337260511057102,-3.4133721963320345,0.0019019463940543502,0.0102836478698158,-0.8915312390913888,NA,NA,NA,NA,64944,47715,344259,1393246,0.035538056201953924,0.0683501979336641,0.9969917819698795,16,8.833858436203693,1.1438282314315955,1.056905855720921
