randomization,name,type,l1,l2,l3,ipr1,ipr2,ipr3,l1_cm,l1_er,l1_reg,l2_mp,l3_mp,l1_lap,l2_lap,l3_lap,alg_conn,clustering_c,clustering_r,deg_assort,Q,N.olap,N.temp,N.nodf,H2,H3,H4,H17,cent_between,cent_close,cent_eigen,diam,mean_path_length,deg_het_row,deg_het_col
erdos-renyi,Adventure_1996-2000,actorcollaboration,5.083701,4.997255,4.96967,0.21941700043610576,0.16911265621541038,0.1828609469194475,4.344570041019398,4.360258257320062,2.12831541218638,4.783056827881231,4.206747996698173,7.083700932971752,6.997254886852777,6.9696698825318455,-2.99725488685276,0.0034627371013042974,0.012508229098090849,-0.8791220981986066,NA,NA,NA,NA,20787,11441,92428,312835,0.07411359365136168,0.06694876027792629,0.9964417333370293,22,9.898384205230224,1.1125213146150053,1.0610222779204581
