randomization,name,type,l1,l2,l3,ipr1,ipr2,ipr3,l1_cm,l1_er,l1_reg,l2_mp,l3_mp,l1_lap,l2_lap,l3_lap,alg_conn,clustering_c,clustering_r,deg_assort,Q,N.olap,N.temp,N.nodf,H2,H3,H4,H17,cent_between,cent_close,cent_eigen,diam,mean_path_length,deg_het_row,deg_het_col
erdos-renyi,Animation_1951-1975,actorcollaboration,3.773287,3.627257,3.52561,0.012592989921358657,0.04903215035482879,0.027061076734135044,3.446244924788813,3.453482322148627,2.804986642920748,3.343500724780671,2.873257036222083,5.773286702961879,5.627256712645416,5.525609826843519,-1.627256712645392,0.017731917451412543,0.01744186046511628,-0.07399864222674817,NA,NA,NA,NA,3870,9260,3002,1771,0.05358418051238855,0.08372458537229382,0.9238178387794456,16,7.623604966960475,1.234332879818594,1.2165587301587302
