randomization,name,type,l1,l2,l3,ipr1,ipr2,ipr3,l1_cm,l1_er,l1_reg,l2_mp,l3_mp,l1_lap,l2_lap,l3_lap,alg_conn,clustering_c,clustering_r,deg_assort,Q,N.olap,N.temp,N.nodf,H2,H3,H4,H17,cent_between,cent_close,cent_eigen,diam,mean_path_length,deg_het_row,deg_het_col
erdos-renyi,Animation_1996-2000,actorcollaboration,4.788063,4.54756,4.407543,0.05736346324892929,0.04346110173164777,0.055835628076311386,4.377531997721112,4.400859964106572,2.780630961115187,4.189036708889946,3.5954718302767916,6.7880628328225825,6.547559690497251,6.407543090367326,-2.5475596904972564,0.012200046146746654,0.045863207010356205,-0.7625010328236241,NA,NA,NA,NA,8858,16745,21630,43607,0.06255286748168176,0.09890888819952441,0.9703816756684066,12,6.513598857146551,1.2426677619899609,1.0877367882429112
