randomization,name,type,l1,l2,l3,ipr1,ipr2,ipr3,l1_cm,l1_er,l1_reg,l2_mp,l3_mp,l1_lap,l2_lap,l3_lap,alg_conn,clustering_c,clustering_r,deg_assort,Q,N.olap,N.temp,N.nodf,H2,H3,H4,H17,cent_between,cent_close,cent_eigen,diam,mean_path_length,deg_het_row,deg_het_col
erdos-renyi,Comedy_2001-2005,actorcollaboration,4.993406,4.907778,4.8703,0.006055985808976574,0.04325999433024276,0.13444306509563558,4.664074636919435,4.6663587155977435,2.630281417164121,4.542143722125773,4.2922507377790335,6.9934061653727895,6.907778180306879,6.870300478600152,-2.9077781803068894,8.32805286503123e-4,0.0034974030777147084,-0.8326936478345878,NA,NA,NA,NA,198964,305119,667538,1769720,0.006513452780842485,0.050234037484035175,0.9854454270060277,16,9.11463957066399,1.224240961316142,1.0785948607286935
