randomization,name,type,l1,l2,l3,ipr1,ipr2,ipr3,l1_cm,l1_er,l1_reg,l2_mp,l3_mp,l1_lap,l2_lap,l3_lap,alg_conn,clustering_c,clustering_r,deg_assort,Q,N.olap,N.temp,N.nodf,H2,H3,H4,H17,cent_between,cent_close,cent_eigen,diam,mean_path_length,deg_het_row,deg_het_col
erdos-renyi,Comedy_0-1950,actorcollaboration,7.277118,5.611145,5.566094,1.1907224035044228e-4,0.039025619934209436,0.04432436916721326,7.1300536040601825,7.128934475419878,5.451015169194866,5.179101751187292,4.8966763165809395,9.277117760048576,7.611144986565464,7.566094437837152,-3.6111449865654732,NA,NA,-0.673044063858981,NA,NA,NA,NA,407777,2093591,1186697,2898416,0.0020664454188240745,0.05154924026354339,0.8207393499428245,10,5.990899781529434,1.2004377971924,1.083389892755092
