randomization,name,type,l1,l2,l3,ipr1,ipr2,ipr3,l1_cm,l1_er,l1_reg,l2_mp,l3_mp,l1_lap,l2_lap,l3_lap,alg_conn,clustering_c,clustering_r,deg_assort,Q,N.olap,N.temp,N.nodf,H2,H3,H4,H17,cent_between,cent_close,cent_eigen,diam,mean_path_length,deg_het_row,deg_het_col
erdos-renyi,Crime_0-1950,actorcollaboration,7.187814,5.768285,5.708221,4.112812146298491e-4,0.02149306210803066,0.054155663971477135,7.033078182289828,7.039397261892541,4.44542372881356,5.399030095354037,4.985931777264247,9.187813735215027,7.768284868231965,7.708220737241098,-3.768284868231931,0.007202678422839408,0.025829514987303705,-0.8296178604123922,NA,NA,NA,NA,162250,629178,676912,2332855,0.005053016385136226,0.06306021219999236,0.8372424825483442,10,5.689935177328601,1.2324298535834408,1.0654469469470982
