randomization,name,type,l1,l2,l3,ipr1,ipr2,ipr3,l1_cm,l1_er,l1_reg,l2_mp,l3_mp,l1_lap,l2_lap,l3_lap,alg_conn,clustering_c,clustering_r,deg_assort,Q,N.olap,N.temp,N.nodf,H2,H3,H4,H17,cent_between,cent_close,cent_eigen,diam,mean_path_length,deg_het_row,deg_het_col
erdos-renyi,Crime_2001-2005,actorcollaboration,5.220103,5.209332,5.044527,0.2485203000346293,0.189445782482004,0.14416616005592855,4.513899928564776,4.5056757390860165,2.2373062533404595,4.784829110728485,4.372202177171365,7.220103416896263,7.209332208837187,7.044526766705127,-3.2093322088372602,9.764787384950351e-4,0.006209037599172128,-0.8646618790866539,NA,NA,NA,NA,58499,44941,257008,869999,0.02873198757021027,0.060720636482551174,0.9992302180798671,20,9.594729775161843,1.1466528133160176,1.0725671013587255
