randomization,name,type,l1,l2,l3,ipr1,ipr2,ipr3,l1_cm,l1_er,l1_reg,l2_mp,l3_mp,l1_lap,l2_lap,l3_lap,alg_conn,clustering_c,clustering_r,deg_assort,Q,N.olap,N.temp,N.nodf,H2,H3,H4,H17,cent_between,cent_close,cent_eigen,diam,mean_path_length,deg_het_row,deg_het_col
erdos-renyi,Documentary_1951-1975,actorcollaboration,3.954558,3.89725,3.809512,0.19675686620957408,0.08262381231336145,0.1670536472195957,3.318552626059756,3.3144971040648814,2.2006861063464838,3.5990211092694304,3.0672963334424175,5.954557656058593,5.897249577680694,5.809512376632173,-1.8972495776807055,0.003232163973196689,0.017477203647416412,-0.703604415755953,NA,NA,NA,NA,4091,4573,6998,9761,0.14711086498899148,0.07448536854501822,0.9931036118214707,20,10.12064429213996,1.212896143525654,1.1196776115993727
