randomization,name,type,l1,l2,l3,ipr1,ipr2,ipr3,l1_cm,l1_er,l1_reg,l2_mp,l3_mp,l1_lap,l2_lap,l3_lap,alg_conn,clustering_c,clustering_r,deg_assort,Q,N.olap,N.temp,N.nodf,H2,H3,H4,H17,cent_between,cent_close,cent_eigen,diam,mean_path_length,deg_het_row,deg_het_col
erdos-renyi,Documentary_2001-2005,actorcollaboration,4.385364,4.24664,4.182895,0.15792612745247828,0.06612290145013763,0.06412290329687403,3.796037160298099,3.818401862357644,2.3458225667527994,3.9914048329541005,3.6107990125257463,6.385364142195622,6.246640233501737,6.182894707462844,-2.2466402335017337,0.00142246095692828,0.008198727361722957,-0.791590590800568,NA,NA,NA,NA,22976,26466,54312,101025,0.0425680751893433,0.062212217091880885,0.9962750781496557,20,9.895028089111205,1.1909777039683676,1.1032351101417608
