randomization,name,type,l1,l2,l3,ipr1,ipr2,ipr3,l1_cm,l1_er,l1_reg,l2_mp,l3_mp,l1_lap,l2_lap,l3_lap,alg_conn,clustering_c,clustering_r,deg_assort,Q,N.olap,N.temp,N.nodf,H2,H3,H4,H17,cent_between,cent_close,cent_eigen,diam,mean_path_length,deg_het_row,deg_het_col
erdos-renyi,Documentary_2015-3000,actorcollaboration,4.526282,4.353429,4.338716,0.16456765238729004,0.2107273859657217,0.15987432036831656,3.822123232049547,3.8323693374322043,2.2021849013533346,4.152988830331835,3.7843840276204537,6.52628204507316,6.353428606276944,6.338715569105265,-2.353428606276909,8.558332441840371e-4,0.004204625087596356,-0.8204615358243089,NA,NA,NA,NA,32235,27060,92066,203109,0.03357516406794157,0.052811109765481104,0.9977684079714271,24,11.362436527382954,1.1569704534189837,1.093365988196086
