randomization,name,type,l1,l2,l3,ipr1,ipr2,ipr3,l1_cm,l1_er,l1_reg,l2_mp,l3_mp,l1_lap,l2_lap,l3_lap,alg_conn,clustering_c,clustering_r,deg_assort,Q,N.olap,N.temp,N.nodf,H2,H3,H4,H17,cent_between,cent_close,cent_eigen,diam,mean_path_length,deg_het_row,deg_het_col
erdos-renyi,Drama_1981-1990,actorcollaboration,5.241166,4.986648,4.909267,2.9196354946941155e-4,0.08890258402452754,0.03240518219142843,4.992014393950209,4.995748326494593,3.0392073361156062,4.549076237486034,4.3280976129498825,7.24116589423013,6.9866482481366186,6.909266606709751,-2.986648248136662,6.37165322277335e-4,0.0026205671214097116,-0.8005025866862256,NA,NA,NA,NA,306039,666185,932502,2308312,0.0036286617013132363,0.0480015292935378,0.9437709452495642,14,8.450137466493025,1.247565378595125,1.0845256295265953
