randomization,name,type,l1,l2,l3,ipr1,ipr2,ipr3,l1_cm,l1_er,l1_reg,l2_mp,l3_mp,l1_lap,l2_lap,l3_lap,alg_conn,clustering_c,clustering_r,deg_assort,Q,N.olap,N.temp,N.nodf,H2,H3,H4,H17,cent_between,cent_close,cent_eigen,diam,mean_path_length,deg_het_row,deg_het_col
erdos-renyi,Drama_2006-2010,actorcollaboration,5.062884,4.995931,4.954598,0.001526682391902982,0.15081402684174122,0.14665313642066702,4.753602141982474,4.74997478613488,2.7778107503907257,4.50735920937902,4.311177858464163,7.062883848043298,6.995930755385067,6.954597795920045,-2.9959307553850634,3.9070464572496993e-4,0.0015619838063719667,-0.8135204311903849,NA,NA,NA,NA,400093,712288,1269067,3228588,0.003025737759711987,0.04260236777184919,0.9831059260593532,16,9.345324085419922,1.23662494670737,1.0857010871856292
