randomization,name,type,l1,l2,l3,ipr1,ipr2,ipr3,l1_cm,l1_er,l1_reg,l2_mp,l3_mp,l1_lap,l2_lap,l3_lap,alg_conn,clustering_c,clustering_r,deg_assort,Q,N.olap,N.temp,N.nodf,H2,H3,H4,H17,cent_between,cent_close,cent_eigen,diam,mean_path_length,deg_het_row,deg_het_col
erdos-renyi,Family_1976-1990,actorcollaboration,4.52228,4.451939,4.413924,0.029250444772366022,0.05477774904770433,0.04453067481044049,4.096425955517884,4.097699115179769,2.398406374501992,4.214744285446814,3.8361343737878877,6.522280077562745,6.451938955012054,6.413923911614175,-2.4519389550120945,0.0015296119956050584,0.010141527283735715,-0.8127013233205983,NA,NA,NA,NA,33823,41223,94676,207912,0.024661047288507498,0.06018984633059485,0.9852039487316915,18,9.16379893064459,1.205042742405999,1.0895993023191135
