randomization,name,type,l1,l2,l3,ipr1,ipr2,ipr3,l1_cm,l1_er,l1_reg,l2_mp,l3_mp,l1_lap,l2_lap,l3_lap,alg_conn,clustering_c,clustering_r,deg_assort,Q,N.olap,N.temp,N.nodf,H2,H3,H4,H17,cent_between,cent_close,cent_eigen,diam,mean_path_length,deg_het_row,deg_het_col
erdos-renyi,Fantasy_0-1950,actorcollaboration,5.146143,4.99882,4.906674,0.2219880310636723,0.023614531744560237,0.06241610975696219,4.648746050683991,4.655929174956044,2.2614840989399294,4.8794177815216555,4.1884702154039495,7.146143176032635,6.998819721467845,6.906673891829624,-2.99881972146784,0.007915832924327657,0.03966789667896679,-0.8769442726076571,NA,NA,NA,NA,14183,11129,65789,234276,0.06624710979695472,0.08422460307207653,0.9941939253496073,14,7.529380122755254,1.1462402343750002,1.0645339626736112
