randomization,name,type,l1,l2,l3,ipr1,ipr2,ipr3,l1_cm,l1_er,l1_reg,l2_mp,l3_mp,l1_lap,l2_lap,l3_lap,alg_conn,clustering_c,clustering_r,deg_assort,Q,N.olap,N.temp,N.nodf,H2,H3,H4,H17,cent_between,cent_close,cent_eigen,diam,mean_path_length,deg_het_row,deg_het_col
erdos-renyi,Fantasy_1996-2000,actorcollaboration,5.243574,4.985381,4.957932,0.23871724568197641,0.18343661085087307,0.1289335570982931,4.3387745409831355,4.321983136149987,2.1124850418827283,4.766187402856849,4.171143123601412,7.243574344186271,6.985381291759115,6.957931842554159,-2.985381291759173,0.002678411999285757,0.0065040650406504065,-0.8570708874803666,NA,NA,NA,NA,18664,9800,84980,298553,0.127235988673237,0.07881892834412989,0.9974193715751158,18,9.917053320136976,1.1099738387747464,1.0750723341334965
