randomization,name,type,l1,l2,l3,ipr1,ipr2,ipr3,l1_cm,l1_er,l1_reg,l2_mp,l3_mp,l1_lap,l2_lap,l3_lap,alg_conn,clustering_c,clustering_r,deg_assort,Q,N.olap,N.temp,N.nodf,H2,H3,H4,H17,cent_between,cent_close,cent_eigen,diam,mean_path_length,deg_het_row,deg_het_col
erdos-renyi,History_2015-3000,actorcollaboration,5.721932,5.568862,5.548484,0.16852300079884885,0.10829963429123016,0.1021531813666177,4.95924291664504,4.969263621857407,2.0626118067978534,5.5103947862534435,4.766402050338938,7.7219322798237915,7.568861664927551,7.548484340994064,-3.5688616649275744,1.2065313564093627e-4,0.015734265734265736,-0.9162210084280397,NA,NA,NA,NA,23348,7556,154271,768464,0.1906345627117286,0.08924047000515017,0.9947105901103686,20,9.709229088376896,1.073443161585336,1.0422774330548386
