randomization,name,type,l1,l2,l3,ipr1,ipr2,ipr3,l1_cm,l1_er,l1_reg,l2_mp,l3_mp,l1_lap,l2_lap,l3_lap,alg_conn,clustering_c,clustering_r,deg_assort,Q,N.olap,N.temp,N.nodf,H2,H3,H4,H17,cent_between,cent_close,cent_eigen,diam,mean_path_length,deg_het_row,deg_het_col
erdos-renyi,History_1976-1990,actorcollaboration,5.187903,5.142265,5.048091,0.197812085618434,0.22448385837414692,0.12030569397110771,4.651504205463081,4.654662756243827,2.2286570144782827,4.936700133558532,4.407965118561987,7.187903083799373,7.142264921077544,7.048090974564185,-3.1422649210775884,0.0027732435653406683,0.022227211495285136,-0.8848330532302688,NA,NA,NA,NA,33654,24459,159720,579418,0.04053454016334107,0.06945357854942757,0.9964153842937021,16,8.720096010790307,1.1438159999229196,1.0586124680438331
