randomization,name,type,l1,l2,l3,ipr1,ipr2,ipr3,l1_cm,l1_er,l1_reg,l2_mp,l3_mp,l1_lap,l2_lap,l3_lap,alg_conn,clustering_c,clustering_r,deg_assort,Q,N.olap,N.temp,N.nodf,H2,H3,H4,H17,cent_between,cent_close,cent_eigen,diam,mean_path_length,deg_het_row,deg_het_col
erdos-renyi,History_0-1950,actorcollaboration,6.078717,5.619302,5.551599,0.00436434930591503,0.03219523462787674,0.036575863333131016,5.804209405126612,5.830117983027,2.7282913165266107,5.432305520849799,4.807417975225011,8.078717027499255,7.61930220374986,7.551598806282978,-3.619302203749868,0.00894709849057356,0.058394761767491664,-0.8956189983956574,NA,NA,NA,NA,40845,61702,231963,1022706,0.0316657664843528,0.09222353296825384,0.9320754888332835,10,6.1522194044353595,1.210585263235483,1.0494163952162259
