randomization,name,type,l1,l2,l3,ipr1,ipr2,ipr3,l1_cm,l1_er,l1_reg,l2_mp,l3_mp,l1_lap,l2_lap,l3_lap,alg_conn,clustering_c,clustering_r,deg_assort,Q,N.olap,N.temp,N.nodf,H2,H3,H4,H17,cent_between,cent_close,cent_eigen,diam,mean_path_length,deg_het_row,deg_het_col
erdos-renyi,History_2006-2010,actorcollaboration,5.27644,5.154966,5.115493,0.21037984727899728,0.04198753810322473,0.05662022574628648,4.718838225642859,4.725238984781614,2.1642670157068062,5.095553502477957,4.491150865969582,7.276439922870076,7.154965849818735,7.115492938681453,-3.1549658498187187,0.003663148880836657,0.024226110363391656,-0.9002952265925869,NA,NA,NA,NA,27190,15773,142386,563294,0.07486652485285845,0.07921535816338221,0.9961041854820772,18,8.82116241506071,1.12046049792758,1.052453816660539
