randomization,name,type,l1,l2,l3,ipr1,ipr2,ipr3,l1_cm,l1_er,l1_reg,l2_mp,l3_mp,l1_lap,l2_lap,l3_lap,alg_conn,clustering_c,clustering_r,deg_assort,Q,N.olap,N.temp,N.nodf,H2,H3,H4,H17,cent_between,cent_close,cent_eigen,diam,mean_path_length,deg_het_row,deg_het_col
erdos-renyi,Horror_2015-3000,actorcollaboration,4.729664,4.709807,4.654311,0.2336638210778818,0.18330849021191378,0.21825009197648645,4.091968675057714,4.0912530525668185,2.16017316017316,4.471954570691684,4.111250680675447,6.7296639317727465,6.709807285998497,6.654311261745642,-2.7098072859984557,6.33749797485967e-4,0.005511811023622047,-0.8550389329024985,NA,NA,NA,NA,55408,37778,200976,557207,0.03011885647430659,0.047005027521569,0.9991916086303423,24,11.747998020780352,1.1386914854139414,1.0768313727360905
