randomization,name,type,l1,l2,l3,ipr1,ipr2,ipr3,l1_cm,l1_er,l1_reg,l2_mp,l3_mp,l1_lap,l2_lap,l3_lap,alg_conn,clustering_c,clustering_r,deg_assort,Q,N.olap,N.temp,N.nodf,H2,H3,H4,H17,cent_between,cent_close,cent_eigen,diam,mean_path_length,deg_het_row,deg_het_col
erdos-renyi,Horror_1976-1990,actorcollaboration,5.127088,5.072539,5.050123,0.18248892142471423,0.09236438636660253,0.10181824113917927,4.554079571162761,4.561842122890669,2.5307273068972,4.530293029122601,4.236422965343052,7.127088301985653,7.072539495176291,7.0501234117616365,-3.0725394951762763,0.0010052186551160129,0.004238941506154446,-0.8297463766310622,NA,NA,NA,NA,118835,159552,410197,1124284,0.009912325421321441,0.05008274813143574,0.9985055835410274,16,9.076583258728173,1.2062539982729052,1.08107784889721
