randomization,name,type,l1,l2,l3,ipr1,ipr2,ipr3,l1_cm,l1_er,l1_reg,l2_mp,l3_mp,l1_lap,l2_lap,l3_lap,alg_conn,clustering_c,clustering_r,deg_assort,Q,N.olap,N.temp,N.nodf,H2,H3,H4,H17,cent_between,cent_close,cent_eigen,diam,mean_path_length,deg_het_row,deg_het_col
erdos-renyi,Horror_0-1950,actorcollaboration,5.514608,5.095895,4.934647,0.10152300065087255,0.01715589824208658,0.04839643531383501,4.882020988921172,4.865859683462655,2.584601611459266,4.738387925667882,4.141561506700246,7.514607651626943,7.095895396433059,6.934646596740554,-3.095895396433056,0.007741450582487787,0.0473099242647782,-0.8297146676741504,NA,NA,NA,NA,19385,27213,78285,252780,0.06143211044633247,0.09719524160619684,0.9858657969728666,12,6.697263037027801,1.209890999978524,1.080998885512004
