randomization,name,type,l1,l2,l3,ipr1,ipr2,ipr3,l1_cm,l1_er,l1_reg,l2_mp,l3_mp,l1_lap,l2_lap,l3_lap,alg_conn,clustering_c,clustering_r,deg_assort,Q,N.olap,N.temp,N.nodf,H2,H3,H4,H17,cent_between,cent_close,cent_eigen,diam,mean_path_length,deg_het_row,deg_het_col
erdos-renyi,Horror_1951-1975,actorcollaboration,5.032372,4.813632,4.805702,0.0017291654918440492,0.03848640726768086,0.03874202887455284,4.753229806761335,4.768516502292529,2.708785195502935,4.569114879594161,4.225891790204144,7.032372435572851,6.813631778172201,6.805702199703972,-2.8136317781722138,0.002082028303917797,0.00810730875624141,-0.829568018113565,NA,NA,NA,NA,80765,131752,272402,730288,0.010460431787356457,0.056116866566609164,0.9441091357380937,14,8.034314468845702,1.2224593629629323,1.079805575591094
