randomization,name,type,l1,l2,l3,ipr1,ipr2,ipr3,l1_cm,l1_er,l1_reg,l2_mp,l3_mp,l1_lap,l2_lap,l3_lap,alg_conn,clustering_c,clustering_r,deg_assort,Q,N.olap,N.temp,N.nodf,H2,H3,H4,H17,cent_between,cent_close,cent_eigen,diam,mean_path_length,deg_het_row,deg_het_col
erdos-renyi,Music_1996-2000,actorcollaboration,3.974148,3.93818,3.878802,0.06779124563836433,0.03017541447947869,0.07875881639054692,3.61539716745855,3.6166466057386857,2.1275440976933515,3.9880342708712107,3.2781049527302994,5.974147618453201,5.938179856639948,5.878802222637505,-1.9381798566399815,0.005413766434648105,0.043583535108958835,-0.8251346673352854,0.834393546959599,-2.1964084420452104e-4,5.069910307159726,0.7563120911258502,3458,2500,9083,17990,0.18111075053628617,0.08166092689557188,0.9685722051919126,22,9.55164887027314,1.1396130518533945,1.1073120574760515
