randomization,name,type,l1,l2,l3,ipr1,ipr2,ipr3,l1_cm,l1_er,l1_reg,l2_mp,l3_mp,l1_lap,l2_lap,l3_lap,alg_conn,clustering_c,clustering_r,deg_assort,Q,N.olap,N.temp,N.nodf,H2,H3,H4,H17,cent_between,cent_close,cent_eigen,diam,mean_path_length,deg_het_row,deg_het_col
erdos-renyi,Music_2006-2010,actorcollaboration,4.095983,4.050903,4.036867,0.015085940950645166,0.05224571255341562,0.07511876329220979,3.756836059355015,3.7443078178770985,2.352223634053367,3.9117669233234484,3.520126994995053,6.095982898594436,6.050903000930529,6.0368673082411926,-2.050903000930473,0.0026616948986225423,0.01077557536251164,-0.770252632205822,NA,NA,NA,NA,18638,22765,41438,72501,0.03597380998670807,0.05475755693098826,0.972121807735189,20,9.69929555583261,1.2088914831296331,1.1173890616584332
