randomization,name,type,l1,l2,l3,ipr1,ipr2,ipr3,l1_cm,l1_er,l1_reg,l2_mp,l3_mp,l1_lap,l2_lap,l3_lap,alg_conn,clustering_c,clustering_r,deg_assort,Q,N.olap,N.temp,N.nodf,H2,H3,H4,H17,cent_between,cent_close,cent_eigen,diam,mean_path_length,deg_het_row,deg_het_col
erdos-renyi,Music_2015-3000,actorcollaboration,4.665202,4.657168,4.614094,0.1549881903707249,0.15343565284195196,0.06270496919246259,4.148360107394078,4.149531485026899,2.2116850127011007,4.455013521404742,3.9015319005742932,6.665201819266919,6.6571683776856485,6.614094280926284,-2.6571683776856436,0.00450928790187297,0.019263698630136987,-0.8469171729112068,NA,NA,NA,NA,15142,11820,54109,149464,0.07028864945900724,0.07718358042743809,0.9937183320282431,18,9.023601130564733,1.15255980760256,1.0773045948842543
