randomization,name,type,l1,l2,l3,ipr1,ipr2,ipr3,l1_cm,l1_er,l1_reg,l2_mp,l3_mp,l1_lap,l2_lap,l3_lap,alg_conn,clustering_c,clustering_r,deg_assort,Q,N.olap,N.temp,N.nodf,H2,H3,H4,H17,cent_between,cent_close,cent_eigen,diam,mean_path_length,deg_het_row,deg_het_col
erdos-renyi,Mystery_0-1950,actorcollaboration,6.645448,5.522326,5.468036,7.683426245167871e-4,0.035698910469884666,0.014387278542533036,6.474001645589018,6.4782558903953475,3.8916993231207697,5.2310727202345575,4.760525934667628,8.645447775818678,7.522325929846545,7.468035607872169,-3.522325929846536,0.008922739261048005,0.035995021879641896,-0.8339927013306705,NA,NA,NA,NA,85795,275151,355348,1207954,0.008967220948280518,0.07243962433815922,0.8563215628177119,10,5.751251278030269,1.2447887679344025,1.066154749012551
