randomization,name,type,l1,l2,l3,ipr1,ipr2,ipr3,l1_cm,l1_er,l1_reg,l2_mp,l3_mp,l1_lap,l2_lap,l3_lap,alg_conn,clustering_c,clustering_r,deg_assort,Q,N.olap,N.temp,N.nodf,H2,H3,H4,H17,cent_between,cent_close,cent_eigen,diam,mean_path_length,deg_het_row,deg_het_col
erdos-renyi,Mystery_2015-3000,actorcollaboration,5.246324,5.156108,5.152651,0.10289596597898924,0.15745528958153834,0.17238189624857359,4.668684173421681,4.681715682034957,2.1667243168453822,5.047864030125055,4.43959702315187,7.2463235600027325,7.1561077466017124,7.152651185117863,-3.1561077466017307,0.0014701610134427298,0.0239741816505302,-0.8976567098442916,NA,NA,NA,NA,25075,14738,127633,493217,0.09426843213297091,0.0827235724210556,0.9920734014829659,18,8.78959041243616,1.1221539613335094,1.0508890226378227
