randomization,name,type,l1,l2,l3,ipr1,ipr2,ipr3,l1_cm,l1_er,l1_reg,l2_mp,l3_mp,l1_lap,l2_lap,l3_lap,alg_conn,clustering_c,clustering_r,deg_assort,Q,N.olap,N.temp,N.nodf,H2,H3,H4,H17,cent_between,cent_close,cent_eigen,diam,mean_path_length,deg_het_row,deg_het_col
erdos-renyi,Mystery_1996-2000,actorcollaboration,5.31635,4.992311,4.82405,0.24633045020451702,0.19222588910325145,0.11255975819063653,4.3736884621814625,4.385281701093007,2.1058288548987183,4.840962447517353,4.226601377237579,7.3163497134318725,6.9923106018465955,6.8240500606669325,-2.9923106018465697,0.002759918456954681,0.023741690408357077,-0.8833826895996886,NA,NA,NA,NA,18493,9058,85841,302833,0.09048024329746168,0.07217690192977805,0.9975892823859852,20,10.095272092898412,1.1028197180019943,1.0610653980779716
