randomization,name,type,l1,l2,l3,ipr1,ipr2,ipr3,l1_cm,l1_er,l1_reg,l2_mp,l3_mp,l1_lap,l2_lap,l3_lap,alg_conn,clustering_c,clustering_r,deg_assort,Q,N.olap,N.temp,N.nodf,H2,H3,H4,H17,cent_between,cent_close,cent_eigen,diam,mean_path_length,deg_het_row,deg_het_col
erdos-renyi,Romance_2011-2014,actorcollaboration,5.379922,4.913403,4.879722,0.22632878581231042,0.1878528135173407,0.21795479905131918,4.381557936880376,4.370169577400851,2.37149214096031,4.5022534787338655,4.194365397892087,7.379922228655984,6.9134029091998315,6.879721536300597,-2.913402909199868,0.0010232686123101795,0.004838489845986098,-0.8314575395797946,NA,NA,NA,NA,97103,105300,344466,963077,0.016105726913513908,0.05721649382213996,0.9992901288042397,18,9.769181719685154,1.189257198527075,1.0828988742763013
