randomization,name,type,l1,l2,l3,ipr1,ipr2,ipr3,l1_cm,l1_er,l1_reg,l2_mp,l3_mp,l1_lap,l2_lap,l3_lap,alg_conn,clustering_c,clustering_r,deg_assort,Q,N.olap,N.temp,N.nodf,H2,H3,H4,H17,cent_between,cent_close,cent_eigen,diam,mean_path_length,deg_het_row,deg_het_col
erdos-renyi,Romance_0-1950,actorcollaboration,7.866642,5.979558,5.967865,2.493346959973511e-4,0.016224542165570826,0.043577288262956294,7.73167503165988,7.733971107606166,5.0787888395688014,5.631716047077113,5.251596027430976,9.866641741275867,7.97955803942603,7.967865293770332,NA,NA,NA,-0.8203788438001834,NA,NA,NA,NA,285043,1312121,1247686,4568852,0.003242413971214161,0.059993859657106935,0.8183926884549305,10,5.576105146538969,1.2186016153410753,1.0623082293095985
