randomization,name,type,l1,l2,l3,ipr1,ipr2,ipr3,l1_cm,l1_er,l1_reg,l2_mp,l3_mp,l1_lap,l2_lap,l3_lap,alg_conn,clustering_c,clustering_r,deg_assort,Q,N.olap,N.temp,N.nodf,H2,H3,H4,H17,cent_between,cent_close,cent_eigen,diam,mean_path_length,deg_het_row,deg_het_col
erdos-renyi,ScienceFiction_0-1950,actorcollaboration,5.571032,5.18342,5.054337,0.01948520302930289,0.07203292733172452,0.04592405468689976,5.307603804940522,5.367807163261805,2.6127659574468085,5.12364685700195,4.309978903110961,7.571032338106697,7.183419935448557,7.054337123421606,-3.18341993544854,0.021481253841425938,0.11885314219036507,-0.9133894726975824,NA,NA,NA,NA,12412,16868,59788,219939,0.05358499512767724,0.10204461447993757,0.9451780203465159,10,5.768487440646634,1.201882672495199,1.0401803732665598
