randomization,name,type,l1,l2,l3,ipr1,ipr2,ipr3,l1_cm,l1_er,l1_reg,l2_mp,l3_mp,l1_lap,l2_lap,l3_lap,alg_conn,clustering_c,clustering_r,deg_assort,Q,N.olap,N.temp,N.nodf,H2,H3,H4,H17,cent_between,cent_close,cent_eigen,diam,mean_path_length,deg_het_row,deg_het_col
erdos-renyi,Thriller_1996-2000,actorcollaboration,5.061729,5.030635,4.913253,0.03898975016861567,0.06384042276579649,0.014429813740984742,4.624887439288351,4.621559970799858,2.5039580352885076,4.606641216225193,4.2607549977929615,7.061728793614653,7.0306347466194525,6.913252935665099,-3.0306347466194117,0.001230193066004399,0.008618973119044233,-0.8405911373095862,NA,NA,NA,NA,81172,104579,297824,857812,0.01434833154685808,0.05556925361842475,0.9904801527584846,14,8.629289493884635,1.2036660460722621,1.0799600197608925
