randomization,name,type,l1,l2,l3,ipr1,ipr2,ipr3,l1_cm,l1_er,l1_reg,l2_mp,l3_mp,l1_lap,l2_lap,l3_lap,alg_conn,clustering_c,clustering_r,deg_assort,Q,N.olap,N.temp,N.nodf,H2,H3,H4,H17,cent_between,cent_close,cent_eigen,diam,mean_path_length,deg_het_row,deg_het_col
erdos-renyi,Thriller_2001-2005,actorcollaboration,5.023121,4.855804,4.785072,0.21084880772317327,0.16661639770545944,0.04471164732599596,4.416313678579927,4.413015328477872,2.3707518022657053,4.543063804190855,4.212469275671991,7.023120600467335,6.855804067933498,6.785071671481196,-2.8558040679334926,0.0012495939317964857,0.006840166754361113,-0.8520940030802971,NA,NA,NA,NA,82708,89117,296402,821965,0.017746094181415182,0.05631912038085549,0.9987625585929263,16,9.493757101451786,1.1902295451669094,1.0749645607151566
