randomization,name,type,l1,l2,l3,ipr1,ipr2,ipr3,l1_cm,l1_er,l1_reg,l2_mp,l3_mp,l1_lap,l2_lap,l3_lap,alg_conn,clustering_c,clustering_r,deg_assort,Q,N.olap,N.temp,N.nodf,H2,H3,H4,H17,cent_between,cent_close,cent_eigen,diam,mean_path_length,deg_het_row,deg_het_col
erdos-renyi,TVMovie_1976-1990,actorcollaboration,4.597964,4.583466,4.525241,0.06798942900918728,0.09258094998608055,0.030974889056817615,4.225338505746657,4.244934633945466,2.3862332695984705,4.3647372613103474,3.940539689599186,6.59796437569045,6.583465663696207,6.525240810318158,-2.583465663696248,0.0029075125605731783,0.01089564174330268,-0.8401855651475464,NA,NA,NA,NA,30066,33924,94033,228422,0.024450277973133115,0.05977363391665972,0.9889061884676293,16,8.78077058058677,1.1921419316807493,1.0770588433738364
