randomization,name,type,l1,l2,l3,ipr1,ipr2,ipr3,l1_cm,l1_er,l1_reg,l2_mp,l3_mp,l1_lap,l2_lap,l3_lap,alg_conn,clustering_c,clustering_r,deg_assort,Q,N.olap,N.temp,N.nodf,H2,H3,H4,H17,cent_between,cent_close,cent_eigen,diam,mean_path_length,deg_het_row,deg_het_col
erdos-renyi,TVMovie_2015-3000,actorcollaboration,4.939287,4.776412,4.741307,0.008575483855570137,0.03849964918639592,0.061464004699930255,4.593406287151959,4.597390579384851,2.421640188922284,4.650510647119445,4.070502953617612,6.9392871394514,6.776411913831178,6.741307343864405,-2.776411913831175,0.006805068492051391,0.03309496091801098,-0.8585670066326971,NA,NA,NA,NA,18088,20425,69758,207793,0.05287679866344073,0.07592327592072078,0.9390572179868898,12,7.359685660704194,1.187264222121624,1.0746793420854082
