randomization,name,type,l1,l2,l3,ipr1,ipr2,ipr3,l1_cm,l1_er,l1_reg,l2_mp,l3_mp,l1_lap,l2_lap,l3_lap,alg_conn,clustering_c,clustering_r,deg_assort,Q,N.olap,N.temp,N.nodf,H2,H3,H4,H17,cent_between,cent_close,cent_eigen,diam,mean_path_length,deg_het_row,deg_het_col
erdos-renyi,TVMovie_2001-2005,actorcollaboration,4.736479,4.642111,4.506625,0.23767122202032046,0.22758954650971175,0.23966961721822877,4.039278500455122,4.038453541310607,2.073783359497645,4.517961665907616,3.820668832600158,6.7364790626549285,6.642110944704532,6.5066253829922545,-2.642110944704511,0.004814659000607675,0.012690355329949238,-0.853163194587881,NA,NA,NA,NA,8146,3752,32189,97405,0.16315805603837574,0.0612283840346576,0.9953167714808914,22,11.039686718847307,1.0995472312684915,1.0797929676150875
