randomization,name,type,l1,l2,l3,ipr1,ipr2,ipr3,l1_cm,l1_er,l1_reg,l2_mp,l3_mp,l1_lap,l2_lap,l3_lap,alg_conn,clustering_c,clustering_r,deg_assort,Q,N.olap,N.temp,N.nodf,H2,H3,H4,H17,cent_between,cent_close,cent_eigen,diam,mean_path_length,deg_het_row,deg_het_col
erdos-renyi,War_1951-1975,actorcollaboration,5.213734,5.093767,4.916339,0.06160276719531841,0.03147350424075701,0.0778644725127531,4.926920734795614,4.927248572797045,2.6850276765222088,4.721627270670579,4.324802249304699,7.213734052763776,7.093767452724158,6.916338659244997,-3.0937674527241272,0.003247878481814851,0.014612330798297221,-0.84991007309369,NA,NA,NA,NA,64501,101207,242355,718237,0.016762352423933122,0.0642828638009233,0.9884911597868382,12,7.5965709791057145,1.2267858292843785,1.0715957875769635
