randomization,name,type,l1,l2,l3,ipr1,ipr2,ipr3,l1_cm,l1_er,l1_reg,l2_mp,l3_mp,l1_lap,l2_lap,l3_lap,alg_conn,clustering_c,clustering_r,deg_assort,Q,N.olap,N.temp,N.nodf,H2,H3,H4,H17,cent_between,cent_close,cent_eigen,diam,mean_path_length,deg_het_row,deg_het_col
erdos-renyi,War_1991-1995,actorcollaboration,5.16987,4.793174,4.662399,0.21031998410022046,0.08790130499628086,0.08808124979953434,4.553153419041388,4.564936087635705,2.031496062992126,4.973546473485751,3.647549288996812,7.169869952474028,6.793173750734355,6.662398562950016,-2.793173750734363,0.0020964360587002098,0.2727272727272727,-0.8958212239455683,0.8580764377140806,-4.4902174414342377e-4,30.575408641724195,2.0325871928001966,2221,667,12499,53208,0.652946464786987,0.18200933091747085,0.969037856724049,14,6.85048706856307,1.06279670692867,1.0505678745267713
