randomization,name,type,l1,l2,l3,ipr1,ipr2,ipr3,l1_cm,l1_er,l1_reg,l2_mp,l3_mp,l1_lap,l2_lap,l3_lap,alg_conn,clustering_c,clustering_r,deg_assort,Q,N.olap,N.temp,N.nodf,H2,H3,H4,H17,cent_between,cent_close,cent_eigen,diam,mean_path_length,deg_het_row,deg_het_col
erdos-renyi,War_0-1950,actorcollaboration,5.537876,5.182456,5.1791,0.0024167652202329833,0.06133021090982864,0.06519292101500682,5.3088312964628015,5.312263757001574,2.84167237834133,4.921913671533731,4.427357724006644,7.537876133491054,7.182456005059604,7.1790999574845165,-3.1824560050596062,0.005573571332001668,0.030670432743551482,-0.8578535857089904,NA,NA,NA,NA,44640,79087,185705,611592,0.01636364263640957,0.06816049541304947,0.9233926440714504,10,6.681614338537953,1.2325348037247217,1.0673359868162033
