randomization,name,type,l1,l2,l3,ipr1,ipr2,ipr3,l1_cm,l1_er,l1_reg,l2_mp,l3_mp,l1_lap,l2_lap,l3_lap,alg_conn,clustering_c,clustering_r,deg_assort,Q,N.olap,N.temp,N.nodf,H2,H3,H4,H17,cent_between,cent_close,cent_eigen,diam,mean_path_length,deg_het_row,deg_het_col
erdos-renyi,Abe2007,ecologicalinteractions,3.681663,1.968842,1.708793,0.10384289813921663,0.13761306809751908,0.13973834324101647,3.649974527251769,3.8644384194240513,3.142857142857143,2.404436591998114,1.0785447724054218,5.681663373145831,3.968842472819279,3.7087925781262308,0.03115752718071989,0.8686868686868687,1,-0.8405797101449276,0.2685950413223141,-0.14705882352941174,63.7183527124228,34.80392156862745,66,140,67,46,0.17884615384615388,0.14308608058608036,0.4516837135678274,4,2.131868131868132,1.0743801652892562,1.024793388429752
