randomization,name,type,l1,l2,l3,ipr1,ipr2,ipr3,l1_cm,l1_er,l1_reg,l2_mp,l3_mp,l1_lap,l2_lap,l3_lap,alg_conn,clustering_c,clustering_r,deg_assort,Q,N.olap,N.temp,N.nodf,H2,H3,H4,H17,cent_between,cent_close,cent_eigen,diam,mean_path_length,deg_het_row,deg_het_col
erdos-renyi,Arroyo1982-3,ecologicalinteractions,3.465622,2.896006,2.612611,0.056238410412594086,0.059524870876591446,0.05723378927075715,3.1717825015531833,3.285275010254715,2.6557377049180326,3.088278068817236,1.9809226619034912,5.465621623534296,4.8960059264630065,4.612610966200141,-0.896005926463004,0.2698412698412698,0.2260536398467433,-0.11409395973154418,0.5695778082609365,-0.023211253586177562,30.506666685546634,7.086021505376345,180,383,123,62,0.12855476068187932,0.14394545152319888,0.7697339405398882,11,4.675409836065573,1.1697911903673217,1.1796982167352539
