randomization,name,type,l1,l2,l3,ipr1,ipr2,ipr3,l1_cm,l1_er,l1_reg,l2_mp,l3_mp,l1_lap,l2_lap,l3_lap,alg_conn,clustering_c,clustering_r,deg_assort,Q,N.olap,N.temp,N.nodf,H2,H3,H4,H17,cent_between,cent_close,cent_eigen,diam,mean_path_length,deg_het_row,deg_het_col
erdos-renyi,Baird1980,ecologicalinteractions,4.484007,2.704817,2.660398,0.06023372960631442,0.07765831047180949,0.08169487529943861,4.474282065315061,4.6777032346035385,3.5714285714285716,3.2643801840262037,1.808815386752394,6.484007499159069,4.704817467377385,4.660397856273424,-0.7048174673773862,0.665438919582566,0.969309462915601,-0.8435307152529854,0.3667999999999999,-0.053417078952793205,58.665923591692575,29.241908884766026,202,542,313,359,0.1573898373676785,0.1934312012255104,0.5597659927714067,4,2.5476190476190474,1.1424,1.0304
