randomization,name,type,l1,l2,l3,ipr1,ipr2,ipr3,l1_cm,l1_er,l1_reg,l2_mp,l3_mp,l1_lap,l2_lap,l3_lap,alg_conn,clustering_c,clustering_r,deg_assort,Q,N.olap,N.temp,N.nodf,H2,H3,H4,H17,cent_between,cent_close,cent_eigen,diam,mean_path_length,deg_het_row,deg_het_col
erdos-renyi,Bartomeus-SEL2OP,ecologicalinteractions,7.503811,5.454493,5.2735,0.012449564590378432,0.043297949321904394,0.03890613786823119,7.37540186801622,7.351510823877192,4.5038167938931295,5.347577381898025,4.055092033320549,9.50381057354675,7.454493351620039,7.2734995625866805,-3.45449335162002,0.2333183540614069,0.6623962468422953,-0.8439117640447176,0.4188681413386959,0.0010456766288647228,27.493140662138696,7.485777002793075,5373,20743,25653,100623,0.0770422419621473,0.14145400680082088,0.7323224254003382,6,3.563774092597467,1.2190462510772766,1.0671646078713013
