randomization,name,type,l1,l2,l3,ipr1,ipr2,ipr3,l1_cm,l1_er,l1_reg,l2_mp,l3_mp,l1_lap,l2_lap,l3_lap,alg_conn,clustering_c,clustering_r,deg_assort,Q,N.olap,N.temp,N.nodf,H2,H3,H4,H17,cent_between,cent_close,cent_eigen,diam,mean_path_length,deg_het_row,deg_het_col
erdos-renyi,Bartomeus-MED2CA,ecologicalinteractions,4.156442,3.191876,2.755307,0.04759430206574767,0.0678836758167666,0.05914845334214022,4.06017555853274,4.110066184141478,3.217391304347826,3.367522778116638,2.0556325747510025,6.1564416986202595,5.19187595297754,4.755306575768983,-1.1918759529775553,0.5574387947269304,0.35771276595744683,-0.5521630650822515,0.46384222059897745,-0.011602468317540079,47.18541308498368,16.224953354425246,247,648,299,269,0.14915938608814733,0.1681890432619591,0.6486394187630488,7,3.3352657004830917,1.1095690284879474,1.2154857560262966
