randomization,name,type,l1,l2,l3,ipr1,ipr2,ipr3,l1_cm,l1_er,l1_reg,l2_mp,l3_mp,l1_lap,l2_lap,l3_lap,alg_conn,clustering_c,clustering_r,deg_assort,Q,N.olap,N.temp,N.nodf,H2,H3,H4,H17,cent_between,cent_close,cent_eigen,diam,mean_path_length,deg_het_row,deg_het_col
erdos-renyi,Bartomeus-MIQ2OP,ecologicalinteractions,3.009404,2.520915,2.410597,0.0961549431615736,0.06982400928828313,0.07655492879827962,2.935079875838308,3.04086450366864,2.2580645161290325,2.8871528599055782,1.5995701090099508,5.009404135684786,4.520914636593264,4.410597434978293,-0.5209146365932708,0.3333333333333333,0.04736842105263158,-0.7354704797047975,0.5738775510204085,-0.018702366458851746,42.892752434487704,15.177935943060499,82,101,78,53,0.37629374201787996,0.21288265187877523,0.7432274989768585,7,3.681720430107527,1.129795918367347,1.1453061224489793
