randomization,name,type,l1,l2,l3,ipr1,ipr2,ipr3,l1_cm,l1_er,l1_reg,l2_mp,l3_mp,l1_lap,l2_lap,l3_lap,alg_conn,clustering_c,clustering_r,deg_assort,Q,N.olap,N.temp,N.nodf,H2,H3,H4,H17,cent_between,cent_close,cent_eigen,diam,mean_path_length,deg_het_row,deg_het_col
erdos-renyi,basset1996,ecologicalinteractions,3.197393,2.890816,2.451131,0.1113877919519248,0.13465251199473063,0.14998289051736252,3.08273772189379,3.2626973442456864,2.342857142857143,3.0642777794603324,1.7405215755266323,5.197392711075324,4.890816058913616,4.451130600702929,-0.8908160589136144,0.28205128205128205,0.03296703296703297,-0.7948817874772668,0.5895300416418803,-0.03430712465615528,46.45544131362928,12.871591908531222,107,130,120,97,0.3905141379189822,0.21058725483318855,0.7846418711937206,8,3.976470588235294,1.0707911957168352,1.1403926234384294
