randomization,name,type,l1,l2,l3,ipr1,ipr2,ipr3,l1_cm,l1_er,l1_reg,l2_mp,l3_mp,l1_lap,l2_lap,l3_lap,alg_conn,clustering_c,clustering_r,deg_assort,Q,N.olap,N.temp,N.nodf,H2,H3,H4,H17,cent_between,cent_close,cent_eigen,diam,mean_path_length,deg_het_row,deg_het_col
erdos-renyi,belay28,ecologicalinteractions,4.479994,3.806481,3.601478,0.03095140053785204,0.046686557916942234,0.03876997871585848,4.2540984352932485,4.245242364830739,3.2280701754385963,3.748137538674927,2.756268393544345,6.479994353064889,5.806480891756238,5.601478399458866,-1.8064808917562398,0.11317126768301057,0.20452358036573628,-0.5252208660113536,0.5511972274732214,8.664357005153494e-4,14.546075470240503,4.6042471156412965,1027,2609,1701,2529,0.12273884677897144,0.14283221603243568,0.8356062276175853,9,4.4260061919504645,1.1819470699432895,1.2015858013022473
