randomization,name,type,l1,l2,l3,ipr1,ipr2,ipr3,l1_cm,l1_er,l1_reg,l2_mp,l3_mp,l1_lap,l2_lap,l3_lap,alg_conn,clustering_c,clustering_r,deg_assort,Q,N.olap,N.temp,N.nodf,H2,H3,H4,H17,cent_between,cent_close,cent_eigen,diam,mean_path_length,deg_het_row,deg_het_col
erdos-renyi,belay21,ecologicalinteractions,3.303834,2.559018,2.2525,0.12547886645332532,0.09590345612583111,0.09346017147764676,3.200708818478617,3.2037033973878577,2.2962962962962963,2.8540648993080064,1.5214547078124168,5.30383355048417,4.559018299643346,4.25250021705522,-0.5590182996433536,0.23387096774193547,0.26666666666666666,-0.7078181818181821,0.5265348595213319,-0.002699999999999979,50.5886742691633,22.251851851851853,86,113,110,105,0.4543550295857988,0.2762604090922317,0.765684015461612,6,3.3105413105413106,1.201873048907388,1.117585848074922
