randomization,name,type,l1,l2,l3,ipr1,ipr2,ipr3,l1_cm,l1_er,l1_reg,l2_mp,l3_mp,l1_lap,l2_lap,l3_lap,alg_conn,clustering_c,clustering_r,deg_assort,Q,N.olap,N.temp,N.nodf,H2,H3,H4,H17,cent_between,cent_close,cent_eigen,diam,mean_path_length,deg_het_row,deg_het_col
erdos-renyi,belay27,ecologicalinteractions,6.509001,4.04211,3.663645,0.03374233904489177,0.048334805469755986,0.08727733707176248,6.551922309552611,6.4725280230688496,4.981132075471698,4.109827618055887,2.5959555529745932,8.509000775469604,6.042110077758297,5.663645139353181,-2.0421100777582906,0.6814245569765441,0.9637883008356546,-0.7941220460664076,0.33029155188246084,0.003120549535657637,48.874849400885196,27.972389563298655,842,3762,2185,4543,0.14691424633438763,0.14791112132935455,0.5681951339708169,6,2.663280116110305,1.2075298438934805,1.0609504132231407
