randomization,name,type,l1,l2,l3,ipr1,ipr2,ipr3,l1_cm,l1_er,l1_reg,l2_mp,l3_mp,l1_lap,l2_lap,l3_lap,alg_conn,clustering_c,clustering_r,deg_assort,Q,N.olap,N.temp,N.nodf,H2,H3,H4,H17,cent_between,cent_close,cent_eigen,diam,mean_path_length,deg_het_row,deg_het_col
erdos-renyi,belay20,ecologicalinteractions,5.731643,4.700431,4.474002,0.014474588971845587,0.052514414875224666,0.02431705891842907,5.5620978293662535,5.552080759293139,3.750778816199377,4.541712264035476,3.5294998991767526,7.731643392520881,6.7004312250972085,6.474002175592149,-2.7004312250972,0.11466701704332156,0.2858015889183133,-0.751295422735991,0.488899129148691,1.587083560175693e-4,14.757033216180966,4.039544348452798,3520,10952,9960,23605,0.07328788996265659,0.1313075334767692,0.8490390100516548,8,4.236137071651091,1.2325471021291152,1.0984591781547663
