randomization,name,type,l1,l2,l3,ipr1,ipr2,ipr3,l1_cm,l1_er,l1_reg,l2_mp,l3_mp,l1_lap,l2_lap,l3_lap,alg_conn,clustering_c,clustering_r,deg_assort,Q,N.olap,N.temp,N.nodf,H2,H3,H4,H17,cent_between,cent_close,cent_eigen,diam,mean_path_length,deg_het_row,deg_het_col
erdos-renyi,belay13,ecologicalinteractions,4.202509,3.468788,3.331125,0.04003185969172268,0.04838870099398685,0.09973081984458933,3.9579396756210534,3.910717513002709,2.673076923076923,3.6424439154468478,2.488373366661982,6.202509037806043,5.468788370479406,5.331125307951916,-1.4687883704793943,0.1332094175960347,0.3663551401869159,-0.7191937700412278,0.5980539309559546,-0.0038835710363553694,25.661222641847658,7.4433373312421205,524,1004,934,1275,0.18254499567583524,0.16064939069007805,0.7829609950782537,10,4.367251680358477,1.2586822628228354,1.1227679726722222
