randomization,name,type,l1,l2,l3,ipr1,ipr2,ipr3,l1_cm,l1_er,l1_reg,l2_mp,l3_mp,l1_lap,l2_lap,l3_lap,alg_conn,clustering_c,clustering_r,deg_assort,Q,N.olap,N.temp,N.nodf,H2,H3,H4,H17,cent_between,cent_close,cent_eigen,diam,mean_path_length,deg_het_row,deg_het_col
erdos-renyi,belay15,ecologicalinteractions,3.088397,2.436639,2.131996,0.09195229086114212,0.1279162874675526,0.15041975029653318,3.063431961806135,3.209831567342903,2.4761904761904763,2.7165702118441226,1.3811961305509195,5.088396827746241,4.436639445792808,4.131996174124849,-0.43663944579281694,0.39473684210526316,0.5945945945945946,-0.7529745042492921,0.47337278106508873,-0.06528409090909089,48.42406429484576,23.208333333333332,61,92,50,27,0.36828947368421067,0.25094777780563765,0.6318403732240868,6,3.1523809523809523,1.1538461538461537,1.0828402366863907
