randomization,name,type,l1,l2,l3,ipr1,ipr2,ipr3,l1_cm,l1_er,l1_reg,l2_mp,l3_mp,l1_lap,l2_lap,l3_lap,alg_conn,clustering_c,clustering_r,deg_assort,Q,N.olap,N.temp,N.nodf,H2,H3,H4,H17,cent_between,cent_close,cent_eigen,diam,mean_path_length,deg_het_row,deg_het_col
erdos-renyi,belay26,ecologicalinteractions,8.500903,5.169742,4.847945,0.012747854756304529,0.03029080182799842,0.03214975944062514,8.416734288109298,8.294618526787506,7.153284671532846,5.125247494859541,3.7261755534525136,10.500903396062206,7.169741913472864,6.847945280791593,-3.1697419134728513,0.5648711220867417,0.749286241521942,-0.4034832948453314,0.32405247813411037,-0.0020753958443902078,44.63549553632313,12.530473975755498,3767,26703,10262,21619,0.04226159800778252,0.16120458917474087,0.6223407629373736,5,2.8937312151137826,1.1869137859225325,1.061957517700958
