randomization,name,type,l1,l2,l3,ipr1,ipr2,ipr3,l1_cm,l1_er,l1_reg,l2_mp,l3_mp,l1_lap,l2_lap,l3_lap,alg_conn,clustering_c,clustering_r,deg_assort,Q,N.olap,N.temp,N.nodf,H2,H3,H4,H17,cent_between,cent_close,cent_eigen,diam,mean_path_length,deg_het_row,deg_het_col
erdos-renyi,belay30,ecologicalinteractions,6.437932,3.396442,3.296261,0.05041198463079893,0.07922617995712976,0.08143426626904772,6.430471330972679,6.2867466835581265,4.7272727272727275,3.8604099422359877,2.349644786715029,8.43793239726102,5.396442145714045,5.296261150858893,-1.3964421457140572,0.7699723541504218,0.9575878064943671,-0.7175634486666977,0.31009615384615385,0.059831316946634766,51.44808035007187,34.78546893150854,690,2776,2133,5649,0.2063319092433608,0.19361033180589762,0.6619147962564282,4,2.4947145877378434,1.1505177514792901,1.1298076923076923
