randomization,name,type,l1,l2,l3,ipr1,ipr2,ipr3,l1_cm,l1_er,l1_reg,l2_mp,l3_mp,l1_lap,l2_lap,l3_lap,alg_conn,clustering_c,clustering_r,deg_assort,Q,N.olap,N.temp,N.nodf,H2,H3,H4,H17,cent_between,cent_close,cent_eigen,diam,mean_path_length,deg_het_row,deg_het_col
erdos-renyi,belay11,ecologicalinteractions,4.408974,3.662947,3.565804,0.018543611932981187,0.0349182074273225,0.04792209415820378,4.284331219473265,4.3237486195751735,3.1666666666666665,3.8064369164141145,2.7344854557467535,6.4089743377442225,5.662947325291174,5.5658044136960925,-1.6629473252911602,0.11966619430011022,0.2480748074807481,-0.692859256054538,0.535126192674669,-0.005141789451916378,20.90173350387796,5.895941085547826,853,2236,1239,1319,0.08168410080640781,0.1226698927492149,0.6962574800377922,8,4.248640248640249,1.28393351800554,1.0692520775623269
