randomization,name,type,l1,l2,l3,ipr1,ipr2,ipr3,l1_cm,l1_er,l1_reg,l2_mp,l3_mp,l1_lap,l2_lap,l3_lap,alg_conn,clustering_c,clustering_r,deg_assort,Q,N.olap,N.temp,N.nodf,H2,H3,H4,H17,cent_between,cent_close,cent_eigen,diam,mean_path_length,deg_het_row,deg_het_col
erdos-renyi,Bluthgen2004,ecologicalinteractions,7.108917,4.325891,4.126601,0.018659894115431577,0.02962074115628861,0.028053640420384097,6.973187006439558,6.975729638826806,6.195652173913044,4.553948460168445,3.1604555767222697,9.108917390720599,6.3258911223456344,6.12660100250991,-2.3258911223456193,0.6812591673248336,0.6136513453586624,-0.06770061777517676,0.34995383194829144,-0.00686131659655949,46.99555168854828,14.008504754328143,1712,10187,3335,4735,0.05725683484388767,0.12473912692437628,0.5668797063912094,6,2.8444816053511706,1.1069621421975993,1.1308217913204064
