randomization,name,type,l1,l2,l3,ipr1,ipr2,ipr3,l1_cm,l1_er,l1_reg,l2_mp,l3_mp,l1_lap,l2_lap,l3_lap,alg_conn,clustering_c,clustering_r,deg_assort,Q,N.olap,N.temp,N.nodf,H2,H3,H4,H17,cent_between,cent_close,cent_eigen,diam,mean_path_length,deg_het_row,deg_het_col
erdos-renyi,Brosi2017_Rustlers.2013_Manipulation,ecologicalinteractions,4.209974,2.529748,2.143709,0.07112259544075318,0.11109439504263074,0.10634751786115867,4.192064789839974,4.345836643688414,3.619047619047619,2.9161484815316276,1.5185173095378055,6.209974224235539,4.529748410826822,4.143708618727768,-0.5297484108268282,0.9507246376811594,0.7382198952879581,-0.6635086573015349,0.3040166204986149,-0.08241567460317457,59.66803894252984,31.488095238095237,127,371,126,75,0.12289189886480908,0.19810198976384033,0.43147353479428646,6,2.419047619047619,1.0083102493074791,1.1828254847645427
