randomization,name,type,l1,l2,l3,ipr1,ipr2,ipr3,l1_cm,l1_er,l1_reg,l2_mp,l3_mp,l1_lap,l2_lap,l3_lap,alg_conn,clustering_c,clustering_r,deg_assort,Q,N.olap,N.temp,N.nodf,H2,H3,H4,H17,cent_between,cent_close,cent_eigen,diam,mean_path_length,deg_het_row,deg_het_col
erdos-renyi,Brosi2017_Gothic.Town.2014_Manipulation,ecologicalinteractions,4.0869,2.493259,2.170853,0.08438020738849097,0.09989918746813603,0.11078154907868411,4.013864859597431,3.928738541850886,3.272727272727273,2.768644566490978,1.4435739966138994,6.086899598346232,4.493259347591255,4.170852682956263,-0.49325934759124374,0.8805460750853242,0.7459749552772809,-0.3574821852731592,0.3819444444444445,-0.042333499056188134,38.8571793811142,32.53501400560224,112,315,110,72,0.22138103267354964,0.2638472543669775,0.6008394440418865,6,2.7445887445887447,1.1111111111111112,1.2530864197530862
