randomization,name,type,l1,l2,l3,ipr1,ipr2,ipr3,l1_cm,l1_er,l1_reg,l2_mp,l3_mp,l1_lap,l2_lap,l3_lap,alg_conn,clustering_c,clustering_r,deg_assort,Q,N.olap,N.temp,N.nodf,H2,H3,H4,H17,cent_between,cent_close,cent_eigen,diam,mean_path_length,deg_het_row,deg_het_col
erdos-renyi,Brosi2017_Gothic.Road.Grate.2014_Manipulation,ecologicalinteractions,3.830623,2.350383,1.909979,0.09896088854795594,0.12669978190504327,0.12056814187432621,3.6464880364537056,3.5444586064992794,2.909090909090909,2.6848438533973167,1.3916358795321064,5.830623417340859,4.350383292913385,3.9099790357709576,-0.35038329291337655,0.776536312849162,0.7024793388429752,-0.20224719101123595,0.408203125,-0.05307537156276652,42.16345838035384,29.15966386554622,88,224,81,53,0.40539934492315444,0.323797625733846,0.6396395339232145,6,2.987012987012987,1.15625,1.2578125
