randomization,name,type,l1,l2,l3,ipr1,ipr2,ipr3,l1_cm,l1_er,l1_reg,l2_mp,l3_mp,l1_lap,l2_lap,l3_lap,alg_conn,clustering_c,clustering_r,deg_assort,Q,N.olap,N.temp,N.nodf,H2,H3,H4,H17,cent_between,cent_close,cent_eigen,diam,mean_path_length,deg_het_row,deg_het_col
erdos-renyi,Brosi2017_Back.of.Baldy.Bend.2014_Manipulation,ecologicalinteractions,2.990313,1.874417,1.716461,0.13484867339782422,0.15074645274315845,0.1954183750119828,2.939387691339814,2.82756415446565,2.3529411764705883,2.3151241652048125,1.1044068258907138,4.990313059764781,3.8744170721076805,3.716460530817619,0.12558292789231712,0.34782608695652173,0.5079365079365079,-0.15909090909090912,0.4125000000000001,0.004445684523809534,54.931028925827,26.041666666666668,40,73,28,16,0.5157465277777775,0.3906266449829479,0.6879240761294507,5,2.764705882352941,1.44,1.0799999999999998
