randomization,name,type,l1,l2,l3,ipr1,ipr2,ipr3,l1_cm,l1_er,l1_reg,l2_mp,l3_mp,l1_lap,l2_lap,l3_lap,alg_conn,clustering_c,clustering_r,deg_assort,Q,N.olap,N.temp,N.nodf,H2,H3,H4,H17,cent_between,cent_close,cent_eigen,diam,mean_path_length,deg_het_row,deg_het_col
erdos-renyi,Brosi2017_Gothic.Road.2013_Control,ecologicalinteractions,3.738375,2.803716,2.099206,0.07959194935382753,0.1142829855732497,0.09671025870528614,3.908679799852858,3.636327744343971,3,2.6927533241148858,1.4246607498632902,5.738375443201628,4.803716300885092,4.0992061668040805,-0.8037163008850992,0.7578947368421053,0.5398457583547558,-0.46650758479631843,0.3942901234567902,0.08019248777227501,30.822407747823757,34.06788247213779,109,254,128,122,0.30184371394201254,0.22822639374600606,0.5762247255957322,5,2.6630434782608696,1.25,1.2731481481481481
