randomization,name,type,l1,l2,l3,ipr1,ipr2,ipr3,l1_cm,l1_er,l1_reg,l2_mp,l3_mp,l1_lap,l2_lap,l3_lap,alg_conn,clustering_c,clustering_r,deg_assort,Q,N.olap,N.temp,N.nodf,H2,H3,H4,H17,cent_between,cent_close,cent_eigen,diam,mean_path_length,deg_het_row,deg_het_col
erdos-renyi,Brosi2017_Back.of.Baldy.Bend.2014_Control,ecologicalinteractions,3.201374,2.348155,2.258557,0.09006872707964776,0.13111341391889,0.13126036540552222,3.191423692521127,3.2506510326666227,2.6666666666666665,2.8021343713583167,1.5329253673709256,5.201373586263437,4.348155032279392,4.258557382623092,-0.3481550322793758,0.3763440860215054,0.2696078431372549,-0.4680659670164912,0.4606481481481482,-0.022811606383034942,43.368752793738,15.295238095238094,83,148,67,46,0.22775739644970416,0.1844714810912982,0.700019261930654,6,3.0541310541310542,1.273148148148148,1.0864197530864197
