randomization,name,type,l1,l2,l3,ipr1,ipr2,ipr3,l1_cm,l1_er,l1_reg,l2_mp,l3_mp,l1_lap,l2_lap,l3_lap,alg_conn,clustering_c,clustering_r,deg_assort,Q,N.olap,N.temp,N.nodf,H2,H3,H4,H17,cent_between,cent_close,cent_eigen,diam,mean_path_length,deg_het_row,deg_het_col
erdos-renyi,Brosi2017_Judd.Falls.TH.2013_Manipulation,ecologicalinteractions,3.397474,2.069846,1.954903,0.098251603357909445,0.09674728635895088,0.11814617042335561,3.3700360320244145,3.314285714285714,2.8,2.5801439605461662,1.309115405595093,5.397474290977853,4.069846449667693,3.9549032419425867,-0.06984644966769794,0.6148148148148148,0.7044025157232704,-0.1357254290171602,0.4005102040816327,-0.03443562610229276,54.99338508761747,26.481481481481477,67,151,54,38,0.4523956089053042,0.37181274695798955,0.642587192304195,5,2.6526315789473682,1.3520408163265307,1.0714285714285716
