randomization,name,type,l1,l2,l3,ipr1,ipr2,ipr3,l1_cm,l1_er,l1_reg,l2_mp,l3_mp,l1_lap,l2_lap,l3_lap,alg_conn,clustering_c,clustering_r,deg_assort,Q,N.olap,N.temp,N.nodf,H2,H3,H4,H17,cent_between,cent_close,cent_eigen,diam,mean_path_length,deg_het_row,deg_het_col
erdos-renyi,Brosi2017_Gothic.Road.2013_Manipulation,ecologicalinteractions,4.0522030000000004,2.434665,2.21763,0.06498145409347121,0.0939975966318165,0.09352643334062229,3.974921382870358,4.025670725902509,3.4782608695652173,2.9033335910285185,1.551792015532531,6.052202751766032,4.434665207046572,4.217629639835042,-0.43466520704656236,0.8673684210526316,0.7002053388090349,0.05314872711031704,0.3662499999999999,-0.060697887970615226,57.9371861894681,27.534435261707983,119,357,97,45,0.14585364949886792,0.1775517217531134,0.47573015870978386,7,2.6877470355731226,1.1,1.1849999999999998
