randomization,name,type,l1,l2,l3,ipr1,ipr2,ipr3,l1_cm,l1_er,l1_reg,l2_mp,l3_mp,l1_lap,l2_lap,l3_lap,alg_conn,clustering_c,clustering_r,deg_assort,Q,N.olap,N.temp,N.nodf,H2,H3,H4,H17,cent_between,cent_close,cent_eigen,diam,mean_path_length,deg_het_row,deg_het_col
erdos-renyi,Brosi2017_Gothic.Road.Steep.2013_Control,ecologicalinteractions,3.456494,2.627643,2.154409,0.07519170851353493,0.09981015499855686,0.11405610297729467,3.5431227763463773,3.469127532389405,2.869565217391304,2.7157423677961385,1.4278776332554666,5.456493880656465,4.627643074977815,4.1544089641932,-0.6276430749778217,0.5923076923076923,0.525096525096525,-0.4010840108401082,0.415977961432507,0.006176074581586399,46.58940129728225,26.90288713910761,87,189,81,58,0.23013194717740168,0.20414048975081137,0.5765484049101627,6,2.7351778656126484,1.2148760330578512,1.1955922865013773
