randomization,name,type,l1,l2,l3,ipr1,ipr2,ipr3,l1_cm,l1_er,l1_reg,l2_mp,l3_mp,l1_lap,l2_lap,l3_lap,alg_conn,clustering_c,clustering_r,deg_assort,Q,N.olap,N.temp,N.nodf,H2,H3,H4,H17,cent_between,cent_close,cent_eigen,diam,mean_path_length,deg_het_row,deg_het_col
erdos-renyi,Brosi2017_Cold.Springs.Ranch.2014_Manipulation,ecologicalinteractions,3.368636,2.27615,1.983712,0.15345608072490072,0.119735310805202,0.12777984502987555,3.22860160328852,3.223473575664009,2.4545454545454546,2.679978648590976,1.368815288524286,5.368635874945285,4.276149933583597,3.9837122154984312,-0.276149933583601,0.3888888888888889,0.391304347826087,-0.5140701468189234,0.4732510288065845,0.026834893501560188,48.752960565753675,24.246913580246915,73,104,102,132,0.4829960767375733,0.2937191180207922,0.7708581925737581,6,3.0216450216450217,1.2263374485596708,1.1193415637860082
