randomization,name,type,l1,l2,l3,ipr1,ipr2,ipr3,l1_cm,l1_er,l1_reg,l2_mp,l3_mp,l1_lap,l2_lap,l3_lap,alg_conn,clustering_c,clustering_r,deg_assort,Q,N.olap,N.temp,N.nodf,H2,H3,H4,H17,cent_between,cent_close,cent_eigen,diam,mean_path_length,deg_het_row,deg_het_col
erdos-renyi,Brosi2017_Cold.Springs.Ranch.2014_Control,ecologicalinteractions,3.64658,2.506899,2.080648,0.09992456669969016,0.08587929830441018,0.13760555780008019,3.5421339334881403,3.6324328558668433,2.8333333333333335,2.87401332813873,1.5212010105332954,5.646580328149635,4.506899434180377,4.080648233264662,-0.5068994341803736,0.6956521739130435,0.5110565110565111,-0.5738390324025685,0.4048442906574396,0.003137370414440493,50.477862054551096,22.324840764331206,101,187,132,146,0.3170583669638489,0.23193231081229604,0.6652331981477414,7,2.8442028985507246,1.1868512110726646,1.088235294117647
