randomization,name,type,l1,l2,l3,ipr1,ipr2,ipr3,l1_cm,l1_er,l1_reg,l2_mp,l3_mp,l1_lap,l2_lap,l3_lap,alg_conn,clustering_c,clustering_r,deg_assort,Q,N.olap,N.temp,N.nodf,H2,H3,H4,H17,cent_between,cent_close,cent_eigen,diam,mean_path_length,deg_het_row,deg_het_col
erdos-renyi,Bundgaard2003,ecologicalinteractions,11.102448,5.144281,4.35801,0.02483602538140926,0.03997800500997941,0.04584171362710672,11.080000900611838,11.100549243709352,9.266666666666667,4.993125876969464,3.293016552115967,13.102448302552345,7.144281055902686,6.35801049399272,-3.1442810559026975,0.9570797823185132,0.9999868812887822,-0.873550639723709,0.2271621551679522,-0.009824534263289572,67.77774430157719,40.50463702747711,3145,27548,13876,49100,0.07581474632034753,0.11110614666304654,0.4708383010055581,4,2.169491525423729,1.0988044097096423,1.017752704311371
