randomization,name,type,l1,l2,l3,ipr1,ipr2,ipr3,l1_cm,l1_er,l1_reg,l2_mp,l3_mp,l1_lap,l2_lap,l3_lap,alg_conn,clustering_c,clustering_r,deg_assort,Q,N.olap,N.temp,N.nodf,H2,H3,H4,H17,cent_between,cent_close,cent_eigen,diam,mean_path_length,deg_het_row,deg_het_col
erdos-renyi,Burkle2013,ecologicalinteractions,7.808445,4.435125,4.340234,0.024334594579393447,0.03575959167557534,0.04179174131342424,7.731833417760629,7.683464312403759,6.410256410256411,4.692127370315011,3.1766379810012983,9.808444865439565,6.435125204307449,6.340233503219439,-2.4351252043074516,0.8909856035437431,0.6643452012946867,-0.5641936514540576,0.32847999999999944,-6.651030164033756e-4,55.69406888409177,20.17081450736987,1823,11026,5163,12581,0.12198337430291545,0.16254390154034243,0.6439347367512954,5,2.6633366633366635,1.0836480000000002,1.1439359999999998
