randomization,name,type,l1,l2,l3,ipr1,ipr2,ipr3,l1_cm,l1_er,l1_reg,l2_mp,l3_mp,l1_lap,l2_lap,l3_lap,alg_conn,clustering_c,clustering_r,deg_assort,Q,N.olap,N.temp,N.nodf,H2,H3,H4,H17,cent_between,cent_close,cent_eigen,diam,mean_path_length,deg_het_row,deg_het_col
erdos-renyi,Campbell1995,ecologicalinteractions,2.860806,1.618034,1.254102,0.10926469747972378,0.1500000000000001,0.11271285322773354,2.857142857142857,3.153571428571428,2.8,2.1608766172787472,0.8747669202958421,4.860805853111698,3.618033988749887,3.254101688365057,0.38196601125010454,1,0.7894736842105263,-0.1666666666666685,0.22448979591836735,-0.31666666666666665,70.67091410133679,20,26,48,8,0,0.02983539094650207,0.026315789473684095,0.1691489309783809,3,1.9333333333333333,1.0204081632653064,1.0204081632653064
