randomization,name,type,l1,l2,l3,ipr1,ipr2,ipr3,l1_cm,l1_er,l1_reg,l2_mp,l3_mp,l1_lap,l2_lap,l3_lap,alg_conn,clustering_c,clustering_r,deg_assort,Q,N.olap,N.temp,N.nodf,H2,H3,H4,H17,cent_between,cent_close,cent_eigen,diam,mean_path_length,deg_het_row,deg_het_col
erdos-renyi,Carstensen2017_Brazil.Cedro,ecologicalinteractions,3.760613,3.375623,3.273462,0.03399608413711619,0.06209014004249033,0.049900839549196906,3.685071652820302,3.68437621262395,2.7551020408163267,3.4283488727599902,2.3445278237818528,5.760612596996257,5.375622689794956,5.273462232456659,-1.3756226897949542,0.1296605453533667,0.21553398058252426,-0.6035182679296345,0.5776680384087779,-0.004264909707464777,21.517352226128512,6.868031768419638,411,835,510,515,0.16496144427039616,0.11797659297248536,0.7508972269853148,9,4.482852934988428,1.2505349794238685,1.1422222222222222
