randomization,name,type,l1,l2,l3,ipr1,ipr2,ipr3,l1_cm,l1_er,l1_reg,l2_mp,l3_mp,l1_lap,l2_lap,l3_lap,alg_conn,clustering_c,clustering_r,deg_assort,Q,N.olap,N.temp,N.nodf,H2,H3,H4,H17,cent_between,cent_close,cent_eigen,diam,mean_path_length,deg_het_row,deg_het_col
erdos-renyi,Carstensen2017_Teno,ecologicalinteractions,4.599091,3.616696,3.443672,0.027407356264750864,0.04426279853961139,0.06147136655596482,4.552043059163098,4.672474734998055,3.4358974358974357,3.82736439033676,2.535726913363809,6.599091395244236,5.616696286733243,5.443672289146445,-1.6166962867332346,0.2634282045794992,0.5118230358504958,-0.788381018841591,0.4849075517932725,-0.014644857018802422,39.05021410566763,11.589873994231061,544,1534,840,941,0.1036124903824048,0.13901378587159136,0.6571797851207891,6,3.538794538794539,1.255179327244375,1.030630429939853
