randomization,name,type,l1,l2,l3,ipr1,ipr2,ipr3,l1_cm,l1_er,l1_reg,l2_mp,l3_mp,l1_lap,l2_lap,l3_lap,alg_conn,clustering_c,clustering_r,deg_assort,Q,N.olap,N.temp,N.nodf,H2,H3,H4,H17,cent_between,cent_close,cent_eigen,diam,mean_path_length,deg_het_row,deg_het_col
erdos-renyi,Chinniah1978,ecologicalinteractions,5.174102,3.05219,2.513344,0.07551809854165199,0.09972646894365507,0.13751772388850808,5.170339506386727,5.279877484499066,3.642857142857143,3.230256834638513,1.7531782176736088,7.174102058830346,5.052189838623833,4.51334368182867,-1.0521898386238202,1,0.36640765092647937,-0.8853658025441663,0.3114186851211072,0.0173810346814149,53.53869414202492,38.780389445788686,283,742,741,1517,0.2636235907658361,0.22435620536946574,0.6394681971316785,4,2.4100529100529102,1.0361399461745484,1.140715109573241
