randomization,name,type,l1,l2,l3,ipr1,ipr2,ipr3,l1_cm,l1_er,l1_reg,l2_mp,l3_mp,l1_lap,l2_lap,l3_lap,alg_conn,clustering_c,clustering_r,deg_assort,Q,N.olap,N.temp,N.nodf,H2,H3,H4,H17,cent_between,cent_close,cent_eigen,diam,mean_path_length,deg_het_row,deg_het_col
erdos-renyi,Clements1923,ecologicalinteractions,6.998544,5.103904,4.841801,0.00798049864908849,0.029563066726210514,0.024713761274577892,6.774197923051583,6.692340004320253,5.085872576177286,4.892974326531932,3.869497257383532,8.998543634858862,7.103904348337168,6.841801308315081,-3.10390434833713,0.16818810888935853,0.34622981793198215,-0.6367815884356105,0.40236423787621856,-8.375220745233493e-4,15.286590181337049,4.041052435796748,6031,29329,16585,38429,0.04327655459688733,0.13319484785134664,0.7607820121859568,6,3.799692212988612,1.2328591567345895,1.0852307517051847
