randomization,name,type,l1,l2,l3,ipr1,ipr2,ipr3,l1_cm,l1_er,l1_reg,l2_mp,l3_mp,l1_lap,l2_lap,l3_lap,alg_conn,clustering_c,clustering_r,deg_assort,Q,N.olap,N.temp,N.nodf,H2,H3,H4,H17,cent_between,cent_close,cent_eigen,diam,mean_path_length,deg_het_row,deg_het_col
erdos-renyi,Comeau2006,ecologicalinteractions,7.513456,3.4694,3.020113,0.03651179562700578,0.05643145499334849,0.06841071093836469,7.477823192696874,7.673434688096333,7.151515151515151,3.880798188103374,2.323913443789693,9.513455925216395,5.469399608569118,5.020112780655928,-1.469399608569117,0.9877600202942669,0.960500695410292,0.021480667399339914,0.23204538925596094,-0.029066564209909624,72.16032659037533,39.7265625,765,4965,1483,1906,0.037085669092717766,0.11216344865801103,0.37167854784277665,4,2.090909090909091,1.0377765010054583,1.0525711002585465
