randomization,name,type,l1,l2,l3,ipr1,ipr2,ipr3,l1_cm,l1_er,l1_reg,l2_mp,l3_mp,l1_lap,l2_lap,l3_lap,alg_conn,clustering_c,clustering_r,deg_assort,Q,N.olap,N.temp,N.nodf,H2,H3,H4,H17,cent_between,cent_close,cent_eigen,diam,mean_path_length,deg_het_row,deg_het_col
erdos-renyi,Dicks2002-1,ecologicalinteractions,5.422512,3.7396759999999998,3.556562,0.035707860789871246,0.05209330035122327,0.04671142797220364,5.377911915740713,5.232352193433397,3.7435897435897436,4.009691485503497,2.652697450949516,7.422511848915734,5.739676411008331,5.556562126710995,-1.739676411008345,0.3560167631211335,0.7210004312203536,-0.7297915221197999,0.45993619816100645,0.007185099922159593,38.54049469356427,16.202612522551487,764,2485,1769,3309,0.13347383049103054,0.1668079938356291,0.6877603306754194,6,3.1924741924741924,1.2877650591105272,1.0926064927753802
