randomization,name,type,l1,l2,l3,ipr1,ipr2,ipr3,l1_cm,l1_er,l1_reg,l2_mp,l3_mp,l1_lap,l2_lap,l3_lap,alg_conn,clustering_c,clustering_r,deg_assort,Q,N.olap,N.temp,N.nodf,H2,H3,H4,H17,cent_between,cent_close,cent_eigen,diam,mean_path_length,deg_het_row,deg_het_col
erdos-renyi,Dupont2003,ecologicalinteractions,5.908183,3.749686,3.3864,0.0455647859676082,0.05102520254803189,0.1091959979797045,5.8878808863150995,5.8510095085209795,4.326530612244898,3.9166304592502765,2.424016764332574,7.908183242058606,5.749686309481399,5.386400134321433,-1.7496863094814026,0.6155511811023622,0.9068689422671724,-0.756340564274719,0.37059451762192935,-0.0026458467020277544,63.4297803791346,25.690184925013423,615,2312,1538,3085,0.1657611741518141,0.2594567219662858,0.6241731842682781,6,2.75,1.2175151299394802,1.0592737629049482
