randomization,name,type,l1,l2,l3,ipr1,ipr2,ipr3,l1_cm,l1_er,l1_reg,l2_mp,l3_mp,l1_lap,l2_lap,l3_lap,alg_conn,clustering_c,clustering_r,deg_assort,Q,N.olap,N.temp,N.nodf,H2,H3,H4,H17,cent_between,cent_close,cent_eigen,diam,mean_path_length,deg_het_row,deg_het_col
erdos-renyi,Dyer2002,ecologicalinteractions,4.127981,3.731187,3.626236,0.016407445116638476,0.018299458360242493,0.01625454496998359,3.8250617055541585,3.8123063847866585,3.0618066561014263,3.5425042411375425,2.936687922038277,6.127981131408691,5.731187219115781,5.626236371911084,-1.7311872191157733,0.04038461538461539,0.02664993355972243,-0.22465602270292317,NA,-9.143067831120397e-4,3.4026096037459324,1.023307259398004,2809,7479,2809,2221,0.044561231820334876,0.08165656112846628,0.8974757456469298,13,6.198435338213468,1.1892030914445173,1.2449944060800124
