randomization,name,type,l1,l2,l3,ipr1,ipr2,ipr3,l1_cm,l1_er,l1_reg,l2_mp,l3_mp,l1_lap,l2_lap,l3_lap,alg_conn,clustering_c,clustering_r,deg_assort,Q,N.olap,N.temp,N.nodf,H2,H3,H4,H17,cent_between,cent_close,cent_eigen,diam,mean_path_length,deg_het_row,deg_het_col
erdos-renyi,Gilarranz_2015_LaBrava,ecologicalinteractions,5.474417,3.837965,3.682052,0.029231018061495473,0.04835986495304177,0.04397515515382308,5.331800529447173,5.40947928853484,4.25,4.056969205321548,2.7220181183209986,7.474416510592993,5.83796515625051,5.682052496128751,-1.8379651562504908,0.6495872473669229,0.39375237371819216,-0.6066037334694044,0.4076470588235294,-0.001109560438059798,39.327379422404874,12.691451328552464,824,2987,1610,2608,0.1128258802319905,0.13418198340318846,0.647473748904114,6,3.162341772151899,1.1157785467128027,1.155778546712803
