randomization,name,type,l1,l2,l3,ipr1,ipr2,ipr3,l1_cm,l1_er,l1_reg,l2_mp,l3_mp,l1_lap,l2_lap,l3_lap,alg_conn,clustering_c,clustering_r,deg_assort,Q,N.olap,N.temp,N.nodf,H2,H3,H4,H17,cent_between,cent_close,cent_eigen,diam,mean_path_length,deg_het_row,deg_het_col
erdos-renyi,Gilarranz_2015_ElMorro,ecologicalinteractions,4.874686,3.864042,3.515601,0.032687229188265186,0.0505516713291186,0.03896136501148241,4.8563300552824264,4.887578393502958,3.341463414634146,3.9733115459509882,2.6336054246707747,6.874685861574027,5.86404164776694,5.515601462234694,-1.8640416477669184,0.6435406698564593,0.2711582134746404,-0.8272612698333205,0.4769566838936545,-0.010310464514267191,40.498181625579754,12.472742244265422,659,1723,1420,2404,0.12696873453789395,0.16107584309601497,0.71197020831178,6,3.4218608852755192,1.051094890510949,1.262400767222548
