randomization,name,type,l1,l2,l3,ipr1,ipr2,ipr3,l1_cm,l1_er,l1_reg,l2_mp,l3_mp,l1_lap,l2_lap,l3_lap,alg_conn,clustering_c,clustering_r,deg_assort,Q,N.olap,N.temp,N.nodf,H2,H3,H4,H17,cent_between,cent_close,cent_eigen,diam,mean_path_length,deg_het_row,deg_het_col
erdos-renyi,Hadfield_2013_A_HP_029,ecologicalinteractions,4.142229,3.08901,3.012277,0.04147325877626401,0.08431174883924411,0.06395935369119043,4.085706538286919,4.117819149726382,3.2244897959183674,3.391807759214686,2.0939131200886387,6.142228871949111,5.089009626785323,5.012276921947989,-1.0890096267853042,0.5762987012987013,0.3398858592263792,-0.5372583188117172,0.46322704694760425,-0.02472241643903572,45.858544584493515,15.062920062920062,262,705,304,257,0.1404307878560362,0.13245648345329875,0.6556980218568527,6,3.2806122448979593,1.08396090370133,1.2584521711264218
