randomization,name,type,l1,l2,l3,ipr1,ipr2,ipr3,l1_cm,l1_er,l1_reg,l2_mp,l3_mp,l1_lap,l2_lap,l3_lap,alg_conn,clustering_c,clustering_r,deg_assort,Q,N.olap,N.temp,N.nodf,H2,H3,H4,H17,cent_between,cent_close,cent_eigen,diam,mean_path_length,deg_het_row,deg_het_col
erdos-renyi,Hadfield_2013_A_HP_021,ecologicalinteractions,5.531266,2.632979,2.507484,0.058950503885601954,0.08551615011732086,0.0944297805946921,5.500916289548766,5.415775955907927,4.75,3.058851960713092,1.6567934879101285,7.53126644100823,4.632978503740006,4.5074843077114295,-0.6329785037400119,0.974585635359116,0.7214137214137214,-0.35714285714285426,0.2668513388734996,-0.021970738650069963,49.79443200125055,42.760891590678824,261,1143,360,317,0.11423517901594062,0.18239655770024585,0.40393188720763384,4,2.2644927536231885,1.027700831024931,1.2234533702677748
