randomization,name,type,l1,l2,l3,ipr1,ipr2,ipr3,l1_cm,l1_er,l1_reg,l2_mp,l3_mp,l1_lap,l2_lap,l3_lap,alg_conn,clustering_c,clustering_r,deg_assort,Q,N.olap,N.temp,N.nodf,H2,H3,H4,H17,cent_between,cent_close,cent_eigen,diam,mean_path_length,deg_het_row,deg_het_col
erdos-renyi,Hadfield_2013_A_HP_025,ecologicalinteractions,5.027613,3.531498,3.180744,0.034211540228731956,0.05515983097990748,0.07311446516411209,4.949747468305833,5.078097214298935,4,3.767999837088504,2.365593326753603,7.027613467104428,5.531498221631059,5.180743830225471,-1.53149822163107,0.7669781931464175,0.5118973722325678,-0.6782553644310942,0.4076368343195265,-0.01653546728820765,46.46908955448936,17.251765384061105,457,1524,755,969,0.11269583087851567,0.1283687016459112,0.5710956887059283,6,2.9992458521870287,1.0872781065088757,1.1562499999999998
