randomization,name,type,l1,l2,l3,ipr1,ipr2,ipr3,l1_cm,l1_er,l1_reg,l2_mp,l3_mp,l1_lap,l2_lap,l3_lap,alg_conn,clustering_c,clustering_r,deg_assort,Q,N.olap,N.temp,N.nodf,H2,H3,H4,H17,cent_between,cent_close,cent_eigen,diam,mean_path_length,deg_het_row,deg_het_col
erdos-renyi,Hadfield_2013_A_HP_028,ecologicalinteractions,3.132715,2.333678,1.319105,0.15179667840184205,0.15386900682481208,0.3233539826052381,3.181368772468226,3.0490620435180147,2.125,2.241677636661558,0.9853142105758188,5.132715444209918,4.333678350558546,3.319105493030411,-0.33367835055854345,1,0.29473684210526313,-0.8395762391222095,0.4048442906574394,0.22983539094650207,37.77307434368042,34.92063492063492,54,41,91,105,0.5627513227513227,0.32899200397782374,0.6791372906288569,4,2.525,1.2145328719723183,1.1245674740484428
