randomization,name,type,l1,l2,l3,ipr1,ipr2,ipr3,l1_cm,l1_er,l1_reg,l2_mp,l3_mp,l1_lap,l2_lap,l3_lap,alg_conn,clustering_c,clustering_r,deg_assort,Q,N.olap,N.temp,N.nodf,H2,H3,H4,H17,cent_between,cent_close,cent_eigen,diam,mean_path_length,deg_het_row,deg_het_col
erdos-renyi,Hadfield_2013_A_HP_044,ecologicalinteractions,8.083856,4.279162,3.878645,0.025253107648204497,0.041705363623696264,0.04115665614371697,8.03460942388603,8.082395684350834,7.433962264150943,4.471805606143462,2.901227623235494,10.083855895669425,6.279162411153411,5.878645452018932,-2.279162411153419,0.9267884368180324,0.9078804432167354,-0.012254011810123942,0.2754000360741067,-0.008104282258002376,63.164096413251336,28.906205973513664,1386,9742,3040,4595,0.038375063319554134,0.09478860016147106,0.3770160213356206,4,2.330914368650218,1.0846195470122908,1.0766059419206886
