randomization,name,type,l1,l2,l3,ipr1,ipr2,ipr3,l1_cm,l1_er,l1_reg,l2_mp,l3_mp,l1_lap,l2_lap,l3_lap,alg_conn,clustering_c,clustering_r,deg_assort,Q,N.olap,N.temp,N.nodf,H2,H3,H4,H17,cent_between,cent_close,cent_eigen,diam,mean_path_length,deg_het_row,deg_het_col
erdos-renyi,Hadfield_2013_A_HP_016,ecologicalinteractions,5.626524,2.629165,2.276903,0.08079411871014121,0.09125898268465471,0.11681276202420798,5.6992077395135805,5.582743028219762,4.08,2.8867913007075567,1.5081286233719173,7.626523517458579,4.629165234321916,4.276902782744694,-0.6291652343219247,1,0.9094877096255456,-0.7989544646471759,0.24913494809688572,0.11980339105339105,35.40086835327974,54.41666666666666,307,958,885,2131,0.37327643294044577,0.3414741446791218,0.631848540998692,4,2.16,1.0899653979238755,1.1457131872356787
