randomization,name,type,l1,l2,l3,ipr1,ipr2,ipr3,l1_cm,l1_er,l1_reg,l2_mp,l3_mp,l1_lap,l2_lap,l3_lap,alg_conn,clustering_c,clustering_r,deg_assort,Q,N.olap,N.temp,N.nodf,H2,H3,H4,H17,cent_between,cent_close,cent_eigen,diam,mean_path_length,deg_het_row,deg_het_col
erdos-renyi,Hadfield_2013_A_HP_034,ecologicalinteractions,4.535833,2.407521,1.799971,0.08124799029801534,0.10867260522284801,0.12230781396676854,4.5641906987651035,4.566351679708802,4.117647058823529,2.5854842637812396,1.265057649116733,6.535833104859098,4.407521272461787,3.7999711546916664,-0.40752127246178277,0.9512195121951219,0.797962648556876,-0.1986301369863016,0.23346938775510204,0.04869791666666667,48.96505342467288,48.932291666666664,125,434,128,82,0.16746439172426011,0.2307287605946017,0.4308292598987047,4,2.073529411764706,1.109387755102041,1.103673469387755
