randomization,name,type,l1,l2,l3,ipr1,ipr2,ipr3,l1_cm,l1_er,l1_reg,l2_mp,l3_mp,l1_lap,l2_lap,l3_lap,alg_conn,clustering_c,clustering_r,deg_assort,Q,N.olap,N.temp,N.nodf,H2,H3,H4,H17,cent_between,cent_close,cent_eigen,diam,mean_path_length,deg_het_row,deg_het_col
erdos-renyi,Hadfield_2013_A_HP_006,ecologicalinteractions,5.770486,3.646552,3.33898,0.03340678592589226,0.06859814729022086,0.04491317886433458,5.7496921321046734,5.7333279763921166,4.6415094339622645,3.9300460470334193,2.4886695081164882,7.770485872866132,5.646552339467871,5.338980033931301,-1.64655233946787,0.8927479855515421,0.6283666377063423,-0.6232983477086148,0.3511137550399893,-0.006295496649220296,51.62684788863773,21.511190604702055,634,2634,1217,1857,0.10198122068861072,0.147537955236619,0.5914476587074603,5,2.7445573294629897,1.0861259832110517,1.191023861458127
