randomization,name,type,l1,l2,l3,ipr1,ipr2,ipr3,l1_cm,l1_er,l1_reg,l2_mp,l3_mp,l1_lap,l2_lap,l3_lap,alg_conn,clustering_c,clustering_r,deg_assort,Q,N.olap,N.temp,N.nodf,H2,H3,H4,H17,cent_between,cent_close,cent_eigen,diam,mean_path_length,deg_het_row,deg_het_col
erdos-renyi,Hadfield_2013_A_HP_040,ecologicalinteractions,3.229605,2.166947,2,0.14132093773330853,0.12120627989650956,0.12500000000000078,3.061499806481908,3.1102363285968906,2.3636363636363638,2.6841052870413704,1.3713453964182611,5.229605345832641,4.166947326198824,3.9999999999999853,-0.16694732619882133,0.4666666666666667,0.33986928104575165,-0.5413173652694613,0.4822485207100593,-0.010237416904083549,48.80219440612354,22.88888888888889,64,88,74,76,0.4586696900982616,0.279052394765442,0.7582309896583004,6,3.1515151515151514,1.1715976331360949,1.136094674556213
