randomization,name,type,l1,l2,l3,ipr1,ipr2,ipr3,l1_cm,l1_er,l1_reg,l2_mp,l3_mp,l1_lap,l2_lap,l3_lap,alg_conn,clustering_c,clustering_r,deg_assort,Q,N.olap,N.temp,N.nodf,H2,H3,H4,H17,cent_between,cent_close,cent_eigen,diam,mean_path_length,deg_het_row,deg_het_col
erdos-renyi,Hadfield_2013_A_HP_046,ecologicalinteractions,8.544262,4.406627,4.101968,0.028913416980693177,0.054355258050475926,0.04284798968361334,8.504333821970663,8.50898715038673,7.214285714285714,4.585354113503924,2.977911011263962,10.544261732737253,6.406627229243702,6.101967764763984,-2.4066272292436994,0.9851634433677777,0.8274569615940031,-0.6641080110857189,0.2751200862660523,-0.004927288552394573,71.0515501700083,31.704831339951067,1643,11118,5034,12675,0.08488673677474812,0.12536691680069997,0.5647211023276932,4,2.3694805194805193,1.0490638172728164,1.1201842956572885
