randomization,name,type,l1,l2,l3,ipr1,ipr2,ipr3,l1_cm,l1_er,l1_reg,l2_mp,l3_mp,l1_lap,l2_lap,l3_lap,alg_conn,clustering_c,clustering_r,deg_assort,Q,N.olap,N.temp,N.nodf,H2,H3,H4,H17,cent_between,cent_close,cent_eigen,diam,mean_path_length,deg_het_row,deg_het_col
erdos-renyi,Hadfield_2013_A_HP_010,ecologicalinteractions,4.414887,3.2854,2.932651,0.039409571707047494,0.05782933723410715,0.0695584040498268,4.3011025878342375,4.366645657982372,3.5918367346938775,3.4622933012323642,2.1538740106588072,6.414887310979128,5.285399541295907,4.9326513691430485,-1.2853995412958958,0.5696078431372549,0.44379276637341153,-0.3576826196473553,0.4448605371900824,-0.015014775514970487,40.81352409106672,15.531668978270918,304,934,357,323,0.14949527449212494,0.16040980898536353,0.6246139948778129,8,3.2006802721088436,1.1482438016528924,1.1608987603305783
