randomization,name,type,l1,l2,l3,ipr1,ipr2,ipr3,l1_cm,l1_er,l1_reg,l2_mp,l3_mp,l1_lap,l2_lap,l3_lap,alg_conn,clustering_c,clustering_r,deg_assort,Q,N.olap,N.temp,N.nodf,H2,H3,H4,H17,cent_between,cent_close,cent_eigen,diam,mean_path_length,deg_het_row,deg_het_col
erdos-renyi,Hadfield_2013_A_HP_032,ecologicalinteractions,3.159871,2.455084,1.851565,0.0805367487771919,0.1355538823235296,0.13989856969035355,3.172226381270876,3.2843228472084935,2.761904761904762,2.6881930643738174,1.3894141611607722,5.159871113116453,4.45508393822669,3.8515645627444424,-0.45508393822668824,0.5284552845528455,0.46846846846846846,-0.25959595959595994,0.42925089179548154,-0.06462301587301586,50.35390370494944,23.75,63,128,36,12,0.19084210526315798,0.14488192121291835,0.5808743207390625,6,2.8476190476190477,1.1902497027348395,1.1058263971462545
