randomization,name,type,l1,l2,l3,ipr1,ipr2,ipr3,l1_cm,l1_er,l1_reg,l2_mp,l3_mp,l1_lap,l2_lap,l3_lap,alg_conn,clustering_c,clustering_r,deg_assort,Q,N.olap,N.temp,N.nodf,H2,H3,H4,H17,cent_between,cent_close,cent_eigen,diam,mean_path_length,deg_het_row,deg_het_col
erdos-renyi,Hadfield_2013_A_HP_012,ecologicalinteractions,5.451953,2.967183,2.620604,0.05598882579589064,0.08192807303417048,0.09547654035537362,5.457109615123552,5.524002034827835,4.2,3.3802739610680845,1.9010639342466142,7.451953383982315,4.967183039720803,4.6206044727905935,-0.9671830397208165,1,0.7819990954319312,-0.8972259269138445,0.30889392794154696,-0.02647244280455956,57.519180549647054,37.58414436334144,326,1153,652,960,0.18082233762157113,0.2694098744495613,0.4668855603515283,4,2.4298850574712643,1.0070546737213404,1.199546485260771
