randomization,name,type,l1,l2,l3,ipr1,ipr2,ipr3,l1_cm,l1_er,l1_reg,l2_mp,l3_mp,l1_lap,l2_lap,l3_lap,alg_conn,clustering_c,clustering_r,deg_assort,Q,N.olap,N.temp,N.nodf,H2,H3,H4,H17,cent_between,cent_close,cent_eigen,diam,mean_path_length,deg_het_row,deg_het_col
erdos-renyi,Hadfield_2013_A_HP_048,ecologicalinteractions,5.965594,2.728483,2.545662,0.052410890491641,0.0930652277128387,0.08046122844916058,5.949683219351498,5.989953091455722,5.461538461538462,3.3170944294872657,1.8602068385789197,7.9655943201054065,4.728483256274793,4.545661749986333,-0.7284832562747924,0.9691289966923925,0.9126679462571977,-0.0643636956167505,0.23705613965483036,0.004295318976847639,56.887297310507755,42.77449196239005,352,1734,522,513,0.0785940322727431,0.15769535896643241,0.4277973103389084,4,2.147692307692308,1.0593136282483633,1.1136679230311448
