randomization,name,type,l1,l2,l3,ipr1,ipr2,ipr3,l1_cm,l1_er,l1_reg,l2_mp,l3_mp,l1_lap,l2_lap,l3_lap,alg_conn,clustering_c,clustering_r,deg_assort,Q,N.olap,N.temp,N.nodf,H2,H3,H4,H17,cent_between,cent_close,cent_eigen,diam,mean_path_length,deg_het_row,deg_het_col
erdos-renyi,Hocking1968,ecologicalinteractions,4.480525,3.935789,3.491399,0.027253970274890797,0.031144718740977538,0.038055927534794365,4.409593471227505,4.432445319795003,3.2962962962962963,3.787457145781989,2.627411548973085,6.48052504549778,5.935789209312314,5.4913990568407405,-1.9357892093123266,0.20546875,0.40049751243781095,-0.6996990372342943,0.548668097462443,-0.008438029118718863,24.227658274975663,7.635524060764309,681,1857,998,1088,0.10278281542604407,0.12536815921179617,0.723906479176521,8,3.980269989615784,1.2877161974498168,1.0675419770231032
