randomization,name,type,l1,l2,l3,ipr1,ipr2,ipr3,l1_cm,l1_er,l1_reg,l2_mp,l3_mp,l1_lap,l2_lap,l3_lap,alg_conn,clustering_c,clustering_r,deg_assort,Q,N.olap,N.temp,N.nodf,H2,H3,H4,H17,cent_between,cent_close,cent_eigen,diam,mean_path_length,deg_het_row,deg_het_col
erdos-renyi,Ibanez2013,ecologicalinteractions,12.100745,4.47203,4.06084,0.022223578423858387,0.03887929836837148,0.0454342412168703,12.088800962242136,12.273836473300168,11.76,4.866844316360813,3.1763944377511937,14.10074533170832,6.472030283802551,6.060840313997172,-2.4720302838025567,1,0.9962610912594853,-0.052893590541377086,0.17084316719885229,-0.019771217784431687,77.63542521624157,44.97502913060317,3262,36136,11334,27602,0.01607488530914106,0.08205868752823303,0.2538568988564112,4,2.0326530612244897,1.0195751770095793,1.0347540376694897
