randomization,name,type,l1,l2,l3,ipr1,ipr2,ipr3,l1_cm,l1_er,l1_reg,l2_mp,l3_mp,l1_lap,l2_lap,l3_lap,alg_conn,clustering_c,clustering_r,deg_assort,Q,N.olap,N.temp,N.nodf,H2,H3,H4,H17,cent_between,cent_close,cent_eigen,diam,mean_path_length,deg_het_row,deg_het_col
erdos-renyi,Ingversen2006-1,ecologicalinteractions,3.907876,3.321881,3.091358,0.02980425901149005,0.047717276402056204,0.05643725410331575,3.880699989255773,3.9394343673189938,3.2285714285714286,3.3973163600461045,2.2354664388963066,5.907875614734971,5.321881018170819,5.091357740294226,-1.3218810181708176,0.21025308241401688,0.30288461538461536,-0.4120738207784366,0.4902498237919965,-0.003821778227150974,24.47041884421688,9.355086667435335,337,860,340,269,0.1326566652410247,0.1144712792802274,0.6204464358402615,8,3.7126293995859214,1.14793640848931,1.2082387031090924
