randomization,name,type,l1,l2,l3,ipr1,ipr2,ipr3,l1_cm,l1_er,l1_reg,l2_mp,l3_mp,l1_lap,l2_lap,l3_lap,alg_conn,clustering_c,clustering_r,deg_assort,Q,N.olap,N.temp,N.nodf,H2,H3,H4,H17,cent_between,cent_close,cent_eigen,diam,mean_path_length,deg_het_row,deg_het_col
erdos-renyi,janzen2003,ecologicalinteractions,5.060979,4.350042,4.228719,0.007708416899827526,0.06887225867049335,0.019981829871360678,4.791311900417848,4.820074368578082,3.5523349436392913,4.148507237821977,3.416744785443072,7.060979466224322,6.3500416101899315,6.228719499506357,-2.350041610189943,0.04220340330788804,0.09521748539277212,-0.6106769081091002,NA,-6.262119288148455e-4,5.926772539157428,1.504774653142556,4843,14546,9141,14603,0.040617168780763914,0.09551899456678943,0.8460433024376731,10,5.122154693262687,1.2284505539577628,1.1189683785012277
