randomization,name,type,l1,l2,l3,ipr1,ipr2,ipr3,l1_cm,l1_er,l1_reg,l2_mp,l3_mp,l1_lap,l2_lap,l3_lap,alg_conn,clustering_c,clustering_r,deg_assort,Q,N.olap,N.temp,N.nodf,H2,H3,H4,H17,cent_between,cent_close,cent_eigen,diam,mean_path_length,deg_het_row,deg_het_col
erdos-renyi,Joern-Marathon,ecologicalinteractions,5.457371,3.841532,3.539735,0.037116875535352783,0.04429032937227967,0.04672744382625283,5.296549913314972,5.2703044225271,4.191780821917808,3.9483729103610723,2.6159338394344758,7.457371431320973,5.841532438875506,5.539734670242068,-1.8415324388754835,0.6282013541360023,0.4011846451759882,-0.5081469266164855,0.42594728523217534,-0.0014786848033888388,42.69117524504676,14.467394970383019,715,2717,1285,1914,0.15605332940582403,0.1640469794005211,0.683941890409639,6,3.1445966514459665,1.1080353710111497,1.2135076252723311
