randomization,name,type,l1,l2,l3,ipr1,ipr2,ipr3,l1_cm,l1_er,l1_reg,l2_mp,l3_mp,l1_lap,l2_lap,l3_lap,alg_conn,clustering_c,clustering_r,deg_assort,Q,N.olap,N.temp,N.nodf,H2,H3,H4,H17,cent_between,cent_close,cent_eigen,diam,mean_path_length,deg_het_row,deg_het_col
erdos-renyi,Kaiser-Bunbury_2014_M_PL_061_04,ecologicalinteractions,3.72106,2.175097,1.948886,0.10601173100859503,0.1088546657873572,0.13332750538529622,3.799167470563486,3.4352702558560413,2.8,2.4136870354128352,1.198159333562059,5.72106037544633,4.175096539436305,3.9488857008100995,-0.17509653943630463,0.8015873015873016,0.6118421052631579,-0.38179669030732816,0.39285714285714285,0.11393161412100807,33.10350124167468,38.98989898989899,82,194,93,84,0.38878140771030895,0.32761474861887896,0.6507811364414721,6,2.636842105263158,1.2321428571428572,1.3596938775510206
