randomization,name,type,l1,l2,l3,ipr1,ipr2,ipr3,l1_cm,l1_er,l1_reg,l2_mp,l3_mp,l1_lap,l2_lap,l3_lap,alg_conn,clustering_c,clustering_r,deg_assort,Q,N.olap,N.temp,N.nodf,H2,H3,H4,H17,cent_between,cent_close,cent_eigen,diam,mean_path_length,deg_het_row,deg_het_col
erdos-renyi,Kaiser-Bunbury_2014_M_PL_061_43,ecologicalinteractions,3.092506,2.179438,1.827554,0.1429491765724842,0.11041248196287907,0.08325456908917031,2.8691462144686875,2.7403169040630826,2.1739130434782608,2.505049024420256,1.293905650227411,5.092505972315651,4.179438218308482,3.827553595956922,-0.17943821830849216,0.3181818181818182,0.37815126050420167,-0.4586504312531712,0.528,0.02137876743139902,27.493816960926537,22.431077694235587,52,72,45,30,0.3869211596484323,0.2401649925117907,0.7489716230629508,9,3.83399209486166,1.344,1.176
