randomization,name,type,l1,l2,l3,ipr1,ipr2,ipr3,l1_cm,l1_er,l1_reg,l2_mp,l3_mp,l1_lap,l2_lap,l3_lap,alg_conn,clustering_c,clustering_r,deg_assort,Q,N.olap,N.temp,N.nodf,H2,H3,H4,H17,cent_between,cent_close,cent_eigen,diam,mean_path_length,deg_het_row,deg_het_col
erdos-renyi,Kaiser-Bunbury_2010_M_PL_060_03,ecologicalinteractions,6.187806,3.830862,3.807047,0.03661626656652675,0.10226669000657485,0.06430144786584216,6.144704748782007,6.071304871699152,4.482758620689655,4.095478615382374,2.6083175697743615,8.187805742868715,5.830861801587506,5.80704672130136,-1.830861801587527,0.8996874111963626,0.6019032513877874,-0.7524018701191951,0.37236686390532536,0.009243981884415081,51.448626814986845,24.899598424879322,804,3170,2188,4884,0.16215101283145053,0.16754511932220084,0.640740131760254,6,2.8160919540229883,1.0907692307692307,1.198224852071006
