randomization,name,type,l1,l2,l3,ipr1,ipr2,ipr3,l1_cm,l1_er,l1_reg,l2_mp,l3_mp,l1_lap,l2_lap,l3_lap,alg_conn,clustering_c,clustering_r,deg_assort,Q,N.olap,N.temp,N.nodf,H2,H3,H4,H17,cent_between,cent_close,cent_eigen,diam,mean_path_length,deg_het_row,deg_het_col
erdos-renyi,Kaiser-Bunbury_2014_M_PL_061_42,ecologicalinteractions,2.655953,1.971988,1.414214,0.14999671928140546,0.2028152196331986,0.12500000000000022,2.6764277135993133,2.7147294958849333,2.1538461538461537,2.1789291925860867,0.932852739858931,4.655952600365079,3.9719877896198534,3.414213562373099,0.028012210380148676,0.625,0.3142857142857143,-0.6722222222222223,0.41326530612244905,0.010912698412698419,35.07833797818549,39.08730158730159,26,31,16,6,0.41877104377104374,0.3124097746712074,0.6351701754773118,6,2.6923076923076925,1.1020408163265305,1.193877551020408
