randomization,name,type,l1,l2,l3,ipr1,ipr2,ipr3,l1_cm,l1_er,l1_reg,l2_mp,l3_mp,l1_lap,l2_lap,l3_lap,alg_conn,clustering_c,clustering_r,deg_assort,Q,N.olap,N.temp,N.nodf,H2,H3,H4,H17,cent_between,cent_close,cent_eigen,diam,mean_path_length,deg_het_row,deg_het_col
erdos-renyi,Kaiser-Bunbury_2014_M_PL_061_45,ecologicalinteractions,3.752236,2.801486,2.560433,0.07303065014406832,0.055247527703027335,0.06532229822849037,3.74550397143028,3.7124191424633164,2.9411764705882355,3.0589302450779687,1.7567419479850648,5.752236116878455,4.801486174064675,4.560432865197961,-0.8014861740646599,0.6108597285067874,0.3409090909090909,-0.5443844588016638,0.4752000000000002,0.010583804893568286,37.15992286233229,19.821428571428573,151,333,177,175,0.2930322062897821,0.2504013319857885,0.7085108680924053,6,3.0677361853832443,1.2055999999999998,1.1776
