randomization,name,type,l1,l2,l3,ipr1,ipr2,ipr3,l1_cm,l1_er,l1_reg,l2_mp,l3_mp,l1_lap,l2_lap,l3_lap,alg_conn,clustering_c,clustering_r,deg_assort,Q,N.olap,N.temp,N.nodf,H2,H3,H4,H17,cent_between,cent_close,cent_eigen,diam,mean_path_length,deg_het_row,deg_het_col
erdos-renyi,Kaiser-Bunbury_2014_M_PL_061_01,ecologicalinteractions,2.669833,2.131055,1.718104,0.19949722453413127,0.14566221371587487,0.13575839446310028,2.538969629989087,2.576766489735433,2,2.3906343212871235,1.125666496775187,4.669832875095248,4.131054562867724,3.718104217599988,-0.13105456286772166,0,0.25806451612903225,-0.576694411414982,0.5363321799307958,-0.01688596491228073,49.06841627233324,23.793859649122805,31,28,25,16,0.4859375,0.22869012306362443,0.7988727667450729,9,3.764705882352941,1.1937716262975782,1.121107266435986
