randomization,name,type,l1,l2,l3,ipr1,ipr2,ipr3,l1_cm,l1_er,l1_reg,l2_mp,l3_mp,l1_lap,l2_lap,l3_lap,alg_conn,clustering_c,clustering_r,deg_assort,Q,N.olap,N.temp,N.nodf,H2,H3,H4,H17,cent_between,cent_close,cent_eigen,diam,mean_path_length,deg_het_row,deg_het_col
erdos-renyi,Kaiser-Bunbury_2014_M_PL_061_19,ecologicalinteractions,3.470246,2.648103,2.51251,0.08229171812050938,0.06122441720040097,0.10276294542729654,3.326577175187634,3.446057529989887,2.75,2.9826247979370715,1.6921417406046755,5.470245960124442,4.648103213169407,4.51251029878342,-0.6481032131694182,0.45925925925925926,0.3351206434316354,-0.4145153433999028,0.4979338842975206,-0.028949588524585596,51.26327364349896,15.201257861635218,111,222,103,79,0.3045673099783401,0.21587066579469497,0.6828584200822893,7,3.2963709677419355,1.1704545454545454,1.128099173553719
