randomization,name,type,l1,l2,l3,ipr1,ipr2,ipr3,l1_cm,l1_er,l1_reg,l2_mp,l3_mp,l1_lap,l2_lap,l3_lap,alg_conn,clustering_c,clustering_r,deg_assort,Q,N.olap,N.temp,N.nodf,H2,H3,H4,H17,cent_between,cent_close,cent_eigen,diam,mean_path_length,deg_het_row,deg_het_col
erdos-renyi,Kaiser-Bunbury_2014_M_PL_061_38,ecologicalinteractions,3.813303,2.972112,2.730849,0.0654936551881569,0.09694205777793767,0.08091696297355504,3.7805812607174523,3.796239609021548,2.9696969696969697,3.091404237049167,1.76318123584143,5.813303495958179,4.972112373223937,4.730848596962298,-0.972112373223943,0.5523809523809524,0.4340974212034384,-0.5542570951585977,0.48896293211162023,-0.011636832408696444,52.0811850127153,19.166666666666668,152,336,188,194,0.25424688718539523,0.17281847189718136,0.6664791468763479,6,3.0568181818181817,1.1620158267388585,1.1782590587255308
