randomization,name,type,l1,l2,l3,ipr1,ipr2,ipr3,l1_cm,l1_er,l1_reg,l2_mp,l3_mp,l1_lap,l2_lap,l3_lap,alg_conn,clustering_c,clustering_r,deg_assort,Q,N.olap,N.temp,N.nodf,H2,H3,H4,H17,cent_between,cent_close,cent_eigen,diam,mean_path_length,deg_het_row,deg_het_col
erdos-renyi,Kaiser-Bunbury_2014_M_PL_061_18,ecologicalinteractions,2.855024,2.490934,2.214151,0.06889349735588024,0.06197918906036256,0.08569250613904794,2.839229559193113,3.00191117413055,2.413793103448276,2.7882770765542966,1.543531914036753,4.855023539757048,4.490933861817302,4.214151129914375,-0.4909338618173093,0.2545454545454545,0.2032520325203252,-0.561735941320294,0.5493877551020411,-0.046981984361792045,37.52987826415576,12.620192307692308,67,102,36,12,0.1992178220494547,0.1622922636848637,0.5992972328218502,8,3.7438423645320196,1.1224489795918366,1.1608163265306124
