randomization,name,type,l1,l2,l3,ipr1,ipr2,ipr3,l1_cm,l1_er,l1_reg,l2_mp,l3_mp,l1_lap,l2_lap,l3_lap,alg_conn,clustering_c,clustering_r,deg_assort,Q,N.olap,N.temp,N.nodf,H2,H3,H4,H17,cent_between,cent_close,cent_eigen,diam,mean_path_length,deg_het_row,deg_het_col
erdos-renyi,Kaiser-Bunbury_2014_M_PL_061_30,ecologicalinteractions,3.878922,2.238587,2.09495,0.09480654707752871,0.10784640827578208,0.1265562074694068,4,3.6497814630451595,3,2.451962605698637,1.2206220693308472,5.878922256580296,4.238587166434025,4.094950039604024,-0.23858716643402975,0.9090909090909091,0.6178010471204188,-0.41388174807197986,0.3799999999999999,0.13417508417508417,31.766425750919247,42.525252525252526,93,240,104,89,0.3603413104798146,0.2963015794244172,0.6000999077237642,5,2.531578947368421,1.1666666666666667,1.3866666666666672
