randomization,name,type,l1,l2,l3,ipr1,ipr2,ipr3,l1_cm,l1_er,l1_reg,l2_mp,l3_mp,l1_lap,l2_lap,l3_lap,alg_conn,clustering_c,clustering_r,deg_assort,Q,N.olap,N.temp,N.nodf,H2,H3,H4,H17,cent_between,cent_close,cent_eigen,diam,mean_path_length,deg_het_row,deg_het_col
erdos-renyi,Kaiser-Bunbury_2010_M_PL_060_21,ecologicalinteractions,3.096265,2.63483,2.508568,0.07509269921345443,0.09634363329932862,0.10605918767337913,3.1149839485942783,3.2239528149845422,2.2857142857142856,2.9344552964140296,1.5799272335261834,5.096264656322333,4.634829758788955,4.508568194428123,-0.6348297587889662,0.5185185185185185,0.14146341463414633,-0.8401038768317566,0.5419921875,-0.040957032090162146,46.6434450289412,17.472899728997287,87,95,106,91,0.3198761914811298,0.1984968142539189,0.6133304865076289,6,3.3703703703703702,1.078125,1.16015625
