randomization,name,type,l1,l2,l3,ipr1,ipr2,ipr3,l1_cm,l1_er,l1_reg,l2_mp,l3_mp,l1_lap,l2_lap,l3_lap,alg_conn,clustering_c,clustering_r,deg_assort,Q,N.olap,N.temp,N.nodf,H2,H3,H4,H17,cent_between,cent_close,cent_eigen,diam,mean_path_length,deg_het_row,deg_het_col
erdos-renyi,Kaiser-Bunbury_2014_M_PL_061_29,ecologicalinteractions,3.814497,2.720088,2.357989,0.08367421524643653,0.08215168559979481,0.11790377406581636,3.6984457527714656,3.788803186469154,3,2.9651622481024162,1.6076471826949943,5.814497354536575,4.72008823332098,4.357988728734658,-0.7200882333209712,0.6178343949044586,0.5555555555555556,-0.5700014909795736,0.42077580539119014,-0.03318972004054876,46.48330558469611,22.640094711917918,118,259,137,127,0.2419331216931217,0.2168016767698275,0.6685111436144279,6,2.9907692307692306,1.1518737672583828,1.124260355029586
