randomization,name,type,l1,l2,l3,ipr1,ipr2,ipr3,l1_cm,l1_er,l1_reg,l2_mp,l3_mp,l1_lap,l2_lap,l3_lap,alg_conn,clustering_c,clustering_r,deg_assort,Q,N.olap,N.temp,N.nodf,H2,H3,H4,H17,cent_between,cent_close,cent_eigen,diam,mean_path_length,deg_het_row,deg_het_col
erdos-renyi,Kaiser-Bunbury_2014_M_PL_061_35,ecologicalinteractions,2.769939,1.892914,1.503355,0.1701169826122736,0.12169164579042037,0.15568776447294927,2.6954823316059784,2.475790184372867,2,2.1411148017567916,0.981496868967612,4.769939452942784,3.8929138861481847,3.5033552002802333,0.10708611385181205,0.2,0.3076923076923077,-0.4564102564102564,0.5,0.030648148148148174,28.795985362378406,25,30,34,25,16,0.46730158730158733,0.27739048917842085,0.7329423233443441,7,3.3333333333333335,1.4531250000000002,1.1718749999999998
