randomization,name,type,l1,l2,l3,ipr1,ipr2,ipr3,l1_cm,l1_er,l1_reg,l2_mp,l3_mp,l1_lap,l2_lap,l3_lap,alg_conn,clustering_c,clustering_r,deg_assort,Q,N.olap,N.temp,N.nodf,H2,H3,H4,H17,cent_between,cent_close,cent_eigen,diam,mean_path_length,deg_het_row,deg_het_col
erdos-renyi,Kaiser-Bunbury_2010_M_PL_060_20,ecologicalinteractions,3.125931,2.778025,2.208178,0.07928625251760961,0.09383441827344548,0.08711230090465968,3.097750073032754,3.043562947582755,2.466666666666667,2.7450515289682196,1.5298588973450118,5.125930827080366,4.7780246298779305,4.208178255295226,-0.7780246298779299,0.2112676056338028,0.35714285714285715,-0.4600490196078433,0.5317750182615046,-0.008838630927672016,31.03605078735713,14.726027397260275,82,131,70,52,0.3380528084112252,0.18533791597519958,0.6773404709166994,8,3.871264367816092,1.3235938641344047,1.143900657414171
