randomization,name,type,l1,l2,l3,ipr1,ipr2,ipr3,l1_cm,l1_er,l1_reg,l2_mp,l3_mp,l1_lap,l2_lap,l3_lap,alg_conn,clustering_c,clustering_r,deg_assort,Q,N.olap,N.temp,N.nodf,H2,H3,H4,H17,cent_between,cent_close,cent_eigen,diam,mean_path_length,deg_het_row,deg_het_col
erdos-renyi,Kaiser-Bunbury_2014_M_PL_061_23,ecologicalinteractions,3.263196,2.662807,2.533709,0.06094609582324183,0.07071368553598148,0.1673774176808839,3.2192602199319587,3.4566801026603686,2.588235294117647,3.0931661396822463,1.7629778672602905,5.263196033456779,4.662806953196787,4.533708872263649,-0.6628069531967913,0.4024390243902439,0.2134502923976608,-0.8165137614678893,0.5258264462809921,-0.04578644821830911,43.47725386182255,11.478174603174605,114,174,110,75,0.2054313881965398,0.16862948547766551,0.6252493118137528,7,3.5240641711229945,1.0599173553719006,1.1363636363636365
