randomization,name,type,l1,l2,l3,ipr1,ipr2,ipr3,l1_cm,l1_er,l1_reg,l2_mp,l3_mp,l1_lap,l2_lap,l3_lap,alg_conn,clustering_c,clustering_r,deg_assort,Q,N.olap,N.temp,N.nodf,H2,H3,H4,H17,cent_between,cent_close,cent_eigen,diam,mean_path_length,deg_het_row,deg_het_col
erdos-renyi,Kaiser-Bunbury_2010_M_PL_060_08,ecologicalinteractions,3.552181,3.081111,2.883449,0.0453597485757856,0.06040967583301635,0.05770367584945454,3.5039660069381062,3.731411609608911,3.0638297872340425,3.233385963790908,1.9912303268649987,5.552180633503719,5.081111442040217,4.883449043846526,-1.0811114420402228,0.32577903682719545,0.30173775671406006,-0.3829046388857697,0.5248842592592592,-0.022909876022516304,37.342306251191786,11.423800850030359,185,428,138,72,0.12397395008273843,0.1139334226494294,0.6671876452142314,7,3.6688251618871415,1.121527777777778,1.1234567901234567
