randomization,name,type,l1,l2,l3,ipr1,ipr2,ipr3,l1_cm,l1_er,l1_reg,l2_mp,l3_mp,l1_lap,l2_lap,l3_lap,alg_conn,clustering_c,clustering_r,deg_assort,Q,N.olap,N.temp,N.nodf,H2,H3,H4,H17,cent_between,cent_close,cent_eigen,diam,mean_path_length,deg_het_row,deg_het_col
erdos-renyi,Kaiser-Bunbury_2014_M_PL_061_05,ecologicalinteractions,3.815149,2.939437,2.506619,0.06041701970853139,0.09186604203678991,0.09509474245638436,3.73656763838994,3.7149978414463893,3,3.0543614366060887,1.7595341114157137,5.815148623223749,4.939437170679035,4.506619223708272,-0.9394371706790207,0.5772357723577236,0.41748942172073344,-0.47294233612617104,0.4648212226066899,0.005172366875532982,38.74089436177672,19.335417668751003,151,353,165,140,0.20012102859898995,0.191110881462299,0.5832473800281468,8,3.201426024955437,1.2410611303344867,1.1418685121107266
