randomization,name,type,l1,l2,l3,ipr1,ipr2,ipr3,l1_cm,l1_er,l1_reg,l2_mp,l3_mp,l1_lap,l2_lap,l3_lap,alg_conn,clustering_c,clustering_r,deg_assort,Q,N.olap,N.temp,N.nodf,H2,H3,H4,H17,cent_between,cent_close,cent_eigen,diam,mean_path_length,deg_het_row,deg_het_col
erdos-renyi,Kaiser-Bunbury_2014_M_PL_061_14,ecologicalinteractions,2.965121,1.95848,1.653687,0.17364685638085328,0.1233296525108499,0.15189799423689407,2.911021889802029,2.8268087573914604,2.2666666666666666,2.2291901515939667,1.0057035336950357,4.965121440521527,3.9584799161242534,3.653686836785328,0.04152008387575288,0.38461538461538464,0.4838709677419355,-0.5193236714975845,0.42560553633217996,0.08924963924963923,31.046423015154392,29.393939393939394,38,47,40,36,0.553375196232339,0.3618482310135803,0.7285420350144965,6,2.761904761904762,1.3667820069204155,1.072664359861592
