randomization,name,type,l1,l2,l3,ipr1,ipr2,ipr3,l1_cm,l1_er,l1_reg,l2_mp,l3_mp,l1_lap,l2_lap,l3_lap,alg_conn,clustering_c,clustering_r,deg_assort,Q,N.olap,N.temp,N.nodf,H2,H3,H4,H17,cent_between,cent_close,cent_eigen,diam,mean_path_length,deg_het_row,deg_het_col
erdos-renyi,Kaiser-Bunbury_2014_M_PL_061_13,ecologicalinteractions,3.993801,2.656127,2.111612,0.1023881131008549,0.19866043451677476,0.09607103326366073,3.8704361684598654,3.912453741388434,3,2.9767656143038117,1.604537622619523,5.993801481552231,4.656127125472288,4.111612388470377,-0.6561271254722882,0.9375,0.5911111111111111,-0.6439499304589712,0.4069690992767916,-0.015204819775132255,48.5610202024658,26.939484126984127,130,279,181,204,0.24847851851851846,0.24309510460420305,0.7081661681325871,5,2.710769230769231,1.1275476660092045,1.1617357001972384
