randomization,name,type,l1,l2,l3,ipr1,ipr2,ipr3,l1_cm,l1_er,l1_reg,l2_mp,l3_mp,l1_lap,l2_lap,l3_lap,alg_conn,clustering_c,clustering_r,deg_assort,Q,N.olap,N.temp,N.nodf,H2,H3,H4,H17,cent_between,cent_close,cent_eigen,diam,mean_path_length,deg_het_row,deg_het_col
erdos-renyi,Kaiser-Bunbury_2014_M_PL_061_03,ecologicalinteractions,3.168199,2.13555,1.992292,0.1559452631557486,0.12104490075570536,0.11883515301880163,3.1091263510296048,3.0790857784039125,2.4,2.557437814052893,1.2732922267610927,5.168198693293208,4.135550052704839,3.9922921042116046,-0.13555005270484818,0.4838709677419355,0.3629032258064516,-0.4935251798561148,0.4513888888888889,0.005322088812654854,48.4185540788283,27.201257861635217,58,83,66,71,0.44208474402380227,0.2705040930952054,0.7553977126725853,6,2.9368421052631577,1.2083333333333333,1.1666666666666667
