randomization,name,type,l1,l2,l3,ipr1,ipr2,ipr3,l1_cm,l1_er,l1_reg,l2_mp,l3_mp,l1_lap,l2_lap,l3_lap,alg_conn,clustering_c,clustering_r,deg_assort,Q,N.olap,N.temp,N.nodf,H2,H3,H4,H17,cent_between,cent_close,cent_eigen,diam,mean_path_length,deg_het_row,deg_het_col
erdos-renyi,Kaiser-Bunbury_2010_M_PL_060_16,ecologicalinteractions,5.214515,3.404234,3.134835,0.04132876590294623,0.06454918166336931,0.04440455032198823,5.064313979696482,5.100547562117394,4.071428571428571,3.784883676631801,2.407609190131657,7.214515362876505,5.404234142546511,5.1348353656295105,-1.4042341425465066,0.7006400787789266,0.5012267788293024,-0.5723284100781927,0.4031240381655895,-0.006560323616538253,44.0215147332921,16.04088613780746,512,1791,892,1241,0.11821059076178105,0.17733432028351626,0.6684475627010088,6,2.977272727272727,1.1354262850107726,1.1523545706371194
