randomization,name,type,l1,l2,l3,ipr1,ipr2,ipr3,l1_cm,l1_er,l1_reg,l2_mp,l3_mp,l1_lap,l2_lap,l3_lap,alg_conn,clustering_c,clustering_r,deg_assort,Q,N.olap,N.temp,N.nodf,H2,H3,H4,H17,cent_between,cent_close,cent_eigen,diam,mean_path_length,deg_het_row,deg_het_col
erdos-renyi,Kaiser-Bunbury_2014_M_PL_061_24,ecologicalinteractions,3.834636,2.662035,2.492314,0.07179269733011048,0.09176119251718276,0.07623807844605998,3.7274843911917928,3.8385895153247795,3.1724137931034484,3.0439615144115537,1.705754165799119,5.834635514962915,4.662034548756288,4.492313505002234,-0.6620345487562935,0.5850340136054422,0.5123674911660777,-0.3158016147635524,0.4300567107750474,-0.044514153047806884,51.30256088333976,21.27403846153846,129,332,109,60,0.1136137989789977,0.1805859166555585,0.6051758317389532,6,2.955665024630542,1.0916824196597354,1.1909262759924388
