randomization,name,type,l1,l2,l3,ipr1,ipr2,ipr3,l1_cm,l1_er,l1_reg,l2_mp,l3_mp,l1_lap,l2_lap,l3_lap,alg_conn,clustering_c,clustering_r,deg_assort,Q,N.olap,N.temp,N.nodf,H2,H3,H4,H17,cent_between,cent_close,cent_eigen,diam,mean_path_length,deg_het_row,deg_het_col
erdos-renyi,Kato2000,ecologicalinteractions,5.571664,4.803177,4.796887,0.01438513291196727,0.03100389487436578,0.058919021376560535,5.189831747404974,5.123668721125981,3.148876404494382,4.542399309754562,3.7408541979447634,7.571664443377996,6.803176701155797,6.796887260833895,-2.803176701155781,0.047828515570451056,0.15895047057705106,-0.7561790957412617,NA,-1.9783756409950196e-5,6.866897138761635,1.686030857354562,6686,15953,21610,58255,0.06882128631786873,0.12420530447736469,0.9096893478120553,10,5.190240838192765,1.2522311463655889,1.1080260790472378
