randomization,name,type,l1,l2,l3,ipr1,ipr2,ipr3,l1_cm,l1_er,l1_reg,l2_mp,l3_mp,l1_lap,l2_lap,l3_lap,alg_conn,clustering_c,clustering_r,deg_assort,Q,N.olap,N.temp,N.nodf,H2,H3,H4,H17,cent_between,cent_close,cent_eigen,diam,mean_path_length,deg_het_row,deg_het_col
erdos-renyi,Kato1996,ecologicalinteractions,4.804093,4.088108,4.019895,0.016839245943782506,0.05809636644464512,0.028720756021334535,4.583723316869981,4.651401717595675,3.375494071146245,4.0339800811089646,3.0801456790096733,6.804092931396684,6.088107755841634,6.019895368995403,-2.088107755841627,0.10582559843673668,0.20581818181818182,-0.6519692036165848,0.5327292970399673,-0.001984164489785262,13.789386409359746,3.5432733707056827,1807,4908,3347,5245,0.09797021904961833,0.1133362963364152,0.8196693904451712,10,4.597653554175293,1.2183689923160879,1.107728337236534
