randomization,name,type,l1,l2,l3,ipr1,ipr2,ipr3,l1_cm,l1_er,l1_reg,l2_mp,l3_mp,l1_lap,l2_lap,l3_lap,alg_conn,clustering_c,clustering_r,deg_assort,Q,N.olap,N.temp,N.nodf,H2,H3,H4,H17,cent_between,cent_close,cent_eigen,diam,mean_path_length,deg_het_row,deg_het_col
erdos-renyi,Kevan1970,ecologicalinteractions,5.400896,4.08981,3.948996,0.03230056397689112,0.06034488668710107,0.060991478107590674,5.298774718881523,5.280005789917137,3.467889908256881,4.2474366037470626,2.9214870632972794,7.400896059430666,6.089810466965012,5.948995923782543,-2.089810466965016,0.2551576775714707,0.6173872617387262,-0.8029073171987314,0.47714229724811746,-6.78105738949588e-4,35.877196281436014,10.425780650277778,1081,2882,3071,7036,0.14450758788980647,0.16955989875116503,0.7659041947216337,6,3.5334692490655795,1.2320483749055178,1.0909269057417204
