randomization,name,type,l1,l2,l3,ipr1,ipr2,ipr3,l1_cm,l1_er,l1_reg,l2_mp,l3_mp,l1_lap,l2_lap,l3_lap,alg_conn,clustering_c,clustering_r,deg_assort,Q,N.olap,N.temp,N.nodf,H2,H3,H4,H17,cent_between,cent_close,cent_eigen,diam,mean_path_length,deg_het_row,deg_het_col
erdos-renyi,Krasnov2012_moscow,ecologicalinteractions,7.451548,3.389713,3.225419,0.03771205700887814,0.057087440939592296,0.06054346990654073,7.416392205509073,7.499391077542532,6.96969696969697,3.81507319286924,2.2769735263315907,9.451548248105466,5.389712834168868,5.225419203240031,-1.3897128341688871,0.978919346715591,0.9659427783522924,0.02920597150222327,0.23969754253308134,-0.02041051240374621,67.82173204167682,39.484747023809526,738,4745,1435,1860,0.0313063486672482,0.08658981496355345,0.2867278867941645,4,2.117424242424242,1.048922495274102,1.0784877126654064
