randomization,name,type,l1,l2,l3,ipr1,ipr2,ipr3,l1_cm,l1_er,l1_reg,l2_mp,l3_mp,l1_lap,l2_lap,l3_lap,alg_conn,clustering_c,clustering_r,deg_assort,Q,N.olap,N.temp,N.nodf,H2,H3,H4,H17,cent_between,cent_close,cent_eigen,diam,mean_path_length,deg_het_row,deg_het_col
erdos-renyi,Krasnov2012_khabarovsk,ecologicalinteractions,5.025647,3.302052,2.720556,0.06585984286300432,0.07068396332629233,0.16315798613643123,5.040798785781476,5.116448345575448,4.068965517241379,3.3138251271588106,1.8610266831541944,7.025647257927142,5.302051595951165,4.720555558399025,-1.3020515959511612,0.8573248407643312,0.39561624146604385,-0.6868756458835691,0.3608158575122092,3.007613301731057e-4,53.647929621582854,31.229991996798717,271,873,505,788,0.26354943201827785,0.2439085204940498,0.6370411587036211,5,2.4532019704433496,1.0870439528871014,1.128124102269463
