randomization,name,type,l1,l2,l3,ipr1,ipr2,ipr3,l1_cm,l1_er,l1_reg,l2_mp,l3_mp,l1_lap,l2_lap,l3_lap,alg_conn,clustering_c,clustering_r,deg_assort,Q,N.olap,N.temp,N.nodf,H2,H3,H4,H17,cent_between,cent_close,cent_eigen,diam,mean_path_length,deg_het_row,deg_het_col
erdos-renyi,Krasnov2012_north_kyrgyzstan,ecologicalinteractions,4.107131,3.228516,2.852696,0.03833051134895066,0.06403473323791749,0.08322557339339333,4.031995769711576,4.1412467645228395,3.28,3.4175975019393436,2.1215020528823936,6.107131286869098,5.228516405995003,4.852695681104113,-1.228516405994981,0.5332326283987915,0.30158730158730157,-0.5351382488479266,0.46415823914336723,-0.025447131586260992,45.46380473768334,14.410530732116637,264,714,280,211,0.12252490956025941,0.1601424938286576,0.5834422728155891,7,3.3387755102040817,1.0660321237358714,1.2337894110648426
