randomization,name,type,l1,l2,l3,ipr1,ipr2,ipr3,l1_cm,l1_er,l1_reg,l2_mp,l3_mp,l1_lap,l2_lap,l3_lap,alg_conn,clustering_c,clustering_r,deg_assort,Q,N.olap,N.temp,N.nodf,H2,H3,H4,H17,cent_between,cent_close,cent_eigen,diam,mean_path_length,deg_het_row,deg_het_col
erdos-renyi,Krasnov2012_turkmenistan,ecologicalinteractions,8.746911,4.13576,4.03026,0.027022293946741403,0.04645720957018848,0.06195782632346059,8.58786608427769,8.64432616639021,7.3,4.700312862921394,3.085232969877322,10.746910965001549,6.135759950022147,6.030259997766692,-2.1357599500221394,0.9690086282796267,0.8500610975338814,-0.719081274422753,0.2665082045828903,-0.01798447429776717,65.09076291134159,28.29265409147066,1808,12445,5523,13260,0.05943733311368679,0.11533960895028945,0.5155338476267507,5,2.4045197740112996,1.0444736348282981,1.1130293363357728
