randomization,name,type,l1,l2,l3,ipr1,ipr2,ipr3,l1_cm,l1_er,l1_reg,l2_mp,l3_mp,l1_lap,l2_lap,l3_lap,alg_conn,clustering_c,clustering_r,deg_assort,Q,N.olap,N.temp,N.nodf,H2,H3,H4,H17,cent_between,cent_close,cent_eigen,diam,mean_path_length,deg_het_row,deg_het_col
erdos-renyi,Langley2003,ecologicalinteractions,6.307332,3.683718,3.24405,0.046744849916603486,0.06579372545129998,0.05452480437667563,6.287641470512452,6.378675411086537,4.714285714285714,3.912844983000015,2.365031605334251,8.307332425963757,5.6837182035938945,5.244049586017347,-1.6837182035938936,0.7542299519949635,0.9461215131830341,-0.8146014313363633,0.3276196306499337,-0.005191395141672644,65.06553587430524,32.33693316140125,642,2518,1847,4358,0.17861569067142483,0.21045040392263303,0.5937436591944029,5,2.505226480836237,1.1414141414141414,1.0495867768595042
