randomization,name,type,l1,l2,l3,ipr1,ipr2,ipr3,l1_cm,l1_er,l1_reg,l2_mp,l3_mp,l1_lap,l2_lap,l3_lap,alg_conn,clustering_c,clustering_r,deg_assort,Q,N.olap,N.temp,N.nodf,H2,H3,H4,H17,cent_between,cent_close,cent_eigen,diam,mean_path_length,deg_het_row,deg_het_col
erdos-renyi,Lara-Romero_2016_peñalara-Pasture-8,ecologicalinteractions,4.579804,3.066889,2.936804,0.06679764816529596,0.07257744172701279,0.11117581663709951,4.52085086041937,4.386407074017388,3.1052631578947367,3.329257605692858,1.932180599469887,6.579803688221171,5.066888613109537,4.936803819011217,-1.0668886131095396,0.8816425120772947,0.5002421307506053,-0.747898907431865,0.4435507038207411,-0.009605500377128474,46.85504487977015,25.11956186362234,250,637,458,654,0.2842497847002351,0.2278829460711516,0.6525855048017268,6,2.9900426742532007,1.0686584314852055,1.3185866130422292
