randomization,name,type,l1,l2,l3,ipr1,ipr2,ipr3,l1_cm,l1_er,l1_reg,l2_mp,l3_mp,l1_lap,l2_lap,l3_lap,alg_conn,clustering_c,clustering_r,deg_assort,Q,N.olap,N.temp,N.nodf,H2,H3,H4,H17,cent_between,cent_close,cent_eigen,diam,mean_path_length,deg_het_row,deg_het_col
erdos-renyi,Lara-Romero_2016_nevero-Pasture-3,ecologicalinteractions,3.527381,2.612481,2.114744,0.1388604034127371,0.13713415885806535,0.202875821607098,3.267139021233499,3.0773543050392083,2.230769230769231,2.704886145323597,1.4209427041362839,5.527380552170733,4.612481395712859,4.114744002835331,-0.6124813957128584,0,0.45161290322580644,-0.642893272635306,0.5208085612366231,0.04610618378911064,36.60119953414853,17.914634146341463,90,104,154,202,0.6817333333333333,0.33842000007232925,0.7867228581338788,8,3.667692307692308,1.362663495838288,1.117717003567182
