randomization,name,type,l1,l2,l3,ipr1,ipr2,ipr3,l1_cm,l1_er,l1_reg,l2_mp,l3_mp,l1_lap,l2_lap,l3_lap,alg_conn,clustering_c,clustering_r,deg_assort,Q,N.olap,N.temp,N.nodf,H2,H3,H4,H17,cent_between,cent_close,cent_eigen,diam,mean_path_length,deg_het_row,deg_het_col
erdos-renyi,Lara-Romero_2016_nevero-Encroachedpasture-7,ecologicalinteractions,2.75741,2.420403,2.377007,0.13920953757469548,0.09671414371255878,0.09559463500665184,2.627744313153478,2.6953517738583956,2.1142857142857143,2.727525846791974,1.559784281537413,4.757409520895189,4.420402773937746,4.377006772115706,-0.4204027739377448,0,0.1111111111111111,-0.5214701601164483,0.6369612856099346,-0.019684037414318765,30.90488892222155,11.076280041797284,66,79,42,21,0.2931914298696305,0.1251188864941505,0.8348138359817161,15,5.310924369747899,1.2008765522279035,1.1592403214024836
