randomization,name,type,l1,l2,l3,ipr1,ipr2,ipr3,l1_cm,l1_er,l1_reg,l2_mp,l3_mp,l1_lap,l2_lap,l3_lap,alg_conn,clustering_c,clustering_r,deg_assort,Q,N.olap,N.temp,N.nodf,H2,H3,H4,H17,cent_between,cent_close,cent_eigen,diam,mean_path_length,deg_het_row,deg_het_col
erdos-renyi,Lara-Romero_2016_nevero-Pasture-8,ecologicalinteractions,3.726393,2.671448,2.51151,0.11949088884178934,0.08105966884571104,0.08549434411405504,3.501552450730589,3.5361635316968067,2.6285714285714286,3.075328119502495,1.7584283134875787,5.7263932432993325,4.671447827276701,4.5115096634139595,-0.6714478272766743,0.5145631067961165,0.3368606701940035,-0.5792225662194702,0.5330812854442346,-0.003504275258912125,42.804838612479394,17.70544783010157,139,237,199,256,0.3600884460628091,0.26368523141050954,0.8018673509856343,8,3.4521008403361346,1.1739130434782612,1.1550094517958414
