randomization,name,type,l1,l2,l3,ipr1,ipr2,ipr3,l1_cm,l1_er,l1_reg,l2_mp,l3_mp,l1_lap,l2_lap,l3_lap,alg_conn,clustering_c,clustering_r,deg_assort,Q,N.olap,N.temp,N.nodf,H2,H3,H4,H17,cent_between,cent_close,cent_eigen,diam,mean_path_length,deg_het_row,deg_het_col
erdos-renyi,Lara-Romero_2016_peñalara-Encroachedpasture-10,ecologicalinteractions,3.910396,3.162067,2.774595,0.07401452345866141,0.09735788511391674,0.06861057438909518,3.8030036795468014,3.720105017005873,2.5714285714285716,3.3187058498338513,2.0082729246446194,5.910396459969896,5.162066843878406,4.77459488311673,-1.1620668438784025,0.5738636363636364,0.22458001768346597,-0.7126126765561781,0.5479969765684053,-0.018550488213406744,48.193653001214074,14.420210832424573,215,415,322,347,0.31099676166442575,0.2774904601695009,0.746560591188154,6,3.663265306122449,1.055681531872008,1.346182917611489
