randomization,name,type,l1,l2,l3,ipr1,ipr2,ipr3,l1_cm,l1_er,l1_reg,l2_mp,l3_mp,l1_lap,l2_lap,l3_lap,alg_conn,clustering_c,clustering_r,deg_assort,Q,N.olap,N.temp,N.nodf,H2,H3,H4,H17,cent_between,cent_close,cent_eigen,diam,mean_path_length,deg_het_row,deg_het_col
erdos-renyi,Lara-Romero_2016_nevero-Encroachedpasture-10,ecologicalinteractions,3.752578,3.008791,2.842316,0.08669611896370552,0.07549627354953795,0.07784386554922934,3.521363372331802,3.4216943895253955,2.5,3.1994502988866795,1.9941200750868833,5.7525777324509315,5.008791181003299,4.84231633033835,-1.0087911810033052,0.3684210526315789,0.18474374255065554,-0.5780046569944477,0.5926530612244895,0.0068315910248305375,29.852103914271773,11.634862278244631,217,350,338,448,0.2835377142668236,0.19452154446639772,0.8189722492868485,8,4.125974025974026,1.24,1.2
