randomization,name,type,l1,l2,l3,ipr1,ipr2,ipr3,l1_cm,l1_er,l1_reg,l2_mp,l3_mp,l1_lap,l2_lap,l3_lap,alg_conn,clustering_c,clustering_r,deg_assort,Q,N.olap,N.temp,N.nodf,H2,H3,H4,H17,cent_between,cent_close,cent_eigen,diam,mean_path_length,deg_het_row,deg_het_col
erdos-renyi,Lara-Romero_2016_peñalara-Encroachedpasture-8,ecologicalinteractions,3.682196,3.036359,2.723022,0.059927040618307274,0.10439659818612533,0.08401097969405878,3.6614751125741654,3.8937160021701067,2.9411764705882355,3.226274356316001,1.8496061535245343,5.682195602031555,5.03635861610215,4.723021773435733,-1.0363586161021685,0.5,0.36588921282798836,-0.7998892375853793,0.4948,-0.029150811152921192,49.46615134678852,17.44047619047619,154,301,179,155,0.173832943151125,0.1697454887358113,0.6309207114411781,6,3.213903743315508,1.0584,1.14
