randomization,name,type,l1,l2,l3,ipr1,ipr2,ipr3,l1_cm,l1_er,l1_reg,l2_mp,l3_mp,l1_lap,l2_lap,l3_lap,alg_conn,clustering_c,clustering_r,deg_assort,Q,N.olap,N.temp,N.nodf,H2,H3,H4,H17,cent_between,cent_close,cent_eigen,diam,mean_path_length,deg_het_row,deg_het_col
erdos-renyi,Lara-Romero_2016_nevero-Pasture-7,ecologicalinteractions,2.585445,2.162802,1.665136,0.17247621578258954,0.13897868710799416,0.22306960061344586,2.537715508089904,2.4826061575153906,1.875,2.307464514454108,1.0477954494899164,4.5854450073853394,4.162802161287791,3.665136128115927,-0.16280216128778607,0,0,-0.7333333333333334,0.5333333333333333,-0.019973544973544966,41.7980078215454,17.63888888888889,30,16,30,20,0.5561904761904762,0.2719012092801218,0.7386774628613261,8,3.566666666666667,1.2266666666666666,1.12
