randomization,name,type,l1,l2,l3,ipr1,ipr2,ipr3,l1_cm,l1_er,l1_reg,l2_mp,l3_mp,l1_lap,l2_lap,l3_lap,alg_conn,clustering_c,clustering_r,deg_assort,Q,N.olap,N.temp,N.nodf,H2,H3,H4,H17,cent_between,cent_close,cent_eigen,diam,mean_path_length,deg_het_row,deg_het_col
erdos-renyi,Lara-Romero_2016_nevero-Encroachedpasture-9,ecologicalinteractions,3.379718,2.859318,2.800115,0.0570640683762305,0.1169763954991817,0.07482346262009044,3.3303990255585205,3.5252088913892843,2.4680851063829787,3.291800048713341,1.9804289649295288,5.379718315030839,4.859317749147831,4.800114921467287,-0.8593177491478347,0.4431818181818182,0.12678571428571428,-0.8562516951451041,0.5642092746730087,-0.026466074248223784,43.52755004100558,11.824057330386443,171,232,217,197,0.2116096308298577,0.15864774199483078,0.6898311485504335,8,3.8556891766882515,1.0463733650416172,1.165873959571938
