randomization,name,type,l1,l2,l3,ipr1,ipr2,ipr3,l1_cm,l1_er,l1_reg,l2_mp,l3_mp,l1_lap,l2_lap,l3_lap,alg_conn,clustering_c,clustering_r,deg_assort,Q,N.olap,N.temp,N.nodf,H2,H3,H4,H17,cent_between,cent_close,cent_eigen,diam,mean_path_length,deg_het_row,deg_het_col
erdos-renyi,Lara-Romero_2016_peñalara-Pasture-2,ecologicalinteractions,3.818118,2.631566,2.413099,0.08974138452148121,0.08859188388449372,0.09279198373320079,3.752332607858744,3.744636547876941,2.7586206896551726,3.0097217822494047,1.650031030743378,5.818117556461023,4.631565908695123,4.413099438647333,-0.6315659086951404,0.7652173913043478,0.3993808049535604,-0.7216981132075468,0.45687499999999986,0.014187613791955548,42.5355689949054,27.12396069538927,132,252,186,202,0.285842099185353,0.22215942635855432,0.6984862783492395,6,2.9458128078817736,1.1199999999999999,1.2100000000000002
