randomization,name,type,l1,l2,l3,ipr1,ipr2,ipr3,l1_cm,l1_er,l1_reg,l2_mp,l3_mp,l1_lap,l2_lap,l3_lap,alg_conn,clustering_c,clustering_r,deg_assort,Q,N.olap,N.temp,N.nodf,H2,H3,H4,H17,cent_between,cent_close,cent_eigen,diam,mean_path_length,deg_het_row,deg_het_col
erdos-renyi,Lara-Romero_2016_nevero-Encroachedpasture-8,ecologicalinteractions,4.325345,3.406413,3.287691,0.0658074724833017,0.06909823220146605,0.050678510784291836,4.196724239371813,4.245747243060329,2.8059701492537314,3.701519750189766,2.3622191446247878,6.325345219237428,5.406413185285329,5.287691451450914,-1.4064131852853243,0.5877437325905293,0.21251388374676045,-0.7771835853874522,0.5362154821186064,-0.006053773290873312,41.92661823220256,12.918163396886802,401,749,849,1455,0.2764437652876931,0.2302414541212569,0.8092176086480184,8,3.6644052464947987,1.078315980081485,1.2200090538705297
