randomization,name,type,l1,l2,l3,ipr1,ipr2,ipr3,l1_cm,l1_er,l1_reg,l2_mp,l3_mp,l1_lap,l2_lap,l3_lap,alg_conn,clustering_c,clustering_r,deg_assort,Q,N.olap,N.temp,N.nodf,H2,H3,H4,H17,cent_between,cent_close,cent_eigen,diam,mean_path_length,deg_het_row,deg_het_col
erdos-renyi,Leong1981,ecologicalinteractions,5.265154,3.553229,3.392724,0.05238522121382644,0.06169971836597592,0.060253500429478565,5.146905985823421,5.198430047201224,3.64,3.80980389573353,2.34464732379246,7.2651535070190025,5.5532289483058,5.392723572132142,-1.5532289483058053,0.8202247191011236,0.4313286231259693,-0.7880990973811344,0.42724308658374605,-0.013729457616215166,57.43461520223877,22.295268704359614,474,1379,1126,2146,0.19642978887612847,0.2037680732382103,0.6937977323795517,6,3.0106122448979593,1.0638811737712837,1.2027532906653786
