randomization,name,type,l1,l2,l3,ipr1,ipr2,ipr3,l1_cm,l1_er,l1_reg,l2_mp,l3_mp,l1_lap,l2_lap,l3_lap,alg_conn,clustering_c,clustering_r,deg_assort,Q,N.olap,N.temp,N.nodf,H2,H3,H4,H17,cent_between,cent_close,cent_eigen,diam,mean_path_length,deg_het_row,deg_het_col
erdos-renyi,Macfadyen2009_plant-herb_B9,ecologicalinteractions,2.997228,2.581101,2.37991,0.1667657413883457,0.12618664177929426,0.14195522066247315,2.8462144199714983,2.960674825006153,2.066666666666667,2.93038372970672,1.5924401832506119,4.9972281680725965,4.581100647163714,4.379909963746812,-0.5811006471637147,0.10569105691056911,0.3,-0.775330396475771,0.6316337148803329,-0.03284499909567731,54.06580092124546,12.857961053837341,78,60,98,93,0.5852726346186513,0.240174951422677,0.8310237071254731,8,4.3310344827586205,1.1238293444328824,1.080124869927159
