randomization,name,type,l1,l2,l3,ipr1,ipr2,ipr3,l1_cm,l1_er,l1_reg,l2_mp,l3_mp,l1_lap,l2_lap,l3_lap,alg_conn,clustering_c,clustering_r,deg_assort,Q,N.olap,N.temp,N.nodf,H2,H3,H4,H17,cent_between,cent_close,cent_eigen,diam,mean_path_length,deg_het_row,deg_het_col
erdos-renyi,Macfadyen2009_plant-herb_B1,ecologicalinteractions,4.091251,3.396215,3.24647,0.08734484864233559,0.07365028832517355,0.04889876359213802,3.874133332118087,3.8410410060137203,2.3516483516483513,3.7461092701270924,2.477775257342624,6.091250582090637,5.396215495189743,5.246469589478884,-1.396215495189755,0.09940944881889764,0.4943820224719101,-0.8446144246990043,0.6608437418115124,-0.0060817094244674215,32.18159608855695,7.8008840667068515,454,560,1030,1766,0.25188237906881267,0.1710281166226327,0.8728319994868667,8,4.456166056166056,1.2467464407371822,1.0662066556031096
