randomization,name,type,l1,l2,l3,ipr1,ipr2,ipr3,l1_cm,l1_er,l1_reg,l2_mp,l3_mp,l1_lap,l2_lap,l3_lap,alg_conn,clustering_c,clustering_r,deg_assort,Q,N.olap,N.temp,N.nodf,H2,H3,H4,H17,cent_between,cent_close,cent_eigen,diam,mean_path_length,deg_het_row,deg_het_col
erdos-renyi,Macfadyen2009_paras-herb_A8,ecologicalinteractions,4.405656,3.048991,2.796224,0.07666166077350377,0.0663894926298189,0.13835709754260905,4.333236390753157,4.009132055353055,3,3.2611697707858096,1.9721473336635709,6.405655932121075,5.0489913182857205,4.796223785841441,-1.0489913182857258,0.4139908256880734,0.6388888888888888,-0.5379469968753617,0.5106070153329133,0.024488912831149085,30.71756712179887,20.110503531556162,262,658,453,695,0.293264059935282,0.25101418453850144,0.7780315180605512,6,3.2869565217391306,1.349716446124764,1.1921865154379332
