randomization,name,type,l1,l2,l3,ipr1,ipr2,ipr3,l1_cm,l1_er,l1_reg,l2_mp,l3_mp,l1_lap,l2_lap,l3_lap,alg_conn,clustering_c,clustering_r,deg_assort,Q,N.olap,N.temp,N.nodf,H2,H3,H4,H17,cent_between,cent_close,cent_eigen,diam,mean_path_length,deg_het_row,deg_het_col
erdos-renyi,Macfadyen2009_plant-herb_A5,ecologicalinteractions,2.46348,2.363003,2.224478,0.10915829409518707,0.1040412280735781,0.10443889002252899,2.5200739849094433,2.510759863519866,1.9333333333333333,2.6248986872022924,1.4387659912234683,4.463479759486277,4.363003377871427,4.224478222368797,-0.36300337787145476,0,0,-0.739331026528258,0.6634958382877527,-0.027622213037975126,29.36542569497511,10.873983739837398,50,42,32,12,0.44759639884491254,0.13592018000545686,0.7309724116253902,12,5.781609195402299,1.2235434007134365,1.1664684898929845
