randomization,name,type,l1,l2,l3,ipr1,ipr2,ipr3,l1_cm,l1_er,l1_reg,l2_mp,l3_mp,l1_lap,l2_lap,l3_lap,alg_conn,clustering_c,clustering_r,deg_assort,Q,N.olap,N.temp,N.nodf,H2,H3,H4,H17,cent_between,cent_close,cent_eigen,diam,mean_path_length,deg_het_row,deg_het_col
erdos-renyi,Macfadyen2009_plant-herb_A2,ecologicalinteractions,3.888819,3.225021,3.071625,0.09348111341836102,0.1941333220787053,0.12291752494506598,3.7261038413107586,3.7915843015862096,2.3773584905660377,3.522539650307605,2.1382398934134135,5.888818806480731,5.225020942282327,5.071624549449018,-1.225020942282325,0.2647342995169082,0.5208333333333334,-0.8892305100450657,0.6392038296800204,-0.029887712295213725,47.49105262976063,10.992414320017463,248,306,494,716,0.3084633415456668,0.22547343290331356,0.8265924814555254,6,3.9462989840348333,1.2131519274376419,1.038044847568657
