randomization,name,type,l1,l2,l3,ipr1,ipr2,ipr3,l1_cm,l1_er,l1_reg,l2_mp,l3_mp,l1_lap,l2_lap,l3_lap,alg_conn,clustering_c,clustering_r,deg_assort,Q,N.olap,N.temp,N.nodf,H2,H3,H4,H17,cent_between,cent_close,cent_eigen,diam,mean_path_length,deg_het_row,deg_het_col
erdos-renyi,Macfadyen2009_plant-herb_B7,ecologicalinteractions,2.208933,1.628712,1.211574,0.1746271485874086,0.14908710077240117,0.13611954565404233,2.1633307652783937,2.2299903907544403,1.8181818181818181,2.025036048175214,0.8132012935472395,4.208933055022674,3.628712265768927,3.211573816885311,0.3712877342310782,0,0,-0.21212121212121193,0.47000000000000003,-0.07191358024691356,45.952824857409404,29.62962962962963,12,13,3,0,0.5155555555555555,0.34376316252133254,0.6079500807481893,6,2.981818181818182,1.26,1.04
