randomization,name,type,l1,l2,l3,ipr1,ipr2,ipr3,l1_cm,l1_er,l1_reg,l2_mp,l3_mp,l1_lap,l2_lap,l3_lap,alg_conn,clustering_c,clustering_r,deg_assort,Q,N.olap,N.temp,N.nodf,H2,H3,H4,H17,cent_between,cent_close,cent_eigen,diam,mean_path_length,deg_het_row,deg_het_col
erdos-renyi,Macfadyen2009_paras-herb_B1,ecologicalinteractions,4.039296,3.08065,2.64179,0.06293930264866857,0.11408376544061997,0.07342308641630133,4.034630118145864,3.9187953708874845,2.9,3.2218806867125847,1.8953427804704173,6.039296188783556,5.08065032588009,4.641790014945069,-1.0806503258801012,0.33565217391304347,0.7298245614035088,-0.6498297117091192,0.4881093935790726,-0.01018686180920912,42.588066703429995,20.216021825396826,201,463,285,302,0.19279226296770158,0.20551333963068039,0.6649114609361927,6,3.141025641025641,1.319857312722949,1.0998810939357908
