randomization,name,type,l1,l2,l3,ipr1,ipr2,ipr3,l1_cm,l1_er,l1_reg,l2_mp,l3_mp,l1_lap,l2_lap,l3_lap,alg_conn,clustering_c,clustering_r,deg_assort,Q,N.olap,N.temp,N.nodf,H2,H3,H4,H17,cent_between,cent_close,cent_eigen,diam,mean_path_length,deg_het_row,deg_het_col
erdos-renyi,Macfadyen2009_paras-herb_A9,ecologicalinteractions,2.60064,2.324194,2.021098,0.14615117726459184,0.10979084598657635,0.11199277135103668,2.643656495763023,2.534263813179726,1.9,2.4447484411651383,1.192167246903173,4.600639504215126,4.324194044135811,4.021097671340646,-0.324194044135829,0,0,-0.8073899371069185,0.5900277008310248,-0.021310935441370218,36.19731566782641,17.637681159420293,39,26,36,21,0.5315481686672823,0.23348046436873557,0.734997336961982,8,3.9105263157894736,1.2049861495844876,1.2049861495844876
