randomization,name,type,l1,l2,l3,ipr1,ipr2,ipr3,l1_cm,l1_er,l1_reg,l2_mp,l3_mp,l1_lap,l2_lap,l3_lap,alg_conn,clustering_c,clustering_r,deg_assort,Q,N.olap,N.temp,N.nodf,H2,H3,H4,H17,cent_between,cent_close,cent_eigen,diam,mean_path_length,deg_het_row,deg_het_col
erdos-renyi,Macfadyen2009_plant-herb_B6,ecologicalinteractions,2.352039,2.085017,1.4562330000000001,0.1813055951485123,0.18340652077213676,0.18200068684751922,2.3570226039551585,2.4647515087732477,1.8461538461538463,2.2684291895053663,0.9624484933177349,4.352039303718789,4.085017111520642,3.4562330714649336,-0.08501711152063716,0,0,-0.8803418803418804,0.5069444444444445,-0.019675925925925902,48.59383568283468,20.13888888888889,21,11,15,6,0.45075757575757575,0.25155467784178537,0.7023178444865237,6,3.2564102564102564,1.1111111111111112,1.0416666666666667
