randomization,name,type,l1,l2,l3,ipr1,ipr2,ipr3,l1_cm,l1_er,l1_reg,l2_mp,l3_mp,l1_lap,l2_lap,l3_lap,alg_conn,clustering_c,clustering_r,deg_assort,Q,N.olap,N.temp,N.nodf,H2,H3,H4,H17,cent_between,cent_close,cent_eigen,diam,mean_path_length,deg_het_row,deg_het_col
erdos-renyi,Macfadyen2009_plant-herb_B3,ecologicalinteractions,3.357465,3.183886,2.629493,0.1026093596672939,0.10685685443537983,0.09214292834007767,3.2998655009022433,3.0355737196794124,2.1454545454545455,3.0600696002598737,1.8838305803687327,5.357464634264746,5.183885500559007,4.629492831389656,-1.183885500559003,0.04371584699453552,0.15384615384615385,-0.618695580745852,0.6871588623958629,0.008694404294325768,23.990300531099834,8.429652562779498,174,194,285,383,0.43373256205191923,0.17337075139655175,0.8350313100856293,8,4.606060606060606,1.2970410801493824,1.2444699798908359
