randomization,name,type,l1,l2,l3,ipr1,ipr2,ipr3,l1_cm,l1_er,l1_reg,l2_mp,l3_mp,l1_lap,l2_lap,l3_lap,alg_conn,clustering_c,clustering_r,deg_assort,Q,N.olap,N.temp,N.nodf,H2,H3,H4,H17,cent_between,cent_close,cent_eigen,diam,mean_path_length,deg_het_row,deg_het_col
erdos-renyi,Macfadyen2009_paras-herb_A5,ecologicalinteractions,3.506085,2.841856,2.483353,0.081989898964159,0.1315910146641104,0.06605607417721591,3.387391742292842,3.128195172402524,2.41025641025641,2.8676668629905464,1.6755902196103485,5.506085390517139,4.841855864962836,4.483352624704064,-0.8418558649628498,0.25766871165644173,0.5945945945945946,-0.3959368444297227,0.5676776822091445,-0.014213800881194652,35.35278807427941,13.549160671462829,119,225,125,106,0.32629119028010983,0.2266391009534707,0.7423558058334269,10,4.388663967611336,1.4545043005885017,1.1570846536894523
