randomization,name,type,l1,l2,l3,ipr1,ipr2,ipr3,l1_cm,l1_er,l1_reg,l2_mp,l3_mp,l1_lap,l2_lap,l3_lap,alg_conn,clustering_c,clustering_r,deg_assort,Q,N.olap,N.temp,N.nodf,H2,H3,H4,H17,cent_between,cent_close,cent_eigen,diam,mean_path_length,deg_het_row,deg_het_col
erdos-renyi,Macfadyen2009_paras-herb_B4,ecologicalinteractions,3.522353,2.168549,2.100677,0.1419619816601432,0.08709159516429663,0.11761782911197054,3.5352196222834276,3.061246218132393,2.4,2.4937775781730807,1.3075403339135288,5.522353364587288,4.168548996682302,4.100676860971989,-0.1685489966822919,0.4563106796116505,0.55,-0.3739632167327803,0.48111111111111116,0.08007106376008816,31.167963148830527,26.930894308943085,82,155,109,133,0.41721302047389003,0.2821030069996316,0.7800587262085985,6,3.2466666666666666,1.4355555555555557,1.3155555555555556
