randomization,name,type,l1,l2,l3,ipr1,ipr2,ipr3,l1_cm,l1_er,l1_reg,l2_mp,l3_mp,l1_lap,l2_lap,l3_lap,alg_conn,clustering_c,clustering_r,deg_assort,Q,N.olap,N.temp,N.nodf,H2,H3,H4,H17,cent_between,cent_close,cent_eigen,diam,mean_path_length,deg_het_row,deg_het_col
erdos-renyi,Macfadyen2009_plant-herb_A8,ecologicalinteractions,3.086142,2.827161,2.692799,0.04121300333406755,0.0702058841090732,0.038244797013756285,2.956089794776744,3.0917870913406773,2.2962962962962963,3.152113527729193,2.090020340705702,5.0861418427694325,4.827161299019816,4.692799215927718,-0.8271612990197955,0.06952965235173825,0.10077519379844961,-0.6917426669953161,0.6688634524222444,-0.01792402035896681,25.644557247567317,5.337281153450052,205,301,155,69,0.18081671651133677,0.11866207593239059,0.7532290901427967,12,5.65,1.2483524106833161,1.0505260723783096
