randomization,name,type,l1,l2,l3,ipr1,ipr2,ipr3,l1_cm,l1_er,l1_reg,l2_mp,l3_mp,l1_lap,l2_lap,l3_lap,alg_conn,clustering_c,clustering_r,deg_assort,Q,N.olap,N.temp,N.nodf,H2,H3,H4,H17,cent_between,cent_close,cent_eigen,diam,mean_path_length,deg_het_row,deg_het_col
erdos-renyi,Macfadyen2009_plant-herb_B8,ecologicalinteractions,3.225494,2.743175,2.557691,0.14093582791838133,0.07364606229148127,0.10986453113125837,3.0836592876401023,3.0463197295048836,2.0851063829787235,3.1141602892981335,1.8536591512910183,5.225493666274547,4.743175324182633,4.5576912680252155,-0.7431753241826419,0.019933554817275746,0.16666666666666666,-0.7411009407576917,0.6651395251978341,-0.022481806196286765,43.20878140334886,9.00444616276822,135,134,186,195,0.4801792340544703,0.2097968720555654,0.8552601038345754,8,4.445883441258094,1.2503123698458976,1.083298625572678
