randomization,name,type,l1,l2,l3,ipr1,ipr2,ipr3,l1_cm,l1_er,l1_reg,l2_mp,l3_mp,l1_lap,l2_lap,l3_lap,alg_conn,clustering_c,clustering_r,deg_assort,Q,N.olap,N.temp,N.nodf,H2,H3,H4,H17,cent_between,cent_close,cent_eigen,diam,mean_path_length,deg_het_row,deg_het_col
erdos-renyi,Mack1996,ecologicalinteractions,2.831756,2.686339,2.549643,0.05672336407060555,0.07094024258282991,0.05212062799777062,2.773443259381249,2.885357483463747,2.339622641509434,2.8665645358128793,1.7926799877403445,4.831756309851677,4.686339240723284,4.54964299636966,-0.686339240723267,0.11347517730496454,0.16393442622950818,-0.25637522768670307,0.6501040582726332,-0.01724484745774985,22.994586029075524,7.620452310717797,110,177,52,15,0.19972130370886038,0.14734873971960277,0.7269503969029606,11,5.203193033381712,1.2237252861602494,1.1446409989594173
