randomization,name,type,l1,l2,l3,ipr1,ipr2,ipr3,l1_cm,l1_er,l1_reg,l2_mp,l3_mp,l1_lap,l2_lap,l3_lap,alg_conn,clustering_c,clustering_r,deg_assort,Q,N.olap,N.temp,N.nodf,H2,H3,H4,H17,cent_between,cent_close,cent_eigen,diam,mean_path_length,deg_het_row,deg_het_col
erdos-renyi,Magrach2017_UK_2012_low,ecologicalinteractions,4.452574,3.575726,3.384798,0.026516541853931364,0.05577046403115861,0.051596653834163175,4.373570205620382,4.389273016895,3.707317073170732,3.601235540284547,2.4361146137520677,6.452573874071477,5.575725979554105,5.384798051947406,-1.5757259795541343,0.3223583460949464,0.3271428571428571,-0.11338642396662849,0.49000173130193897,-0.00480699608783994,26.31555470324111,9.640463132236441,513,1694,516,331,0.0665208152331017,0.13545447903964417,0.6283847425324433,7,3.5796446853357424,1.1807479224376731,1.17797783933518
