randomization,name,type,l1,l2,l3,ipr1,ipr2,ipr3,l1_cm,l1_er,l1_reg,l2_mp,l3_mp,l1_lap,l2_lap,l3_lap,alg_conn,clustering_c,clustering_r,deg_assort,Q,N.olap,N.temp,N.nodf,H2,H3,H4,H17,cent_between,cent_close,cent_eigen,diam,mean_path_length,deg_het_row,deg_het_col
erdos-renyi,Magrach2017_Sweden_2012_high,ecologicalinteractions,3.668652,3.182294,2.884045,0.04826874151553243,0.03898144172519429,0.0398281853147989,3.5957113601553785,3.608962798701695,2.925,3.275851203549507,2.195276131678262,5.668651746495538,5.182294178664144,4.8840450601906635,-1.1822941786641434,0.1529080675422139,0.1904047976011994,-0.2670086393088554,0.5754985754985741,-0.004919427973686501,22.453726166409027,7.717129955430448,309,740,264,172,0.12714943026899936,0.10145792425304283,0.7840301372292624,8,4.2126582278481015,1.2588209511286435,1.1524581780992038
