randomization,name,type,l1,l2,l3,ipr1,ipr2,ipr3,l1_cm,l1_er,l1_reg,l2_mp,l3_mp,l1_lap,l2_lap,l3_lap,alg_conn,clustering_c,clustering_r,deg_assort,Q,N.olap,N.temp,N.nodf,H2,H3,H4,H17,cent_between,cent_close,cent_eigen,diam,mean_path_length,deg_het_row,deg_het_col
erdos-renyi,Magrach2017_Sweden_2011_high,ecologicalinteractions,4.179742,3.596067,3.369848,0.026971370400854427,0.04292674152071634,0.04263047509219982,4.067652740410376,4.34273620797929,3.4210526315789473,3.6513215778980457,2.4255670090284536,6.179741982934061,5.596066982038096,5.369847924486078,-1.596066982038101,0.27553269654665685,0.3864836325237592,-0.6202982417093265,0.5236094674556212,-0.015951905627525437,37.9485688891336,8.246685690505915,435,1134,513,458,0.07989832722045864,0.09132845708426048,0.5771311969896218,8,3.736842105263158,1.126153846153846,1.0849704142011833
