randomization,name,type,l1,l2,l3,ipr1,ipr2,ipr3,l1_cm,l1_er,l1_reg,l2_mp,l3_mp,l1_lap,l2_lap,l3_lap,alg_conn,clustering_c,clustering_r,deg_assort,Q,N.olap,N.temp,N.nodf,H2,H3,H4,H17,cent_between,cent_close,cent_eigen,diam,mean_path_length,deg_het_row,deg_het_col
erdos-renyi,Medan2002-2,ecologicalinteractions,4.133141,3.30742,3.146692,0.05266604138547206,0.07080605129429084,0.05341014168573968,3.9562237715405524,3.8465996679314065,2.7111111111111112,3.5385352063160798,2.3752129190114895,6.133141342824744,5.307420435177386,5.146692306027137,-1.3074204351774172,0.12581699346405228,0.3661417322834646,-0.6429788191431236,0.5772641762966951,-0.00252145649659602,24.779836883877874,8.315144867927978,434,888,710,940,0.18219789174424683,0.16487343849402594,0.7885941743968317,10,4.246192259675405,1.3168503090567052,1.1179790378930397
