randomization,name,type,l1,l2,l3,ipr1,ipr2,ipr3,l1_cm,l1_er,l1_reg,l2_mp,l3_mp,l1_lap,l2_lap,l3_lap,alg_conn,clustering_c,clustering_r,deg_assort,Q,N.olap,N.temp,N.nodf,H2,H3,H4,H17,cent_between,cent_close,cent_eigen,diam,mean_path_length,deg_het_row,deg_het_col
erdos-renyi,Memmott1999,ecologicalinteractions,7.692719,4.654958,4.375797,0.02065207449902296,0.03664964106801952,0.04079511075140876,7.611667617596128,7.519209833779091,5.75,4.852070249454203,3.3802175419338085,9.69271946793222,6.654958315538598,6.375796967158464,-2.6549583155386087,0.5538128417955195,0.8666380379807234,-0.7120329357275453,0.3456672744152749,-2.868614045876156e-4,47.1646023701938,16.65924689334053,2288,12455,7439,20378,0.0984561622712823,0.15135600857546727,0.6707217838883771,6,2.922890216579537,1.1991252894262927,1.0673817966241987
