randomization,name,type,l1,l2,l3,ipr1,ipr2,ipr3,l1_cm,l1_er,l1_reg,l2_mp,l3_mp,l1_lap,l2_lap,l3_lap,alg_conn,clustering_c,clustering_r,deg_assort,Q,N.olap,N.temp,N.nodf,H2,H3,H4,H17,cent_between,cent_close,cent_eigen,diam,mean_path_length,deg_het_row,deg_het_col
erdos-renyi,Middelboe2009,ecologicalinteractions,12.626012,3.264798,2.629505,0.03481240472056855,0.05791416664084654,0.08166496192349515,12.637775177425551,12.678482564564627,11.542857142857143,3.2880554333097702,1.9137933632240711,14.626012119197549,5.264797633290845,4.629505483238376,-1.2647976332908468,1,1,-0.9115575603519411,0.10153230448726736,-0.2754254284000131,48.15937017807971,67.88509281912796,2543,26935,11681,42427,0.059492194555471035,0.2892276236732788,0.36733862801981326,3,1.7647058823529411,1.0120086266052348,1.0210763650622487
