randomization,name,type,l1,l2,l3,ipr1,ipr2,ipr3,l1_cm,l1_er,l1_reg,l2_mp,l3_mp,l1_lap,l2_lap,l3_lap,alg_conn,clustering_c,clustering_r,deg_assort,Q,N.olap,N.temp,N.nodf,H2,H3,H4,H17,cent_between,cent_close,cent_eigen,diam,mean_path_length,deg_het_row,deg_het_col
erdos-renyi,Montero2005-2,ecologicalinteractions,4.906382,3.547935,3.168567,0.05984471081973443,0.0651100455315026,0.10802944129450756,4.816800832624916,4.922418214293576,3.16,3.7936058792127128,2.308231536619098,6.906382019336393,5.547935123611949,5.168567362310879,-1.547935123611952,0.4170050155242417,0.8733905579399142,-0.8749583828775268,0.440153821502964,-0.004353018421187261,50.19380712240896,20.489342241310744,426,900,1156,2398,0.20985649919557667,0.196570407856147,0.7240019437468366,6,3.033469387755102,1.1642365005608075,1.072904983175773
