randomization,name,type,l1,l2,l3,ipr1,ipr2,ipr3,l1_cm,l1_er,l1_reg,l2_mp,l3_mp,l1_lap,l2_lap,l3_lap,alg_conn,clustering_c,clustering_r,deg_assort,Q,N.olap,N.temp,N.nodf,H2,H3,H4,H17,cent_between,cent_close,cent_eigen,diam,mean_path_length,deg_het_row,deg_het_col
erdos-renyi,Montero2005-1,ecologicalinteractions,4.287549,3.230923,3.074938,0.05964671696301213,0.09086971936848476,0.08543219571877034,4.197202919287917,4.180000991235441,2.88,3.4980401258736613,2.1326296213779714,6.287549403901531,5.230922954949729,5.0749383198568445,-1.2309229549497391,0.2901606425702811,0.7156862745098039,-0.7364259356879277,0.4874614197530866,2.517482599544636e-4,43.551232189127106,15.663059163059165,296,596,588,941,0.2801689581416779,0.20396352564393294,0.7302395596374226,6,3.2914285714285714,1.2191358024691359,1.114969135802469
