randomization,name,type,l1,l2,l3,ipr1,ipr2,ipr3,l1_cm,l1_er,l1_reg,l2_mp,l3_mp,l1_lap,l2_lap,l3_lap,alg_conn,clustering_c,clustering_r,deg_assort,Q,N.olap,N.temp,N.nodf,H2,H3,H4,H17,cent_between,cent_close,cent_eigen,diam,mean_path_length,deg_het_row,deg_het_col
erdos-renyi,Mosquin1967,ecologicalinteractions,3.606842,2.459068,2.166438,0.07950826866022714,0.10199720773581844,0.12358722629303782,3.5810182155436037,3.6416071878572462,3,2.7885780203339094,1.456051177546309,5.60684161186769,4.459067772543781,4.166437957489548,-0.45906777254378073,0.5194029850746269,0.6346153846153846,-0.3266331658291457,0.39485766758494034,-0.030725421481723997,53.157745154067634,26.484593837535012,88,213,71,35,0.2433045387467156,0.3005210859808375,0.5350317350061856,5,2.6493506493506493,1.2213039485766757,1.0798898071625345
