randomization,name,type,l1,l2,l3,ipr1,ipr2,ipr3,l1_cm,l1_er,l1_reg,l2_mp,l3_mp,l1_lap,l2_lap,l3_lap,alg_conn,clustering_c,clustering_r,deg_assort,Q,N.olap,N.temp,N.nodf,H2,H3,H4,H17,cent_between,cent_close,cent_eigen,diam,mean_path_length,deg_het_row,deg_het_col
erdos-renyi,muller1999,ecologicalinteractions,3.415034,1.995348,1.579605,0.11041133613195957,0.14901164407217385,0.16959686078039196,3.485685011586675,3.4113589362110033,2.857142857142857,2.1869247903556266,0.9665661252910307,5.415034306956758,3.995348459282483,3.5796049507150722,0.004651540717515252,0.7763157894736842,0.7272727272727273,-0.565420560747664,0.31249999999999994,0.08659420289855076,29.725095295039857,55.833333333333336,52,111,42,22,0.29598948060486513,0.26586482841282266,0.5164870240343827,5,2.2967032967032965,1.2149999999999999,1.125
