randomization,name,type,l1,l2,l3,ipr1,ipr2,ipr3,l1_cm,l1_er,l1_reg,l2_mp,l3_mp,l1_lap,l2_lap,l3_lap,alg_conn,clustering_c,clustering_r,deg_assort,Q,N.olap,N.temp,N.nodf,H2,H3,H4,H17,cent_between,cent_close,cent_eigen,diam,mean_path_length,deg_het_row,deg_het_col
erdos-renyi,Noma1997,ecologicalinteractions,4.147541,2.833378,2.271005,0.08773473781824315,0.10880381013585191,0.11702573686710481,4.157561612238211,4.002008336062979,3.3043478260869565,2.784291658855636,1.4641230539209598,6.147540620346984,4.833377803766187,4.271004886093544,-0.8333778037661878,0.7725631768953068,0.32680722891566266,-0.5079365079365082,0.39819944598337953,0.037467751397665464,36.199141536825586,37.397064088793414,126,342,147,130,0.2383358018054872,0.16955794688090914,0.5736514007591691,6,2.624505928853755,1.1523545706371192,1.2465373961218837
