randomization,name,type,l1,l2,l3,ipr1,ipr2,ipr3,l1_cm,l1_er,l1_reg,l2_mp,l3_mp,l1_lap,l2_lap,l3_lap,alg_conn,clustering_c,clustering_r,deg_assort,Q,N.olap,N.temp,N.nodf,H2,H3,H4,H17,cent_between,cent_close,cent_eigen,diam,mean_path_length,deg_het_row,deg_het_col
erdos-renyi,Olesen-3,ecologicalinteractions,3.425744,2.257969,2.138684,0.10563500156017272,0.1292557628206314,0.11114406841155608,3.4660255817482555,3.261343839027654,2.727272727272727,2.565434968598649,1.327802730376699,5.425743716042536,4.257969485998921,4.13868361332894,-0.2579694859989115,0.46496815286624205,0.3933333333333333,-0.23402555910543152,0.4377777777777779,-0.013374088374088381,35.51272845544887,25,74,163,64,44,0.44299715653457145,0.33228952929074596,0.6705255380441869,6,2.761904761904762,1.4133333333333333,1.1333333333333333
