randomization,name,type,l1,l2,l3,ipr1,ipr2,ipr3,l1_cm,l1_er,l1_reg,l2_mp,l3_mp,l1_lap,l2_lap,l3_lap,alg_conn,clustering_c,clustering_r,deg_assort,Q,N.olap,N.temp,N.nodf,H2,H3,H4,H17,cent_between,cent_close,cent_eigen,diam,mean_path_length,deg_het_row,deg_het_col
erdos-renyi,Orford_2016_Field-28,ecologicalinteractions,3.962156,3.253208,3.169204,0.06700627695148079,0.07639319182361175,0.07468017080956199,3.8950861543544724,3.889078376104449,2.6382978723404253,3.391141104541898,2.0352763272205068,5.962155598851033,5.253208124641609,5.169203581934885,-1.2532081246416242,0.5266666666666666,0.2723253757736516,-0.7391085263179996,0.5598335067637873,0.0028749984946591224,39.492317218186265,16.0872693687308,241,369,488,814,0.3118988441137149,0.19870937189024585,0.7500397847539438,8,3.5559666975023125,1.1378772112382933,1.186264308012487
