randomization,name,type,l1,l2,l3,ipr1,ipr2,ipr3,l1_cm,l1_er,l1_reg,l2_mp,l3_mp,l1_lap,l2_lap,l3_lap,alg_conn,clustering_c,clustering_r,deg_assort,Q,N.olap,N.temp,N.nodf,H2,H3,H4,H17,cent_between,cent_close,cent_eigen,diam,mean_path_length,deg_het_row,deg_het_col
erdos-renyi,Orford_2016_Field-67,ecologicalinteractions,3.819055,3.198549,2.861968,0.07386601791092938,0.0750989020723212,0.05571225967128381,3.620147614393645,3.7279350852717372,2.56,3.3839724483585853,2.0564363001885306,5.819055303710266,5.198548992361768,4.861967693173486,-1.1985489923617534,0.46099290780141844,0.2727272727272727,-0.7769514424715689,0.552734375,-0.027390821457882016,47.484119597644515,11.565367965367965,217,344,341,399,0.28405778348816796,0.1904710401058798,0.7779063001307337,8,3.9804081632653063,1.0742187499999998,1.1914062499999998
