randomization,name,type,l1,l2,l3,ipr1,ipr2,ipr3,l1_cm,l1_er,l1_reg,l2_mp,l3_mp,l1_lap,l2_lap,l3_lap,alg_conn,clustering_c,clustering_r,deg_assort,Q,N.olap,N.temp,N.nodf,H2,H3,H4,H17,cent_between,cent_close,cent_eigen,diam,mean_path_length,deg_het_row,deg_het_col
erdos-renyi,Orford_2016_Field-45,ecologicalinteractions,3.172768,2.708854,2.631221,0.09532790109788242,0.10091387832516188,0.08869183314744543,2.9791664146119055,3.1652415000003353,2.3181818181818183,3.0867362979908197,1.8392269246665969,5.172768273115444,4.708854018716198,4.631221223992001,-0.7088540187161919,0.41379310344827586,0.22743682310469315,-0.7960226488054145,0.642829680891965,-0.039541314248536116,42.91314015470247,9.15951972555746,118,160,99,52,0.2726889205294522,0.13042452436691987,0.7870354962244364,10,4.872093023255814,1.0276816608996537,1.2053056516724339
