randomization,name,type,l1,l2,l3,ipr1,ipr2,ipr3,l1_cm,l1_er,l1_reg,l2_mp,l3_mp,l1_lap,l2_lap,l3_lap,alg_conn,clustering_c,clustering_r,deg_assort,Q,N.olap,N.temp,N.nodf,H2,H3,H4,H17,cent_between,cent_close,cent_eigen,diam,mean_path_length,deg_het_row,deg_het_col
erdos-renyi,Orford_2016_Field-55,ecologicalinteractions,4.216819,3.092426,2.992607,0.08255299538519426,0.06111489335153931,0.08913850641059007,3.9811841190303388,3.983650346324748,2.7868852459016393,3.506610536092057,2.214479741578919,6.21681945186771,5.0924256900807015,4.992607011478457,-1.092425690080707,0.572289156626506,0.2202441505595117,-0.6595601436265709,0.5338408304498268,-0.0028882981144456995,37.99290994370704,13.06582168522467,317,629,568,863,0.25158601846899475,0.25865521460480556,0.8010546441119426,6,3.579234972677596,1.1137716262975779,1.2290657439446366
