randomization,name,type,l1,l2,l3,ipr1,ipr2,ipr3,l1_cm,l1_er,l1_reg,l2_mp,l3_mp,l1_lap,l2_lap,l3_lap,alg_conn,clustering_c,clustering_r,deg_assort,Q,N.olap,N.temp,N.nodf,H2,H3,H4,H17,cent_between,cent_close,cent_eigen,diam,mean_path_length,deg_het_row,deg_het_col
erdos-renyi,Orford_2016_Field-54,ecologicalinteractions,4.515187,3.644845,3.528884,0.06692070078268028,0.052317083640616324,0.07410786455123404,4.448721353438429,4.610214103034447,2.8524590163934427,3.869572918872865,2.421342233299233,6.515187055073139,5.644845365322348,5.528884459957071,-1.6448453653223543,0.64,0.25379266750948165,-0.8288687655536329,0.5346809353943716,3.5249052127447e-4,50.662675424548745,15.1423179121417,445,718,1237,2787,0.29651524233119586,0.210331652325641,0.7847047706635288,6,3.4120218579234973,1.066587395957194,1.1473114017703792
