randomization,name,type,l1,l2,l3,ipr1,ipr2,ipr3,l1_cm,l1_er,l1_reg,l2_mp,l3_mp,l1_lap,l2_lap,l3_lap,alg_conn,clustering_c,clustering_r,deg_assort,Q,N.olap,N.temp,N.nodf,H2,H3,H4,H17,cent_between,cent_close,cent_eigen,diam,mean_path_length,deg_het_row,deg_het_col
erdos-renyi,Orford_2016_Field-51,ecologicalinteractions,3.72347,3.071753,2.786126,0.07051261860167421,0.08334191688542954,0.09870789256796979,3.6295701282173662,3.7358315849085204,2.4285714285714284,3.3641867014198383,1.963863319802053,5.723470102786584,5.071753143515328,4.7861262228206805,-1.071753143515332,0.618421052631579,0.20875,-0.8766100878776931,0.5709342560553636,-0.030479284843508966,56.36730657995381,16.45698051948052,186,250,327,412,0.3003410668253024,0.25645096990821925,0.7227093336710386,6,3.5249709639953544,1.0361399461745484,1.1976163014225298
