randomization,name,type,l1,l2,l3,ipr1,ipr2,ipr3,l1_cm,l1_er,l1_reg,l2_mp,l3_mp,l1_lap,l2_lap,l3_lap,alg_conn,clustering_c,clustering_r,deg_assort,Q,N.olap,N.temp,N.nodf,H2,H3,H4,H17,cent_between,cent_close,cent_eigen,diam,mean_path_length,deg_het_row,deg_het_col
erdos-renyi,Orford_2016_Field-10,ecologicalinteractions,3.530283,3.013898,2.551329,0.07447079069065995,0.12560716517546594,0.08010406727867551,3.499449590802425,3.556177637033092,2.5789473684210527,3.1466090228118415,1.8241636554141354,5.530283357790547,5.013897671979829,4.551329056838781,-1.0138976719798214,0.44554455445544555,0.22641509433962265,-0.7017497348886531,0.520199916701374,-0.007566134313257061,43.118949622864356,17.017345399698343,149,237,204,228,0.24016101043128069,0.1842271714479611,0.7371385061277803,6,3.4864864864864864,1.113286130778842,1.1957517700957931
