randomization,name,type,l1,l2,l3,ipr1,ipr2,ipr3,l1_cm,l1_er,l1_reg,l2_mp,l3_mp,l1_lap,l2_lap,l3_lap,alg_conn,clustering_c,clustering_r,deg_assort,Q,N.olap,N.temp,N.nodf,H2,H3,H4,H17,cent_between,cent_close,cent_eigen,diam,mean_path_length,deg_het_row,deg_het_col
erdos-renyi,Orford_2016_Field-42,ecologicalinteractions,3.83667,3.054513,2.846124,0.10342203947075411,0.10168565678040406,0.12294400098090724,3.607529449319175,3.746965101440253,2.577777777777778,3.3535701600046663,2.000027955720191,5.836670312695519,5.054512829942426,4.8461240428692784,-1.0545128299424322,0.509090909090909,0.30982658959537573,-0.7707124795478211,0.5951248513674201,-0.02122124714807059,50.44499252284386,14.481803231803232,196,305,310,385,0.3330171414209469,0.19773208845018123,0.8118889642659921,8,3.787878787878788,1.0648038049940547,1.177170035671819
