randomization,name,type,l1,l2,l3,ipr1,ipr2,ipr3,l1_cm,l1_er,l1_reg,l2_mp,l3_mp,l1_lap,l2_lap,l3_lap,alg_conn,clustering_c,clustering_r,deg_assort,Q,N.olap,N.temp,N.nodf,H2,H3,H4,H17,cent_between,cent_close,cent_eigen,diam,mean_path_length,deg_het_row,deg_het_col
erdos-renyi,Orford_2016_Farm-2013-B2,ecologicalinteractions,3.079257,2.308326,2.289147,0.16272140888175535,0.16250731269796787,0.08920370421361161,2.9037824751041343,2.9702178405891955,2.08,2.8116936713972147,1.4610825056624717,5.079256547605986,4.308325845754482,4.289147138851631,-0.3083258457545038,0,0.16666666666666666,-0.7652050919377653,0.5665680473372784,-0.021547619047619072,47.890776561954546,17.266666666666666,68,53,91,91,0.3698419887278581,0.1332868318288801,0.8085130260028985,8,3.82,1.1094674556213016,1.1242603550295855
