randomization,name,type,l1,l2,l3,ipr1,ipr2,ipr3,l1_cm,l1_er,l1_reg,l2_mp,l3_mp,l1_lap,l2_lap,l3_lap,alg_conn,clustering_c,clustering_r,deg_assort,Q,N.olap,N.temp,N.nodf,H2,H3,H4,H17,cent_between,cent_close,cent_eigen,diam,mean_path_length,deg_het_row,deg_het_col
erdos-renyi,Orford_2016_Farm-2013-B9,ecologicalinteractions,2.578971,1.930313,1.619505,0.21237025053075503,0.2158590260421213,0.22822042756913577,2.477114182785326,2.530821305817453,1.8571428571428572,2.302534458927147,0.9953080198432549,4.578971385831401,3.9303133022998513,3.6195052164247654,0.06968669770014226,0,0,-0.7551020408163266,0.514792899408284,0.03986042692939248,49.541806544188915,23.41954022988506,26,15,25,16,0.6745562130177515,0.3914440438209721,0.7598957796724455,6,3.021978021978022,1.0828402366863907,1.1065088757396448
