randomization,name,type,l1,l2,l3,ipr1,ipr2,ipr3,l1_cm,l1_er,l1_reg,l2_mp,l3_mp,l1_lap,l2_lap,l3_lap,alg_conn,clustering_c,clustering_r,deg_assort,Q,N.olap,N.temp,N.nodf,H2,H3,H4,H17,cent_between,cent_close,cent_eigen,diam,mean_path_length,deg_het_row,deg_het_col
erdos-renyi,Orford_2016_Field-27,ecologicalinteractions,5.037533,3.419865,3.188385,0.06966433771313704,0.11008598316614422,0.0877716261901677,4.952684713625144,4.744783454302714,3.04,3.6435284225658253,2.2059421340899625,7.037533330243728,5.419865224851567,5.1883849948055385,-1.4198652248515644,0.7809694793536804,0.4382918817456593,-0.7845846754071588,0.47645429362880876,0.007392544323355211,51.395956087286976,22.993794731702494,401,978,1055,2242,0.2751765598414462,0.23356027976027388,0.7644906097137617,6,3.146122448979592,1.0664819944598338,1.3379501385041552
