randomization,name,type,l1,l2,l3,ipr1,ipr2,ipr3,l1_cm,l1_er,l1_reg,l2_mp,l3_mp,l1_lap,l2_lap,l3_lap,alg_conn,clustering_c,clustering_r,deg_assort,Q,N.olap,N.temp,N.nodf,H2,H3,H4,H17,cent_between,cent_close,cent_eigen,diam,mean_path_length,deg_het_row,deg_het_col
erdos-renyi,Orford_2016_Farm-2012-B1,ecologicalinteractions,3.484685,2.92476,2.826146,0.06173881006572216,0.06931596044200203,0.07103795860559604,3.331347515589063,3.5297647432763513,2.590909090909091,3.222168081851438,1.9276118702713598,5.484685462228617,4.924760214989612,4.826146252918373,-0.9247602149896199,0.3779527559055118,0.2875457875457875,-0.7807589818983732,0.5761772853185598,-0.04168104540583396,47.43567738335012,11.355060034305318,154,267,151,98,0.2600208483961227,0.16518398392991004,0.6943259143510877,8,4.034883720930233,1.0258541089566022,1.208679593721145
