randomization,name,type,l1,l2,l3,ipr1,ipr2,ipr3,l1_cm,l1_er,l1_reg,l2_mp,l3_mp,l1_lap,l2_lap,l3_lap,alg_conn,clustering_c,clustering_r,deg_assort,Q,N.olap,N.temp,N.nodf,H2,H3,H4,H17,cent_between,cent_close,cent_eigen,diam,mean_path_length,deg_het_row,deg_het_col
erdos-renyi,Passmore2012-Camp41-CF,ecologicalinteractions,2.801344,2.272723,1.920615,0.10832571918907757,0.1279982122174371,0.21473320091139825,2.87071371437782,2.8731606731682,2.235294117647059,2.4137826514026273,1.1392213821459345,4.801344037991211,4.272723485532381,3.92061526663364,-0.2727234855323874,0.19047619047619047,0.4666666666666667,-0.7209515096065877,0.4598337950138504,-0.02315162907268171,37.071302933485406,29.210526315789473,41,47,35,21,0.3778819444444444,0.23764221673496502,0.576725418612027,5,2.823529411764706,1.1634349030470914,1.1772853185595569
