randomization,name,type,l1,l2,l3,ipr1,ipr2,ipr3,l1_cm,l1_er,l1_reg,l2_mp,l3_mp,l1_lap,l2_lap,l3_lap,alg_conn,clustering_c,clustering_r,deg_assort,Q,N.olap,N.temp,N.nodf,H2,H3,H4,H17,cent_between,cent_close,cent_eigen,diam,mean_path_length,deg_het_row,deg_het_col
erdos-renyi,Philipp2006,ecologicalinteractions,3.901688,2.060704,1.525508,0.12195277535716488,0.15422415298430897,0.2087743413862319,3.919325338768283,3.682766714781843,3,2.2006513566262504,1.004006342359877,5.9016881591189385,4.060704041073276,3.525507548001853,-0.0607040410732631,0.8194444444444444,0.3020304568527919,-0.6557570049446669,0.3107638888888889,0.22582905982905985,28.32555421263624,37.69230769230769,83,171,127,156,0.4128979591836734,0.4014446798947273,0.6401158780813654,4,2.175,1.371527777777778,1.0694444444444446
