randomization,name,type,l1,l2,l3,ipr1,ipr2,ipr3,l1_cm,l1_er,l1_reg,l2_mp,l3_mp,l1_lap,l2_lap,l3_lap,alg_conn,clustering_c,clustering_r,deg_assort,Q,N.olap,N.temp,N.nodf,H2,H3,H4,H17,cent_between,cent_close,cent_eigen,diam,mean_path_length,deg_het_row,deg_het_col
erdos-renyi,Poulin1999_psychotria,ecologicalinteractions,4.764519,2.348284,2.254796,0.0688336630913836,0.1056998582885533,0.11094057501274035,4.695258730406083,4.700531884797719,4.190476190476191,2.894458475260922,1.5193893287223668,6.764519024081787,4.348283839666329,4.254795989776579,-0.3482838396663276,0.9239956568946797,0.8535911602209945,0.045678606638185966,0.26859504132231404,-0.029993650793650753,50.73349671193823,38.93333333333333,163,607,170,104,0.09852709158746312,0.16941501619852864,0.4382451008680936,5,2.276190476190476,1.1363636363636362,1.1022727272727273
