randomization,name,type,l1,l2,l3,ipr1,ipr2,ipr3,l1_cm,l1_er,l1_reg,l2_mp,l3_mp,l1_lap,l2_lap,l3_lap,alg_conn,clustering_c,clustering_r,deg_assort,Q,N.olap,N.temp,N.nodf,H2,H3,H4,H17,cent_between,cent_close,cent_eigen,diam,mean_path_length,deg_het_row,deg_het_col
erdos-renyi,Primack1983-1,ecologicalinteractions,4.482885,3.539665,3.35949,0.039565655486859364,0.0664552115528149,0.05137945779229777,4.393460968509403,4.398572982356887,3.1466666666666665,3.7139943297384734,2.435722237821534,6.482884905902765,5.539665209456537,5.359490348275688,-1.5396652094565102,0.26384720327421557,0.45549738219895286,-0.720016325578683,0.5378483194484343,-0.002961006992275196,32.06704499971045,11.782143078956942,484,1148,888,1324,0.16711106064092077,0.15064688233752016,0.7373654449677135,8,3.6504504504504505,1.2329790290146514,1.1085894857799483
