randomization,name,type,l1,l2,l3,ipr1,ipr2,ipr3,l1_cm,l1_er,l1_reg,l2_mp,l3_mp,l1_lap,l2_lap,l3_lap,alg_conn,clustering_c,clustering_r,deg_assort,Q,N.olap,N.temp,N.nodf,H2,H3,H4,H17,cent_between,cent_close,cent_eigen,diam,mean_path_length,deg_het_row,deg_het_col
erdos-renyi,Primack1983-3,ecologicalinteractions,5.474316,4.342534,4.032718,0.019411378619586913,0.033076526076571536,0.02932962133869515,5.253508522811993,5.298302155161928,4.1437125748503,4.19176560043314,3.0826134355183576,7.474316193354977,6.342533984410566,6.032717671699738,-2.3425339844105904,0.20928777670837342,0.3617347650257984,-0.5388712026129008,0.4635470613785995,-0.0020005820118410744,21.95581740603964,5.959649508665476,1632,5963,3095,4977,0.09897884216526803,0.1572159780759183,0.7768164968734268,8,3.7675492388716543,1.1808279595041598,1.1288549567309296
