randomization,name,type,l1,l2,l3,ipr1,ipr2,ipr3,l1_cm,l1_er,l1_reg,l2_mp,l3_mp,l1_lap,l2_lap,l3_lap,alg_conn,clustering_c,clustering_r,deg_assort,Q,N.olap,N.temp,N.nodf,H2,H3,H4,H17,cent_between,cent_close,cent_eigen,diam,mean_path_length,deg_het_row,deg_het_col
erdos-renyi,Primack1983-2,ecologicalinteractions,5.868445,4.472222,4.305252,0.017364045925446804,0.052719706735242636,0.02565286202353103,5.7353533272936845,5.726462221756732,4.155555555555555,4.450904833108929,3.2819122888750076,7.868445030539215,6.472222087055513,6.305252083412282,-2.472222087055507,0.20511345661614563,0.4507661391610148,-0.7024334884476029,0.44942663501958885,0.0018237271964100892,23.29865046758844,6.8710274826402,2152,7570,5694,12714,0.0841567619103221,0.15095839453446389,0.7543355191020908,7,3.6649906890130355,1.1845348737453172,1.1314306957591012
