randomization,name,type,l1,l2,l3,ipr1,ipr2,ipr3,l1_cm,l1_er,l1_reg,l2_mp,l3_mp,l1_lap,l2_lap,l3_lap,alg_conn,clustering_c,clustering_r,deg_assort,Q,N.olap,N.temp,N.nodf,H2,H3,H4,H17,cent_between,cent_close,cent_eigen,diam,mean_path_length,deg_het_row,deg_het_col
erdos-renyi,Robertson1929,ecologicalinteractions,23.246477,9.544156,9.478094,9.406832905543792e-4,0.003200665208626661,0.0035970726837688226,23.20249458268235,23.100803786965535,20.340000000000003,9.435480795789411,8.22220614263715,25.246476957476887,11.544156355884907,11.478093781151133,-7.544156355884756,NA,NA,-0.7835420257346466,NA,NA,NA,NA,366905,7462941,3398507,25936744,0.004249348249642262,0.0759784850865557,0.5487354729616805,5,3.0645265732710696,1.0680098889188612,1.0311812398017701
