randomization,name,type,l1,l2,l3,ipr1,ipr2,ipr3,l1_cm,l1_er,l1_reg,l2_mp,l3_mp,l1_lap,l2_lap,l3_lap,alg_conn,clustering_c,clustering_r,deg_assort,Q,N.olap,N.temp,N.nodf,H2,H3,H4,H17,cent_between,cent_close,cent_eigen,diam,mean_path_length,deg_het_row,deg_het_col
erdos-renyi,Schleuning2011_primary,ecologicalinteractions,8.547084,5.15137,4.718998,0.023296870185754485,0.038776100417700445,0.03191879286261629,8.456257123187333,8.492559904308266,6.288888888888889,5.062244210144833,3.4652773604626006,10.547084072106934,7.151369573955476,6.71899829317939,-3.15136957395547,0.6885933503836317,0.9583518122807725,-0.7976304642977755,0.3093683277353938,-0.0021290731289910305,65.50344084011576,21.712136370401783,2583,14838,10649,37018,0.10194580760757378,0.14200667384380417,0.6332581804912378,5,2.7083645443196005,1.1427162281961318,1.054039880632796
