randomization,name,type,l1,l2,l3,ipr1,ipr2,ipr3,l1_cm,l1_er,l1_reg,l2_mp,l3_mp,l1_lap,l2_lap,l3_lap,alg_conn,clustering_c,clustering_r,deg_assort,Q,N.olap,N.temp,N.nodf,H2,H3,H4,H17,cent_between,cent_close,cent_eigen,diam,mean_path_length,deg_het_row,deg_het_col
erdos-renyi,Smith-Ramirez2005,ecologicalinteractions,6.432144,4.803389,4.560431,0.020737428536230843,0.04937961324000959,0.04347805414141223,6.331606460813067,6.319926070872643,4.105960264900662,4.7494003741524145,3.4066893059413736,8.432143858799229,6.803389311811837,6.56043055385342,-2.803389311811877,0.286052423950206,0.6992930940728657,-0.7978225003307182,0.43971904266389206,-4.588787565088962e-4,35.56932745479056,10.235095960784033,2216,7592,7988,24270,0.1141657121842659,0.15646722486768164,0.736525219722028,6,3.461898454746137,1.2272216441207076,1.0707596253902183
