randomization,name,type,l1,l2,l3,ipr1,ipr2,ipr3,l1_cm,l1_er,l1_reg,l2_mp,l3_mp,l1_lap,l2_lap,l3_lap,alg_conn,clustering_c,clustering_r,deg_assort,Q,N.olap,N.temp,N.nodf,H2,H3,H4,H17,cent_between,cent_close,cent_eigen,diam,mean_path_length,deg_het_row,deg_het_col
erdos-renyi,Snow1971,ecologicalinteractions,9.392583,4.584945,4.456628,0.02663935838770095,0.040381259823767016,0.06821316557909049,9.35458274202805,9.539089563741365,7.3125,4.946440350869329,3.2587768472957643,11.392582581117091,6.5849452124207675,6.456628467440046,-2.584945212420788,1,0.8271060762100927,-0.9228561631472699,0.2520089122653225,-0.019823513543628782,76.35905526345934,33.33895869198456,2351,15558,10002,34181,0.07626581015150197,0.13804894961385275,0.5078691899819413,4,2.328373015873016,1.0124917817225507,1.104901745927387
