randomization,name,type,l1,l2,l3,ipr1,ipr2,ipr3,l1_cm,l1_er,l1_reg,l2_mp,l3_mp,l1_lap,l2_lap,l3_lap,alg_conn,clustering_c,clustering_r,deg_assort,Q,N.olap,N.temp,N.nodf,H2,H3,H4,H17,cent_between,cent_close,cent_eigen,diam,mean_path_length,deg_het_row,deg_het_col
erdos-renyi,Trojelsgaard_2015_Site1_WesternSahara1,ecologicalinteractions,3.287879,2.872117,2.776959,0.05157986428182268,0.09726955598043797,0.07479402334889625,3.2782615936863495,3.4643657309885354,2.425531914893617,3.268721345563763,1.9652240767718672,5.287878993102415,4.8721169849091135,4.776958599253752,-0.8721169849091073,0.34210526315789475,0.10843373493975904,-0.8648934918206428,0.5734072022160666,-0.02553080240188338,41.816708464074516,11.710200254504054,164,214,202,177,0.21775905755426855,0.13679172512636992,0.6785373878781648,8,3.9056429232192413,1.0433979686057246,1.172976300400123
