randomization,name,type,l1,l2,l3,ipr1,ipr2,ipr3,l1_cm,l1_er,l1_reg,l2_mp,l3_mp,l1_lap,l2_lap,l3_lap,alg_conn,clustering_c,clustering_r,deg_assort,Q,N.olap,N.temp,N.nodf,H2,H3,H4,H17,cent_between,cent_close,cent_eigen,diam,mean_path_length,deg_het_row,deg_het_col
erdos-renyi,Trojelsgaard_2015_Site7_TenerifeSouth1,ecologicalinteractions,3.984218,3.112263,2.784947,0.0916835906077457,0.07993600323752838,0.05751925850387664,3.7090922554385832,3.635166980554255,2.7547169811320753,3.235943060138563,2.010318534345715,5.984218093892997,5.112263141668275,4.784947262821395,-1.1122631416682596,0.3978102189781022,0.2557522123893805,-0.4518766167211678,0.5209232501407395,0.0068102036281661995,32.55927166232953,13.214089266069465,230,471,352,513,0.3736664091156218,0.23648209563011202,0.8174794791623784,8,3.7474600870827284,1.2356914993432164,1.1908425595796583
