randomization,name,type,l1,l2,l3,ipr1,ipr2,ipr3,l1_cm,l1_er,l1_reg,l2_mp,l3_mp,l1_lap,l2_lap,l3_lap,alg_conn,clustering_c,clustering_r,deg_assort,Q,N.olap,N.temp,N.nodf,H2,H3,H4,H17,cent_between,cent_close,cent_eigen,diam,mean_path_length,deg_het_row,deg_het_col
erdos-renyi,Trojelsgaard_2015_Site3_Fuerteventura1,ecologicalinteractions,4.069793,3.520193,2.994753,0.07258886619056824,0.11551852833945145,0.12914333486656832,4.074915737976055,4.051008122326841,2.4545454545454546,3.48850795974957,2.038975034994722,6.06979338727615,5.52019290699332,4.994752851768533,-1.520192906993318,0.881578947368421,0.2318718381112985,-0.829329554968764,0.5545267489711937,0.005941493974920181,47.923745306951545,17.91434540389972,260,298,714,1510,0.37191568893647253,0.2459052558268,0.7196974385842824,6,3.2790697674418605,1.1069958847736625,1.1728395061728394
