randomization,name,type,l1,l2,l3,ipr1,ipr2,ipr3,l1_cm,l1_er,l1_reg,l2_mp,l3_mp,l1_lap,l2_lap,l3_lap,alg_conn,clustering_c,clustering_r,deg_assort,Q,N.olap,N.temp,N.nodf,H2,H3,H4,H17,cent_between,cent_close,cent_eigen,diam,mean_path_length,deg_het_row,deg_het_col
erdos-renyi,Trojelsgaard_2015_Site8_TenerifeSouth2,ecologicalinteractions,4.091512,3.468641,3.285334,0.037415964320297,0.05345648499512384,0.10880217384553,4.049069680528822,4.22049488982018,2.8656716417910446,3.6887163567140147,2.362125226371978,6.0915115718342046,5.468640589262935,5.285334062178909,-1.468640589262936,0.5223463687150838,0.20314606741573032,-0.8357435434978647,0.5315755208333335,-0.012580309574485447,41.87108031401056,11.53307667224168,379,695,692,977,0.17412786421954296,0.1884654266272996,0.6873278877625648,8,3.7639077340569878,1.0551215277777777,1.1835937500000002
