randomization,name,type,l1,l2,l3,ipr1,ipr2,ipr3,l1_cm,l1_er,l1_reg,l2_mp,l3_mp,l1_lap,l2_lap,l3_lap,alg_conn,clustering_c,clustering_r,deg_assort,Q,N.olap,N.temp,N.nodf,H2,H3,H4,H17,cent_between,cent_close,cent_eigen,diam,mean_path_length,deg_het_row,deg_het_col
erdos-renyi,ueckert,ecologicalinteractions,8.097933,4.22943,3.757361,0.030870121287205402,0.04173577283611093,0.05361298474263842,8.066046808140348,8.022401410885847,6.315789473684211,4.500226308015022,2.9017297017078096,10.097933277286513,6.229430414883533,5.757360620465029,-2.229430414883522,0.8311577311577312,0.9892689906347555,-0.8088683021413864,0.2741666666666666,-0.009001627892566916,63.9941870483694,31.84275692449737,1456,8607,4747,12503,0.09481980580497334,0.1644001275351206,0.5649060451588385,5,2.462406015037594,1.1705555555555553,1.032716049382716
