randomization,name,type,l1,l2,l3,ipr1,ipr2,ipr3,l1_cm,l1_er,l1_reg,l2_mp,l3_mp,l1_lap,l2_lap,l3_lap,alg_conn,clustering_c,clustering_r,deg_assort,Q,N.olap,N.temp,N.nodf,H2,H3,H4,H17,cent_between,cent_close,cent_eigen,diam,mean_path_length,deg_het_row,deg_het_col
erdos-renyi,Vazquez-Safariland,ecologicalinteractions,3.104698,2.589868,2.332979,0.11509197670344186,0.10341101693172729,0.10682046373003752,3.040273886695481,3.04086450366864,2.2580645161290325,2.8525555585003595,1.5778679903264188,5.104697594035107,4.589868114070474,4.332978592825961,-0.5898681140704763,0.16666666666666666,0.4594594594594595,-0.6954213669542137,0.5910204081632655,-0.03331216669619294,39.81969766700933,15.474495848161327,83,107,81,58,0.3841404853128991,0.22273174753601457,0.7719247451832083,8,3.8881720430107527,1.2579591836734694,1.103673469387755
