randomization,name,type,l1,l2,l3,ipr1,ipr2,ipr3,l1_cm,l1_er,l1_reg,l2_mp,l3_mp,l1_lap,l2_lap,l3_lap,alg_conn,clustering_c,clustering_r,deg_assort,Q,N.olap,N.temp,N.nodf,H2,H3,H4,H17,cent_between,cent_close,cent_eigen,diam,mean_path_length,deg_het_row,deg_het_col
erdos-renyi,Vazquez-Mascardi_nc,ecologicalinteractions,3.789244,3.398408,2.787785,0.08583978739548791,0.08947227854184901,0.08823501917519419,3.799671038392666,3.6921275396311186,2.4615384615384617,3.2137903942207755,1.8484919489722076,5.789244111192289,5.398408089312731,4.787784676915417,-1.398408089312705,0.28993288590604027,0.3387096774193548,-0.7897897897897898,0.541232638888889,0.03694907535333069,37.50535215862669,19.6863774523349,192,242,414,710,0.40786104664221,0.17721140214120137,0.7580118229582087,7,3.45748987854251,1.1666666666666667,1.203125
