randomization,name,type,l1,l2,l3,ipr1,ipr2,ipr3,l1_cm,l1_er,l1_reg,l2_mp,l3_mp,l1_lap,l2_lap,l3_lap,alg_conn,clustering_c,clustering_r,deg_assort,Q,N.olap,N.temp,N.nodf,H2,H3,H4,H17,cent_between,cent_close,cent_eigen,diam,mean_path_length,deg_het_row,deg_het_col
erdos-renyi,Weiner2011,ecologicalinteractions,9.930784,6.546109,6.457218,0.005218918042202575,0.01718815804166181,0.016423390939642072,9.790910395110252,9.881043437546314,6.05685618729097,6.422976165775342,5.224353202392003,11.93078411979743,8.546109183119412,8.457218224128763,-4.546109183119383,0.6012857150134225,0.18406512300910075,-0.8945203185405743,0.3454909731650958,-7.753741606316317e-4,20.47870697682844,4.4642240483343825,22952,126328,150632,809651,0.030016704204132244,0.13096439166284407,0.7640052349160403,6,3.5866343983014293,1.0384935181986517,1.1786395855013276
