randomization,name,type,l1,l2,l3,ipr1,ipr2,ipr3,l1_cm,l1_er,l1_reg,l2_mp,l3_mp,l1_lap,l2_lap,l3_lap,alg_conn,clustering_c,clustering_r,deg_assort,Q,N.olap,N.temp,N.nodf,H2,H3,H4,H17,cent_between,cent_close,cent_eigen,diam,mean_path_length,deg_het_row,deg_het_col
erdos-renyi,Wheelwright1984,ecologicalinteractions,9.00575,5.504291,5.469407,0.010753054642454653,0.02391068274321747,0.02772694816978363,8.97104111448481,9.002781766250202,6.373205741626794,5.687313710430696,4.264705713576031,11.00574968867233,7.5042908097493415,7.469406770017905,-3.504290809749368,0.8115366513707495,0.3841650945019601,-0.8304295943192121,0.3299312826339849,1.7123310748884545e-4,39.413382091164266,10.20970458996247,6711,39214,31708,125942,0.06113650655776353,0.13065636225404187,0.6951442891366539,6,3.1524659550975342,1.0554698842987134,1.1620855089323556
