randomization,name,type,l1,l2,l3,ipr1,ipr2,ipr3,l1_cm,l1_er,l1_reg,l2_mp,l3_mp,l1_lap,l2_lap,l3_lap,alg_conn,clustering_c,clustering_r,deg_assort,Q,N.olap,N.temp,N.nodf,H2,H3,H4,H17,cent_between,cent_close,cent_eigen,diam,mean_path_length,deg_het_row,deg_het_col
configuration,Adventure_0-1950,actorcollaboration,9.703437,8.766908,8.410376,0.010354351306915753,0.13749161335899004,0.13572280832098813,8.62619396550046,5.724678213131665,3.2900552486187844,4.960565263070974,4.514618328062627,11.703436977568403,10.76690780437562,10.410375627027376,-6.766907804375652,0.10801222923757806,0.02629629708056555,-0.3851015410303027,NA,NA,NA,NA,108854,473851,1044544,10681589,0.034786446158553815,0.13107924342077693,0.9737048828654224,12,5.57092401907704,1.641522956599348,1.8494797427670868
