randomization,name,type,l1,l2,l3,ipr1,ipr2,ipr3,l1_cm,l1_er,l1_reg,l2_mp,l3_mp,l1_lap,l2_lap,l3_lap,alg_conn,clustering_c,clustering_r,deg_assort,Q,N.olap,N.temp,N.nodf,H2,H3,H4,H17,cent_between,cent_close,cent_eigen,diam,mean_path_length,deg_het_row,deg_het_col
configuration,Romance_0-1950,actorcollaboration,16.943092,13.010692,12.095553,0.005346753358666167,0.1571428794692423,0.14902676451614552,15.864234839405917,7.733971107606167,5.0787888395688014,5.614792669349407,5.235813276817902,18.943092071121473,15.0106919936901,14.095552957064264,-11.010691993690145,NA,NA,-0.18749362578239603,NA,NA,NA,NA,557022,6803408,8165345,159356749,0.04170911433865797,0.1735434099458422,0.9800870802513373,10,4.995056802716215,1.8292279794254067,2.9794461188757473
