randomization,name,type,l1,l2,l3,ipr1,ipr2,ipr3,l1_cm,l1_er,l1_reg,l2_mp,l3_mp,l1_lap,l2_lap,l3_lap,alg_conn,clustering_c,clustering_r,deg_assort,Q,N.olap,N.temp,N.nodf,H2,H3,H4,H17,cent_between,cent_close,cent_eigen,diam,mean_path_length,deg_het_row,deg_het_col
configuration,ScienceFiction_0-1950,actorcollaboration,9.096883,7.839109,7.47997,0.15852961737602853,0.10780129590627645,0.09641515604856744,7.266730411902359,5.367807163261805,2.6127659574468085,5.081591759178809,4.27450598087331,11.096883208784913,9.839109060881162,9.479970429520714,-5.839109060881184,0.29131077921458226,0.06308362917359457,-0.440353743293234,NA,NA,NA,NA,19313,39665,228471,2806240,0.18768991189922613,0.19713316576076736,0.983262062693901,10,5.106577259052521,1.5833449691773918,1.4800496556992648
