randomization,name,type,l1,l2,l3,ipr1,ipr2,ipr3,l1_cm,l1_er,l1_reg,l2_mp,l3_mp,l1_lap,l2_lap,l3_lap,alg_conn,clustering_c,clustering_r,deg_assort,Q,N.olap,N.temp,N.nodf,H2,H3,H4,H17,cent_between,cent_close,cent_eigen,diam,mean_path_length,deg_het_row,deg_het_col
configuration,Thriller_0-1950,actorcollaboration,11.390166,10.592051,9.973359,0.08431320138633487,0.07821331813622553,0.12214522982466032,8.944024310686396,6.086219661353887,3.335146159075459,5.197742506712226,4.680289172485309,13.390165921483188,12.592051389298891,11.973359418146488,-8.592051389298858,0.15352304945920403,0.039142967534080905,-0.29942480003246874,NA,NA,NA,NA,95776,387846,1339477,23904462,0.0845562197181203,0.16866512390936045,0.9896453822511488,12,5.330128222906894,1.6684703821987903,1.7170362538512454
