randomization,name,type,l1,l2,l3,ipr1,ipr2,ipr3,l1_cm,l1_er,l1_reg,l2_mp,l3_mp,l1_lap,l2_lap,l3_lap,alg_conn,clustering_c,clustering_r,deg_assort,Q,N.olap,N.temp,N.nodf,H2,H3,H4,H17,cent_between,cent_close,cent_eigen,diam,mean_path_length,deg_het_row,deg_het_col
configuration,Western_1951-1975,actorcollaboration,10.36397,7.96802,7.726849,0.0032705328867323738,0.12070363387403683,0.04463968307793778,9.559893644892414,6.0351774960497,3.9800084471350132,4.887649662233953,4.490339558756408,12.363969614436552,9.968019817591673,9.726848888628412,-5.9680198175916725,NA,NA,-0.21363970059660944,NA,NA,NA,NA,131761,1016052,696533,3866944,0.0331361098109359,0.14868007366384162,0.9550912009201015,10,5.411901706368056,1.2679726408980863,2.657548824570388
