randomization,name,type,l1,l2,l3,ipr1,ipr2,ipr3,l1_cm,l1_er,l1_reg,l2_mp,l3_mp,l1_lap,l2_lap,l3_lap,alg_conn,clustering_c,clustering_r,deg_assort,Q,N.olap,N.temp,N.nodf,H2,H3,H4,H17,cent_between,cent_close,cent_eigen,diam,mean_path_length,deg_het_row,deg_het_col
configuration,Chicago_crimes_2016-09-26,crimes,14.593352,5.106875,4.782595,0.038625616313321835,0.056390526357943956,0.048758575218998984,15.327177686865634,10.227558468490406,7.937499999999999,3.9817977044591064,2.713546464310372,16.59335212540302,7.106874827855779,6.782594519046328,-3.1068748278557843,0.9837938746233501,0.9792270448719411,-0.6262611913031003,0.20558552228215585,0.5055988513677608,13.269632208211881,60.246066630972976,7643,67537,94219,1058245,0.2902346385559501,0.461920086782077,0.7655262846374538,5,2.3030701754385965,2.0500961001922007,1.285152348082474
