randomization,name,type,l1,l2,l3,ipr1,ipr2,ipr3,l1_cm,l1_er,l1_reg,l2_mp,l3_mp,l1_lap,l2_lap,l3_lap,alg_conn,clustering_c,clustering_r,deg_assort,Q,N.olap,N.temp,N.nodf,H2,H3,H4,H17,cent_between,cent_close,cent_eigen,diam,mean_path_length,deg_het_row,deg_het_col
configuration,Chicago_crimes_2016-03-14,crimes,14.68795,4.756792,4.534149,0.036033267480780215,0.05506771693098702,0.08073731801057936,15.267587222025384,10.11920996566156,7.814432989690721,3.9699943618264415,2.7078430059538254,16.687950091702994,6.756792059613461,6.5341492116742925,-2.756792059613454,0.9787619397911302,0.9543459356087733,-0.664496085874461,0.2111931830048522,0.493411355934747,11.489835419644603,59.68140195143736,7228,69029,78061,748961,0.21559718374204426,0.32577416028316863,0.7470970212405399,5,2.422250859106529,1.9213873476235896,1.3935784351264608
