randomization,name,type,l1,l2,l3,ipr1,ipr2,ipr3,l1_cm,l1_er,l1_reg,l2_mp,l3_mp,l1_lap,l2_lap,l3_lap,alg_conn,clustering_c,clustering_r,deg_assort,Q,N.olap,N.temp,N.nodf,H2,H3,H4,H17,cent_between,cent_close,cent_eigen,diam,mean_path_length,deg_het_row,deg_het_col
configuration,Chicago_crimes_2016-03-02,crimes,13.413513,4.754552,4.507593,0.03678397176635392,0.055140658181524554,0.0609209117887525,13.86801035447282,9.548265733672803,7.297872340425532,4.115341061743567,2.7986711590615876,15.413512857861779,6.754551659170144,6.507592684816264,-2.754551659170159,0.9728820986457903,0.9422422616658248,-0.6438555293537936,0.21695892017781718,0.41040529891957295,13.290736272083155,53.94635015903908,5916,50793,58571,524688,0.25712148604055773,0.3109024679965901,0.7521213125149339,5,2.442690459849005,1.8433390849050995,1.3594930683643722
