randomization,name,type,l1,l2,l3,ipr1,ipr2,ipr3,l1_cm,l1_er,l1_reg,l2_mp,l3_mp,l1_lap,l2_lap,l3_lap,alg_conn,clustering_c,clustering_r,deg_assort,Q,N.olap,N.temp,N.nodf,H2,H3,H4,H17,cent_between,cent_close,cent_eigen,diam,mean_path_length,deg_het_row,deg_het_col
configuration,Chicago_crimes_2016-07-22,crimes,14.781009,5.141403,4.535189,0.03778566615851033,0.04060661250652541,0.05104782928206913,15.301261373021594,10.269587807013973,7.878787878787879,4.084558629842719,2.7950654310912983,16.781009224458767,7.141402694114106,6.535188944834508,-3.141402694114122,0.9779607570323147,0.968798375364944,-0.6154102396042967,0.2191913214990131,0.4554969596305486,13.444786263396614,57.0216839267431,7691,70852,91768,997019,0.2751016123038965,0.3746189121469097,0.7590946525713043,6,2.4135229849515563,1.9570019723865877,1.3324391847468773
