randomization,name,type,l1,l2,l3,ipr1,ipr2,ipr3,l1_cm,l1_er,l1_reg,l2_mp,l3_mp,l1_lap,l2_lap,l3_lap,alg_conn,clustering_c,clustering_r,deg_assort,Q,N.olap,N.temp,N.nodf,H2,H3,H4,H17,cent_between,cent_close,cent_eigen,diam,mean_path_length,deg_het_row,deg_het_col
configuration,Chicago_crimes_2016-03-06,crimes,13.893986,4.990175,4.680317,0.04037651298132565,0.06469067520560078,0.07851441701624642,14.549772222731427,9.820074366989047,7.494736842105263,4.017822463165608,2.7318509003856524,15.893985800757461,6.990174775933842,6.680316942829406,-2.990174775933892,0.9790983732116051,0.9614938890782491,-0.6222520578673734,0.2274649665446285,0.4895449544155437,10.850077216683362,59.59088696359927,6676,57085,75991,782521,0.2505900144940089,0.30664464317547296,0.7605988502478823,5,2.3717805151175813,1.9532571644994319,1.3289357404368138
