randomization,name,type,l1,l2,l3,ipr1,ipr2,ipr3,l1_cm,l1_er,l1_reg,l2_mp,l3_mp,l1_lap,l2_lap,l3_lap,alg_conn,clustering_c,clustering_r,deg_assort,Q,N.olap,N.temp,N.nodf,H2,H3,H4,H17,cent_between,cent_close,cent_eigen,diam,mean_path_length,deg_het_row,deg_het_col
configuration,Chicago_crimes_2016-10-24,crimes,14.913744,4.741906,4.610711,0.03711539442261949,0.05141282459124815,0.05571341899078923,15.447552461622177,10.359793864618956,8.210526315789474,4.0153988260444,2.739068653373885,16.913743668957856,6.741905816777988,6.610711011443005,-2.741905816777972,0.9754463814051769,0.9790744830264685,-0.6251765590008876,0.19767915844838907,0.5200799227590005,10.635693558127066,61.65399955808077,7638,73104,88096,940595,0.2884532407528863,0.4799666159598675,0.7685632076237672,5,2.3431131019036955,2.0163182117028273,1.2885207100591716
