randomization,name,type,l1,l2,l3,ipr1,ipr2,ipr3,l1_cm,l1_er,l1_reg,l2_mp,l3_mp,l1_lap,l2_lap,l3_lap,alg_conn,clustering_c,clustering_r,deg_assort,Q,N.olap,N.temp,N.nodf,H2,H3,H4,H17,cent_between,cent_close,cent_eigen,diam,mean_path_length,deg_het_row,deg_het_col
configuration,Chicago_crimes_2016-02-03,crimes,14.621665,4.545879,4.420888,0.03766168086206122,0.04699848650999206,0.05515585272778927,15.067545994409477,10.657273206604355,8.222222222222221,4.102789974997309,2.7731927058300307,16.62166458213112,6.545879171058508,6.420888354961891,-2.545879171058538,0.9831664077658167,0.9695047179140764,-0.6524969898207167,0.20210372534696872,0.4648205517854347,16.498909681912806,58.89876239090206,7049,65970,77318,764794,0.24066399768772087,0.4198701750681406,0.755329911700872,5,2.3220973782771535,1.7989773557341127,1.2905770635500364
