randomization,name,type,l1,l2,l3,ipr1,ipr2,ipr3,l1_cm,l1_er,l1_reg,l2_mp,l3_mp,l1_lap,l2_lap,l3_lap,alg_conn,clustering_c,clustering_r,deg_assort,Q,N.olap,N.temp,N.nodf,H2,H3,H4,H17,cent_between,cent_close,cent_eigen,diam,mean_path_length,deg_het_row,deg_het_col
configuration,Chicago_crimes_2016-03-09,crimes,14.342744,4.921312,4.396263,0.03750495048779303,0.0535371598406438,0.05769856395846286,14.70786512005372,10.749402811975946,7.977777777777778,4.223131296951161,2.8478624336688743,16.342743625623136,6.921312316546469,6.3962625225965635,-2.9213123165464525,0.9878066343430464,0.9619197452887545,-0.6652978890562621,0.20356763215679552,0.43676724808995854,15.131872627043425,58.033506164900196,6758,60834,73412,704639,0.22524143282952647,0.3089656186414296,0.7352789160063192,5,2.3525593008739074,1.6604619765520134,1.310045701073083
