randomization,name,type,l1,l2,l3,ipr1,ipr2,ipr3,l1_cm,l1_er,l1_reg,l2_mp,l3_mp,l1_lap,l2_lap,l3_lap,alg_conn,clustering_c,clustering_r,deg_assort,Q,N.olap,N.temp,N.nodf,H2,H3,H4,H17,cent_between,cent_close,cent_eigen,diam,mean_path_length,deg_het_row,deg_het_col
configuration,Chicago_crimes_2016-08-12,crimes,14.127503,5.120027,4.685606,0.03608374655409144,0.05994349083403161,0.0517170361973084,14.692824754558103,9.892275896608545,7.684210526315789,4.0327507949319505,2.747138841889318,16.127503277670385,7.120027490691009,6.685606262115417,-3.1200274906909904,0.9709089930501826,0.9630541272506666,-0.638768085901123,0.2042109213736162,0.48018290605096303,11.426640290035564,58.64683044728515,6762,60622,73241,723059,0.26733337345332225,0.3405702256519713,0.7470885079143501,5,2.360582306830907,1.9520510414711956,1.3331506849315067
