randomization,name,type,l1,l2,l3,ipr1,ipr2,ipr3,l1_cm,l1_er,l1_reg,l2_mp,l3_mp,l1_lap,l2_lap,l3_lap,alg_conn,clustering_c,clustering_r,deg_assort,Q,N.olap,N.temp,N.nodf,H2,H3,H4,H17,cent_between,cent_close,cent_eigen,diam,mean_path_length,deg_het_row,deg_het_col
configuration,Chicago_crimes_2016-10-06,crimes,15.430599,5.439139,4.632575,0.03422769137773304,0.05586696340702918,0.04406294523540066,15.94164935085706,11.405184172093428,8.702127659574469,4.2292944440384295,2.875183645467776,17.43059890813387,7.439138777671384,6.632574795703457,-3.439138777671377,0.9874324403514229,0.9755938139564074,-0.6677877027982254,0.19853420292800703,0.46745233603760444,15.859837113060722,60.78307366280815,8289,82360,95976,997902,0.23638368881781358,0.398506360190001,0.7447720460472865,5,2.312971859986273,1.7282297451593427,1.3010084827326474
