randomization,name,type,l1,l2,l3,ipr1,ipr2,ipr3,l1_cm,l1_er,l1_reg,l2_mp,l3_mp,l1_lap,l2_lap,l3_lap,alg_conn,clustering_c,clustering_r,deg_assort,Q,N.olap,N.temp,N.nodf,H2,H3,H4,H17,cent_between,cent_close,cent_eigen,diam,mean_path_length,deg_het_row,deg_het_col
configuration,Chicago_crimes_2016-06-27,crimes,15.40742,4.903399,4.611314,0.03490534332636339,0.033837332687632914,0.05611472947395873,16.169794636979713,10.17469926319405,8.16161616161616,3.7756543404071876,2.58670546117441,17.407420274172736,6.903398538759673,6.611313987827204,-2.903398538759687,0.979663630241378,0.9739877138412462,-0.6565130675888865,0.20408538378590346,0.5631159935268781,8.916023573740512,63.840780454071755,8201,82037,95631,1004590,0.2210402779376937,0.338202621382659,0.7428151394361978,5,2.365285508142651,2.1759508871679247,1.3619743162435054
