randomization,name,type,l1,l2,l3,ipr1,ipr2,ipr3,l1_cm,l1_er,l1_reg,l2_mp,l3_mp,l1_lap,l2_lap,l3_lap,alg_conn,clustering_c,clustering_r,deg_assort,Q,N.olap,N.temp,N.nodf,H2,H3,H4,H17,cent_between,cent_close,cent_eigen,diam,mean_path_length,deg_het_row,deg_het_col
configuration,Chicago_crimes_2016-11-23,crimes,14.099168,5.029518,4.371031,0.03701796786272953,0.055168422415731645,0.08868075276801868,14.471332045221978,10.037433162239138,7.870967741935484,4.152871796015849,2.8273684858425456,16.09916784612696,7.029518396768678,6.3710308666280335,-3.0295183967686676,0.9727619184583304,0.9634040354481269,-0.6734693628499893,0.2075084356057213,0.43196287202043016,19.088231777972556,54.80229108142108,6790,59623,72563,681320,0.2273389025376606,0.35503074426571346,0.7563184392597895,5,2.3394109396914446,1.9655409238854549,1.2423780942996208
