randomization,name,type,l1,l2,l3,ipr1,ipr2,ipr3,l1_cm,l1_er,l1_reg,l2_mp,l3_mp,l1_lap,l2_lap,l3_lap,alg_conn,clustering_c,clustering_r,deg_assort,Q,N.olap,N.temp,N.nodf,H2,H3,H4,H17,cent_between,cent_close,cent_eigen,diam,mean_path_length,deg_het_row,deg_het_col
configuration,Chicago_crimes_2016-05-16,crimes,15.225768,4.496761,4.45654,0.03560571049569987,0.046988251483041255,0.0658607885725601,15.791521277377143,11.225704261392291,8.553191489361701,4.198651660602895,2.85321821962512,17.22576771290884,6.496760571013906,6.45653967644489,-2.4967605710139087,0.9894946040256049,0.9691486920890875,-0.6518378097521228,0.19355956535729318,0.4687557280015137,14.743089799099131,60.30558130109962,7929,79293,88913,888412,0.20836464438785443,0.32430218692636203,0.7330970860244165,5,2.334019675131549,1.6987203287047348,1.3444221677681247
