randomization,name,type,l1,l2,l3,ipr1,ipr2,ipr3,l1_cm,l1_er,l1_reg,l2_mp,l3_mp,l1_lap,l2_lap,l3_lap,alg_conn,clustering_c,clustering_r,deg_assort,Q,N.olap,N.temp,N.nodf,H2,H3,H4,H17,cent_between,cent_close,cent_eigen,diam,mean_path_length,deg_het_row,deg_het_col
configuration,Chicago_crimes_2016-03-12,crimes,14.114225,4.885518,4.432586,0.04006568077174862,0.06002867772705109,0.06736026859285718,14.633912996305575,9.845270801684666,7.515789473684211,3.997508025780744,2.7173780719400362,16.11422515710583,6.885517537576851,6.432585719725535,-2.8855175375768605,0.9790910337560356,0.9593456228181113,-0.6299207631844381,0.22101389575437955,0.4437302593165642,14.512666692874618,56.00795305501446,6671,58861,74145,743162,0.21332574500881177,0.34028511021542385,0.763851103068071,5,2.4358342665173573,1.9326083374526282,1.3511129942172946
