randomization,name,type,l1,l2,l3,ipr1,ipr2,ipr3,l1_cm,l1_er,l1_reg,l2_mp,l3_mp,l1_lap,l2_lap,l3_lap,alg_conn,clustering_c,clustering_r,deg_assort,Q,N.olap,N.temp,N.nodf,H2,H3,H4,H17,cent_between,cent_close,cent_eigen,diam,mean_path_length,deg_het_row,deg_het_col
configuration,Chicago_crimes_2016-01-13,crimes,14.008859,4.845883,4.689611,0.03476377556639276,0.0634087201510436,0.08293615914874397,14.271879862877766,9.85030045180278,7.587628865979381,4.213059895192389,2.881856136721545,16.008859248500087,6.845883309862002,6.689610649204268,-2.84588330986203,0.9703685258964143,0.9531698626898096,-0.6756832586656004,0.21160207939508516,0.4064149993986212,13.909515289879533,53.41095827063733,6664,59109,68377,619817,0.25850376766813105,0.30554294704151413,0.7473344921454903,5,2.445876288659794,1.9019966918714557,1.3047908790170135
