randomization,name,type,l1,l2,l3,ipr1,ipr2,ipr3,l1_cm,l1_er,l1_reg,l2_mp,l3_mp,l1_lap,l2_lap,l3_lap,alg_conn,clustering_c,clustering_r,deg_assort,Q,N.olap,N.temp,N.nodf,H2,H3,H4,H17,cent_between,cent_close,cent_eigen,diam,mean_path_length,deg_het_row,deg_het_col
configuration,Chicago_crimes_2016-11-26,crimes,14.214806,4.880226,4.302659,0.042763999114411824,0.045411409660085944,0.09578696608226059,14.885638987848731,9.504598270575363,7.525773195876289,3.8461840390032918,2.6279196685029156,16.214806191479735,6.880226180719284,6.302659062077563,-2.880226180719282,0.9646598667661774,0.9706208010761759,-0.5737724411304456,0.22352411334209046,0.5122174248391298,11.212720965880468,59.830886425513725,6983,61295,84207,933285,0.24170413270150692,0.39119235052969525,0.7729846454552013,5,2.390893470790378,2.2148996059298174,1.3156164383561646
