randomization,name,type,l1,l2,l3,ipr1,ipr2,ipr3,l1_cm,l1_er,l1_reg,l2_mp,l3_mp,l1_lap,l2_lap,l3_lap,alg_conn,clustering_c,clustering_r,deg_assort,Q,N.olap,N.temp,N.nodf,H2,H3,H4,H17,cent_between,cent_close,cent_eigen,diam,mean_path_length,deg_het_row,deg_het_col
configuration,Chicago_crimes_2016-04-29,crimes,14.097703,4.861368,4.563646,0.03762509146636848,0.04565494171758547,0.0637508335813968,14.519123192245628,9.768379382820696,7.578947368421052,4.033753456670678,2.747854592233662,16.097703464243647,6.861368414372261,6.563645795239677,-2.8613684143722993,0.9667606202377433,0.9603094197973557,-0.654622110505031,0.2149151234567902,0.45403313075026414,12.689184174380868,56.286946214920974,6688,59008,72407,700253,0.21236214902549294,0.31292444158732163,0.7512051731423013,5,2.415229563269877,1.999012345679012,1.30679012345679
