randomization,name,type,l1,l2,l3,ipr1,ipr2,ipr3,l1_cm,l1_er,l1_reg,l2_mp,l3_mp,l1_lap,l2_lap,l3_lap,alg_conn,clustering_c,clustering_r,deg_assort,Q,N.olap,N.temp,N.nodf,H2,H3,H4,H17,cent_between,cent_close,cent_eigen,diam,mean_path_length,deg_het_row,deg_het_col
configuration,Chicago_crimes_2016-03-30,crimes,14.342037,4.831233,4.40368,0.03873815407877665,0.05166631218187899,0.04760516295417547,14.867505858374635,10.182334031680764,7.625,4.07324772122927,2.769102625300105,16.342037303639408,6.831232779667595,6.403679526227799,-2.8312327796676016,0.9779334888905814,0.9598794537446228,-0.6575667929849082,0.21393591925706984,0.4864263683438082,12.007835902792786,59.69676526402258,7109,62333,82056,848264,0.2861068145529905,0.39335372376171623,0.7701364659992143,5,2.3609649122807017,1.8812147272238644,1.3332736122308817
