randomization,name,type,l1,l2,l3,ipr1,ipr2,ipr3,l1_cm,l1_er,l1_reg,l2_mp,l3_mp,l1_lap,l2_lap,l3_lap,alg_conn,clustering_c,clustering_r,deg_assort,Q,N.olap,N.temp,N.nodf,H2,H3,H4,H17,cent_between,cent_close,cent_eigen,diam,mean_path_length,deg_het_row,deg_het_col
configuration,Chicago_crimes_2016-07-02,crimes,14.993102,4.890536,4.563191,0.03684464897970843,0.052481058437762663,0.07438279365682529,15.643416640649143,10.546289465149574,8.142857142857142,4.0729825398660475,2.784100916369268,16.99310206574224,6.890536427266582,6.563190663888009,-2.890536427266593,0.9802914635517266,0.9709276065606367,-0.6319477984557121,0.20545725215293878,0.49532017106726417,12.989937628546818,60.287823648412314,7956,75885,93880,1000055,0.25345972677630585,0.3806474913222326,0.7508818524290568,5,2.3450452345886807,1.9220859165457502,1.337152404821578
