randomization,name,type,l1,l2,l3,ipr1,ipr2,ipr3,l1_cm,l1_er,l1_reg,l2_mp,l3_mp,l1_lap,l2_lap,l3_lap,alg_conn,clustering_c,clustering_r,deg_assort,Q,N.olap,N.temp,N.nodf,H2,H3,H4,H17,cent_between,cent_close,cent_eigen,diam,mean_path_length,deg_het_row,deg_het_col
configuration,Chicago_crimes_2016-07-25,crimes,15.269715,4.761472,4.57812,0.03771588045112962,0.05263153792278991,0.050483979344336724,16.014073029039924,10.597137436764042,8.350515463917526,3.9582281578461864,2.7037645413438183,17.269715385746363,6.761471537531077,6.5781203730776,-2.7614715375310794,0.9796719603300864,0.9786086409736634,-0.6075436561542932,0.204956561499771,0.5493262001484002,11.754931793571565,63.65582468443349,8213,80486,1e5,1115584,0.2723559574185474,0.4363194893245874,0.7584795115925832,4,2.2946735395189,2.004200579180003,1.3277366255144036
