randomization,name,type,l1,l2,l3,ipr1,ipr2,ipr3,l1_cm,l1_er,l1_reg,l2_mp,l3_mp,l1_lap,l2_lap,l3_lap,alg_conn,clustering_c,clustering_r,deg_assort,Q,N.olap,N.temp,N.nodf,H2,H3,H4,H17,cent_between,cent_close,cent_eigen,diam,mean_path_length,deg_het_row,deg_het_col
configuration,Chicago_crimes_2016-02-17,crimes,13.982969,4.731201,4.525273,0.03901021727305885,0.05343576917886262,0.055229185427976356,14.501943463177607,9.816642664337294,7.419354838709677,3.953477862262537,2.675605401011185,15.982968551708792,6.731201054412824,6.5252728097822725,-2.731201054412822,0.9766274425132246,0.960887568916294,-0.6527651928202446,0.21475320310859083,0.4678160668588988,11.613179448223338,57.38298793527513,6413,55898,69927,690303,0.22941886986383414,0.3624489076399609,0.7629473829166484,5,2.4170172978027114,1.8989287964713295,1.35849611426171
