randomization,name,type,l1,l2,l3,ipr1,ipr2,ipr3,l1_cm,l1_er,l1_reg,l2_mp,l3_mp,l1_lap,l2_lap,l3_lap,alg_conn,clustering_c,clustering_r,deg_assort,Q,N.olap,N.temp,N.nodf,H2,H3,H4,H17,cent_between,cent_close,cent_eigen,diam,mean_path_length,deg_het_row,deg_het_col
configuration,Chicago_crimes_2016-11-28,crimes,14.39406,4.884857,4.358964,0.03530634691059104,0.09195636839806623,0.08427482084878056,14.945355009622098,10.181709908261727,7.822222222222222,3.891707000737732,2.6233460200584418,16.394059849705737,6.884857461835408,6.358963921377614,-2.8848574618354004,0.9764100194713046,0.9689866194124572,-0.682330539329926,0.1913497546487604,0.5223437857095972,11.04481865382247,62.9873231397975,6660,60972,71556,699745,0.3346826139401766,0.44503753502730375,0.7442094136393265,5,2.340574282147316,1.880165289256198,1.3423295454545456
