randomization,name,type,l1,l2,l3,ipr1,ipr2,ipr3,l1_cm,l1_er,l1_reg,l2_mp,l3_mp,l1_lap,l2_lap,l3_lap,alg_conn,clustering_c,clustering_r,deg_assort,Q,N.olap,N.temp,N.nodf,H2,H3,H4,H17,cent_between,cent_close,cent_eigen,diam,mean_path_length,deg_het_row,deg_het_col
configuration,Chicago_crimes_2016-06-11,crimes,14.343692,4.635687,4.416956,0.042165400013637534,0.06003992994040342,0.06433731473976519,14.930438019388351,9.974024181977256,7.530612244897959,4.014854951391325,2.7378545359016893,16.34369169129669,6.635687443974963,6.416955754399233,-2.6356874439749487,0.9711293498767506,0.9674704479801435,-0.5853572799263758,0.215678498248397,0.4845853913795636,14.422673974708193,58.50935394490646,7235,62911,89830,1016578,0.28132671462365527,0.395938380012494,0.7698353471638889,5,2.366715758468336,1.9810738757794077,1.3362930648276674
