randomization,name,type,l1,l2,l3,ipr1,ipr2,ipr3,l1_cm,l1_er,l1_reg,l2_mp,l3_mp,l1_lap,l2_lap,l3_lap,alg_conn,clustering_c,clustering_r,deg_assort,Q,N.olap,N.temp,N.nodf,H2,H3,H4,H17,cent_between,cent_close,cent_eigen,diam,mean_path_length,deg_het_row,deg_het_col
configuration,Chicago_crimes_2016-11-06,crimes,14.559153,5.059891,4.483291,0.04111859436969901,0.06922121135603371,0.05359729915520176,14.941855990171264,10.836684749806563,8.10752688172043,4.285960147149677,2.907465557849142,16.559152680876135,7.059891142604663,6.483290777874267,-3.0598911426046573,0.9815358595846401,0.9754876198980355,-0.6140802292288442,0.20195737674929098,0.43397134414915817,18.780595650605896,57.06624031246322,7477,65581,91834,1026780,0.2868789076467197,0.45658557587144494,0.7673361565830136,5,2.305282842449743,1.781571670806099,1.239676631792245
