randomization,name,type,l1,l2,l3,ipr1,ipr2,ipr3,l1_cm,l1_er,l1_reg,l2_mp,l3_mp,l1_lap,l2_lap,l3_lap,alg_conn,clustering_c,clustering_r,deg_assort,Q,N.olap,N.temp,N.nodf,H2,H3,H4,H17,cent_between,cent_close,cent_eigen,diam,mean_path_length,deg_het_row,deg_het_col
configuration,Chicago_crimes_2016-04-06,crimes,14.045429,4.874447,4.401258,0.04018197619363134,0.04098800662694866,0.05769563422200952,14.824312129507824,9.852785741349877,7.553191489361702,3.8988156918760843,2.6444748732624443,16.0454291962332,6.8744474267949185,6.401257955229641,-2.874447426794918,0.9841600399386656,0.9649698005149554,-0.6016022616012353,0.21798849434635953,0.5184148737826385,10.748185524885725,60.77946150525405,6667,58742,76341,809167,0.30180391277615476,0.42054103499720397,0.7698176085008691,4,2.3406543125142987,1.9447807974608216,1.374560603054949
