randomization,name,type,l1,l2,l3,ipr1,ipr2,ipr3,l1_cm,l1_er,l1_reg,l2_mp,l3_mp,l1_lap,l2_lap,l3_lap,alg_conn,clustering_c,clustering_r,deg_assort,Q,N.olap,N.temp,N.nodf,H2,H3,H4,H17,cent_between,cent_close,cent_eigen,diam,mean_path_length,deg_het_row,deg_het_col
configuration,Chicago_crimes_2016-09-10,crimes,14.768153,4.986964,4.525062,0.038917117250894695,0.04846990889419521,0.038734079962672543,15.316734416518832,10.623667718879746,8.340425531914892,4.153317502135246,2.830556132000785,16.76815323298645,6.986964130670714,6.525061677893674,-2.9869641306707315,0.9722802332614376,0.9825977548652756,-0.608196754375825,0.20955461266139133,0.4788205158487934,16.075655520608905,58.58156094759497,7764,71311,93866,1036368,0.23957944607284914,0.40629723551821206,0.7533659731747226,5,2.279112331274308,1.9579862557267809,1.2351103706788837
