randomization,name,type,l1,l2,l3,ipr1,ipr2,ipr3,l1_cm,l1_er,l1_reg,l2_mp,l3_mp,l1_lap,l2_lap,l3_lap,alg_conn,clustering_c,clustering_r,deg_assort,Q,N.olap,N.temp,N.nodf,H2,H3,H4,H17,cent_between,cent_close,cent_eigen,diam,mean_path_length,deg_het_row,deg_het_col
configuration,Chicago_crimes_2016-05-11,crimes,15.109787,4.774876,4.539594,0.03693112467970273,0.07225493797065255,0.04636196111329222,15.552934929557404,10.667410225330926,8.244897959183673,4.174962873056747,2.857219095063812,17.109786959629556,6.774875907438837,6.5395940825138785,-2.7748759074388434,0.9824682319666315,0.9680742186061922,-0.6462919916109229,0.19627364964219185,0.46535102946982854,15.20512745448163,57.842375296094964,8091,77035,95159,1008889,0.23229653885104956,0.4124572578026742,0.7683429362182502,5,2.338733431516937,1.9156455249485345,1.2935496519949023
