randomization,name,type,l1,l2,l3,ipr1,ipr2,ipr3,l1_cm,l1_er,l1_reg,l2_mp,l3_mp,l1_lap,l2_lap,l3_lap,alg_conn,clustering_c,clustering_r,deg_assort,Q,N.olap,N.temp,N.nodf,H2,H3,H4,H17,cent_between,cent_close,cent_eigen,diam,mean_path_length,deg_het_row,deg_het_col
configuration,Chicago_crimes_2016-03-25,crimes,14.368603,4.70187,4.547849,0.03646440580128477,0.0805544636291031,0.07403714442175373,14.959564016969129,9.99702333309683,7.711340206185567,4.028214548615783,2.7493901412020625,16.368603075689922,6.701869701532668,6.547848965021897,-2.7018697015326927,0.9735932903548852,0.960153347319431,-0.6505801355579388,0.21007177786039033,0.47732539673004826,11.600897146777923,58.56145885948951,7089,64644,78151,773674,0.23456938322821447,0.3148849177273834,0.7437990356360482,5,2.3878865979381443,1.9506134004403901,1.353341531070377
