randomization,name,type,l1,l2,l3,ipr1,ipr2,ipr3,l1_cm,l1_er,l1_reg,l2_mp,l3_mp,l1_lap,l2_lap,l3_lap,alg_conn,clustering_c,clustering_r,deg_assort,Q,N.olap,N.temp,N.nodf,H2,H3,H4,H17,cent_between,cent_close,cent_eigen,diam,mean_path_length,deg_het_row,deg_het_col
configuration,Chicago_crimes_2016-07-21,crimes,15.145214,4.434531,4.416887,0.03607741476629569,0.05699107482198357,0.13105457760760741,15.76661574674829,10.399900188870983,8.148936170212766,3.838115053887854,2.605932909458576,17.14521403983248,6.434531010647377,6.416887389070325,-2.434531010647355,0.9845970211220094,0.9749398893085183,-0.6876882276957473,0.20307589526140346,0.5365918085630279,12.311149045013954,62.47395425430366,7686,74172,87663,890777,0.24616245612890292,0.4267808624351701,0.7543531358034264,5,2.3390528483184627,2.0128434988308594,1.3335969295584535
