randomization,name,type,l1,l2,l3,ipr1,ipr2,ipr3,l1_cm,l1_er,l1_reg,l2_mp,l3_mp,l1_lap,l2_lap,l3_lap,alg_conn,clustering_c,clustering_r,deg_assort,Q,N.olap,N.temp,N.nodf,H2,H3,H4,H17,cent_between,cent_close,cent_eigen,diam,mean_path_length,deg_het_row,deg_het_col
configuration,Chicago_crimes_2016-11-21,crimes,14.053714,4.789957,4.446706,0.03698320440622501,0.06819795522276423,0.059587614642965255,14.38561696518194,9.411251832022662,7.3061224489795915,3.981899921703007,2.7233551952314796,16.05371375790342,6.789956981244429,6.446705660135227,-2.7899569812444196,0.9699582774221459,0.9535820854728481,-0.6526383008614473,0.2160669142660968,0.43124390508748767,13.66901995977681,54.103298876391435,6574,57914,70126,663178,0.2623469387477182,0.3698778268335655,0.7700755120632925,6,2.477803492531033,2.07668299990637,1.3412502730876064
