randomization,name,type,l1,l2,l3,ipr1,ipr2,ipr3,l1_cm,l1_er,l1_reg,l2_mp,l3_mp,l1_lap,l2_lap,l3_lap,alg_conn,clustering_c,clustering_r,deg_assort,Q,N.olap,N.temp,N.nodf,H2,H3,H4,H17,cent_between,cent_close,cent_eigen,diam,mean_path_length,deg_het_row,deg_het_col
configuration,Chicago_crimes_2016-08-14,crimes,15.184158,4.896256,4.704952,0.037783386039914726,0.05529319923086049,0.045099929289411055,15.828298884711721,10.792040606404097,8.416666666666666,4.081238274333742,2.7845580832488883,17.18415758680954,6.8962562014722275,6.7049515940188495,-2.8962562014722666,0.9823709784866178,0.9768505241047806,-0.6208267400551353,0.21470934222135096,0.5067595440898528,14.541404509965943,61.45227123777702,8203,78784,99912,1117443,0.23297224496758578,0.4241215371041207,0.7608242076521311,5,2.3021929824561402,1.936672875208313,1.2903391824330948
