randomization,name,type,l1,l2,l3,ipr1,ipr2,ipr3,l1_cm,l1_er,l1_reg,l2_mp,l3_mp,l1_lap,l2_lap,l3_lap,alg_conn,clustering_c,clustering_r,deg_assort,Q,N.olap,N.temp,N.nodf,H2,H3,H4,H17,cent_between,cent_close,cent_eigen,diam,mean_path_length,deg_het_row,deg_het_col
configuration,Chicago_crimes_2016-06-08,crimes,14.787571,4.880708,4.617041,0.03659869002024134,0.044269759262005354,0.04560460018816081,15.286741925308828,10.649884890730881,8.189473684210526,4.168298327133983,2.839385234106299,16.78757063707147,6.880707596788477,6.617040904935091,-2.8807075967884703,0.9785619145118502,0.971064505355324,-0.6356865193562196,0.20336899703279787,0.4713523957142155,13.171517427815903,59.35170025351113,7566,71378,86267,904054,0.2867653548366082,0.44241657096154596,0.7639393573716763,5,2.3440089585666293,1.8372796901950155,1.3061901520608508
