randomization,name,type,l1,l2,l3,ipr1,ipr2,ipr3,l1_cm,l1_er,l1_reg,l2_mp,l3_mp,l1_lap,l2_lap,l3_lap,alg_conn,clustering_c,clustering_r,deg_assort,Q,N.olap,N.temp,N.nodf,H2,H3,H4,H17,cent_between,cent_close,cent_eigen,diam,mean_path_length,deg_het_row,deg_het_col
configuration,Chicago_crimes_2016-05-17,crimes,14.211503,4.884036,4.733854,0.035857158142898006,0.05055737715101026,0.08390076205924855,14.643892418600972,10.50179217159877,8.021739130434783,4.2450295537213,2.8807409529659997,16.211502683235935,6.884036064773608,6.733854161140803,-2.8840360647736087,0.981977044900372,0.952594319746046,-0.6419072164540938,0.2210691754614026,0.40507222712816227,14.694332191454514,55.40487972800586,6578,62253,65461,586379,0.21921941850667942,0.3240117975663097,0.7426814603339248,5,2.4070711896798853,1.6617093000198295,1.36479608698526
