randomization,name,type,l1,l2,l3,ipr1,ipr2,ipr3,l1_cm,l1_er,l1_reg,l2_mp,l3_mp,l1_lap,l2_lap,l3_lap,alg_conn,clustering_c,clustering_r,deg_assort,Q,N.olap,N.temp,N.nodf,H2,H3,H4,H17,cent_between,cent_close,cent_eigen,diam,mean_path_length,deg_het_row,deg_het_col
configuration,Chicago_crimes_2016-06-24,crimes,15.395801,4.732534,4.555211,0.03663514375529211,0.057358132517073286,0.07126095752723835,15.958230527401911,10.83687773951119,8.387755102040817,4.099970434671357,2.803425684089639,17.39580050623808,6.732534260307161,6.555211114839416,-2.7325342603071556,0.9756214018717089,0.9756685775086893,-0.6165138172060242,0.20182215355106845,0.5138287912391102,12.593683451093543,61.87036933158323,8393,82558,102364,1142972,0.2517560553382847,0.3931873816818889,0.7490426247195208,5,2.336208710288239,1.9115089302099793,1.318699273624949
