randomization,name,type,l1,l2,l3,ipr1,ipr2,ipr3,l1_cm,l1_er,l1_reg,l2_mp,l3_mp,l1_lap,l2_lap,l3_lap,alg_conn,clustering_c,clustering_r,deg_assort,Q,N.olap,N.temp,N.nodf,H2,H3,H4,H17,cent_between,cent_close,cent_eigen,diam,mean_path_length,deg_het_row,deg_het_col
configuration,Chicago_crimes_2016-05-24,crimes,15.30614,4.872346,4.561521,0.03621892043055568,0.06478927344507869,0.06618672748889155,15.757508330807648,10.899610214132922,8.474226804123713,4.19233618697299,2.8669618411479787,17.30613963687908,6.872345725991324,6.561521125417218,-2.8723457259913143,0.9797061676405877,0.9746586087776378,-0.6472952553592695,0.19955482148459916,0.4720326458017208,15.065375171231404,58.45027415091591,8325,81003,98557,1049124,0.20636181939940226,0.324990700766481,0.743612746909847,5,2.336769759450172,1.9013503353638679,1.275596284653773
