randomization,name,type,l1,l2,l3,ipr1,ipr2,ipr3,l1_cm,l1_er,l1_reg,l2_mp,l3_mp,l1_lap,l2_lap,l3_lap,alg_conn,clustering_c,clustering_r,deg_assort,Q,N.olap,N.temp,N.nodf,H2,H3,H4,H17,cent_between,cent_close,cent_eigen,diam,mean_path_length,deg_het_row,deg_het_col
configuration,Chicago_crimes_2016-10-21,crimes,14.932237,4.725371,4.472876,0.036136306873618525,0.04360840259805482,0.05169210552612844,15.479576738623846,10.241324687010247,7.917525773195877,3.949286748751358,2.693085355285338,16.932237112293077,6.7253712652104,6.472876147605936,-2.7253712652104123,0.9771388069017318,0.9674202910278669,-0.6287305097558775,0.20326063368055577,0.5289910790068912,9.659335770229566,62.52715966111134,7513,72264,86112,915549,0.3250771453538938,0.472161502731504,0.7724021618100515,5,2.375429553264605,1.9538845486111114,1.3722737630208335
