randomization,name,type,l1,l2,l3,ipr1,ipr2,ipr3,l1_cm,l1_er,l1_reg,l2_mp,l3_mp,l1_lap,l2_lap,l3_lap,alg_conn,clustering_c,clustering_r,deg_assort,Q,N.olap,N.temp,N.nodf,H2,H3,H4,H17,cent_between,cent_close,cent_eigen,diam,mean_path_length,deg_het_row,deg_het_col
configuration,Chicago_crimes_2016-12-22,crimes,14.479676,4.932756,4.442151,0.03750665921291186,0.05758438486614544,0.0671605542692956,14.901310539445968,10.74005744558631,7.934065934065934,4.158049518997657,2.8043109959958628,16.479675969457457,6.932756173893274,6.442150930154954,-2.9327561738932713,0.9888913590196051,0.9664532574786607,-0.6939636141858709,0.1940899778239885,0.4792566378166569,15.481725409074848,60.63344825222507,7091,62429,80982,807441,0.25019187179463787,0.34490978015921153,0.7365315109398074,5,2.296947496947497,1.7415612219059091,1.2855564337290233
