randomization,name,type,l1,l2,l3,ipr1,ipr2,ipr3,l1_cm,l1_er,l1_reg,l2_mp,l3_mp,l1_lap,l2_lap,l3_lap,alg_conn,clustering_c,clustering_r,deg_assort,Q,N.olap,N.temp,N.nodf,H2,H3,H4,H17,cent_between,cent_close,cent_eigen,diam,mean_path_length,deg_het_row,deg_het_col
configuration,Chicago_crimes_2016-11-14,crimes,14.515621,4.563723,4.488559,0.03766275205295241,0.05284098288707839,0.04055565917991776,14.9657353523584,9.88325415389274,7.645833333333334,3.939998005357865,2.6837693638681364,16.515621025560428,6.5637225042243195,6.4885589236178465,-2.563722504224317,0.9691598398295433,0.9609443751931047,-0.6178989413821604,0.2139224435551531,0.488660511332213,12.385519227957023,59.00406634674409,6903,64520,76217,770514,0.26127156191258766,0.39211348789339795,0.7673433863009972,5,2.4078947368421053,1.9654611735182528,1.3773804839296453
