randomization,name,type,l1,l2,l3,ipr1,ipr2,ipr3,l1_cm,l1_er,l1_reg,l2_mp,l3_mp,l1_lap,l2_lap,l3_lap,alg_conn,clustering_c,clustering_r,deg_assort,Q,N.olap,N.temp,N.nodf,H2,H3,H4,H17,cent_between,cent_close,cent_eigen,diam,mean_path_length,deg_het_row,deg_het_col
configuration,Chicago_crimes_2016-12-04,crimes,13.356694,4.771285,4.420579,0.050473735021208534,0.05392154675719056,0.06172760455778692,14.026319155412219,9.386257796532735,6.989010989010989,3.8240747501831427,2.573302676200824,15.356693905192056,6.771285247654843,6.420579478859019,-2.7712852476548506,0.9714035206043029,0.9778804474393936,-0.5473099688885116,0.22367588307424546,0.5414546322342643,13.679150340961082,61.84328145373993,6093,45814,80083,993772,0.4460222995691133,0.5925443443099395,0.8002653375416081,5,2.2788766788766788,2.0697757208971166,1.2858668565325737
