randomization,name,type,l1,l2,l3,ipr1,ipr2,ipr3,l1_cm,l1_er,l1_reg,l2_mp,l3_mp,l1_lap,l2_lap,l3_lap,alg_conn,clustering_c,clustering_r,deg_assort,Q,N.olap,N.temp,N.nodf,H2,H3,H4,H17,cent_between,cent_close,cent_eigen,diam,mean_path_length,deg_het_row,deg_het_col
configuration,Chicago_crimes_2016-10-10,crimes,14.218788,4.858081,4.579176,0.04307705343490924,0.049751849484457704,0.04129670216077995,14.775653488086407,10.66024022814759,7.894736842105263,4.3074607491262364,2.9285558350493544,16.218788492935172,6.858080587028561,6.579176489207312,-2.8580805870285926,0.9827435624972707,0.9754456581852657,-0.5880206077044504,0.20556799999999986,0.4422696644346622,18.63119645536574,57.212776672107545,7404,62332,93794,1118775,0.3284393731703786,0.5194492602008072,0.7887818954022114,5,2.279955207166853,1.788736,1.2532906666666668
