randomization,name,type,l1,l2,l3,ipr1,ipr2,ipr3,l1_cm,l1_er,l1_reg,l2_mp,l3_mp,l1_lap,l2_lap,l3_lap,alg_conn,clustering_c,clustering_r,deg_assort,Q,N.olap,N.temp,N.nodf,H2,H3,H4,H17,cent_between,cent_close,cent_eigen,diam,mean_path_length,deg_het_row,deg_het_col
configuration,Chicago_crimes_2016-12-31,crimes,14.078855,4.824305,4.352921,0.04075170175644126,0.06353732639402355,0.05198025945786171,14.634036848702408,9.89565340368553,7.5578947368421066,4.025344617335723,2.737212633204087,16.078855372108016,6.824304565957873,6.352921241564203,-2.8243045659578616,0.9825429109658439,0.9664024454613468,-0.626549113386574,0.22037383322599896,0.4538403235189031,15.265263539748641,56.052156382111725,6823,58635,78745,820669,0.2068961705117863,0.3208258851981255,0.7612940851698587,5,2.374020156774916,1.9681644307539512,1.3119854749730369
