randomization,name,type,l1,l2,l3,ipr1,ipr2,ipr3,l1_cm,l1_er,l1_reg,l2_mp,l3_mp,l1_lap,l2_lap,l3_lap,alg_conn,clustering_c,clustering_r,deg_assort,Q,N.olap,N.temp,N.nodf,H2,H3,H4,H17,cent_between,cent_close,cent_eigen,diam,mean_path_length,deg_het_row,deg_het_col
configuration,Chicago_crimes_2016-02-26,crimes,13.852022,4.749108,4.563073,0.03640421431038223,0.05679283614632547,0.07092788580407061,14.325218000919017,10.055521575882535,7.723404255319149,4.2113143223185014,2.867408072135053,15.852022435051001,6.749107969929562,6.5630734628323175,-2.749107969929566,0.9775114432921301,0.960227916997392,-0.6450690934755677,0.21489880017303012,0.438705410937341,13.80788583226485,56.039408996789895,6579,57510,69450,661452,0.2587664866463071,0.3540225429207327,0.7536598436377083,5,2.343399679707161,1.8392869339525988,1.2980215376909592
