randomization,name,type,l1,l2,l3,ipr1,ipr2,ipr3,l1_cm,l1_er,l1_reg,l2_mp,l3_mp,l1_lap,l2_lap,l3_lap,alg_conn,clustering_c,clustering_r,deg_assort,Q,N.olap,N.temp,N.nodf,H2,H3,H4,H17,cent_between,cent_close,cent_eigen,diam,mean_path_length,deg_het_row,deg_het_col
configuration,Chicago_crimes_2016-01-03,crimes,13.449425,4.875033,4.433626,0.04013790876063117,0.041845427734512344,0.10392814783872802,13.953522103879953,9.434790360920648,7.164835164835165,3.9221021064385604,2.647720874751294,15.44942535063214,6.875032645022893,6.433626462969347,-2.875032645022909,0.9675989636223865,0.9558612234235198,-0.6454439120948333,0.2179419624374271,0.4739924526912298,13.464409347009376,56.95277442233383,5868,48235,62890,612380,0.25922157648591987,0.3560131425601076,0.7602052698119749,5,2.3755799755799756,1.9567917497835823,1.3294629079001845
