randomization,name,type,l1,l2,l3,ipr1,ipr2,ipr3,l1_cm,l1_er,l1_reg,l2_mp,l3_mp,l1_lap,l2_lap,l3_lap,alg_conn,clustering_c,clustering_r,deg_assort,Q,N.olap,N.temp,N.nodf,H2,H3,H4,H17,cent_between,cent_close,cent_eigen,diam,mean_path_length,deg_het_row,deg_het_col
configuration,Chicago_crimes_2016-10-09,crimes,13.861982,4.610611,4.449774,0.042243521390510255,0.04821416679012133,0.05715890291460885,14.357214479486892,9.67521230895342,7.4042553191489375,3.993248881895673,2.7115775039712764,15.861981698695882,6.610611331907883,6.449773983654304,-2.6106113319078648,0.9720284248182981,0.9651481912408629,-0.5852171974747659,0.2240471000132119,0.48323189910541836,11.915541869789005,58.826375653653294,6459,54721,74922,794108,0.26111642354561515,0.35032048186453224,0.7659968090390462,6,2.386410432395333,1.982015457788347,1.3164883075703526
