randomization,name,type,l1,l2,l3,ipr1,ipr2,ipr3,l1_cm,l1_er,l1_reg,l2_mp,l3_mp,l1_lap,l2_lap,l3_lap,alg_conn,clustering_c,clustering_r,deg_assort,Q,N.olap,N.temp,N.nodf,H2,H3,H4,H17,cent_between,cent_close,cent_eigen,diam,mean_path_length,deg_het_row,deg_het_col
configuration,Chicago_crimes_2016-02-25,crimes,13.775948,4.670855,4.547301,0.036754851226702745,0.147030115827982,0.09028469876504876,14.228175287800045,9.44586223192056,7.3052631578947365,3.9705871798709813,2.7028123207610735,15.775947678066318,6.670854883126157,6.547300552901119,-2.6708548831261614,0.9717610612439431,0.9544172415418702,-0.6699861662535451,0.22000847112757357,0.4684961928023324,10.12696807084734,56.91802129255995,6255,54142,64659,591728,0.2599123486364904,0.31747934883736467,0.7368785240171926,5,2.426427771556551,2.007075883031999,1.3453064139723776
