randomization,name,type,l1,l2,l3,ipr1,ipr2,ipr3,l1_cm,l1_er,l1_reg,l2_mp,l3_mp,l1_lap,l2_lap,l3_lap,alg_conn,clustering_c,clustering_r,deg_assort,Q,N.olap,N.temp,N.nodf,H2,H3,H4,H17,cent_between,cent_close,cent_eigen,diam,mean_path_length,deg_het_row,deg_het_col
configuration,Chicago_crimes_2016-01-08,crimes,14.697911,4.974653,4.754377,0.03520149248469676,0.046945217929249675,0.055992994247166646,15.12059853978498,10.231074863473488,7.877551020408163,4.11348868784491,2.813112222632358,16.697910950751027,6.974652714819227,6.75437658401196,-2.974652714819201,0.9825415979364324,0.95873360426349985,-0.6439432861367059,0.2060659346559645,0.4416522466806458,13.390386987038795,56.416528164506154,7302,69613,79079,774438,0.26548304260032035,0.37740158824843534,0.7567505410224306,6,2.431306543235851,1.874036886896292,1.36905688743322
