randomization,name,type,l1,l2,l3,ipr1,ipr2,ipr3,l1_cm,l1_er,l1_reg,l2_mp,l3_mp,l1_lap,l2_lap,l3_lap,alg_conn,clustering_c,clustering_r,deg_assort,Q,N.olap,N.temp,N.nodf,H2,H3,H4,H17,cent_between,cent_close,cent_eigen,diam,mean_path_length,deg_het_row,deg_het_col
configuration,Chicago_crimes_2016-04-27,crimes,13.628747,4.771982,4.496015,0.035724025066039534,0.07092083802026519,0.06454155458992826,14.069805978203238,9.745020371986401,7.237113402061856,4.176031234096353,2.8453167607079424,15.628747431064097,6.77198162025987,6.496014761342672,-2.771981620259841,0.9745674599951263,0.936589282290535,-0.6942403106225998,0.2230095534938833,0.40303452993241923,14.513847787429954,53.378071236492964,6250,53625,62700,549021,0.1979192588131658,0.27143776958326055,0.7460022754243474,5,2.4600515463917527,1.782615400849019,1.3881137328430777
