randomization,name,type,l1,l2,l3,ipr1,ipr2,ipr3,l1_cm,l1_er,l1_reg,l2_mp,l3_mp,l1_lap,l2_lap,l3_lap,alg_conn,clustering_c,clustering_r,deg_assort,Q,N.olap,N.temp,N.nodf,H2,H3,H4,H17,cent_between,cent_close,cent_eigen,diam,mean_path_length,deg_het_row,deg_het_col
configuration,Chicago_crimes_2016-04-25,crimes,14.320094,4.787218,4.528666,0.03876812824801414,0.05677711937102954,0.06228781995644822,14.729369673508334,10.273106918039677,7.873684210526315,4.191450549268076,2.8559829387257905,16.320094442729264,6.78721820890045,6.528666203039341,-2.7872182089004363,0.9783500923455777,0.965041643069793,-0.6474311375686223,0.20361605993880275,0.4386925284375304,16.658506300231043,55.912323778754434,7174,63022,81881,842255,0.2540310764011321,0.37194361893318517,0.7578734609837399,5,2.336394176931691,1.9078898452915438,1.2633475363893734
