randomization,name,type,l1,l2,l3,ipr1,ipr2,ipr3,l1_cm,l1_er,l1_reg,l2_mp,l3_mp,l1_lap,l2_lap,l3_lap,alg_conn,clustering_c,clustering_r,deg_assort,Q,N.olap,N.temp,N.nodf,H2,H3,H4,H17,cent_between,cent_close,cent_eigen,diam,mean_path_length,deg_het_row,deg_het_col
configuration,Chicago_crimes_2016-08-11,crimes,15.181722,4.937967,4.831396,0.035829948029865055,0.04014894500565257,0.05753401449190841,15.739775511635157,10.72604366049336,8.428571428571429,4.164926713288497,2.8544873018711012,17.181721788075738,6.937967267816311,6.831395952072713,-2.9379672678163122,0.9743813115950846,0.9809035558006124,-0.6430000313696044,0.19933868405161548,0.481981133380953,16.03335853888226,58.53311886051971,8415,80187,101663,1115323,0.2428468741990839,0.40485385862722845,0.751321186152856,5,2.295181990321902,1.9958081480222083,1.2553570695730174
