randomization,name,type,l1,l2,l3,ipr1,ipr2,ipr3,l1_cm,l1_er,l1_reg,l2_mp,l3_mp,l1_lap,l2_lap,l3_lap,alg_conn,clustering_c,clustering_r,deg_assort,Q,N.olap,N.temp,N.nodf,H2,H3,H4,H17,cent_between,cent_close,cent_eigen,diam,mean_path_length,deg_het_row,deg_het_col
configuration,Chicago_crimes_2016-03-07,crimes,15.578801,5.028845,4.408188,0.03572494358762162,0.051828631619385675,0.057848171719160124,16.02989795383312,10.753479611340754,8.350515463917526,3.9990248180427774,2.7285494624568374,17.578801122928184,7.028844685402514,6.40818779187586,-3.028844685402523,0.9808577546764027,0.974628750911108,-0.677433593556344,0.1952994970278917,0.5276615949159751,11.3548384050536,62.793092900757046,8429,82407,101437,1077280,0.20903756510594368,0.37499314133906175,0.7527528463775308,5,2.3466494845360826,1.9884163999390334,1.299954275262917
