randomization,name,type,l1,l2,l3,ipr1,ipr2,ipr3,l1_cm,l1_er,l1_reg,l2_mp,l3_mp,l1_lap,l2_lap,l3_lap,alg_conn,clustering_c,clustering_r,deg_assort,Q,N.olap,N.temp,N.nodf,H2,H3,H4,H17,cent_between,cent_close,cent_eigen,diam,mean_path_length,deg_het_row,deg_het_col
configuration,Chicago_crimes_2016-02-02,crimes,13.59152,4.820922,4.704324,0.03801445466468085,0.05357887544274323,0.04946295789451856,14.100495074681112,9.428692156824606,7.204081632653061,4.071563629848819,2.783085396255971,15.591519921749166,6.820922456042702,6.704324234679505,-2.820922456042704,0.9682730726403354,0.9441969604082059,-0.6319827613757569,0.22613133882785302,0.4311564805507457,13.63589787152344,53.729146656732276,6335,53748,67400,639421,0.2523375945247775,0.32004229079118124,0.7608727425675967,5,2.425836313907006,1.9694404096012326,1.3546052050814952
