randomization,name,type,l1,l2,l3,ipr1,ipr2,ipr3,l1_cm,l1_er,l1_reg,l2_mp,l3_mp,l1_lap,l2_lap,l3_lap,alg_conn,clustering_c,clustering_r,deg_assort,Q,N.olap,N.temp,N.nodf,H2,H3,H4,H17,cent_between,cent_close,cent_eigen,diam,mean_path_length,deg_het_row,deg_het_col
configuration,Chicago_crimes_2016-11-03,crimes,14.976756,5.030125,4.461726,0.040438826738158774,0.07027849088705124,0.05823544862174423,15.464986805325406,10.532224876092469,7.9787234042553195,3.960932863080234,2.6836710507242416,16.976756125741286,7.030125103216342,6.461726285949128,-3.0301251032163665,0.9792352866079408,0.9789821954821717,-0.6609818401344523,0.2139022222222226,0.5230552436519601,15.073553113096592,60.89427854959274,7908,69310,102098,1170387,0.24706765618521512,0.4271705923641516,0.7647716501325366,5,2.2905513612445665,2.019128888888889,1.2466204444444446
