randomization,name,type,l1,l2,l3,ipr1,ipr2,ipr3,l1_cm,l1_er,l1_reg,l2_mp,l3_mp,l1_lap,l2_lap,l3_lap,alg_conn,clustering_c,clustering_r,deg_assort,Q,N.olap,N.temp,N.nodf,H2,H3,H4,H17,cent_between,cent_close,cent_eigen,diam,mean_path_length,deg_het_row,deg_het_col
configuration,Chicago_crimes_2016-12-10,crimes,13.127169,4.760341,4.56711,0.04034955647635074,0.051155815918140314,0.06743644282703168,13.407386658179732,9.515022426564949,7.032258064516129,4.194393694990985,2.8418535550761534,15.12716939038741,6.760341397731345,6.567109845485619,-2.760341397731349,0.9745462379490494,0.942570108349267,-0.6379287753310792,0.22535514219715858,0.38970876396167436,15.306576491278973,52.05713953674018,5714,45027,60022,573857,0.28513157792420535,0.3610620267858434,0.7724776087855633,5,2.431042543244507,1.8118845215049242,1.304510469563916
