randomization,name,type,l1,l2,l3,ipr1,ipr2,ipr3,l1_cm,l1_er,l1_reg,l2_mp,l3_mp,l1_lap,l2_lap,l3_lap,alg_conn,clustering_c,clustering_r,deg_assort,Q,N.olap,N.temp,N.nodf,H2,H3,H4,H17,cent_between,cent_close,cent_eigen,diam,mean_path_length,deg_het_row,deg_het_col
configuration,Chicago_crimes_2016-04-13,crimes,14.483053,4.776827,4.516217,0.035210215502663164,0.06867674051208449,0.036616576265769404,14.965110238299097,9.963990261119925,7.653061224489796,4.030014839151422,2.753370518253967,16.48305320386264,6.776827120728216,6.516216802774585,-2.7768271207282016,0.9859895336363798,0.9534869119152115,-0.6799749597364966,0.20652799999999982,0.44807387635034146,11.62234684455461,55.900947698777514,6998,65906,72908,672179,0.22600191802141006,0.31081654428514455,0.7437720733822456,5,2.444771723122239,1.9015822222222218,1.4002915555555557
