randomization,name,type,l1,l2,l3,ipr1,ipr2,ipr3,l1_cm,l1_er,l1_reg,l2_mp,l3_mp,l1_lap,l2_lap,l3_lap,alg_conn,clustering_c,clustering_r,deg_assort,Q,N.olap,N.temp,N.nodf,H2,H3,H4,H17,cent_between,cent_close,cent_eigen,diam,mean_path_length,deg_het_row,deg_het_col
configuration,Chicago_crimes_2016-11-15,crimes,14.660539,4.742544,4.560584,0.035899239927107925,0.05287758036721246,0.05997255729464554,15.033486769357415,10.532224876092469,7.9787234042553195,4.148372389672572,2.817232432793354,16.66053918492978,6.742544231112639,6.560584100786355,-2.742544231112637,0.9867031583026545,0.9597030514827902,-0.6954975982283642,0.2067484444444442,0.4592005176484146,13.930161748441105,58.34535692225766,7201,66817,77942,739467,0.2338680678737968,0.3380253023035341,0.7445616198372605,5,2.3710821322351863,1.7972622222222223,1.323448888888889
