randomization,name,type,l1,l2,l3,ipr1,ipr2,ipr3,l1_cm,l1_er,l1_reg,l2_mp,l3_mp,l1_lap,l2_lap,l3_lap,alg_conn,clustering_c,clustering_r,deg_assort,Q,N.olap,N.temp,N.nodf,H2,H3,H4,H17,cent_between,cent_close,cent_eigen,diam,mean_path_length,deg_het_row,deg_het_col
configuration,Chicago_crimes_2016-05-21,crimes,13.98406,4.878702,4.683707,0.03865391391195186,0.04502611947067098,0.0534751319939325,14.527141420039865,9.957082666435733,7.708333333333332,4.1536913696031394,2.8364538540197497,15.984059891108698,6.878701873363091,6.683707095233968,-2.8787018733630982,0.9763619054335179,0.965907471549321,-0.5932581262382378,0.22328707085463834,0.43295698850923237,14.294447168776623,55.71069950341214,6829,59772,76972,796669,0.2812301925504818,0.35010700130545086,0.7499350896209064,5,2.375,1.9264864864864868,1.3027027027027025
