randomization,name,type,l1,l2,l3,ipr1,ipr2,ipr3,l1_cm,l1_er,l1_reg,l2_mp,l3_mp,l1_lap,l2_lap,l3_lap,alg_conn,clustering_c,clustering_r,deg_assort,Q,N.olap,N.temp,N.nodf,H2,H3,H4,H17,cent_between,cent_close,cent_eigen,diam,mean_path_length,deg_het_row,deg_het_col
configuration,Chicago_crimes_2016-12-23,crimes,14.533357,4.738997,4.470218,0.03903107612341766,0.059946647152183986,0.10117600253283437,14.956165359471209,10.3005936632653,7.787234042553192,4.054295601044253,2.7500821726639266,16.533356727810734,6.738996969142905,6.470217520246849,-2.7389969691428724,0.9843500121751377,0.9619479259695786,-0.6622726660001773,0.19728119681089315,0.47530199845138477,13.839605166649648,59.19084203636322,7119,64010,81261,833789,0.24715791102788454,0.37182172360406923,0.7612044812568652,5,2.3806909174102038,1.8797216996625756,1.314760070470901
