randomization,name,type,l1,l2,l3,ipr1,ipr2,ipr3,l1_cm,l1_er,l1_reg,l2_mp,l3_mp,l1_lap,l2_lap,l3_lap,alg_conn,clustering_c,clustering_r,deg_assort,Q,N.olap,N.temp,N.nodf,H2,H3,H4,H17,cent_between,cent_close,cent_eigen,diam,mean_path_length,deg_het_row,deg_het_col
configuration,Chicago_crimes_2016-09-30,crimes,15.280638,4.986001,4.435042,0.03672414950341676,0.038075026127201365,0.05262526025494714,15.84932017469519,10.142495089966241,8.16326530612245,3.867369875789319,2.649381864202888,17.280637949723133,6.986001207168136,6.435041765314895,-2.9860012071681195,0.9782799421430773,0.9743301943368398,-0.6385370961911775,0.20183750000000025,0.52608367953197,13.231017854665403,60.68140676628681,8041,79206,94236,991215,0.23447359913570578,0.4103844016380079,0.7569430638899436,5,2.3608247422680413,2.1896875,1.3085250000000002
