randomization,name,type,l1,l2,l3,ipr1,ipr2,ipr3,l1_cm,l1_er,l1_reg,l2_mp,l3_mp,l1_lap,l2_lap,l3_lap,alg_conn,clustering_c,clustering_r,deg_assort,Q,N.olap,N.temp,N.nodf,H2,H3,H4,H17,cent_between,cent_close,cent_eigen,diam,mean_path_length,deg_het_row,deg_het_col
configuration,Chicago_crimes_2016-12-08,crimes,13.175672,5.008881,4.721767,0.03530639470023321,0.07452443797909353,0.058800290600699814,13.338436551164165,9.944302347844692,7.413043478260869,4.4244335697767685,3.00425596942294,15.17567249916615,7.008880710134736,6.721766661487532,-3.0088807101347523,0.9820106847984459,0.9404845559726562,-0.6776142603134717,0.2202079445481202,0.33310601677318746,19.44187584982945,49.63871663819353,5800,47357,56183,481479,0.25237654506759083,0.3183101477622448,0.7426332223970967,5,2.4073100812231245,1.6775999518407996,1.2649960010663825
