randomization,name,type,l1,l2,l3,ipr1,ipr2,ipr3,l1_cm,l1_er,l1_reg,l2_mp,l3_mp,l1_lap,l2_lap,l3_lap,alg_conn,clustering_c,clustering_r,deg_assort,Q,N.olap,N.temp,N.nodf,H2,H3,H4,H17,cent_between,cent_close,cent_eigen,diam,mean_path_length,deg_het_row,deg_het_col
configuration,Chicago_crimes_2016-02-09,crimes,12.970013,4.659021,4.505934,0.04294411170007135,0.05558192397392147,0.07504598650470824,13.42715006420069,8.599624508828724,6.6947368421052635,3.8299193543101575,2.6070313042666435,14.970013101890663,6.659021023035572,6.505933983795992,-2.659021023035607,0.9572343415263412,0.9486519649613143,-0.6119185149009505,0.2374708278944657,0.44188385443766015,12.848177387102504,52.52665291803444,5565,42883,60298,593194,0.3192162398378857,0.3986808124062264,0.7850185844090748,5,2.4680851063829787,2.2585142992761367,1.3072267710929155
