randomization,name,type,l1,l2,l3,ipr1,ipr2,ipr3,l1_cm,l1_er,l1_reg,l2_mp,l3_mp,l1_lap,l2_lap,l3_lap,alg_conn,clustering_c,clustering_r,deg_assort,Q,N.olap,N.temp,N.nodf,H2,H3,H4,H17,cent_between,cent_close,cent_eigen,diam,mean_path_length,deg_het_row,deg_het_col
configuration,Chicago_crimes_2016-06-14,crimes,15.299991,4.808334,4.445116,0.036473525055886455,0.03990684976633808,0.04386514746519553,15.795822673105821,10.450918959897395,8.16161616161616,4.017485046300212,2.751462273664817,17.299990949077173,6.808333662757627,6.44511575884714,-2.8083336627576303,0.9802068688976815,0.9695024821276592,-0.6534055699370682,0.19916552298794216,0.48793608828266616,13.180458166681971,58.10482252604228,8206,79623,97236,1037525,0.22779132780354652,0.39251332011814205,0.7598770040965147,5,2.393733250876108,2.027803646701304,1.3177629644152533
