randomization,name,type,l1,l2,l3,ipr1,ipr2,ipr3,l1_cm,l1_er,l1_reg,l2_mp,l3_mp,l1_lap,l2_lap,l3_lap,alg_conn,clustering_c,clustering_r,deg_assort,Q,N.olap,N.temp,N.nodf,H2,H3,H4,H17,cent_between,cent_close,cent_eigen,diam,mean_path_length,deg_het_row,deg_het_col
configuration,Chicago_crimes_2016-08-03,crimes,14.991394,4.747105,4.5197,0.03702486592739817,0.04717940992319175,0.07031045121378203,15.497981589975,10.473152229657968,8.145833333333334,4.045815827721215,2.7592343723123958,16.991393818246735,6.747105062289535,6.519699670750347,-2.74710506228954,0.9831387263519719,0.9710227187596123,-0.6367229197898062,0.20147696574459856,0.4996516451025693,12.931545359352036,60.39534161158391,7721,73812,89424,936032,0.28181074772237197,0.38401262715767975,0.7483901068134114,5,2.3350877192982455,1.9434069635860571,1.3160955252778301
