randomization,name,type,l1,l2,l3,ipr1,ipr2,ipr3,l1_cm,l1_er,l1_reg,l2_mp,l3_mp,l1_lap,l2_lap,l3_lap,alg_conn,clustering_c,clustering_r,deg_assort,Q,N.olap,N.temp,N.nodf,H2,H3,H4,H17,cent_between,cent_close,cent_eigen,diam,mean_path_length,deg_het_row,deg_het_col
configuration,Chicago_crimes_2016-04-12,crimes,14.409998,4.919123,4.582436,0.034826463442588544,0.05391065710550099,0.07300309650679493,14.732013413419677,10.398770798956544,7.978947368421053,4.2566278342634245,2.9027850558394794,16.409998216671646,6.9191228928463335,6.582436414049121,-2.9191228928463344,0.9804943186427141,0.9629235822781412,-0.6820823274133444,0.20730849826999243,0.4097449357555782,16.170645364680862,54.846610796155204,7096,65096,75036,699233,0.20044123256822724,0.29564380606213914,0.7396239586328301,5,2.385666293393057,1.819431777835019,1.2905089772418739
