randomization,name,type,l1,l2,l3,ipr1,ipr2,ipr3,l1_cm,l1_er,l1_reg,l2_mp,l3_mp,l1_lap,l2_lap,l3_lap,alg_conn,clustering_c,clustering_r,deg_assort,Q,N.olap,N.temp,N.nodf,H2,H3,H4,H17,cent_between,cent_close,cent_eigen,diam,mean_path_length,deg_het_row,deg_het_col
configuration,Chicago_crimes_2016-04-04,crimes,13.8855,4.95173,4.766538,0.03741455035294945,0.056294610926571044,0.0493081828785912,14.38832251851112,9.776703986214972,7.48936170212766,4.036721730628143,2.7425444154434713,15.885499955212513,6.951729555595067,6.766538316976688,-2.9517295555950755,0.9757697784446724,0.9526645373149965,-0.664388908949747,0.21645790289256198,0.4541970447550184,13.64556667705814,56.539867766427186,6449,56060,68387,649589,0.2642234707624238,0.35342517398097256,0.756397576683009,5,2.391901166781057,1.9219718491735536,1.3326930526859506
