randomization,name,type,l1,l2,l3,ipr1,ipr2,ipr3,l1_cm,l1_er,l1_reg,l2_mp,l3_mp,l1_lap,l2_lap,l3_lap,alg_conn,clustering_c,clustering_r,deg_assort,Q,N.olap,N.temp,N.nodf,H2,H3,H4,H17,cent_between,cent_close,cent_eigen,diam,mean_path_length,deg_het_row,deg_het_col
configuration,Chicago_crimes_2016-12-15,crimes,13.400836,4.763479,4.367899,0.039339374654724965,0.0808562571722673,0.07556748602326878,14.004722053742581,9.268643937548344,7.063829787234043,3.9078573470458826,2.6508900774243775,15.400835504364299,6.763479383437812,6.367898941028273,-2.763479383437829,0.9705315706055976,0.9531557095840069,-0.6629923385925872,0.22341776745536376,0.48934976705254657,9.883701485669008,57.803545985642344,6012,48873,64449,622146,0.2941359324487529,0.36983072542772316,0.7639284361828189,5,2.390528483184626,2.0309551458847435,1.3431194658150671
