randomization,name,type,l1,l2,l3,ipr1,ipr2,ipr3,l1_cm,l1_er,l1_reg,l2_mp,l3_mp,l1_lap,l2_lap,l3_lap,alg_conn,clustering_c,clustering_r,deg_assort,Q,N.olap,N.temp,N.nodf,H2,H3,H4,H17,cent_between,cent_close,cent_eigen,diam,mean_path_length,deg_het_row,deg_het_col
configuration,Chicago_crimes_2016-01-01,crimes,17.184406,5.250581,4.522186,0.033080386140910495,0.03415036126655074,0.046090079055769534,17.83081083501165,12.213049415521679,9.551020408163266,4.016875928889066,2.7439825442021863,19.1844062623372,7.250580782729771,6.52218588799339,-3.2505807827297772,0.9871437228212268,0.9842047360096235,-0.6611404620498563,0.1861302870918252,0.5800798061606834,11.547740360431003,67.84915753619657,10568,119935,135871,1561818,0.19776153315275452,0.3669096977356635,0.7227104206257757,5,2.2667788764990533,1.8339360070129298,1.323434874716926
