randomization,name,type,l1,l2,l3,ipr1,ipr2,ipr3,l1_cm,l1_er,l1_reg,l2_mp,l3_mp,l1_lap,l2_lap,l3_lap,alg_conn,clustering_c,clustering_r,deg_assort,Q,N.olap,N.temp,N.nodf,H2,H3,H4,H17,cent_between,cent_close,cent_eigen,diam,mean_path_length,deg_het_row,deg_het_col
configuration,Chicago_crimes_2016-02-28,crimes,13.823923,4.55367,4.388845,0.04517148242797878,0.047425679047115275,0.073380944766784,14.399508672351631,10.030499264391466,7.516483516483516,4.029704651484178,2.718773376787352,15.823922822487187,6.5536700724066925,6.38884474798691,-2.553670072406696,0.9751390683082439,0.9765078145049044,-0.5737111807939514,0.21637426900584766,0.5032565908978589,14.950926238031744,60.696853044140994,6565,53406,82009,949837,0.3185539832026954,0.43848691774027676,0.7727822392742758,5,2.2788766788766788,1.9087069525666018,1.270544783010157
