randomization,name,type,l1,l2,l3,ipr1,ipr2,ipr3,l1_cm,l1_er,l1_reg,l2_mp,l3_mp,l1_lap,l2_lap,l3_lap,alg_conn,clustering_c,clustering_r,deg_assort,Q,N.olap,N.temp,N.nodf,H2,H3,H4,H17,cent_between,cent_close,cent_eigen,diam,mean_path_length,deg_het_row,deg_het_col
configuration,Chicago_crimes_2016-05-05,crimes,14.713376,5.282697,4.390599,0.03735060993085185,0.038626572813910146,0.05371348557235838,15.296849385021519,10.91570703737872,8.172043010752688,4.176757949209198,2.829243832326742,16.713376140944384,7.282697346805921,6.390599271676602,-3.2826973468059197,0.9846704613367219,0.9697580433226589,-0.6319918967778637,0.21490997229916906,0.4830369255002258,15.549162694087547,61.63215652416519,7446,69e3,86713,930520,0.2841379940642173,0.4352703049328938,0.7609934449336515,4,2.2940626460963065,1.7192105263157895,1.325235457063712
