randomization,name,type,l1,l2,l3,ipr1,ipr2,ipr3,l1_cm,l1_er,l1_reg,l2_mp,l3_mp,l1_lap,l2_lap,l3_lap,alg_conn,clustering_c,clustering_r,deg_assort,Q,N.olap,N.temp,N.nodf,H2,H3,H4,H17,cent_between,cent_close,cent_eigen,diam,mean_path_length,deg_het_row,deg_het_col
configuration,Chicago_crimes_2016-03-26,crimes,14.52125,4.919307,4.61863,0.037811153931851665,0.046637064153886264,0.0549938501463499,15.245124804771923,10.061152576384929,7.73469387755102,3.9700802291223236,2.7105799128956214,16.52125023650486,6.919306883559552,6.61863036964304,-2.9193068835595324,0.9798264602623106,0.9680316793482376,-0.6245321524335217,0.2116665854456594,0.5073783960571361,10.177513182383066,60.095111680141954,7403,67113,87092,933183,0.2571268602529207,0.35554609626360784,0.7588891536036223,5,2.363139070061014,1.9903091735646508,1.3592497963673327
