randomization,name,type,l1,l2,l3,ipr1,ipr2,ipr3,l1_cm,l1_er,l1_reg,l2_mp,l3_mp,l1_lap,l2_lap,l3_lap,alg_conn,clustering_c,clustering_r,deg_assort,Q,N.olap,N.temp,N.nodf,H2,H3,H4,H17,cent_between,cent_close,cent_eigen,diam,mean_path_length,deg_het_row,deg_het_col
configuration,Chicago_crimes_2016-04-20,crimes,14.517193,4.690355,4.554783,0.03592218296398616,0.04946198066614762,0.04805959249083888,15.020465819879908,10.182539823636994,7.836734693877551,4.1267735745340515,2.822635954157986,16.5171928210824,6.690354966824412,6.55478276277484,-2.69035496682444,0.9803876598096986,0.959658925842028,-0.647908503713832,0.20747205946180566,0.45212136974252776,14.364644163222337,56.814546429023885,7302,67774,80418,810249,0.27547124691366015,0.39733025907954017,0.7649596467438643,5,2.393435724805386,1.9046495225694446,1.3431532118055558
