randomization,name,type,l1,l2,l3,ipr1,ipr2,ipr3,l1_cm,l1_er,l1_reg,l2_mp,l3_mp,l1_lap,l2_lap,l3_lap,alg_conn,clustering_c,clustering_r,deg_assort,Q,N.olap,N.temp,N.nodf,H2,H3,H4,H17,cent_between,cent_close,cent_eigen,diam,mean_path_length,deg_het_row,deg_het_col
configuration,Chicago_crimes_2016-05-10,crimes,14.82128,4.81425,4.708142,0.03630852360985992,0.04238378030819216,0.08810635846262646,15.282661961059205,10.74136155340176,8.083333333333334,4.204371291277162,2.8628937417239593,16.821280247963017,6.814250040208594,6.708142002173595,-2.814250040208593,0.986082906276193,0.962830196190552,-0.6708163967274131,0.20118370708895691,0.4636873242875435,12.811404712230727,59.03095336675483,7628,71211,86579,875891,0.20946915841069474,0.31607187115849567,0.7484043567159673,5,2.3666666666666667,1.7815389520671698,1.3236794558401528
