randomization,name,type,l1,l2,l3,ipr1,ipr2,ipr3,l1_cm,l1_er,l1_reg,l2_mp,l3_mp,l1_lap,l2_lap,l3_lap,alg_conn,clustering_c,clustering_r,deg_assort,Q,N.olap,N.temp,N.nodf,H2,H3,H4,H17,cent_between,cent_close,cent_eigen,diam,mean_path_length,deg_het_row,deg_het_col
configuration,Chicago_crimes_2016-04-07,crimes,14.310254,4.947086,4.845837,0.036171684676050635,0.08575425480383654,0.048235371613566336,14.88536287161981,10.472368385794466,8.10752688172043,4.189770903209893,2.8491006308554443,16.310253581763693,6.947086434342845,6.845837070297338,-2.9470864343428405,0.9832012362295001,0.9661661514303941,-0.6539839852602829,0.21540994448705017,0.4561139466212679,14.369270210304594,57.95044157952245,7071,64665,76489,748291,0.2163461189019205,0.3532729886527117,0.7498394409185063,5,2.310892940626461,1.824011989108486,1.2922908062394025
