randomization,name,type,l1,l2,l3,ipr1,ipr2,ipr3,l1_cm,l1_er,l1_reg,l2_mp,l3_mp,l1_lap,l2_lap,l3_lap,alg_conn,clustering_c,clustering_r,deg_assort,Q,N.olap,N.temp,N.nodf,H2,H3,H4,H17,cent_between,cent_close,cent_eigen,diam,mean_path_length,deg_het_row,deg_het_col
configuration,Chicago_crimes_2016-08-25,crimes,15.304407,4.75258,4.40703,0.03616984427917278,0.0636218908133246,0.05714443094371895,15.738180895862651,11.714059086469524,8.451612903225808,4.30637228979917,2.9096300111773257,17.304407024716607,6.752580476281832,6.4070304357388945,-2.7525804762818185,0.9928714000570288,0.967509907063536,-0.6921842328674994,0.18162629735381905,0.47397439068669633,15.64687761630634,62.22947697737262,8052,77267,94544,992063,0.24893114194023194,0.37629967087053245,0.744965224242649,5,2.2861150070126226,1.5624251371002729,1.3261335457011696
