randomization,name,type,l1,l2,l3,ipr1,ipr2,ipr3,l1_cm,l1_er,l1_reg,l2_mp,l3_mp,l1_lap,l2_lap,l3_lap,alg_conn,clustering_c,clustering_r,deg_assort,Q,N.olap,N.temp,N.nodf,H2,H3,H4,H17,cent_between,cent_close,cent_eigen,diam,mean_path_length,deg_het_row,deg_het_col
configuration,Chicago_crimes_2016-06-04,crimes,14.534562,4.705752,4.384047,0.0375909416031528,0.06141504351201343,0.07219609896894225,15.051075706274712,10.499249844911203,8.063157894736841,4.183696132447921,2.8504222553936795,16.534561585392428,6.7057521978554835,6.384047310961711,-2.7057521978555186,0.9783569988212134,0.9673081338273481,-0.6226017801478737,0.20172610079828776,0.4801608601107382,14.403892279070893,59.68722404067634,7365,67666,84352,871868,0.2535341389176478,0.3671305322238963,0.7545705587476557,5,2.322508398656215,1.8503432431879694,1.2969888676042511
