randomization,name,type,l1,l2,l3,ipr1,ipr2,ipr3,l1_cm,l1_er,l1_reg,l2_mp,l3_mp,l1_lap,l2_lap,l3_lap,alg_conn,clustering_c,clustering_r,deg_assort,Q,N.olap,N.temp,N.nodf,H2,H3,H4,H17,cent_between,cent_close,cent_eigen,diam,mean_path_length,deg_het_row,deg_het_col
configuration,Chicago_crimes_2016-11-29,crimes,14.494654,5.043357,4.547253,0.038783232384771014,0.050443142187617494,0.05413390259238555,15.083355426095148,10.204615625678029,7.752577319587629,4.056948488534616,2.7652254217589034,16.4946537668448,7.043357332655239,6.5472528957748155,-3.043357332655252,0.9865182885611997,0.9664695505508115,-0.6029756561348739,0.21533357854232688,0.4848986742557944,12.961149336515522,59.34093005774299,7278,65696,86093,960371,0.3388568906793181,0.49277223632918354,0.7844208477204124,5,2.3496563573883162,1.9004215708465364,1.351459936622906
