randomization,name,type,l1,l2,l3,ipr1,ipr2,ipr3,l1_cm,l1_er,l1_reg,l2_mp,l3_mp,l1_lap,l2_lap,l3_lap,alg_conn,clustering_c,clustering_r,deg_assort,Q,N.olap,N.temp,N.nodf,H2,H3,H4,H17,cent_between,cent_close,cent_eigen,diam,mean_path_length,deg_het_row,deg_het_col
configuration,Chicago_crimes_2016-01-16,crimes,13.868672,4.844766,4.541986,0.039815485244964297,0.04581579831359335,0.05543525958112862,14.167331531761192,9.402553086703659,7.297872340425532,3.948918717501773,2.684611702982992,15.868672128523947,6.844766197473876,6.5419858205917425,-2.844766197473864,0.9719839626671924,0.9576099059716265,-0.6353843378372831,0.2164999277511923,0.43509052710127316,14.72382179549506,53.568330030529,6238,53636,67115,652630,0.2783147916062123,0.397827547810718,0.7708453953696299,6,2.461679249599634,2.060519001436476,1.3114943603430542
