randomization,name,type,l1,l2,l3,ipr1,ipr2,ipr3,l1_cm,l1_er,l1_reg,l2_mp,l3_mp,l1_lap,l2_lap,l3_lap,alg_conn,clustering_c,clustering_r,deg_assort,Q,N.olap,N.temp,N.nodf,H2,H3,H4,H17,cent_between,cent_close,cent_eigen,diam,mean_path_length,deg_het_row,deg_het_col
configuration,Chicago_crimes_2016-03-05,crimes,14.436296,4.807973,4.444998,0.038671249790019895,0.045914289860646613,0.056653165087978574,15.099998198039112,10.166822224816817,7.849462365591398,3.933444250555395,2.6662713603014447,16.436295703655066,6.807972974346292,6.444998462290374,-2.807972974346334,0.9788842034932461,0.9685027297562733,-0.6264400980546078,0.21069619065490724,0.5111999556411255,10.693531059591121,61.773460232671276,6970,63845,78893,816714,0.24161841728397215,0.33685938133183174,0.7490644871063674,5,2.3632538569424963,1.9191217864514922,1.348395571401764
