randomization,name,type,l1,l2,l3,ipr1,ipr2,ipr3,l1_cm,l1_er,l1_reg,l2_mp,l3_mp,l1_lap,l2_lap,l3_lap,alg_conn,clustering_c,clustering_r,deg_assort,Q,N.olap,N.temp,N.nodf,H2,H3,H4,H17,cent_between,cent_close,cent_eigen,diam,mean_path_length,deg_het_row,deg_het_col
configuration,Chicago_crimes_2016-08-01,crimes,15.665205,4.928495,4.506675,0.03729467410158697,0.042252672196630474,0.03955262091927181,16.41592890263235,10.982045259283948,8.510204081632653,3.9826691527904132,2.7195607003485103,17.665204750286502,6.928494976897415,6.506675411808853,-2.9284949768974164,0.983339959565883,0.9791086301800322,-0.6169041832353628,0.20771871711264034,0.5644206005344155,10.97151009580285,65.65577188110696,8792,87540,111720,1282361,0.23307094191051514,0.4013229946288504,0.750393001109888,5,2.3118030717441616,1.9444473198419685,1.3325972315672645
