randomization,name,type,l1,l2,l3,ipr1,ipr2,ipr3,l1_cm,l1_er,l1_reg,l2_mp,l3_mp,l1_lap,l2_lap,l3_lap,alg_conn,clustering_c,clustering_r,deg_assort,Q,N.olap,N.temp,N.nodf,H2,H3,H4,H17,cent_between,cent_close,cent_eigen,diam,mean_path_length,deg_het_row,deg_het_col
configuration,Chicago_crimes_2016-12-24,crimes,13.270318,4.81706,4.620036,0.039121052654948814,0.05412467868876232,0.08010332098397212,13.489377511508465,9.908960661591227,7.48314606741573,4.288350197998019,2.897484236621146,15.270318446742044,6.817060001567987,6.620035828801814,-2.817060001568006,0.9676502820960344,0.9585893186722751,-0.6683445731521537,0.21912002092182267,0.38126805659808766,19.717646976323294,51.66919508946392,5844,46949,59974,546498,0.22220116633387627,0.29710646554927356,0.7405580442968135,5,2.3513789581205313,1.784874965055145,1.222754285817349
