randomization,name,type,l1,l2,l3,ipr1,ipr2,ipr3,l1_cm,l1_er,l1_reg,l2_mp,l3_mp,l1_lap,l2_lap,l3_lap,alg_conn,clustering_c,clustering_r,deg_assort,Q,N.olap,N.temp,N.nodf,H2,H3,H4,H17,cent_between,cent_close,cent_eigen,diam,mean_path_length,deg_het_row,deg_het_col
configuration,Chicago_crimes_2016-08-24,crimes,15.473919,4.755421,4.556184,0.03511707208179222,0.04719983254633326,0.05158106885676969,15.915775494069788,11.364265035702164,8.631578947368421,4.244398338612306,2.8888343145119793,17.473919186563343,6.75542135624937,6.556183591039892,-2.75542135624938,0.9855470679556841,0.9661522825857366,-0.6520659770662699,0.20236168947055355,0.4652123889207565,17.02344279155999,60.47628274642336,8236,82998,94548,968698,0.19517141837613144,0.34188912521896575,0.7414385323257325,4,2.322956326987682,1.7035098155859607,1.326888756692445
