randomization,name,type,l1,l2,l3,ipr1,ipr2,ipr3,l1_cm,l1_er,l1_reg,l2_mp,l3_mp,l1_lap,l2_lap,l3_lap,alg_conn,clustering_c,clustering_r,deg_assort,Q,N.olap,N.temp,N.nodf,H2,H3,H4,H17,cent_between,cent_close,cent_eigen,diam,mean_path_length,deg_het_row,deg_het_col
configuration,Chicago_crimes_2016-07-03,crimes,14.62981,4.942875,4.450312,0.04040095248121866,0.0670963944488557,0.056888792868143065,15.29134676485195,9.999924977578134,7.777777777777778,3.9741190128103443,2.720459235564072,16.629810492491316,6.942875010505788,6.450311584741067,-2.942875010505784,0.9701699702917255,0.9707562218551927,-0.6061489883388148,0.21248102546803888,0.5117159714143403,10.921206416866617,60.41050024606457,7688,68764,95220,1077602,0.25055876883089784,0.39291189096574014,0.7735274206520143,5,2.3401360544217686,2.1098397706189913,1.3069590150109631
