randomization,name,type,l1,l2,l3,ipr1,ipr2,ipr3,l1_cm,l1_er,l1_reg,l2_mp,l3_mp,l1_lap,l2_lap,l3_lap,alg_conn,clustering_c,clustering_r,deg_assort,Q,N.olap,N.temp,N.nodf,H2,H3,H4,H17,cent_between,cent_close,cent_eigen,diam,mean_path_length,deg_het_row,deg_het_col
configuration,Chicago_crimes_2016-05-09,crimes,14.648667,5.177589,4.472521,0.036095381914347455,0.04796500919969813,0.06960571905881262,15.20497231111826,10.527211102342598,8.02061855670103,4.182279260040463,2.854943384359753,16.648666505761746,7.177589338195308,6.472521451129882,-3.177589338195309,0.9738417150918094,0.9668557728024854,-0.6461773401269711,0.20548370682192157,0.4650318216844252,14.94604976218716,58.302143025890516,7620,69866,88174,917330,0.23017381653521157,0.34847993228837676,0.7540257073181649,5,2.334192439862543,1.8608719212799276,1.3103534869581883
