randomization,name,type,l1,l2,l3,ipr1,ipr2,ipr3,l1_cm,l1_er,l1_reg,l2_mp,l3_mp,l1_lap,l2_lap,l3_lap,alg_conn,clustering_c,clustering_r,deg_assort,Q,N.olap,N.temp,N.nodf,H2,H3,H4,H17,cent_between,cent_close,cent_eigen,diam,mean_path_length,deg_het_row,deg_het_col
configuration,Chicago_crimes_2016-06-07,crimes,15.088374,5.503416,4.80768,0.035328981180630215,0.04173353847412725,0.046530029001635664,15.695303940289746,10.787854061319841,8.204081632653061,4.144349850933491,2.8304587301091093,17.088374157159702,7.5034162118201975,6.807680362375765,-3.503416211820224,0.9864406437412919,0.9636041594305722,-0.664997645758942,0.2009665602336577,0.49838896609038,12.040223903400237,60.775988775738284,8111,77152,95206,1006085,0.25454451287364105,0.38333910581754377,0.7546526371462031,5,2.326320218809173,1.8488898789633923,1.3331724462265784
