randomization,name,type,l1,l2,l3,ipr1,ipr2,ipr3,l1_cm,l1_er,l1_reg,l2_mp,l3_mp,l1_lap,l2_lap,l3_lap,alg_conn,clustering_c,clustering_r,deg_assort,Q,N.olap,N.temp,N.nodf,H2,H3,H4,H17,cent_between,cent_close,cent_eigen,diam,mean_path_length,deg_het_row,deg_het_col
configuration,Chicago_crimes_2016-06-06,crimes,14.859163,4.982254,4.784868,0.036565965746344034,0.045185770533640826,0.058734036994300846,15.48300738683316,10.485349023530881,8.123711340206185,4.08235667582027,2.7881014931158954,16.859163346448973,6.98225420747778,6.784868444417548,-2.9822542074778244,0.9765849792071575,0.9691503089922174,-0.6495864663934172,0.22169470998995086,0.49757745144537735,11.806436889319745,60.63734059898411,7827,73119,91487,965028,0.22898555235980955,0.36057616767139117,0.7476489566874738,5,2.3470790378006874,1.9460949779690275,1.3092968125950168
