randomization,name,type,l1,l2,l3,ipr1,ipr2,ipr3,l1_cm,l1_er,l1_reg,l2_mp,l3_mp,l1_lap,l2_lap,l3_lap,alg_conn,clustering_c,clustering_r,deg_assort,Q,N.olap,N.temp,N.nodf,H2,H3,H4,H17,cent_between,cent_close,cent_eigen,diam,mean_path_length,deg_het_row,deg_het_col
configuration,Chicago_crimes_2016-07-09,crimes,14.175351,4.746991,4.413202,0.042294537902911745,0.047933983246479454,0.047791746117242205,14.817354990890362,10.09447790223543,7.617021276595745,3.9988317889858505,2.7106022901035614,16.17535092250691,6.7469906243095545,6.413201901044302,-2.746990624309552,0.9761365091078865,0.968852997147686,-0.6171922440261373,0.2194610030897914,0.5073250371289629,11.814570447645398,60.625398658659776,6975,59345,84317,921444,0.2820382372618446,0.4250415872495878,0.7728428705975628,5,2.3312743079386866,1.9343965544146562,1.3106644611591398
