randomization,name,type,l1,l2,l3,ipr1,ipr2,ipr3,l1_cm,l1_er,l1_reg,l2_mp,l3_mp,l1_lap,l2_lap,l3_lap,alg_conn,clustering_c,clustering_r,deg_assort,Q,N.olap,N.temp,N.nodf,H2,H3,H4,H17,cent_between,cent_close,cent_eigen,diam,mean_path_length,deg_het_row,deg_het_col
configuration,Chicago_crimes_2016-04-19,crimes,14.318165,4.875964,4.524116,0.03883950198186539,0.036527290885951746,0.08775757223507753,15.003525119193114,9.8179474928554,7.621052631578947,3.8638895570806957,2.6269513747548547,16.3181648956404,6.875963641197259,6.524115612804196,-2.875963641197269,0.9756420296508331,0.9658772624965344,-0.6368237932329457,0.22334483074387246,0.5103737600346931,11.895940649124832,60.89975962661767,6959,61784,79957,826029,0.21666695306616768,0.3408788939924963,0.7554448410319602,5,2.362821948488242,2.0532035041665395,1.3436403040200235
