randomization,name,type,l1,l2,l3,ipr1,ipr2,ipr3,l1_cm,l1_er,l1_reg,l2_mp,l3_mp,l1_lap,l2_lap,l3_lap,alg_conn,clustering_c,clustering_r,deg_assort,Q,N.olap,N.temp,N.nodf,H2,H3,H4,H17,cent_between,cent_close,cent_eigen,diam,mean_path_length,deg_het_row,deg_het_col
configuration,Chicago_crimes_2016-05-30,crimes,15.049792,4.84798,4.591476,0.039982547085889615,0.05131489230382827,0.048140121598507064,15.72309999950187,10.284930543564538,8.082474226804123,3.9077408324801,2.6677779203502077,17.04979173213595,6.847979707536749,6.591476492983152,-2.8479797075367483,0.9714432038239327,0.9775848155858599,-0.6006363134251087,0.20652852977925903,0.5358588354823226,13.000413575510748,62.03297621622506,8014,74942,101275,1162404,0.263410990973697,0.425631857812696,0.763331454596869,5,2.3195876288659796,2.1137416701374425,1.295423781757601
