randomization,name,type,l1,l2,l3,ipr1,ipr2,ipr3,l1_cm,l1_er,l1_reg,l2_mp,l3_mp,l1_lap,l2_lap,l3_lap,alg_conn,clustering_c,clustering_r,deg_assort,Q,N.olap,N.temp,N.nodf,H2,H3,H4,H17,cent_between,cent_close,cent_eigen,diam,mean_path_length,deg_het_row,deg_het_col
configuration,Chicago_crimes_2016-03-01,crimes,15.546188,4.686529,4.461008,0.035264267753977396,0.04975150926982728,0.046827302331448564,16.161940034248914,10.634325750607653,8.444444444444445,4.001846391485756,2.7443617928129687,17.546187660318505,6.68652907971069,6.461008208252791,-2.6865290797107058,0.9792637339385214,0.9724976581513514,-0.6223815210689383,0.2025938050868794,0.49480215728199084,12.999020950730172,60.11279987151315,8456,86107,99702,1069411,0.22672200459783662,0.39482309760324086,0.7575918457940151,5,2.3760049474335188,2.009294659005059,1.3392550536846686
