randomization,name,type,l1,l2,l3,ipr1,ipr2,ipr3,l1_cm,l1_er,l1_reg,l2_mp,l3_mp,l1_lap,l2_lap,l3_lap,alg_conn,clustering_c,clustering_r,deg_assort,Q,N.olap,N.temp,N.nodf,H2,H3,H4,H17,cent_between,cent_close,cent_eigen,diam,mean_path_length,deg_het_row,deg_het_col
configuration,Chicago_crimes_2016-04-03,crimes,14.162485,4.876843,4.433515,0.0412699262423347,0.042554588691549176,0.05434824723933124,14.638551940804364,10.004131701936313,7.479166666666667,4.069811477000631,2.7666507439205326,16.16248505859362,6.8768430264511835,6.433515061543782,-2.8768430264511506,0.971938910720911,0.9700668858661382,-0.5864455989701479,0.21632358532289464,0.4864630996007011,12.197690252718107,59.71211292056783,6946,58817,85439,982778,0.33716910010199436,0.4442072969650281,0.7790650131940551,5,2.3614035087719296,1.9209968886026647,1.3156012135225517
