randomization,name,type,l1,l2,l3,ipr1,ipr2,ipr3,l1_cm,l1_er,l1_reg,l2_mp,l3_mp,l1_lap,l2_lap,l3_lap,alg_conn,clustering_c,clustering_r,deg_assort,Q,N.olap,N.temp,N.nodf,H2,H3,H4,H17,cent_between,cent_close,cent_eigen,diam,mean_path_length,deg_het_row,deg_het_col
configuration,Chicago_crimes_2016-10-02,crimes,14.009442,4.924828,4.472466,0.04468381315539864,0.03561600747446171,0.05148345894641886,14.74848293660011,9.954180210099127,7.638297872340425,3.9877826022800513,2.7076871356279812,16.009441587765817,6.924828187088329,6.4724659570342755,-2.9248281870883472,0.9727649815688417,0.9797870589073197,-0.5603718093872908,0.22873813828260178,0.5073450824349218,14.198242493277435,60.08018773115317,6962,58282,88326,1048330,0.3443821119026332,0.4978872298043839,0.7803853575779778,5,2.291237703042782,2.0167208510176056,1.282927661951723
