randomization,name,type,l1,l2,l3,ipr1,ipr2,ipr3,l1_cm,l1_er,l1_reg,l2_mp,l3_mp,l1_lap,l2_lap,l3_lap,alg_conn,clustering_c,clustering_r,deg_assort,Q,N.olap,N.temp,N.nodf,H2,H3,H4,H17,cent_between,cent_close,cent_eigen,diam,mean_path_length,deg_het_row,deg_het_col
configuration,Chicago_crimes_2016-07-26,crimes,15.581264,4.612984,4.549706,0.0366361193534519,0.06404852045228879,0.0599740380077535,16.328105405826815,10.764263001855973,8.326530612244898,3.8991208797179824,2.660028436477634,17.581263524219242,6.612983644844787,6.549705712304985,-2.6129836448447405,0.9861069407035266,0.9831151278257958,-0.6322513170247706,0.19686538831218742,0.5812391301024359,9.714430432174458,66.19962861981708,8643,84585,110084,1323033,0.3398366959305046,0.5684265199843164,0.776501377454565,5,2.294130023143278,2.005935217224144,1.334967320261438
