randomization,name,type,l1,l2,l3,ipr1,ipr2,ipr3,l1_cm,l1_er,l1_reg,l2_mp,l3_mp,l1_lap,l2_lap,l3_lap,alg_conn,clustering_c,clustering_r,deg_assort,Q,N.olap,N.temp,N.nodf,H2,H3,H4,H17,cent_between,cent_close,cent_eigen,diam,mean_path_length,deg_het_row,deg_het_col
configuration,Chicago_crimes_2016-06-23,crimes,15.101736,5.102086,4.653663,0.035842948486815226,0.052922240656079665,0.06984993021978354,15.641973073345069,10.375751092995708,8.277227722772277,4.143265961744936,2.855125544302981,17.10173553226931,7.102085948154812,6.653663282283855,-3.1020859481547944,0.9732052248880447,0.9752303231654049,-0.5972544682437683,0.19856459330143517,0.44945037149711453,15.976960405013127,55.708679893278735,8241,80420,97206,1063713,0.2712404344038939,0.45809904674666063,0.778041350897658,5,2.3564356435643563,2.051235090771732,1.297085689430187
