randomization,name,type,l1,l2,l3,ipr1,ipr2,ipr3,l1_cm,l1_er,l1_reg,l2_mp,l3_mp,l1_lap,l2_lap,l3_lap,alg_conn,clustering_c,clustering_r,deg_assort,Q,N.olap,N.temp,N.nodf,H2,H3,H4,H17,cent_between,cent_close,cent_eigen,diam,mean_path_length,deg_het_row,deg_het_col
configuration,Chicago_crimes_2016-04-05,crimes,14.366318,5.233811,4.646534,0.03634323070023392,0.05597091146211312,0.07829480192929275,14.774586980253016,10.512848937555368,7.895833333333333,4.28888506526777,2.9235878360492147,16.366317580954565,7.233811177993939,6.6465340065539955,-3.233811177993959,0.98100699844479,0.9589744430788848,-0.6740362370113803,0.2117501270528607,0.4017981251713021,16.772076487270947,54.47949016372869,7197,64558,78817,758544,0.19121145223475192,0.29392075665889517,0.742682519106253,6,2.385087719298246,1.765373396175187,1.3084564991889505
