randomization,name,type,l1,l2,l3,ipr1,ipr2,ipr3,l1_cm,l1_er,l1_reg,l2_mp,l3_mp,l1_lap,l2_lap,l3_lap,alg_conn,clustering_c,clustering_r,deg_assort,Q,N.olap,N.temp,N.nodf,H2,H3,H4,H17,cent_between,cent_close,cent_eigen,diam,mean_path_length,deg_het_row,deg_het_col
configuration,Chicago_crimes_2016-12-18,crimes,12.636807,4.704544,4.625386,0.047734206036542666,0.061443766201345146,0.08439277661088909,13.04274756039042,8.985934919955795,6.5473684210526315,4.084599807562431,2.7690407824312997,14.636806819616886,6.704543879961189,6.625385682080606,-2.7045438799611548,0.9648781823159047,0.9373170298823947,-0.5797869351911269,0.23765262972880785,0.3999818974729408,17.14451740063556,51.09981645166386,5438,39242,61989,667565,0.3723545005579579,0.4588826097106008,0.8090223610887112,5,2.442553191489362,1.9296429937655732,1.3161567808438706
