randomization,name,type,l1,l2,l3,ipr1,ipr2,ipr3,l1_cm,l1_er,l1_reg,l2_mp,l3_mp,l1_lap,l2_lap,l3_lap,alg_conn,clustering_c,clustering_r,deg_assort,Q,N.olap,N.temp,N.nodf,H2,H3,H4,H17,cent_between,cent_close,cent_eigen,diam,mean_path_length,deg_het_row,deg_het_col
configuration,Chicago_crimes_2016-12-03,crimes,15.139112,4.873647,4.540981,0.037374074993904195,0.05527041808850433,0.06593093520437263,15.768570564232013,11.099988532320129,8.32258064516129,4.065803356405661,2.7501074524498295,17.13911191629128,6.873646775135117,6.540981207046451,-2.873646775135127,0.9914999481704156,0.9749290376618597,-0.6541351075562643,0.19770446487590912,0.5290817498776139,12.826368835465802,63.84125925880137,7849,75159,93268,1002237,0.24700828251317233,0.3969306838722817,0.751902701851445,5,2.2945301542777,1.746509624822226,1.336524915035822
