randomization,name,type,l1,l2,l3,ipr1,ipr2,ipr3,l1_cm,l1_er,l1_reg,l2_mp,l3_mp,l1_lap,l2_lap,l3_lap,alg_conn,clustering_c,clustering_r,deg_assort,Q,N.olap,N.temp,N.nodf,H2,H3,H4,H17,cent_between,cent_close,cent_eigen,diam,mean_path_length,deg_het_row,deg_het_col
configuration,Chicago_crimes_2016-11-01,crimes,15.733442,5.243863,4.292832,0.03403226870008485,0.04860580290452046,0.039129751643623575,16.28837407111589,10.933118095807517,8.54,4.100493254103921,2.813597208720603,17.73344241168578,7.243862828224966,6.292832392121101,-3.24386282822497,0.9793167061401389,0.9704285320160262,-0.6735268539050489,0.1933208650296995,0.4965782107184373,12.384318609143303,60.43824280910643,8840,89876,104150,1079061,0.189165990999203,0.2827037167995193,0.7302088365645047,5,2.3537373737373737,1.9415068365427333,1.3273313625369523
