randomization,name,type,l1,l2,l3,ipr1,ipr2,ipr3,l1_cm,l1_er,l1_reg,l2_mp,l3_mp,l1_lap,l2_lap,l3_lap,alg_conn,clustering_c,clustering_r,deg_assort,Q,N.olap,N.temp,N.nodf,H2,H3,H4,H17,cent_between,cent_close,cent_eigen,diam,mean_path_length,deg_het_row,deg_het_col
configuration,Chicago_crimes_2016-08-15,crimes,15.312577,4.578051,4.545319,0.03683926321025485,0.047909135141537516,0.06281287110130161,15.885505080284108,10.817480331012204,8.145833333333334,3.9836566612920676,2.7052746683767372,17.312576898161005,6.578050530391048,6.545319389788631,-2.578050530391043,0.988704588338644,0.9707252303064485,-0.6961516943596724,0.202549695514812,0.519650817499265,14.049434711438364,61.191745150903756,8162,77097,98738,1041937,0.20352904521526302,0.33307207720561294,0.7413538151671195,5,2.3320175438596493,1.8881352162793281,1.328798215605602
