randomization,name,type,l1,l2,l3,ipr1,ipr2,ipr3,l1_cm,l1_er,l1_reg,l2_mp,l3_mp,l1_lap,l2_lap,l3_lap,alg_conn,clustering_c,clustering_r,deg_assort,Q,N.olap,N.temp,N.nodf,H2,H3,H4,H17,cent_between,cent_close,cent_eigen,diam,mean_path_length,deg_het_row,deg_het_col
configuration,Chicago_crimes_2016-11-19,crimes,13.763291,4.764407,4.557474,0.04030628878423876,0.07876345152873744,0.04552228593919705,14.237109050017121,10.3037256532735,7.582417582417582,4.207930590468256,2.839908726781764,15.763290541224935,6.7644070386404955,6.557474421540166,-2.7644070386404747,0.9776369987566713,0.9609857130780286,-0.6401314393185129,0.208939298466709,0.44729884751714316,16.01444635253507,57.960101020491386,6416,53646,71832,731243,0.23488581350340434,0.3557273214391186,0.7673223933614708,5,2.3262515262515264,1.725066162570888,1.2971644612476372
