randomization,name,type,l1,l2,l3,ipr1,ipr2,ipr3,l1_cm,l1_er,l1_reg,l2_mp,l3_mp,l1_lap,l2_lap,l3_lap,alg_conn,clustering_c,clustering_r,deg_assort,Q,N.olap,N.temp,N.nodf,H2,H3,H4,H17,cent_between,cent_close,cent_eigen,diam,mean_path_length,deg_het_row,deg_het_col
configuration,Chicago_crimes_2016-02-12,crimes,13.760844,4.700723,4.468022,0.038024062473576675,0.0476663564004537,0.05765279029869175,14.218257637701518,9.335844651783818,7.154639175257732,3.955551691728103,2.697549094242904,15.760843871236485,6.700722701621335,6.468021854026595,-2.7007227016213253,0.9726713394997158,0.9491928516152625,-0.6533266806135118,0.22073931350646558,0.4633795569678098,12.315125498112778,55.765529871402556,6374,53972,69103,669249,0.2555722827933958,0.3310147546996212,0.7673410027597335,6,2.4377147766323026,2.061889061448895,1.3435457482414104
