randomization,name,type,l1,l2,l3,ipr1,ipr2,ipr3,l1_cm,l1_er,l1_reg,l2_mp,l3_mp,l1_lap,l2_lap,l3_lap,alg_conn,clustering_c,clustering_r,deg_assort,Q,N.olap,N.temp,N.nodf,H2,H3,H4,H17,cent_between,cent_close,cent_eigen,diam,mean_path_length,deg_het_row,deg_het_col
configuration,Chicago_crimes_2016-03-27,crimes,14.176185,5.068563,4.514686,0.04188469003292187,0.06437465411310576,0.048009708706468236,14.77933410287822,10.514627818148332,7.717391304347826,4.113017340591841,2.775085806507719,16.17618508282494,7.0685634991952355,6.514685849495409,-3.0685634991952577,0.9865833183426276,0.9678849543071751,-0.613653934325241,0.21291013687760346,0.4829030481858603,15.404471433334432,61.02512246364656,6885,58918,82744,898700,0.2473858046562423,0.352754528510684,0.7617561555114597,5,2.3043478260869565,1.7466534417774253,1.32175362031343
