randomization,name,type,l1,l2,l3,ipr1,ipr2,ipr3,l1_cm,l1_er,l1_reg,l2_mp,l3_mp,l1_lap,l2_lap,l3_lap,alg_conn,clustering_c,clustering_r,deg_assort,Q,N.olap,N.temp,N.nodf,H2,H3,H4,H17,cent_between,cent_close,cent_eigen,diam,mean_path_length,deg_het_row,deg_het_col
configuration,Chicago_crimes_2016-07-13,crimes,14.578491,4.789076,4.475221,0.037182332708444565,0.051042246468360065,0.07776236196862758,15.097974389091306,9.896895318619112,7.810526315789474,3.903462471691476,2.6592857566677455,16.578491466233277,6.7890757401829,6.475220609377889,-2.789075740182892,0.9771446847245799,0.9669977891517005,-0.6535012203988201,0.21380983863819672,0.5079082237291872,12.23030997729687,59.739247197841074,7148,65796,80210,807011,0.23178199457830595,0.3717103480340338,0.7567915193975187,6,2.3896976483762598,2.0946157031698407,1.3093191708865817
