randomization,name,type,l1,l2,l3,ipr1,ipr2,ipr3,l1_cm,l1_er,l1_reg,l2_mp,l3_mp,l1_lap,l2_lap,l3_lap,alg_conn,clustering_c,clustering_r,deg_assort,Q,N.olap,N.temp,N.nodf,H2,H3,H4,H17,cent_between,cent_close,cent_eigen,diam,mean_path_length,deg_het_row,deg_het_col
configuration,Chicago_crimes_2016-05-08,crimes,14.476276,4.8902,4.470247,0.03774226694952471,0.047162172888494835,0.08829844203885374,15.031892306980364,10.38453413843275,8,4.106645600180679,2.7924554818174814,16.47627582324749,6.89019976319724,6.470246978408711,-2.8901997631972587,0.9785948497192427,0.9702947944345931,-0.5836147556745191,0.21274473743775454,0.4680354676390897,14.154607739804762,59.75176768570369,7071,65874,80294,851727,0.3016750805368669,0.42663033819160456,0.7626044431162076,6,2.3667353008464884,1.826448619284744,1.3414865323675869
