randomization,name,type,l1,l2,l3,ipr1,ipr2,ipr3,l1_cm,l1_er,l1_reg,l2_mp,l3_mp,l1_lap,l2_lap,l3_lap,alg_conn,clustering_c,clustering_r,deg_assort,Q,N.olap,N.temp,N.nodf,H2,H3,H4,H17,cent_between,cent_close,cent_eigen,diam,mean_path_length,deg_het_row,deg_het_col
configuration,Chicago_crimes_2016-06-03,crimes,14.784418,5.030357,4.625286,0.033932758048164716,0.06441464402512873,0.057834209757824884,15.308816466066062,10.606836575826517,8.326530612244898,4.269227044498062,2.9295845038513013,16.784418404751868,7.030356686931433,6.625285800751487,-3.030356686931421,0.9751596877217885,0.9694819396845308,-0.6459885842797239,0.19749014801999237,0.43817138112172305,14.970034572738047,56.426430415234236,7805,75201,85408,845028,0.22573733997027828,0.3271895967166677,0.741711936236637,5,2.343993267410057,1.8716238946559014,1.29757785467128
