randomization,name,type,l1,l2,l3,ipr1,ipr2,ipr3,l1_cm,l1_er,l1_reg,l2_mp,l3_mp,l1_lap,l2_lap,l3_lap,alg_conn,clustering_c,clustering_r,deg_assort,Q,N.olap,N.temp,N.nodf,H2,H3,H4,H17,cent_between,cent_close,cent_eigen,diam,mean_path_length,deg_het_row,deg_het_col
configuration,Chicago_crimes_2016-07-15,crimes,15.032378,4.963702,4.518675,0.03463705479990554,0.036740445990381156,0.059124669099011457,15.60474450932688,11.324477562487262,8.543478260869566,4.236020889439144,2.868790642442919,17.032377884274084,6.963702388999884,6.518675266802544,-2.963702388999879,0.9845736359540095,0.9735163047445573,-0.6655191691372087,0.20127032224229396,0.48304768125956826,15.055519477445687,62.02239863666437,7771,75127,87964,909866,0.25197670668596517,0.4031171483378736,0.74664259281631,5,2.273053033922599,1.6672623325499027,1.3115980032243655
