randomization,name,type,l1,l2,l3,ipr1,ipr2,ipr3,l1_cm,l1_er,l1_reg,l2_mp,l3_mp,l1_lap,l2_lap,l3_lap,alg_conn,clustering_c,clustering_r,deg_assort,Q,N.olap,N.temp,N.nodf,H2,H3,H4,H17,cent_between,cent_close,cent_eigen,diam,mean_path_length,deg_het_row,deg_het_col
configuration,Chicago_crimes_2016-05-12,crimes,13.936532,4.850966,4.429865,0.038228988517144416,0.06471984215566463,0.062250894801871993,14.5003893127703,9.836689668859544,7.698924731182796,4.033915249045651,2.7423364446239065,15.936531928535967,6.85096612208204,6.429865002198036,-2.850966122082022,0.9786805646415747,0.9658570288484275,-0.6237374938695893,0.21404606597796577,0.46333693415903987,13.741837480988156,57.22707833033998,6539,57726,70612,696935,0.2503908316666105,0.3591069388138343,0.7557468474536202,5,2.3529686769518467,1.9633906557223555,1.3051714990168843
