randomization,name,type,l1,l2,l3,ipr1,ipr2,ipr3,l1_cm,l1_er,l1_reg,l2_mp,l3_mp,l1_lap,l2_lap,l3_lap,alg_conn,clustering_c,clustering_r,deg_assort,Q,N.olap,N.temp,N.nodf,H2,H3,H4,H17,cent_between,cent_close,cent_eigen,diam,mean_path_length,deg_het_row,deg_het_col
configuration,Denver_crimes_2016-07-26,crimes,5.473389,4.07584,3.63922,0.0433273064168372,0.052056356188070016,0.046554531057715544,5.542292252792698,3.9141330797649934,3.2477064220183487,3.279229035344815,2.298678149687543,7.473389109020991,6.07583959697163,5.639220240568596,-2.0758395969716275,0.4431088082901554,0.388210302708444,-0.22921650515617198,0.5096555906667947,0.05560874052395497,7.184282943394673,11.993776624166767,816,3187,1818,3548,0.19601380312424385,0.2189523546193694,0.8041718816752507,9,3.923207611281006,1.90379520571994,1.5264770659772096
