randomization,name,type,l1,l2,l3,ipr1,ipr2,ipr3,l1_cm,l1_er,l1_reg,l2_mp,l3_mp,l1_lap,l2_lap,l3_lap,alg_conn,clustering_c,clustering_r,deg_assort,Q,N.olap,N.temp,N.nodf,H2,H3,H4,H17,cent_between,cent_close,cent_eigen,diam,mean_path_length,deg_het_row,deg_het_col
configuration,Denver_crimes_2016-04-07,crimes,5.727584,3.951897,3.634577,0.03978849211899304,0.046317952995237575,0.038190096661573,5.528791425441801,3.9139782643984473,3.247863247863248,3.3025359683192095,2.3368450604047686,7.727584036171792,5.951897043154741,5.634576573302319,-1.9518970431547544,0.4321826280623608,0.47604608853850816,-0.10997800148599242,0.5129639889196682,0.04360282784854623,7.368090075545546,10.966567680025792,868,3727,1755,2831,0.15478389192707256,0.20554021088886756,0.7961460424792542,9,3.9743589743589745,1.4715789473684209,1.9678670360110806
