randomization,name,type,l1,l2,l3,ipr1,ipr2,ipr3,l1_cm,l1_er,l1_reg,l2_mp,l3_mp,l1_lap,l2_lap,l3_lap,alg_conn,clustering_c,clustering_r,deg_assort,Q,N.olap,N.temp,N.nodf,H2,H3,H4,H17,cent_between,cent_close,cent_eigen,diam,mean_path_length,deg_het_row,deg_het_col
configuration,Denver_crimes_2016-04-16,crimes,5.370584,3.633296,3.431017,0.06275997269237438,0.05122692033500468,0.07162192292377445,5.330734240078861,3.5979802168589887,2.96,3.0948600378964337,2.141807365842855,7.370584185659382,5.633295731593189,5.431017142480859,-1.63329573159319,0.4167785234899329,0.4100982408042038,-0.10917336000069344,0.5383948137326502,0.06057062572569799,7.952255327407925,12.702972794659836,641,2521,1491,3369,0.3723140655525835,0.29805568764518275,0.8474620921525768,8,3.873131313131313,1.7487216946676405,1.851716581446311
