randomization,name,type,l1,l2,l3,ipr1,ipr2,ipr3,l1_cm,l1_er,l1_reg,l2_mp,l3_mp,l1_lap,l2_lap,l3_lap,alg_conn,clustering_c,clustering_r,deg_assort,Q,N.olap,N.temp,N.nodf,H2,H3,H4,H17,cent_between,cent_close,cent_eigen,diam,mean_path_length,deg_het_row,deg_het_col
configuration,Denver_crimes_2016-09-26,crimes,5.510003,3.981425,3.494583,0.04772876573826582,0.05971580735693769,0.042604717710001065,5.493500296471324,3.72288822824713,3.074074074074074,3.172292067488089,2.219628766381966,7.510003392760852,5.981424939854463,5.494583176279715,-1.981424939854443,0.3898854961832061,0.4421790379101625,-0.15957008788494031,0.5177819712585272,0.06329001466200547,5.850003392542529,12.539914387626578,749,3041,1584,2704,0.27950014660017297,0.2276980123943873,0.7884375262856006,9,3.905330564209069,1.9041225141529974,1.6765858615183629
