randomization,name,type,l1,l2,l3,ipr1,ipr2,ipr3,l1_cm,l1_er,l1_reg,l2_mp,l3_mp,l1_lap,l2_lap,l3_lap,alg_conn,clustering_c,clustering_r,deg_assort,Q,N.olap,N.temp,N.nodf,H2,H3,H4,H17,cent_between,cent_close,cent_eigen,diam,mean_path_length,deg_het_row,deg_het_col
configuration,Denver_crimes_2016-05-22,crimes,6.065004,3.983368,3.676126,0.05818149995619572,0.056760050863917916,0.06186532954849213,5.925845615479989,4.041522519342314,3.3267326732673266,3.279498080730048,2.272550934753519,8.065003708169302,5.983367914005429,5.67612589099377,-1.9833679140054399,0.5278378910092465,0.505311325379964,-0.29915579833250566,0.480938208616781,0.07857973690191111,7.202909708664427,14.763374693390245,892,3646,2496,6473,0.2700391867021931,0.26279065404283664,0.8394343649249357,8,3.675643564356436,2.119047619047619,1.454931972789116
