randomization,name,type,l1,l2,l3,ipr1,ipr2,ipr3,l1_cm,l1_er,l1_reg,l2_mp,l3_mp,l1_lap,l2_lap,l3_lap,alg_conn,clustering_c,clustering_r,deg_assort,Q,N.olap,N.temp,N.nodf,H2,H3,H4,H17,cent_between,cent_close,cent_eigen,diam,mean_path_length,deg_het_row,deg_het_col
configuration,Denver_crimes_2016-01-21,crimes,6.079595,3.722731,3.497057,0.05852701127849507,0.05820081969134903,0.06480607736788403,5.7414240931396066,3.9076225278201036,3.2432432432432434,3.2562251548324714,2.2877971868949403,8.079594700774122,5.722731473279522,5.4970568220398,-1.7227314732795318,0.5255577520474443,0.5224226544391817,-0.06442100487694219,0.5107716049382713,0.05042696916211654,8.514970214525407,11.562387526213096,864,3920,2270,6028,0.31625982008593817,0.2882509268116712,0.8568262626389396,8,3.8597870597870596,1.9866666666666664,1.576296296296296
