randomization,name,type,l1,l2,l3,ipr1,ipr2,ipr3,l1_cm,l1_er,l1_reg,l2_mp,l3_mp,l1_lap,l2_lap,l3_lap,alg_conn,clustering_c,clustering_r,deg_assort,Q,N.olap,N.temp,N.nodf,H2,H3,H4,H17,cent_between,cent_close,cent_eigen,diam,mean_path_length,deg_het_row,deg_het_col
configuration,Denver_crimes_2016-01-24,crimes,4.646959,3.580461,3.282302,0.05274046215648876,0.07702731639073075,0.05106980193425901,4.560428161066915,3.4755996637965474,2.8210526315789473,3.1169312089321384,2.1394676407102846,6.646958608378444,5.580460505889792,5.282302337298908,-1.580460505889781,0.3608490566037736,0.27369097333761644,-0.22894818579697873,0.5622633103141009,0.037859365400872536,9.295520120845994,10.650268054241563,495,1526,885,1398,0.2535897163411619,0.21251714414697326,0.8348516578038901,9,4.055991041433371,1.733125417687681,1.4702606371129425
