randomization,name,type,l1,l2,l3,ipr1,ipr2,ipr3,l1_cm,l1_er,l1_reg,l2_mp,l3_mp,l1_lap,l2_lap,l3_lap,alg_conn,clustering_c,clustering_r,deg_assort,Q,N.olap,N.temp,N.nodf,H2,H3,H4,H17,cent_between,cent_close,cent_eigen,diam,mean_path_length,deg_het_row,deg_het_col
configuration,Denver_crimes_2016-11-25,crimes,5.012197,3.85849,3.198017,0.06041720312999792,0.06803346494602376,0.04645056201559398,5.013713891878891,3.5002542552428144,2.863157894736842,3.0658061971291195,2.1053734398467636,7.012197237838435,5.858490224726505,5.198017376837257,-1.8584902247265078,0.39705882352941174,0.36977213729449093,-0.19610498956693637,0.5371431660899649,0.060568853299600295,6.735234942497356,12.74445085346835,548,1893,1089,1866,0.2240786550418778,0.22379017139392182,0.8421062585853872,10,4.056886898096304,1.7157223183391004,1.7711937716262975
