randomization,name,type,l1,l2,l3,ipr1,ipr2,ipr3,l1_cm,l1_er,l1_reg,l2_mp,l3_mp,l1_lap,l2_lap,l3_lap,alg_conn,clustering_c,clustering_r,deg_assort,Q,N.olap,N.temp,N.nodf,H2,H3,H4,H17,cent_between,cent_close,cent_eigen,diam,mean_path_length,deg_het_row,deg_het_col
configuration,Denver_crimes_2016-11-12,crimes,4.465624,3.581746,3.20214,0.05727247030016587,0.07882457018700682,0.07839441205951779,4.170111570266985,3.3270459173470286,2.6818181818181817,3.0627185002892143,2.077598017318259,6.46562376628733,5.581745790202983,5.202139531585971,-1.581745790202957,0.2996777658431794,0.2900667779632721,-0.22392990618827038,0.5654984199942544,0.030347244614110782,11.229404391122639,9.692709301605008,401,1087,731,1257,0.3093785401660706,0.21277965075837246,0.8053658376990164,10,4.34012539184953,1.7684573398448724,1.322033898305085
