randomization,name,type,l1,l2,l3,ipr1,ipr2,ipr3,l1_cm,l1_er,l1_reg,l2_mp,l3_mp,l1_lap,l2_lap,l3_lap,alg_conn,clustering_c,clustering_r,deg_assort,Q,N.olap,N.temp,N.nodf,H2,H3,H4,H17,cent_between,cent_close,cent_eigen,diam,mean_path_length,deg_het_row,deg_het_col
configuration,Denver_crimes_2016-08-16,crimes,6.002399,3.742793,3.686378,0.05439491166926461,0.05531278780921206,0.07983174971537228,6.1006210194047545,3.773806783909257,3.121495327102804,3.1151235031450453,2.176139481576227,8.002398572098523,5.742793362893363,5.686377523605969,-1.7427933628933627,0.47753632848953476,0.5001183712121212,-0.18757901390644732,0.5043565563483797,0.08515148606041215,4.7799851703649585,14.45927712570646,852,3771,2188,4708,0.24498641939722757,0.25832689124931457,0.8177309551606208,7,3.713983424440134,1.9745060776650294,1.9343110186812005
