randomization,name,type,l1,l2,l3,ipr1,ipr2,ipr3,l1_cm,l1_er,l1_reg,l2_mp,l3_mp,l1_lap,l2_lap,l3_lap,alg_conn,clustering_c,clustering_r,deg_assort,Q,N.olap,N.temp,N.nodf,H2,H3,H4,H17,cent_between,cent_close,cent_eigen,diam,mean_path_length,deg_het_row,deg_het_col
configuration,Denver_crimes_2016-03-20,crimes,4.473657,3.512912,3.162514,0.06549129859044762,0.06939545002915166,0.07330192452007668,4.216705126906079,3.2685125342674994,2.6597938144329896,3.034589414544113,2.089944828740811,6.473656622163315,5.512911797099621,5.162513939791311,-1.5129117970996249,0.3534212178279975,0.2853598014888337,-0.15408946429955805,0.6071149570338338,0.027028546843152954,8.138784014595334,9.061292047043343,415,1181,640,929,0.2551518392517118,0.17295252618881723,0.8597108832575633,11,4.661512027491409,1.4521362898864252,1.721771528153356
