randomization,name,type,l1,l2,l3,ipr1,ipr2,ipr3,l1_cm,l1_er,l1_reg,l2_mp,l3_mp,l1_lap,l2_lap,l3_lap,alg_conn,clustering_c,clustering_r,deg_assort,Q,N.olap,N.temp,N.nodf,H2,H3,H4,H17,cent_between,cent_close,cent_eigen,diam,mean_path_length,deg_het_row,deg_het_col
configuration,Denver_crimes_2016-06-06,crimes,5.582969,3.401786,3.34249,0.05276464093897101,0.06816110825303226,0.04918775626672484,5.280537480163488,3.745340921865219,3.094736842105263,3.170442768096016,2.1797601037652043,7.58296853138468,5.401786454845217,5.342489980189528,-1.40178645484522,0.4833422890918861,0.5226089339545081,-0.1626462831061768,0.4961358693137128,0.05004282256761014,9.258542963229457,12.726916925562522,659,2604,1483,2966,0.22166885423439592,0.2350886477295119,0.8123454696398256,9,3.880851063829787,2.130362349021241,1.362858068397427
