randomization,name,type,l1,l2,l3,ipr1,ipr2,ipr3,l1_cm,l1_er,l1_reg,l2_mp,l3_mp,l1_lap,l2_lap,l3_lap,alg_conn,clustering_c,clustering_r,deg_assort,Q,N.olap,N.temp,N.nodf,H2,H3,H4,H17,cent_between,cent_close,cent_eigen,diam,mean_path_length,deg_het_row,deg_het_col
configuration,Denver_crimes_2016-01-02,crimes,5.531669,4.122257,3.441948,0.08308068184847477,0.06993885564423225,0.07655313045997975,5.630728494051361,3.523166414424982,2.8932038834951457,3.018431270948663,2.0964242010809975,7.531669237503126,6.122256995173432,5.4419477320017355,-2.1222569951734367,0.3804821376706361,0.43478260869565216,-0.2149522847303379,0.5344353857934311,0.08364052838837512,5.734666806718984,14.015372363123229,722,2569,2367,8544,0.3679796283220623,0.23702525597426924,0.8802384002816108,10,3.947077860270322,2.538399171208505,1.4920048646457365
