randomization,name,type,l1,l2,l3,ipr1,ipr2,ipr3,l1_cm,l1_er,l1_reg,l2_mp,l3_mp,l1_lap,l2_lap,l3_lap,alg_conn,clustering_c,clustering_r,deg_assort,Q,N.olap,N.temp,N.nodf,H2,H3,H4,H17,cent_between,cent_close,cent_eigen,diam,mean_path_length,deg_het_row,deg_het_col
configuration,Denver_crimes_2016-08-21,crimes,5.316832,3.894965,3.544393,0.060535792479764414,0.09715796115360624,0.05817884534714245,5.136131204515711,3.6807800816407665,3.018867924528302,3.1910225896005993,2.2260379103828494,7.3168320779940785,5.894964791125146,5.544393104016258,-1.8949647911251388,0.4615145872129112,0.3784796573875803,-0.19801980198019806,0.5333203125000009,0.05143180891919741,7.31049896234103,11.584302656114977,680,2430,1511,3035,0.2349569042539016,0.2006591430909561,0.8443318491109888,10,4.132434860736748,1.861640625,1.5349218750000002
