randomization,name,type,l1,l2,l3,ipr1,ipr2,ipr3,l1_cm,l1_er,l1_reg,l2_mp,l3_mp,l1_lap,l2_lap,l3_lap,alg_conn,clustering_c,clustering_r,deg_assort,Q,N.olap,N.temp,N.nodf,H2,H3,H4,H17,cent_between,cent_close,cent_eigen,diam,mean_path_length,deg_het_row,deg_het_col
configuration,Denver_crimes_2016-01-01,crimes,4.865113,3.553027,3.213995,0.07105130089854172,0.048460471506791884,0.04587042595045709,4.822813868239345,3.544578183232929,2.903225806451613,3.1112991806140866,2.1309651771965807,6.8651130860268434,5.553027155110205,5.213994545550107,-1.553027155110197,0.36285585178490737,0.29377620122541115,-0.19842562432138977,0.5310836762688602,0.05544500921643399,7.690904229598897,12.160561946376554,522,1726,990,1688,0.2664116118167652,0.25702530354920694,0.8376801756660378,9,3.9163160355306217,1.7168724279835388,1.5922633744855967
