randomization,name,type,l1,l2,l3,ipr1,ipr2,ipr3,l1_cm,l1_er,l1_reg,l2_mp,l3_mp,l1_lap,l2_lap,l3_lap,alg_conn,clustering_c,clustering_r,deg_assort,Q,N.olap,N.temp,N.nodf,H2,H3,H4,H17,cent_between,cent_close,cent_eigen,diam,mean_path_length,deg_het_row,deg_het_col
configuration,Denver_crimes_2016-02-20,crimes,4.908323,3.578724,3.369276,0.05760633458229156,0.05943155433823863,0.05689211555255385,4.668394022175474,3.3649465635913334,2.739130434782609,3.023668776594226,2.0660356205032646,6.908322925502305,5.578723840087361,5.369276202119825,-1.5787238400873642,0.4236144578313253,0.38243064729194187,-0.1391664799462246,0.5659486016628866,0.041072081020228246,8.897803381346716,10.924089169912559,470,1556,900,1545,0.25379497134477597,0.20429593432705842,0.8297482487208989,9,4.256330625895843,1.7871000251952631,1.6061980347694633
