randomization,name,type,l1,l2,l3,ipr1,ipr2,ipr3,l1_cm,l1_er,l1_reg,l2_mp,l3_mp,l1_lap,l2_lap,l3_lap,alg_conn,clustering_c,clustering_r,deg_assort,Q,N.olap,N.temp,N.nodf,H2,H3,H4,H17,cent_between,cent_close,cent_eigen,diam,mean_path_length,deg_het_row,deg_het_col
configuration,Denver_crimes_2016-05-09,crimes,6.361401,4.181148,3.792716,0.052951686173909246,0.06793880273354244,0.0829242340442339,6.330293784586818,4.169143808274708,3.4774774774774775,3.3281326417902717,2.338741265208001,8.361401410212471,6.1811482917031695,5.79271575129392,-2.1811482917031633,0.5052792265615061,0.5536526625635536,-0.21030556548610296,0.4697844237429205,0.07882283190972539,7.167046362917006,14.94597570829098,1066,4818,3303,9983,0.19118403448398108,0.2159607405562674,0.8385392202405978,10,3.7208845208845207,2.140003758490161,1.5382963301028214
