randomization,name,type,l1,l2,l3,ipr1,ipr2,ipr3,l1_cm,l1_er,l1_reg,l2_mp,l3_mp,l1_lap,l2_lap,l3_lap,alg_conn,clustering_c,clustering_r,deg_assort,Q,N.olap,N.temp,N.nodf,H2,H3,H4,H17,cent_between,cent_close,cent_eigen,diam,mean_path_length,deg_het_row,deg_het_col
configuration,Denver_crimes_2016-11-16,crimes,5.215955,3.725729,3.349815,0.04681850900995397,0.05606627283363345,0.06437437982813049,4.8879999940863605,3.695588121389468,3.046728971962617,3.2276345201003283,2.2561955861867964,7.215954759330203,5.725728500384498,5.3498146639449935,-1.725728500384495,0.41238437821171636,0.39402677651905255,-0.03358219191503533,0.5209454627573484,0.03154978895758219,9.19261760463417,9.88485719924441,636,2429,1137,1768,0.2244731451232455,0.22683110121483127,0.801907388717595,9,4.124493034738141,1.6488765102186758,1.557604727313787
