randomization,name,type,l1,l2,l3,ipr1,ipr2,ipr3,l1_cm,l1_er,l1_reg,l2_mp,l3_mp,l1_lap,l2_lap,l3_lap,alg_conn,clustering_c,clustering_r,deg_assort,Q,N.olap,N.temp,N.nodf,H2,H3,H4,H17,cent_between,cent_close,cent_eigen,diam,mean_path_length,deg_het_row,deg_het_col
configuration,Denver_crimes_2016-10-09,crimes,5.976377,4.003756,3.451032,0.05318392816228818,0.06759255784432763,0.06274249182536912,5.7436649649398905,3.9060674980528587,3.227722772277228,3.2234245196695523,2.2347070614694893,7.976376722827781,6.003756161354567,5.451032455099343,-2.0037561613545742,0.5975445677766565,0.4833279026827414,-0.10195453011974286,0.48812525876020935,0.05761997582816778,9.525952278511527,12.938876560418063,785,3495,1932,4221,0.22941612905158398,0.2617754802884517,0.8035662797976508,9,3.823366336633663,1.8579923971545784,1.6840678986789117
