randomization,name,type,l1,l2,l3,ipr1,ipr2,ipr3,l1_cm,l1_er,l1_reg,l2_mp,l3_mp,l1_lap,l2_lap,l3_lap,alg_conn,clustering_c,clustering_r,deg_assort,Q,N.olap,N.temp,N.nodf,H2,H3,H4,H17,cent_between,cent_close,cent_eigen,diam,mean_path_length,deg_het_row,deg_het_col
configuration,Denver_crimes_2016-11-21,crimes,5.545696,4.049647,3.468444,0.05028575350593703,0.049729240959587896,0.05648172621057227,5.543581059364392,3.8470769621685776,3.176470588235294,3.220320396806531,2.2357448317068815,7.545696236780531,6.049646542586777,5.468443837535609,-2.049646542586768,0.45791628753412195,0.4158587758645637,-0.1909886546286337,0.5123456790123447,0.06958161809056204,6.798132499009038,13.337024787510225,749,2962,1779,3777,0.2866068792904401,0.24346743458568185,0.8078788379269096,9,3.7693651718112986,1.8649596098155767,1.61743636640756
