randomization,name,type,l1,l2,l3,ipr1,ipr2,ipr3,l1_cm,l1_er,l1_reg,l2_mp,l3_mp,l1_lap,l2_lap,l3_lap,alg_conn,clustering_c,clustering_r,deg_assort,Q,N.olap,N.temp,N.nodf,H2,H3,H4,H17,cent_between,cent_close,cent_eigen,diam,mean_path_length,deg_het_row,deg_het_col
configuration,Denver_crimes_2016-08-05,crimes,5.38693,4.116033,3.645486,0.03801831512843449,0.042492711326366756,0.043785107434490614,5.224238820084059,4.088341776786898,3.3529411764705883,3.407060093886298,2.365131898868249,7.386930317584249,6.116033448574609,5.645485989594849,-2.1160334485745977,0.4631209232313096,0.39552631578947367,-0.2131152109692886,0.5078827673472163,0.037724532043512254,11.025612679058472,11.634875711290807,750,2887,1476,2493,0.1882097036626455,0.19200599690614664,0.7643372395530901,8,3.826635604736944,1.6054512499572517,1.4540200403542973
