randomization,name,type,l1,l2,l3,ipr1,ipr2,ipr3,l1_cm,l1_er,l1_reg,l2_mp,l3_mp,l1_lap,l2_lap,l3_lap,alg_conn,clustering_c,clustering_r,deg_assort,Q,N.olap,N.temp,N.nodf,H2,H3,H4,H17,cent_between,cent_close,cent_eigen,diam,mean_path_length,deg_het_row,deg_het_col
configuration,Denver_crimes_2016-02-22,crimes,5.618506,3.609634,3.571247,0.05629647053312345,0.0545080453856237,0.06958994873180159,5.453401118195259,3.7635151717766413,3.0784313725490198,3.1889906512448096,2.2117255646435994,7.618505541624255,5.609633605018074,5.571247192236439,-1.6096336050180693,0.5198159038609051,0.4124609781477627,-0.19797064195359554,0.5084587610045035,0.0714238923366407,7.072029935203534,13.436639871222885,733,2863,1838,4312,0.21490767330251426,0.20749909176139442,0.8239318658965439,9,3.841390021355077,1.9765102032536817,1.5486632317741085
