randomization,name,type,l1,l2,l3,ipr1,ipr2,ipr3,l1_cm,l1_er,l1_reg,l2_mp,l3_mp,l1_lap,l2_lap,l3_lap,alg_conn,clustering_c,clustering_r,deg_assort,Q,N.olap,N.temp,N.nodf,H2,H3,H4,H17,cent_between,cent_close,cent_eigen,diam,mean_path_length,deg_het_row,deg_het_col
configuration,Denver_crimes_2016-12-06,crimes,4.748038,3.635944,3.617185,0.044828837277144894,0.06967683994124678,0.05984395214423536,4.594452800910288,3.400390020193158,2.7755102040816326,3.0701824623430407,2.1178670352905304,6.748037685428728,5.63594359238175,5.617185211646285,-1.635943592381761,0.3197242841993637,0.34763699623079153,-0.19356823171523233,0.5461180795847753,0.037904434546700096,8.0013009881712,10.247177981552982,505,1623,891,1306,0.23299835501600827,0.19748933250495135,0.806352610172064,9,4.230801598990111,1.907439446366782,1.4270112456747406
