randomization,name,type,l1,l2,l3,ipr1,ipr2,ipr3,l1_cm,l1_er,l1_reg,l2_mp,l3_mp,l1_lap,l2_lap,l3_lap,alg_conn,clustering_c,clustering_r,deg_assort,Q,N.olap,N.temp,N.nodf,H2,H3,H4,H17,cent_between,cent_close,cent_eigen,diam,mean_path_length,deg_het_row,deg_het_col
configuration,Denver_crimes_2016-04-26,crimes,5.229064,3.663625,3.405796,0.057173605416153184,0.0452247171066843,0.05254486258099802,4.943474127533932,3.653592441119565,3.008695652173913,3.215591759839307,2.2690821919180393,7.229063659033255,5.663624606450421,5.405796330021043,-1.6636246064504225,0.34466588511137164,0.3313253012048193,-0.045186288926772615,0.5256774365999533,0.03487226498250985,8.203188434546103,9.63096824908575,685,2632,1268,2127,0.2356812584331176,0.2248188296303975,0.8512702981584421,8,4.015255530129672,1.4762938955528082,1.8274249056099432
