randomization,name,type,l1,l2,l3,ipr1,ipr2,ipr3,l1_cm,l1_er,l1_reg,l2_mp,l3_mp,l1_lap,l2_lap,l3_lap,alg_conn,clustering_c,clustering_r,deg_assort,Q,N.olap,N.temp,N.nodf,H2,H3,H4,H17,cent_between,cent_close,cent_eigen,diam,mean_path_length,deg_het_row,deg_het_col
configuration,Denver_crimes_2016-01-23,crimes,5.644319,3.87626,3.348778,0.07682326435213281,0.06986032118156418,0.07815632025966437,5.2353381434296296,3.5220930478792116,2.890909090909091,3.0935855575273616,2.1687665772164193,7.644318686211225,5.876260266273382,5.348778177021601,-1.8762602662733572,0.4964909661042258,0.37445770065075923,-0.11259646194582683,0.5504529092994741,0.044752444354536465,7.511923659204459,10.369862647640426,702,2687,2020,6338,0.43155096573303997,0.2764386025817246,0.8813411360321299,10,4.21301084236864,1.394525533008979,2.3517661484909618
