randomization,name,type,l1,l2,l3,ipr1,ipr2,ipr3,l1_cm,l1_er,l1_reg,l2_mp,l3_mp,l1_lap,l2_lap,l3_lap,alg_conn,clustering_c,clustering_r,deg_assort,Q,N.olap,N.temp,N.nodf,H2,H3,H4,H17,cent_between,cent_close,cent_eigen,diam,mean_path_length,deg_het_row,deg_het_col
configuration,Denver_crimes_2016-05-15,crimes,5.588395,3.971029,3.3478,0.05688165238447205,0.08870787760911399,0.05250889922894688,5.341262500891444,3.66925259884712,3,3.1339984535544407,2.1613208459836186,7.588394619273305,5.971029171547844,5.3478000663427405,-1.9710291715478248,0.4438451776649746,0.4652179855131885,-0.21046198915232658,0.5065481975102972,0.06665181114629741,7.477784943592937,12.973076948503854,682,2562,1781,4276,0.29395468154231086,0.21657030464275762,0.8085111639228205,10,3.906164527666737,2.1282798833819245,1.4590217039196631
