randomization,name,type,l1,l2,l3,ipr1,ipr2,ipr3,l1_cm,l1_er,l1_reg,l2_mp,l3_mp,l1_lap,l2_lap,l3_lap,alg_conn,clustering_c,clustering_r,deg_assort,Q,N.olap,N.temp,N.nodf,H2,H3,H4,H17,cent_between,cent_close,cent_eigen,diam,mean_path_length,deg_het_row,deg_het_col
configuration,Denver_crimes_2016-06-20,crimes,5.79166,3.998879,3.584016,0.04453511551903997,0.05505813724235248,0.047892050407436215,5.548313131725694,3.883910383094497,3.2181818181818183,3.264613370942589,2.290846924779278,7.791659656252703,5.998879497552778,5.584016296138549,-1.9988794975527575,0.48738945299705205,0.4721871774286042,-0.10251772968258703,0.492897953972359,0.047980092364204883,8.508327942521873,11.595413929250785,818,3528,1808,3554,0.21587575610407525,0.23382661476579886,0.8187866290200008,10,3.954628857381151,1.9170736378435316,1.5458520859267768
