randomization,name,type,l1,l2,l3,ipr1,ipr2,ipr3,l1_cm,l1_er,l1_reg,l2_mp,l3_mp,l1_lap,l2_lap,l3_lap,alg_conn,clustering_c,clustering_r,deg_assort,Q,N.olap,N.temp,N.nodf,H2,H3,H4,H17,cent_between,cent_close,cent_eigen,diam,mean_path_length,deg_het_row,deg_het_col
configuration,Denver_crimes_2016-04-14,crimes,5.360169,4.002686,3.675893,0.037910523986710375,0.057371910662877036,0.048561668045732,5.373704684927924,3.935423215020922,3.2710280373831777,3.3054231389649535,2.3120615110490164,7.360169310598794,6.002685992476719,5.675893158611694,-2.0026859924767133,0.39562923888470236,0.3865409622886866,-0.16237340087247895,0.5022367346938766,0.04923235995104934,8.551367663834432,11.832107116015981,768,3055,1515,2508,0.19399288865037598,0.1970046432447602,0.7506802751098911,9,3.833186386880621,1.7531102040816327,1.539330612244898
