randomization,name,type,l1,l2,l3,ipr1,ipr2,ipr3,l1_cm,l1_er,l1_reg,l2_mp,l3_mp,l1_lap,l2_lap,l3_lap,alg_conn,clustering_c,clustering_r,deg_assort,Q,N.olap,N.temp,N.nodf,H2,H3,H4,H17,cent_between,cent_close,cent_eigen,diam,mean_path_length,deg_het_row,deg_het_col
configuration,Denver_crimes_2016-11-07,crimes,5.638564,3.627468,3.506735,0.05363614098969615,0.058313773425762695,0.07036300877272154,5.401347629343787,3.7809090411768884,3.089108910891089,3.203860898237555,2.21886765620497,7.638564247085264,5.627467742074645,5.5067353000704555,-1.6274677420746144,0.5208526413345691,0.4163408386139949,-0.14642618917678013,0.5117932281393808,0.057929314010187326,7.649448648671828,12.78241900228681,705,2861,1567,2963,0.20588329106643857,0.24258938281983403,0.7941393512550562,10,3.933069306930693,1.7914201183431953,1.658284023668639
