randomization,name,type,l1,l2,l3,ipr1,ipr2,ipr3,l1_cm,l1_er,l1_reg,l2_mp,l3_mp,l1_lap,l2_lap,l3_lap,alg_conn,clustering_c,clustering_r,deg_assort,Q,N.olap,N.temp,N.nodf,H2,H3,H4,H17,cent_between,cent_close,cent_eigen,diam,mean_path_length,deg_het_row,deg_het_col
configuration,Denver_crimes_2016-05-10,crimes,5.074812,3.724763,3.410191,0.04379400182598389,0.056849658276935104,0.06229697821272445,4.975738066199209,3.6177851409517685,2.9615384615384617,3.1689417240961677,2.2045990864964073,7.074811857348657,5.724762542709866,5.410191110487543,-1.7247625427098785,0.39785296031229667,0.334544720371492,-0.192514104857575,0.5296846011131724,0.04993693446329533,6.994957014491379,11.530435090702948,627,2253,1161,1758,0.15833607669795816,0.17746389419962832,0.795503933293562,10,4.058252427184466,1.8077247427896777,1.5407319952774496
