randomization,name,type,l1,l2,l3,ipr1,ipr2,ipr3,l1_cm,l1_er,l1_reg,l2_mp,l3_mp,l1_lap,l2_lap,l3_lap,alg_conn,clustering_c,clustering_r,deg_assort,Q,N.olap,N.temp,N.nodf,H2,H3,H4,H17,cent_between,cent_close,cent_eigen,diam,mean_path_length,deg_het_row,deg_het_col
configuration,Denver_crimes_2016-05-27,crimes,5.73848,3.78984,3.627727,0.042225753471636866,0.045012406037116356,0.05019391669813966,5.505794380362545,3.988519518911346,3.320388349514563,3.3066665211674637,2.301213228983367,7.738479563960531,5.789840431382113,5.6277268614505775,-1.7898404313821044,0.5028211085297046,0.4736716132120632,-0.061636876878338395,0.48965493656167597,0.0462203250489134,9.65307481168917,12.249663087158286,776,3403,1556,2496,0.22123505606410912,0.24610445931335717,0.7841727735567522,10,3.8473253379021513,1.7937143052563185,1.5315823672241033
