randomization,name,type,l1,l2,l3,ipr1,ipr2,ipr3,l1_cm,l1_er,l1_reg,l2_mp,l3_mp,l1_lap,l2_lap,l3_lap,alg_conn,clustering_c,clustering_r,deg_assort,Q,N.olap,N.temp,N.nodf,H2,H3,H4,H17,cent_between,cent_close,cent_eigen,diam,mean_path_length,deg_het_row,deg_het_col
configuration,Denver_crimes_2016-05-06,crimes,5.632879,4.137826,4.094815,0.04570129993787887,0.05806385953105035,0.09611084828756003,5.936466840179894,3.9564005617411504,3.2641509433962264,3.245780471864157,2.2645517380098616,7.632879059643663,6.137825570300209,6.094814670601137,-2.1378255703002185,0.4950864779874214,0.3839925977330558,-0.2825874392320863,0.5063984763941327,0.08221447325537859,6.150323300287858,14.567934244404832,881,3419,2461,6683,0.3188805721021774,0.24558142033884522,0.810582876233984,8,3.6528301886792454,1.9842293427779079,1.6378763072605165
