randomization,name,type,l1,l2,l3,ipr1,ipr2,ipr3,l1_cm,l1_er,l1_reg,l2_mp,l3_mp,l1_lap,l2_lap,l3_lap,alg_conn,clustering_c,clustering_r,deg_assort,Q,N.olap,N.temp,N.nodf,H2,H3,H4,H17,cent_between,cent_close,cent_eigen,diam,mean_path_length,deg_het_row,deg_het_col
configuration,Denver_crimes_2016-12-20,crimes,5.1342,3.601001,3.474806,0.048296590041496695,0.0875153703922199,0.06399838677790952,4.8626990458256305,3.502303487634216,2.854368932038835,3.1140118369198806,2.1624237059661366,7.134200403204478,5.601001490260166,5.474805706063758,-1.601001490260174,0.4225352112676056,0.3642397032988483,-0.167756761534382,0.5325096024804495,0.04308530973497582,9.007912810856014,10.554409016384044,595,2092,1233,2205,0.22878560730489328,0.2169140423230588,0.81407928846632,10,4.111555301732343,1.9596001665972511,1.457448285436624
