randomization,name,type,l1,l2,l3,ipr1,ipr2,ipr3,l1_cm,l1_er,l1_reg,l2_mp,l3_mp,l1_lap,l2_lap,l3_lap,alg_conn,clustering_c,clustering_r,deg_assort,Q,N.olap,N.temp,N.nodf,H2,H3,H4,H17,cent_between,cent_close,cent_eigen,diam,mean_path_length,deg_het_row,deg_het_col
configuration,Denver_crimes_2016-07-19,crimes,5.709611,3.850019,3.709442,0.07335622491646823,0.06840068530064458,0.07761439220822385,5.950609458799442,3.72785553357827,3.0784313725490198,3.089903705090684,2.144103731044847,7.709611160601913,5.850018808052481,5.709441719628454,-1.8500188080524937,0.4356864443482027,0.4171859150847703,-0.21611674583814797,0.5167755284190025,0.09978418164474709,5.258019452206772,15.247081835766252,795,3125,2466,7601,0.3450387768259033,0.2813599964672564,0.8583466672011976,8,3.654241894777713,2.256278145158019,1.653495070793947
