randomization,name,type,l1,l2,l3,ipr1,ipr2,ipr3,l1_cm,l1_er,l1_reg,l2_mp,l3_mp,l1_lap,l2_lap,l3_lap,alg_conn,clustering_c,clustering_r,deg_assort,Q,N.olap,N.temp,N.nodf,H2,H3,H4,H17,cent_between,cent_close,cent_eigen,diam,mean_path_length,deg_het_row,deg_het_col
configuration,Denver_crimes_2016-07-22,crimes,6.624077,4.086949,3.930266,0.0418068299425352,0.05281025008287666,0.0668994792309197,6.5336628428872405,4.091571225139129,3.4128440366972477,3.2457492723932857,2.2746978005940925,8.624077371269717,6.08694947730657,5.930265668032715,-2.0869494773065758,0.6064655172413793,0.5595571475089547,-0.08767692507466589,0.4859521331945903,0.07788422584618389,8.470547007948538,14.781420097128517,1038,5466,2827,6392,0.1755842349753374,0.24054113680920333,0.7726359988916585,9,3.7427794767244307,2.059197595097699,1.7761012833853629
