randomization,name,type,l1,l2,l3,ipr1,ipr2,ipr3,l1_cm,l1_er,l1_reg,l2_mp,l3_mp,l1_lap,l2_lap,l3_lap,alg_conn,clustering_c,clustering_r,deg_assort,Q,N.olap,N.temp,N.nodf,H2,H3,H4,H17,cent_between,cent_close,cent_eigen,diam,mean_path_length,deg_het_row,deg_het_col
configuration,Denver_crimes_2016-01-17,crimes,5.735793,3.866838,3.5044400000000002,0.06330775855174278,0.07847780024244042,0.092061630186249,5.531700264468785,3.646304195817671,2.98989898989899,3.094469234313204,2.137348705127838,7.735792897314757,5.866838090675644,5.504440269988042,-1.8668380906756528,0.5042918454935622,0.49272603670972126,-0.2057094963040755,0.5199506939371789,0.07560643562110207,6.1383093795825285,13.979903272375505,692,2685,1740,3815,0.28564927973885446,0.26867360936849755,0.8490968409447666,10,4.012368583797155,2.0650109569028485,1.6371439006574142
