randomization,name,type,l1,l2,l3,ipr1,ipr2,ipr3,l1_cm,l1_er,l1_reg,l2_mp,l3_mp,l1_lap,l2_lap,l3_lap,alg_conn,clustering_c,clustering_r,deg_assort,Q,N.olap,N.temp,N.nodf,H2,H3,H4,H17,cent_between,cent_close,cent_eigen,diam,mean_path_length,deg_het_row,deg_het_col
configuration,Denver_crimes_2016-07-21,crimes,4.887256,3.519747,3.425195,0.05739905628323655,0.08690224586727825,0.06808774113215683,4.795934931449041,3.289800475634953,2.6792452830188678,3.000450331289207,2.091490329170097,6.88725609785273,5.51974714812543,5.425195498466623,-1.5197471481254428,0.3203330411919369,0.31886061946902655,-0.20730700092309184,0.5613965483039087,0.05286561781036171,5.162317765140401,10.764550699451242,549,1792,1056,1725,0.2739049375676743,0.2330302922241105,0.8308019588253698,10,4.254088050314466,2.0035707200952193,1.594128149176751
