randomization,name,type,l1,l2,l3,ipr1,ipr2,ipr3,l1_cm,l1_er,l1_reg,l2_mp,l3_mp,l1_lap,l2_lap,l3_lap,alg_conn,clustering_c,clustering_r,deg_assort,Q,N.olap,N.temp,N.nodf,H2,H3,H4,H17,cent_between,cent_close,cent_eigen,diam,mean_path_length,deg_het_row,deg_het_col
configuration,Denver_crimes_2016-02-29,crimes,5.900372,3.861649,3.447787,0.06405496338127195,0.07259251480778112,0.06894936584755783,5.699874970112483,3.838830362685202,3.1785714285714284,3.225465517460786,2.2683261277857154,7.900372011320212,5.861649020077126,5.4477874517653015,-1.861649020077106,0.4467677573822825,0.49237122863370425,-0.09316643319548627,0.5002209317005442,0.04802703404340652,9.577076997447634,11.228992491152024,845,3668,2284,6319,0.33102284283621386,0.2820429608278537,0.8694359125752619,9,3.8729086229086227,1.9667971215755586,1.6328746370407776
