randomization,name,type,l1,l2,l3,ipr1,ipr2,ipr3,l1_cm,l1_er,l1_reg,l2_mp,l3_mp,l1_lap,l2_lap,l3_lap,alg_conn,clustering_c,clustering_r,deg_assort,Q,N.olap,N.temp,N.nodf,H2,H3,H4,H17,cent_between,cent_close,cent_eigen,diam,mean_path_length,deg_het_row,deg_het_col
configuration,Denver_crimes_2016-02-09,crimes,5.930801,3.587886,3.475616,0.0506145891401721,0.09745057736579363,0.05449334357900761,5.750875882510609,3.706165103739688,3.036363636363636,3.1401102188942702,2.20020435371523,7.930800673253347,5.587885724674419,5.475616388152352,-1.5878857246744216,0.5455871626549964,0.44669284204167925,-0.1849718444657122,0.5058266700132658,0.0724374118434257,5.643720617216098,13.06167122414224,814,3470,1948,3805,0.1873975570507895,0.24790734286379051,0.8101586364346863,9,3.9396163469557965,2.032629352074295,1.7362400946609777
