randomization,name,type,l1,l2,l3,ipr1,ipr2,ipr3,l1_cm,l1_er,l1_reg,l2_mp,l3_mp,l1_lap,l2_lap,l3_lap,alg_conn,clustering_c,clustering_r,deg_assort,Q,N.olap,N.temp,N.nodf,H2,H3,H4,H17,cent_between,cent_close,cent_eigen,diam,mean_path_length,deg_het_row,deg_het_col
configuration,Denver_crimes_2016-11-14,crimes,4.647919,3.670176,3.510076,0.051702533837676055,0.0487284709065101,0.06767761163161624,4.666875482240742,3.3988247665716314,2.774774774774775,3.0915880228006842,2.169496009381837,6.647919144196278,5.670175545306256,5.51007624630474,-1.6701755453062195,0.2637465051258155,0.24147551146931184,-0.23295692179004565,0.5664530274919886,0.041487675091088284,6.227359730126227,9.403458832171378,574,1785,1029,1541,0.2102197496865762,0.22991200065914258,0.8145703979155207,10,4.249631449631449,1.850565019396188,1.5225164445943666
