randomization,name,type,l1,l2,l3,ipr1,ipr2,ipr3,l1_cm,l1_er,l1_reg,l2_mp,l3_mp,l1_lap,l2_lap,l3_lap,alg_conn,clustering_c,clustering_r,deg_assort,Q,N.olap,N.temp,N.nodf,H2,H3,H4,H17,cent_between,cent_close,cent_eigen,diam,mean_path_length,deg_het_row,deg_het_col
configuration,Denver_crimes_2016-02-13,crimes,5.617119,3.78106,3.626096,0.05007644695093179,0.06054460907676852,0.04503799245559877,5.365058130364363,3.875266213500637,3.191919191919192,3.252524435694629,2.2486200746205087,7.617118950812924,5.781060198168213,5.626095663461775,-1.781060198168202,0.5369609856262834,0.437231997634186,-0.11745840661355987,0.5096939593013937,0.04728600047841264,9.283586116367474,12.024686665497144,701,2873,1476,2795,0.22026465690654648,0.21321874880534905,0.8192789886894154,10,3.933209647495362,1.7190354109918282,1.6151257811248196
