randomization,name,type,l1,l2,l3,ipr1,ipr2,ipr3,l1_cm,l1_er,l1_reg,l2_mp,l3_mp,l1_lap,l2_lap,l3_lap,alg_conn,clustering_c,clustering_r,deg_assort,Q,N.olap,N.temp,N.nodf,H2,H3,H4,H17,cent_between,cent_close,cent_eigen,diam,mean_path_length,deg_het_row,deg_het_col
configuration,Denver_crimes_2016-04-15,crimes,6.280507,4.319162,3.823522,0.0424458898510805,0.05798288447859445,0.04695414897396147,6.379132647416366,4.0364021346689904,3.36,3.2924626239806334,2.3491159563994026,8.280506590163817,6.319161627450908,5.82352190327671,-2.3191616274509084,0.4958819212264536,0.4736932747782657,-0.15240033038538253,0.5008163265306093,0.07734670980234762,5.056448296655491,13.549585850677895,1130,5360,3226,8429,0.21560309443515363,0.22650503383933376,0.8111691580682444,9,3.7966451612903227,1.8092517006802722,1.991111111111111
