randomization,name,type,l1,l2,l3,ipr1,ipr2,ipr3,l1_cm,l1_er,l1_reg,l2_mp,l3_mp,l1_lap,l2_lap,l3_lap,alg_conn,clustering_c,clustering_r,deg_assort,Q,N.olap,N.temp,N.nodf,H2,H3,H4,H17,cent_between,cent_close,cent_eigen,diam,mean_path_length,deg_het_row,deg_het_col
configuration,Denver_crimes_2016-01-09,crimes,4.804549,2.985917,2.872886,0.10529229430422976,0.05729239809688698,0.05314473555882001,4.294440828341302,3.3714905105403394,2.7435897435897436,3.0325782735041673,2.0222115954593445,6.804548756389563,4.985916899924516,4.872886447654743,-0.9859168999244926,0.3261205564142195,0.44256040695209836,-0.08469381741026706,0.5376015372521622,0.036079317768396665,12.26759024000864,11.620137769772805,370,1172,726,1572,0.46740478597802937,0.31313010955088943,0.8806088029338079,9,4.028638028638029,1.7966634640579964,1.341252511136344
