randomization,name,type,l1,l2,l3,ipr1,ipr2,ipr3,l1_cm,l1_er,l1_reg,l2_mp,l3_mp,l1_lap,l2_lap,l3_lap,alg_conn,clustering_c,clustering_r,deg_assort,Q,N.olap,N.temp,N.nodf,H2,H3,H4,H17,cent_between,cent_close,cent_eigen,diam,mean_path_length,deg_het_row,deg_het_col
configuration,Denver_crimes_2016-08-12,crimes,5.787503,3.839003,3.561326,0.05749356349132441,0.07593258513745398,0.07226186787196556,5.654296193230312,4.004217618575322,3.3076923076923075,3.304591611861923,2.300632047503287,7.787503447206581,5.8390026008852445,5.561326228843733,-1.8390026008852178,0.4794697109187995,0.4609563500767712,-0.18220315036432078,0.49465927528393716,0.05895553077422935,7.53904699994368,12.937615471862047,829,3452,2050,4913,0.30910041270543487,0.28186513364018156,0.8518335610226129,7,3.677931292008962,1.883112493239589,1.523661438615468
