randomization,name,type,l1,l2,l3,ipr1,ipr2,ipr3,l1_cm,l1_er,l1_reg,l2_mp,l3_mp,l1_lap,l2_lap,l3_lap,alg_conn,clustering_c,clustering_r,deg_assort,Q,N.olap,N.temp,N.nodf,H2,H3,H4,H17,cent_between,cent_close,cent_eigen,diam,mean_path_length,deg_het_row,deg_het_col
configuration,Denver_crimes_2016-08-06,crimes,5.14848,3.697896,3.403121,0.05629066102208439,0.06016659540717172,0.04911647628908889,5.164126368881663,3.6381632844663447,2.977272727272727,3.1014965533497976,2.1063628070861102,7.148479869950955,5.6978958513302995,5.4031211328869935,-1.6978958513302844,0.48486071861122326,0.39545454545454545,-0.21651176362304705,0.5293980537264739,0.062450700214009294,7.851233467812134,13.514189389448727,552,1904,1241,2557,0.3473662563911726,0.28007761733703396,0.8102847265716918,10,3.8970741901776385,1.720529106695414,1.7161004603461334
