randomization,name,type,l1,l2,l3,ipr1,ipr2,ipr3,l1_cm,l1_er,l1_reg,l2_mp,l3_mp,l1_lap,l2_lap,l3_lap,alg_conn,clustering_c,clustering_r,deg_assort,Q,N.olap,N.temp,N.nodf,H2,H3,H4,H17,cent_between,cent_close,cent_eigen,diam,mean_path_length,deg_het_row,deg_het_col
configuration,Denver_crimes_2016-07-12,crimes,4.469521,3.366529,3.305361,0.042455776300842546,0.08825677641798602,0.07381951348264591,4.364295841175345,3.2797684704728796,2.6470588235294117,3.044019461229844,2.1089946748908823,6.469521036608552,5.366528975830776,5.3053612998973705,-1.3665289758307937,0.3376534788540246,0.21563542052612078,-0.23828762436174156,0.5901234567901221,0.035782112350323345,7.84237163148717,9.477310817211354,472,1382,768,993,0.21880138062767224,0.20959269209892098,0.7854877277794726,9,4.248301300718307,1.7766255144032925,1.4924005486968448
