randomization,name,type,l1,l2,l3,ipr1,ipr2,ipr3,l1_cm,l1_er,l1_reg,l2_mp,l3_mp,l1_lap,l2_lap,l3_lap,alg_conn,clustering_c,clustering_r,deg_assort,Q,N.olap,N.temp,N.nodf,H2,H3,H4,H17,cent_between,cent_close,cent_eigen,diam,mean_path_length,deg_het_row,deg_het_col
configuration,Denver_crimes_2016-10-25,crimes,6.054276,4.137445,3.425602,0.05474847772516796,0.049642185434339424,0.061602049016263406,5.90845164276127,3.818051799797549,3.1596638655462184,3.208165084380494,2.2737746945714505,8.054275759681763,6.137445298653559,5.425601894705773,-2.137445298653567,0.4605673548195455,0.46909027046013346,-0.1586312676902643,0.49717066545948296,0.06971711161810433,5.856280448342943,12.729869877959507,948,4140,2623,6988,0.22532864585165008,0.23087662830588185,0.8526677595142618,8,3.890044153254522,2.293628338614758,1.5244454504300589
