randomization,name,type,l1,l2,l3,ipr1,ipr2,ipr3,l1_cm,l1_er,l1_reg,l2_mp,l3_mp,l1_lap,l2_lap,l3_lap,alg_conn,clustering_c,clustering_r,deg_assort,Q,N.olap,N.temp,N.nodf,H2,H3,H4,H17,cent_between,cent_close,cent_eigen,diam,mean_path_length,deg_het_row,deg_het_col
configuration,Denver_crimes_2016-03-01,crimes,4.80608,3.707152,3.429819,0.03502586776620985,0.05507592123635274,0.07925334136776081,4.798974325612033,3.6160474518907093,2.9591836734693877,3.173365688651615,2.189770683015493,6.806080062780344,5.707152071904833,5.429818676377925,-1.7071520719048214,0.40574234982999624,0.32420591456736036,-0.20498170201693075,0.5373127229488691,0.03807355289740063,8.893198301407894,10.918680705112866,558,1892,945,1316,0.24761274294990204,0.22741703875161914,0.7739035295439894,9,4.003155901535872,1.6422829964328178,1.5774078478002378
