randomization,name,type,l1,l2,l3,ipr1,ipr2,ipr3,l1_cm,l1_er,l1_reg,l2_mp,l3_mp,l1_lap,l2_lap,l3_lap,alg_conn,clustering_c,clustering_r,deg_assort,Q,N.olap,N.temp,N.nodf,H2,H3,H4,H17,cent_between,cent_close,cent_eigen,diam,mean_path_length,deg_het_row,deg_het_col
configuration,Denver_crimes_2016-12-24,crimes,4.716637,3.636948,3.299302,0.06959457625241602,0.07580015517348093,0.07322166464874166,4.482233265470087,3.3571644879757963,2.74,3.0623688359147803,2.118601432250829,6.716637082166505,5.636948161511331,5.299302225101115,-1.6369481615113226,0.3329848405645583,0.3030866493120119,-0.14792082714986282,0.5665725398263112,0.0370835860293369,7.420646135750132,9.674523659883562,482,1519,803,1184,0.30180874822795856,0.21991783205176016,0.8350760420251896,9,4.297979797979798,1.7453780169428317,1.5276786189994138
