randomization,name,type,l1,l2,l3,ipr1,ipr2,ipr3,l1_cm,l1_er,l1_reg,l2_mp,l3_mp,l1_lap,l2_lap,l3_lap,alg_conn,clustering_c,clustering_r,deg_assort,Q,N.olap,N.temp,N.nodf,H2,H3,H4,H17,cent_between,cent_close,cent_eigen,diam,mean_path_length,deg_het_row,deg_het_col
configuration,Denver_crimes_2016-02-07,crimes,5.186981,3.326089,3.188788,0.07996004682351489,0.05938795559917764,0.04299950425575922,5.0035542922562115,3.692729059925291,3.037974683544304,3.116310143311673,2.084255629341591,7.186981384601013,5.326088962154685,5.1887883625037965,-1.3260889621546703,0.47700237906423476,0.43832020997375326,-0.1059378053687417,0.5179166666666675,0.06609934854169529,10.729789305699827,14.640616791817312,486,1784,1074,2436,0.35626168900032823,0.2900166861798389,0.850768939535898,9,3.7903278156442712,1.6722222222222225,1.6011111111111112
