randomization,name,type,l1,l2,l3,ipr1,ipr2,ipr3,l1_cm,l1_er,l1_reg,l2_mp,l3_mp,l1_lap,l2_lap,l3_lap,alg_conn,clustering_c,clustering_r,deg_assort,Q,N.olap,N.temp,N.nodf,H2,H3,H4,H17,cent_between,cent_close,cent_eigen,diam,mean_path_length,deg_het_row,deg_het_col
configuration,Denver_crimes_2016-10-26,crimes,5.614665,3.80265,3.682593,0.05917951404737399,0.049607939106995104,0.05701036792243313,5.57338578713437,3.800097190349427,3.142857142857143,3.219096867592075,2.2637555369256672,7.614665048355893,5.802650162654903,5.682592853705854,-1.8026501626549016,0.44650283553875236,0.4029153693744693,-0.19108821635544118,0.5039062500000007,0.05853003362004186,6.12538090336306,11.916833706716975,810,3222,1855,3769,0.21718572382402032,0.20842899782252655,0.8485713906593293,8,3.8976833976833976,1.8932076446280992,1.6589617768595044
