randomization,name,type,l1,l2,l3,ipr1,ipr2,ipr3,l1_cm,l1_er,l1_reg,l2_mp,l3_mp,l1_lap,l2_lap,l3_lap,alg_conn,clustering_c,clustering_r,deg_assort,Q,N.olap,N.temp,N.nodf,H2,H3,H4,H17,cent_between,cent_close,cent_eigen,diam,mean_path_length,deg_het_row,deg_het_col
configuration,Denver_crimes_2016-07-30,crimes,5.720009,3.957528,3.606695,0.03870022880277454,0.04917391606387053,0.06776392765427541,5.594431633876891,4.020110167500852,3.3333333333333335,3.322617634058534,2.3172931306438422,7.720009437218804,5.9575275528331435,5.606695493076136,-1.9575275528331375,0.5417288866766219,0.44194205522861024,-0.13332394762776326,0.47915102040816226,0.04860843669080816,9.32625253123913,12.414843650213072,815,3525,1670,2752,0.17477444647935642,0.23289843528910015,0.7989404638670498,8,3.8223443223443225,1.7449469387755103,1.5965387755102043
