randomization,name,type,l1,l2,l3,ipr1,ipr2,ipr3,l1_cm,l1_er,l1_reg,l2_mp,l3_mp,l1_lap,l2_lap,l3_lap,alg_conn,clustering_c,clustering_r,deg_assort,Q,N.olap,N.temp,N.nodf,H2,H3,H4,H17,cent_between,cent_close,cent_eigen,diam,mean_path_length,deg_het_row,deg_het_col
configuration,Denver_crimes_2016-04-17,crimes,4.355,3.181716,3.012225,0.05883055734075028,0.08978581185400288,0.05319672276306681,4.156565533831632,3.2082124419447284,2.608695652173913,2.9150217150144373,1.9054596566127873,6.355000273564047,5.181715774500953,5.012225156056946,-1.1817157745009605,0.41331658291457285,0.3957391865719819,-0.25950324935458,0.5691358024691352,0.04933594692118373,8.374251628142389,12.800404979343334,295,805,432,515,0.29157100560180305,0.20027705867782994,0.7863504540668824,9,4.155157715260017,1.8217283950617282,1.3792592592592594
