randomization,name,type,l1,l2,l3,ipr1,ipr2,ipr3,l1_cm,l1_er,l1_reg,l2_mp,l3_mp,l1_lap,l2_lap,l3_lap,alg_conn,clustering_c,clustering_r,deg_assort,Q,N.olap,N.temp,N.nodf,H2,H3,H4,H17,cent_between,cent_close,cent_eigen,diam,mean_path_length,deg_het_row,deg_het_col
configuration,Denver_crimes_2016-04-29,crimes,5.100943,3.863263,3.559976,0.04559715630439835,0.07017067485224238,0.046129736161687224,5.031769213454334,3.654160551605392,3,3.1922026403828165,2.232913631282196,7.1009432390082745,5.86326345220459,5.559975779967966,-1.8632634522045974,0.36789297658862874,0.3691893968497887,-0.2730570394898605,0.5409998475842093,0.05135782253186078,6.397533396539415,11.289105767803377,673,2268,1352,2466,0.15372022506454514,0.16442115783586894,0.8318793635333083,9,4.16632052613361,1.89696692577351,1.4702789208962053
