randomization,name,type,l1,l2,l3,ipr1,ipr2,ipr3,l1_cm,l1_er,l1_reg,l2_mp,l3_mp,l1_lap,l2_lap,l3_lap,alg_conn,clustering_c,clustering_r,deg_assort,Q,N.olap,N.temp,N.nodf,H2,H3,H4,H17,cent_between,cent_close,cent_eigen,diam,mean_path_length,deg_het_row,deg_het_col
configuration,Denver_crimes_2016-08-27,crimes,5.415807,3.565769,3.513193,0.054674045320003174,0.05349756878614004,0.04509384702132714,5.12569143689874,3.8477542973229037,3.191919191919192,3.262735648091583,2.2579080854140745,7.415807123311425,5.565769233368936,5.513192641674399,-1.5657692333689237,0.4440307191063533,0.4539486025135997,-0.0852219958137535,0.5076510174651507,0.03871899072335036,11.330939507132687,11.378873220814079,656,2568,1298,2421,0.21345674112606902,0.2004041024601759,0.8316816541757087,10,3.994227994227994,1.7586925172248034,1.4661112001281844
