randomization,name,type,l1,l2,l3,ipr1,ipr2,ipr3,l1_cm,l1_er,l1_reg,l2_mp,l3_mp,l1_lap,l2_lap,l3_lap,alg_conn,clustering_c,clustering_r,deg_assort,Q,N.olap,N.temp,N.nodf,H2,H3,H4,H17,cent_between,cent_close,cent_eigen,diam,mean_path_length,deg_het_row,deg_het_col
configuration,Denver_crimes_2016-11-02,crimes,5.687644,3.991122,3.643116,0.04840330631658265,0.07078904962113457,0.047317392529135985,5.518264016174413,3.771585106876099,3.094017094017094,3.228431891861751,2.2815932905621343,7.687644361946066,5.991121602507704,5.643116389482919,-1.9911216025076925,0.4157254561251086,0.4113562091503268,-0.23645662559199312,0.5158267452153473,0.057643023970778695,6.761999341750684,11.822159565580616,866,3384,2163,4877,0.21879323267856363,0.21834777194733077,0.8348300721351171,9,3.9649277925139996,2.1187082201398004,1.4766948505845365
