randomization,name,type,l1,l2,l3,ipr1,ipr2,ipr3,l1_cm,l1_er,l1_reg,l2_mp,l3_mp,l1_lap,l2_lap,l3_lap,alg_conn,clustering_c,clustering_r,deg_assort,Q,N.olap,N.temp,N.nodf,H2,H3,H4,H17,cent_between,cent_close,cent_eigen,diam,mean_path_length,deg_het_row,deg_het_col
configuration,Denver_crimes_2016-06-03,crimes,6.776754,3.784922,3.590165,0.04679651372352239,0.05585428220638678,0.04745281722199202,6.548328030879333,4.362339022898396,3.669724770642202,3.3968007279555943,2.3831813231980847,8.776754250568047,5.784922239121212,5.590164538352963,-1.784922239121206,0.6075024982704281,0.5980392156862745,-0.06680774770008528,0.44437499999999985,0.06149145612895806,9.236026527666127,13.819156245475641,1125,6044,3152,7994,0.18404211805541343,0.2437361293516638,0.8031310262114255,8,3.5959904858987426,2.02195,1.5736
