randomization,name,type,l1,l2,l3,ipr1,ipr2,ipr3,l1_cm,l1_er,l1_reg,l2_mp,l3_mp,l1_lap,l2_lap,l3_lap,alg_conn,clustering_c,clustering_r,deg_assort,Q,N.olap,N.temp,N.nodf,H2,H3,H4,H17,cent_between,cent_close,cent_eigen,diam,mean_path_length,deg_het_row,deg_het_col
configuration,Denver_crimes_2016-12-12,crimes,5.434851,3.86662,3.696682,0.046904002794453996,0.06637062807012074,0.0587969906385493,5.512197002443233,3.845351726708027,3.1717171717171717,3.213626007450463,2.221641265667306,7.434850575010759,5.866619729119438,5.696682025860152,-1.8666197291194229,0.461963674651224,0.40376007162041183,-0.2533570593366616,0.5130836950789078,0.06759409366084533,7.933582873398148,13.82215823392294,731,2708,1806,4192,0.20594467476441955,0.18047094959594184,0.811234060910603,9,3.8223046794475364,1.9403626921984662,1.5373848837681041
