randomization,name,type,l1,l2,l3,ipr1,ipr2,ipr3,l1_cm,l1_er,l1_reg,l2_mp,l3_mp,l1_lap,l2_lap,l3_lap,alg_conn,clustering_c,clustering_r,deg_assort,Q,N.olap,N.temp,N.nodf,H2,H3,H4,H17,cent_between,cent_close,cent_eigen,diam,mean_path_length,deg_het_row,deg_het_col
configuration,Denver_crimes_2016-12-25,crimes,3.619433,2.85438,2.478515,0.06602052020350108,0.06638467506974689,0.10163570133814302,3.4392905842896426,2.945639263439879,2.3859649122807016,2.8159383092281627,1.781318340979693,5.619433340444722,4.854380296672657,4.478514715095363,-0.8543802966726606,0.3217993079584775,0.22762645914396887,-0.14784381170775235,0.6027249134948091,0.017539120845024188,13.825248203122937,10.875527426160339,167,376,158,104,0.5021111275088549,0.266746803018455,0.7653242312272013,11,4.449874686716792,1.4506920415224913,1.421280276816609
