randomization,name,type,l1,l2,l3,ipr1,ipr2,ipr3,l1_cm,l1_er,l1_reg,l2_mp,l3_mp,l1_lap,l2_lap,l3_lap,alg_conn,clustering_c,clustering_r,deg_assort,Q,N.olap,N.temp,N.nodf,H2,H3,H4,H17,cent_between,cent_close,cent_eigen,diam,mean_path_length,deg_het_row,deg_het_col
configuration,Denver_crimes_2016-02-03,crimes,5.106202,3.512292,3.181262,0.08091826344552952,0.09067210693413641,0.04674380070557301,4.779263090452246,3.3585839460972085,2.74468085106383,3.007834536353559,2.0623701516766673,7.106201835001134,5.512291894978439,5.181262024828137,-1.5122918949784294,0.37270588235294116,0.39978034047226796,-0.12822697657967597,0.5521302806321748,0.055899292588280455,6.9438536000426865,11.626324583388294,503,1714,1129,2567,0.29553778437446804,0.22476774403737543,0.8730148711227904,9,4.099061999542439,2.0849107625743644,1.4516555495463013
