randomization,name,type,l1,l2,l3,ipr1,ipr2,ipr3,l1_cm,l1_er,l1_reg,l2_mp,l3_mp,l1_lap,l2_lap,l3_lap,alg_conn,clustering_c,clustering_r,deg_assort,Q,N.olap,N.temp,N.nodf,H2,H3,H4,H17,cent_between,cent_close,cent_eigen,diam,mean_path_length,deg_het_row,deg_het_col
configuration,Denver_crimes_2016-09-29,crimes,6.023745,3.90027,3.484197,0.052158293813365585,0.056075743831631254,0.06220946507481628,5.7770470094213255,3.9379257247656216,3.267857142857143,3.2727078713557582,2.302063883345597,8.023744970389535,5.9002700142164475,5.484196898546992,-1.9002700142164526,0.5476627594972462,0.48729792147806006,-0.14770147359514935,0.5141389710054048,0.058344065615599856,7.425611552316024,12.396299790278425,877,3745,2142,4891,0.22829794306325546,0.20007555777028238,0.8352367126261641,9,3.9306628056628057,1.7994266774164653,1.731822389441309
