randomization,name,type,l1,l2,l3,ipr1,ipr2,ipr3,l1_cm,l1_er,l1_reg,l2_mp,l3_mp,l1_lap,l2_lap,l3_lap,alg_conn,clustering_c,clustering_r,deg_assort,Q,N.olap,N.temp,N.nodf,H2,H3,H4,H17,cent_between,cent_close,cent_eigen,diam,mean_path_length,deg_het_row,deg_het_col
configuration,Denver_crimes_2016-01-27,crimes,5.529078,3.708851,3.247136,0.09038591378550744,0.0525215881668376,0.040046130462151816,5.129198621713356,3.5810142261883646,2.943396226415094,3.1302542222774665,2.1840341639172927,7.5290784322064495,5.708850556374428,5.24713606558885,-1.7088505563744336,0.386001802343046,0.4568166776968895,-0.12050065528136446,0.5332840236686385,0.04880148861395364,7.821400201314736,11.195594662985968,671,2506,1790,5506,0.42766408896731983,0.2899298982471573,0.8924819141890377,8,4.117340521114106,2.171104536489152,1.3966962524654831
