randomization,name,type,l1,l2,l3,ipr1,ipr2,ipr3,l1_cm,l1_er,l1_reg,l2_mp,l3_mp,l1_lap,l2_lap,l3_lap,alg_conn,clustering_c,clustering_r,deg_assort,Q,N.olap,N.temp,N.nodf,H2,H3,H4,H17,cent_between,cent_close,cent_eigen,diam,mean_path_length,deg_het_row,deg_het_col
configuration,Denver_crimes_2016-04-19,crimes,5.330646,3.783738,3.712294,0.05097396795357077,0.0737720059835701,0.05103229457015238,5.347663284225813,3.562789648189748,2.9245283018867925,3.0923781678742555,2.1568638135669804,7.330645801075421,5.78373769578168,5.71229435566231,-1.7837376957816786,0.3761904761904762,0.3878685762426285,-0.19886135278691,0.5473048907388146,0.07053197756032617,5.1595664505901135,12.8720245998727,689,2619,1535,3063,0.2725517950857172,0.22036578176658136,0.8252538818163375,11,3.9367475292003595,2.087408949011446,1.5966701352757546
