randomization,name,type,l1,l2,l3,ipr1,ipr2,ipr3,l1_cm,l1_er,l1_reg,l2_mp,l3_mp,l1_lap,l2_lap,l3_lap,alg_conn,clustering_c,clustering_r,deg_assort,Q,N.olap,N.temp,N.nodf,H2,H3,H4,H17,cent_between,cent_close,cent_eigen,diam,mean_path_length,deg_het_row,deg_het_col
configuration,Denver_crimes_2016-12-11,crimes,4.790204,3.511286,3.137541,0.06056170411807781,0.10360930228530095,0.05738419291026723,4.66939080220682,3.3777164727880216,2.7294117647058824,3.013094845016748,2.0329498354504754,6.7902038407136125,5.5112862743284925,5.137541271907382,-1.5112862743284843,0.4190231362467866,0.35025017869907077,-0.22871392258438153,0.5578180737217603,0.05543749324471883,8.125161022136986,12.660458589030018,439,1355,854,1481,0.2903786695116766,0.22225364320432509,0.8085253558073167,9,4.164145658263306,1.7583234244946488,1.6126634958382877
