randomization,name,type,l1,l2,l3,ipr1,ipr2,ipr3,l1_cm,l1_er,l1_reg,l2_mp,l3_mp,l1_lap,l2_lap,l3_lap,alg_conn,clustering_c,clustering_r,deg_assort,Q,N.olap,N.temp,N.nodf,H2,H3,H4,H17,cent_between,cent_close,cent_eigen,diam,mean_path_length,deg_het_row,deg_het_col
configuration,Denver_crimes_2016-06-30,crimes,5.341737,4.378858,3.617584,0.03983265444209331,0.07061478882301532,0.05951912232391517,5.588618749950905,3.8265559090225993,3.135135135135135,3.236438151634694,2.27097015358164,7.3417371480840465,6.3788582815760435,5.617584158232141,-2.378858281576039,0.4466042716582673,0.3319701029473981,-0.27713203064500336,0.4976218787158145,0.05985916026111955,7.113138188800945,12.042345054937886,820,3017,2034,4432,0.2268302117891971,0.2107966930877803,0.8049834938641568,10,3.8856674856674855,1.86286167261197,1.6657418417228167
