randomization,name,type,l1,l2,l3,ipr1,ipr2,ipr3,l1_cm,l1_er,l1_reg,l2_mp,l3_mp,l1_lap,l2_lap,l3_lap,alg_conn,clustering_c,clustering_r,deg_assort,Q,N.olap,N.temp,N.nodf,H2,H3,H4,H17,cent_between,cent_close,cent_eigen,diam,mean_path_length,deg_het_row,deg_het_col
configuration,Denver_crimes_2016-06-22,crimes,5.198322,3.931102,3.474779,0.0422084919525237,0.06101204628453797,0.061494678099220323,5.352304238813405,3.5937370212758943,2.9514563106796117,3.100666456679011,2.1542410211589424,7.198321793550391,5.93110191333261,5.474778935980874,-1.9311019133326055,0.40959792477302204,0.36380182002022243,-0.2238865588176553,0.5252337257617734,0.06439959549228003,6.185933716705064,12.983118318939216,665,2489,1374,2254,0.2158967382164613,0.21661582200174084,0.7785760446314326,8,3.924233771178374,1.853185595567867,1.7663608033240996
