randomization,name,type,l1,l2,l3,ipr1,ipr2,ipr3,l1_cm,l1_er,l1_reg,l2_mp,l3_mp,l1_lap,l2_lap,l3_lap,alg_conn,clustering_c,clustering_r,deg_assort,Q,N.olap,N.temp,N.nodf,H2,H3,H4,H17,cent_between,cent_close,cent_eigen,diam,mean_path_length,deg_het_row,deg_het_col
configuration,Denver_crimes_2016-02-21,crimes,5.422196,3.715642,3.515165,0.046798238182537324,0.08716508329027635,0.06541273439871792,5.550127125671187,3.741093356501112,3.0927835051546393,3.136505048210792,2.16229167341426,7.422195884801168,5.715641953129068,5.5151654303910584,-1.715641953129049,0.4245704871734526,0.4399462455904586,-0.23740479753761123,0.5100444444444446,0.07361843188012268,5.953268218705453,14.159994505831452,692,2670,1567,3206,0.24438734769034307,0.22928133181620666,0.8058850377005407,9,3.765893470790378,2.0220444444444445,1.5911111111111111
