randomization,name,type,l1,l2,l3,ipr1,ipr2,ipr3,l1_cm,l1_er,l1_reg,l2_mp,l3_mp,l1_lap,l2_lap,l3_lap,alg_conn,clustering_c,clustering_r,deg_assort,Q,N.olap,N.temp,N.nodf,H2,H3,H4,H17,cent_between,cent_close,cent_eigen,diam,mean_path_length,deg_het_row,deg_het_col
configuration,Denver_crimes_2016-10-27,crimes,6.338318,4.264809,3.841613,0.05041225459478922,0.05955489926784361,0.05618360530105529,6.303822161952636,4.08003665910345,3.3944954128440368,3.2735722654563446,2.2940759349780566,8.338317511223254,6.264809155043323,5.841612800760861,-2.2648091550433027,0.508051742344245,0.5585467128027681,-0.20038816430813705,0.47509130752373924,0.07540679708096291,8.110183438912784,14.070412160500716,1023,4678,3173,8960,0.24777558233732927,0.276964146088779,0.81328889911896,9,3.6401630988786953,2.2249817384952517,1.5394302410518628
