randomization,name,type,l1,l2,l3,ipr1,ipr2,ipr3,l1_cm,l1_er,l1_reg,l2_mp,l3_mp,l1_lap,l2_lap,l3_lap,alg_conn,clustering_c,clustering_r,deg_assort,Q,N.olap,N.temp,N.nodf,H2,H3,H4,H17,cent_between,cent_close,cent_eigen,diam,mean_path_length,deg_het_row,deg_het_col
configuration,Denver_crimes_2016-05-07,crimes,5.90298,3.703746,3.504773,0.052294808221027285,0.06437749061160626,0.1130685069144884,5.647136981463168,3.7637744002258704,3.1,3.1501328622919957,2.179968948441454,7.902980427695278,5.703746169085047,5.50477284313758,-1.7037461690850573,0.5732993815933066,0.5040276179516686,-0.10914769098877633,0.5048074921956311,0.062177940130669344,7.34336646462376,13.291732622035653,726,3159,1629,3005,0.21191723381994612,0.22587243972685517,0.8147154080516672,9,3.979191919191919,1.8374609781477624,1.7879292403746094
