randomization,name,type,l1,l2,l3,ipr1,ipr2,ipr3,l1_cm,l1_er,l1_reg,l2_mp,l3_mp,l1_lap,l2_lap,l3_lap,alg_conn,clustering_c,clustering_r,deg_assort,Q,N.olap,N.temp,N.nodf,H2,H3,H4,H17,cent_between,cent_close,cent_eigen,diam,mean_path_length,deg_het_row,deg_het_col
configuration,Denver_crimes_2016-06-10,crimes,6.04796,4.052406,3.598965,0.054250166585099194,0.050623649997658914,0.045615625381760554,5.98554415728502,4.026360335592708,3.3504273504273505,3.311652779681355,2.343292269587958,8.047960420268138,6.052405958658173,5.598964908444228,-2.0524059586581562,0.44283870967741934,0.48060829658957976,-0.17104005041615053,0.4915920449812592,0.06374394641458964,6.831637924879001,12.81447780705941,990,4358,2589,6284,0.24632876840402765,0.24187762521330328,0.8482428460123635,8,3.769230769230769,1.9825072886297375,1.6069346105789255
