randomization,name,type,l1,l2,l3,ipr1,ipr2,ipr3,l1_cm,l1_er,l1_reg,l2_mp,l3_mp,l1_lap,l2_lap,l3_lap,alg_conn,clustering_c,clustering_r,deg_assort,Q,N.olap,N.temp,N.nodf,H2,H3,H4,H17,cent_between,cent_close,cent_eigen,diam,mean_path_length,deg_het_row,deg_het_col
configuration,Denver_crimes_2016-08-19,crimes,5.953073,3.760826,3.529592,0.044544605477243586,0.05036838162685152,0.048469272888106936,5.609885237343289,4.020799205696638,3.3402061855670104,3.2917098750514464,2.27114099818831,7.953072842056918,5.760825955621865,5.529591555156066,-1.7608259556218535,0.5363390441839495,0.5543691222570533,-0.12029051293690407,0.47062185642432475,0.05030126028199008,10.043312435930359,13.08734939759036,774,3433,1709,3148,0.15775315875058424,0.22364381230468913,0.7950622420654213,9,3.786512027491409,1.9448254839201342,1.4378905654625818
