randomization,name,type,l1,l2,l3,ipr1,ipr2,ipr3,l1_cm,l1_er,l1_reg,l2_mp,l3_mp,l1_lap,l2_lap,l3_lap,alg_conn,clustering_c,clustering_r,deg_assort,Q,N.olap,N.temp,N.nodf,H2,H3,H4,H17,cent_between,cent_close,cent_eigen,diam,mean_path_length,deg_het_row,deg_het_col
configuration,Denver_crimes_2016-09-11,crimes,5.568214,3.759048,3.496599,0.06504465333559448,0.0694763093586498,0.03531817732451997,5.545165599698742,3.7116615451100983,3.0495049504950495,3.138514022551501,2.1744807522162453,7.568214128788277,5.7590478586937905,5.496599112420541,-1.7590478586937939,0.4603674540682415,0.42967275015733164,-0.225087401098757,0.5268173385056504,0.0775971225235441,5.8152266321567145,13.892078606505486,715,2708,1774,4063,0.23365776486712284,0.2708202621599078,0.8264440466420357,8,3.8728712871287128,1.95437679203913,1.6717827626918536
