randomization,name,type,l1,l2,l3,ipr1,ipr2,ipr3,l1_cm,l1_er,l1_reg,l2_mp,l3_mp,l1_lap,l2_lap,l3_lap,alg_conn,clustering_c,clustering_r,deg_assort,Q,N.olap,N.temp,N.nodf,H2,H3,H4,H17,cent_between,cent_close,cent_eigen,diam,mean_path_length,deg_het_row,deg_het_col
configuration,Denver_crimes_2016-05-23,crimes,5.526939,3.838185,3.713021,0.04663713848965206,0.04049249352077764,0.058501147402981644,5.329589207282482,3.8172100479161672,3.1538461538461537,3.2368136809202355,2.2537716261278797,7.526939355253411,5.8381849065040505,5.713020628193066,-1.8381849065040545,0.4755819260611593,0.4148506860371267,-0.14014732965009227,0.5128271861986912,0.05098344442157899,8.935098540490477,11.82408109132247,734,2951,1645,3343,0.24774540139739407,0.21534424057755625,0.8088796825177738,8,3.845780433159074,1.970255800118977,1.440809042236764
