randomization,name,type,l1,l2,l3,ipr1,ipr2,ipr3,l1_cm,l1_er,l1_reg,l2_mp,l3_mp,l1_lap,l2_lap,l3_lap,alg_conn,clustering_c,clustering_r,deg_assort,Q,N.olap,N.temp,N.nodf,H2,H3,H4,H17,cent_between,cent_close,cent_eigen,diam,mean_path_length,deg_het_row,deg_het_col
configuration,Denver_crimes_2016-10-15,crimes,4.660384,3.580841,3.355893,0.05330481880336772,0.0613753448158382,0.06771144920764242,4.243848167772635,3.293451442245047,2.68,3.053519803663476,2.1120310201593093,6.660383981278154,5.5808413601958256,5.355892722443585,-1.5808413601958011,0.34994523548740414,0.36978533819360065,-0.04180206373638931,0.5672755624860777,0.022973706582136506,9.410454704749407,8.660432678072581,440,1401,684,953,0.24777525063983888,0.17384932764147654,0.8442164151987144,12,4.863030303030303,1.6703051904655826,1.4916462463800402
