randomization,name,type,l1,l2,l3,ipr1,ipr2,ipr3,l1_cm,l1_er,l1_reg,l2_mp,l3_mp,l1_lap,l2_lap,l3_lap,alg_conn,clustering_c,clustering_r,deg_assort,Q,N.olap,N.temp,N.nodf,H2,H3,H4,H17,cent_between,cent_close,cent_eigen,diam,mean_path_length,deg_het_row,deg_het_col
configuration,Denver_crimes_2016-08-26,crimes,6.081444,3.772521,3.662929,0.05524815436196827,0.06564570741068627,0.049148807795436115,5.947248377637016,3.8379752485841414,3.1531531531531534,3.1943103859177056,2.2413963162545767,8.081444396236162,5.772520570158009,5.6629291818538015,-1.7725205701579962,0.5163608562691131,0.4879978177850518,-0.1423779782558407,0.5064489795918362,0.06463735898010858,7.040869341714628,13.082546848369633,885,3948,2432,6208,0.22247186898185084,0.25057640405942594,0.8512717322810216,8,3.7913185913185914,1.9764244897959182,1.7670857142857144
