randomization,name,type,l1,l2,l3,ipr1,ipr2,ipr3,l1_cm,l1_er,l1_reg,l2_mp,l3_mp,l1_lap,l2_lap,l3_lap,alg_conn,clustering_c,clustering_r,deg_assort,Q,N.olap,N.temp,N.nodf,H2,H3,H4,H17,cent_between,cent_close,cent_eigen,diam,mean_path_length,deg_het_row,deg_het_col
configuration,Denver_crimes_2016-09-16,crimes,4.939604,3.578625,3.325529,0.07167695132683008,0.07114086626066819,0.05893957522222607,4.69397683778785,3.2734657647459713,2.6666666666666665,3.013909350989285,2.114332070185187,6.939603787238045,5.578625357314786,5.3255294437534735,-1.578625357314774,0.291361043194784,0.30257142857142855,-0.10146885760362627,0.571722059897733,0.0468103102785609,5.6386004810853025,9.908089102836378,556,1900,1131,2228,0.3793995538703983,0.2641826307255832,0.8757131047080876,10,4.24995904995905,2.016617969320672,1.535336011687363
