randomization,name,type,l1,l2,l3,ipr1,ipr2,ipr3,l1_cm,l1_er,l1_reg,l2_mp,l3_mp,l1_lap,l2_lap,l3_lap,alg_conn,clustering_c,clustering_r,deg_assort,Q,N.olap,N.temp,N.nodf,H2,H3,H4,H17,cent_between,cent_close,cent_eigen,diam,mean_path_length,deg_het_row,deg_het_col
configuration,Denver_crimes_2016-08-18,crimes,5.738064,3.92514,3.447736,0.04589486828820426,0.05066477786335673,0.06530075259093454,5.529624032371397,3.828902581011324,3.1652173913043478,3.250102033775003,2.2935756166232184,7.738063903899476,5.925139540027709,5.447736458973291,-1.925139540027708,0.46172903898813406,0.45275699639789413,-0.043573232610525675,0.5067020891196689,0.047795470271321396,7.789399179432622,11.291015026065624,825,3645,1696,2867,0.19197119547609287,0.22889244536871037,0.8395456412953117,12,4.059191456903127,1.5845912329428815,1.9189107595701
