randomization,name,type,l1,l2,l3,ipr1,ipr2,ipr3,l1_cm,l1_er,l1_reg,l2_mp,l3_mp,l1_lap,l2_lap,l3_lap,alg_conn,clustering_c,clustering_r,deg_assort,Q,N.olap,N.temp,N.nodf,H2,H3,H4,H17,cent_between,cent_close,cent_eigen,diam,mean_path_length,deg_het_row,deg_het_col
configuration,Denver_crimes_2016-10-01,crimes,4.893343,3.906003,3.079476,0.062406581006531424,0.08880484893436956,0.06757996907526855,4.917804806572953,3.3950381828105565,2.7708333333333335,3.0191827471815165,2.0758907162289124,6.893343443568958,5.906003463794787,5.0794758870565255,-1.906003463794781,0.4062233589087809,0.3040692085869913,-0.19430185401113997,0.5531121035671883,0.05791584128019355,5.971308193763444,11.889636429689247,524,1750,1053,1901,0.35592318285768504,0.2672940151881601,0.8479231631192996,9,4.031578947368421,1.7884561026626713,1.7491096161456274
