randomization,name,type,l1,l2,l3,ipr1,ipr2,ipr3,l1_cm,l1_er,l1_reg,l2_mp,l3_mp,l1_lap,l2_lap,l3_lap,alg_conn,clustering_c,clustering_r,deg_assort,Q,N.olap,N.temp,N.nodf,H2,H3,H4,H17,cent_between,cent_close,cent_eigen,diam,mean_path_length,deg_het_row,deg_het_col
configuration,Denver_crimes_2016-04-18,crimes,6.059568,3.972919,3.546793,0.04831225776764861,0.09378920466722898,0.06218607546533765,5.738350862608191,4.007398326524273,3.3271028037383177,3.3021785424807213,2.3089162886448564,8.059567723146463,5.972918992391681,5.546792621626293,-1.9729189923916883,0.5153908138597905,0.5444345503116652,-0.14160400597926634,0.48892185330135235,0.0541328884319427,8.885480779455875,12.565358525061601,878,3838,2311,5931,0.2150706062761884,0.2138766375899666,0.81506853070153,10,3.9023099982366425,2.0475950006312336,1.442494634515844
