randomization,name,type,l1,l2,l3,ipr1,ipr2,ipr3,l1_cm,l1_er,l1_reg,l2_mp,l3_mp,l1_lap,l2_lap,l3_lap,alg_conn,clustering_c,clustering_r,deg_assort,Q,N.olap,N.temp,N.nodf,H2,H3,H4,H17,cent_between,cent_close,cent_eigen,diam,mean_path_length,deg_het_row,deg_het_col
configuration,Denver_crimes_2016-09-30,crimes,5.150218,3.911679,3.606652,0.04138731089384025,0.07801040139292637,0.06081028219803167,5.260703375025054,3.674893865111206,3.018867924528302,3.1708047135393933,2.2120779998345794,7.1502183907833885,5.911678734100454,5.606651860190089,-1.9116787341004564,0.3816920943134535,0.3301635602890833,-0.21438934606885265,0.519296875,0.05831528412378817,6.922421863110106,12.495933288813546,689,2508,1473,2835,0.20562121406431896,0.1864275348720128,0.7893606710762728,9,3.862353998203055,1.7999999999999998,1.6720312499999996
