randomization,name,type,l1,l2,l3,ipr1,ipr2,ipr3,l1_cm,l1_er,l1_reg,l2_mp,l3_mp,l1_lap,l2_lap,l3_lap,alg_conn,clustering_c,clustering_r,deg_assort,Q,N.olap,N.temp,N.nodf,H2,H3,H4,H17,cent_between,cent_close,cent_eigen,diam,mean_path_length,deg_het_row,deg_het_col
configuration,Denver_crimes_2016-08-13,crimes,5.19915,3.643687,3.431892,0.04942954276128453,0.059611401435689916,0.04899747339492326,4.877594388804409,3.6602341323018774,3,3.205110420445164,2.2303313753447216,7.199150218548605,5.643686623926948,5.431892098012943,-1.6436866239269459,0.410780046869769,0.37906647807637905,-0.14643361673569427,0.544912886259039,0.04159903411362952,8.062465705669648,11.09385333994709,629,2283,1212,2211,0.287903756759244,0.250274374581695,0.8379656216930124,9,4.123599701269605,1.84861932938856,1.410913872452334
