randomization,name,type,l1,l2,l3,ipr1,ipr2,ipr3,l1_cm,l1_er,l1_reg,l2_mp,l3_mp,l1_lap,l2_lap,l3_lap,alg_conn,clustering_c,clustering_r,deg_assort,Q,N.olap,N.temp,N.nodf,H2,H3,H4,H17,cent_between,cent_close,cent_eigen,diam,mean_path_length,deg_het_row,deg_het_col
configuration,Denver_crimes_2016-06-01,crimes,5.832774,4.177466,3.815836,0.0520569283617786,0.07655957873707357,0.06492443978935489,5.703046004356851,3.954553255572884,3.277310924369748,3.312070635512751,2.348204238114956,7.832774458526464,6.177465501749433,5.815835727326056,-2.177465501749442,0.42211133634804304,0.4366758372070961,-0.16412344473844181,0.5046153846153821,0.05598401095084511,6.941216568160509,11.659237252639137,948,4019,2418,5957,0.20059334823073544,0.2211456920341134,0.8482937562711695,8,3.8387694060675117,2.0351084812623275,1.479447731755424
