randomization,name,type,l1,l2,l3,ipr1,ipr2,ipr3,l1_cm,l1_er,l1_reg,l2_mp,l3_mp,l1_lap,l2_lap,l3_lap,alg_conn,clustering_c,clustering_r,deg_assort,Q,N.olap,N.temp,N.nodf,H2,H3,H4,H17,cent_between,cent_close,cent_eigen,diam,mean_path_length,deg_het_row,deg_het_col
configuration,Denver_crimes_2016-06-02,crimes,5.381254,4.213022,3.714312,0.03413457013861601,0.05979598147189731,0.040566318220169255,5.346308805847744,4.075032622321283,3.372549019607843,3.3778863438648683,2.346787301685434,7.3812537826973,6.213022433882129,5.714311557963366,-2.2130224338821325,0.44038559107052255,0.42290249433106575,-0.281761101281664,0.4896227690643598,0.046687169788215015,10.79418843145446,12.097235200351783,782,2948,1643,2961,0.16678227639133225,0.1608819420902945,0.7364521525349423,8,3.8054746651135702,1.7966468361276364,1.3723634396971334
