randomization,name,type,l1,l2,l3,ipr1,ipr2,ipr3,l1_cm,l1_er,l1_reg,l2_mp,l3_mp,l1_lap,l2_lap,l3_lap,alg_conn,clustering_c,clustering_r,deg_assort,Q,N.olap,N.temp,N.nodf,H2,H3,H4,H17,cent_between,cent_close,cent_eigen,diam,mean_path_length,deg_het_row,deg_het_col
configuration,Denver_crimes_2016-01-11,crimes,5.842213,3.813706,3.609611,0.054903435249045396,0.06086408672810555,0.057923706585342634,5.659785883135398,3.8642764383337203,3.1964285714285716,3.2462268187862406,2.2827904966495978,7.8422128947581164,5.813706449603027,5.609610876650522,-1.8137064496030255,0.43689667500893814,0.4567170273581054,-0.16036372656671466,0.5043537966979806,0.06198828876027972,6.777621963998448,12.39557349053473,861,3625,2167,5144,0.23361333835602618,0.2231688836084034,0.8424418990711287,9,3.8407335907335907,2.0692238069972846,1.5074435879029993
