randomization,name,type,l1,l2,l3,ipr1,ipr2,ipr3,l1_cm,l1_er,l1_reg,l2_mp,l3_mp,l1_lap,l2_lap,l3_lap,alg_conn,clustering_c,clustering_r,deg_assort,Q,N.olap,N.temp,N.nodf,H2,H3,H4,H17,cent_between,cent_close,cent_eigen,diam,mean_path_length,deg_het_row,deg_het_col
configuration,Denver_crimes_2016-07-28,crimes,5.315326,4.025704,3.616441,0.038120331806640595,0.05191808622863907,0.04297819770569189,5.308803161114585,3.7939278884126644,3.1192660550458715,3.243619556489113,2.271765707488451,7.315326150128185,6.025703841823008,5.616440645992145,-2.025703841823,0.4173267326732673,0.37660017862459066,-0.25982243086029233,0.5212802768166074,0.05233710678338032,6.71931570744219,11.717944927884076,748,2782,1501,2452,0.183031042672271,0.1839815894160973,0.7901797265429213,10,4.0244648318042815,1.8037370242214534,1.5830449826989619
