randomization,name,type,l1,l2,l3,ipr1,ipr2,ipr3,l1_cm,l1_er,l1_reg,l2_mp,l3_mp,l1_lap,l2_lap,l3_lap,alg_conn,clustering_c,clustering_r,deg_assort,Q,N.olap,N.temp,N.nodf,H2,H3,H4,H17,cent_between,cent_close,cent_eigen,diam,mean_path_length,deg_het_row,deg_het_col
configuration,Denver_crimes_2016-07-01,crimes,5.288973,3.572826,3.373049,0.05214511103464515,0.0727321700805852,0.05701885885354624,5.252927852998419,3.6956604016599024,3.033707865168539,3.1251755135835304,2.1267240891381665,7.288973218813266,5.572826464760843,5.373049384686929,-1.5728264647608408,0.46509129967776586,0.42232837933474876,-0.26364271279739127,0.5139094650205758,0.07439775978618858,7.530936110986154,14.693318154660982,601,2203,1289,2355,0.23266130152932116,0.23810546403593663,0.8114558619684342,9,3.774770173646578,1.996543209876543,1.4787379972565156
