randomization,name,type,l1,l2,l3,ipr1,ipr2,ipr3,l1_cm,l1_er,l1_reg,l2_mp,l3_mp,l1_lap,l2_lap,l3_lap,alg_conn,clustering_c,clustering_r,deg_assort,Q,N.olap,N.temp,N.nodf,H2,H3,H4,H17,cent_between,cent_close,cent_eigen,diam,mean_path_length,deg_het_row,deg_het_col
configuration,Denver_crimes_2016-10-31,crimes,4.999007,3.758039,3.413231,0.05470044868790993,0.11320918792356988,0.06111021440240373,4.870867168029756,3.4840479142949765,2.8461538461538463,3.1026510151679676,2.157948851387751,6.9990072342584995,5.7580388511736125,5.413231269166482,-1.758038851173632,0.3872549019607843,0.3370103556956326,-0.2453516739486998,0.5525931336742131,0.05306129072175577,5.943592522755785,11.346300940996496,596,1919,1255,2396,0.18601665819486196,0.1899560691716278,0.8381794588276105,9,4.138349514563107,1.991234477720964,1.4572680788897006
