randomization,name,type,l1,l2,l3,ipr1,ipr2,ipr3,l1_cm,l1_er,l1_reg,l2_mp,l3_mp,l1_lap,l2_lap,l3_lap,alg_conn,clustering_c,clustering_r,deg_assort,Q,N.olap,N.temp,N.nodf,H2,H3,H4,H17,cent_between,cent_close,cent_eigen,diam,mean_path_length,deg_het_row,deg_het_col
configuration,Denver_crimes_2016-06-27,crimes,5.451546,3.734954,3.697975,0.04497363657400379,0.057194046763544795,0.05581760971901086,5.507750645436272,3.679616707042802,3.018181818181818,3.1552430910504268,2.211511968556029,7.451545789998969,5.734954030237545,5.697975061427449,-1.7349540302375865,0.45929847782925215,0.37160475701071793,-0.20903100300146776,0.5291769487588908,0.06259012771058055,5.993646838430178,12.585926031534813,755,2951,1663,3127,0.24294835708319087,0.2143592849789483,0.8067501675271558,8,3.929441201000834,1.8350994338800983,1.7930759181303528
