randomization,name,type,l1,l2,l3,ipr1,ipr2,ipr3,l1_cm,l1_er,l1_reg,l2_mp,l3_mp,l1_lap,l2_lap,l3_lap,alg_conn,clustering_c,clustering_r,deg_assort,Q,N.olap,N.temp,N.nodf,H2,H3,H4,H17,cent_between,cent_close,cent_eigen,diam,mean_path_length,deg_het_row,deg_het_col
configuration,Denver_crimes_2016-04-20,crimes,5.355573,3.932463,3.522774,0.04492531943341677,0.07055967800288733,0.06761845885351958,5.403774902497995,3.8356658104551666,3.18,3.222895230708454,2.2326661651468744,7.355572847959229,5.932462621127922,5.522773591212581,-1.9324626211279277,0.40221147201105734,0.4138651802821808,-0.20613102038845926,0.5064673074641034,0.057435451036605224,8.780574570622493,12.896323496078699,706,2732,1461,2497,0.16201963329097138,0.19622170917827628,0.7871274403348336,8,3.7654545454545456,1.870376962936593,1.543253826984692
