randomization,name,type,l1,l2,l3,ipr1,ipr2,ipr3,l1_cm,l1_er,l1_reg,l2_mp,l3_mp,l1_lap,l2_lap,l3_lap,alg_conn,clustering_c,clustering_r,deg_assort,Q,N.olap,N.temp,N.nodf,H2,H3,H4,H17,cent_between,cent_close,cent_eigen,diam,mean_path_length,deg_het_row,deg_het_col
configuration,Denver_crimes_2016-05-04,crimes,6.235404,3.866827,3.405573,0.051909441764114043,0.05044641434470849,0.053546096007649556,5.606161680322923,3.8543879817184346,3.1904761904761907,3.2824617289246074,2.344130091995458,8.235404056203913,5.866826636301355,5.405573048062765,-1.8668266363013635,0.5279603223806572,0.5038629492777964,-0.02390934844192662,0.5074626865671664,0.044337670850756024,6.448077669466013,10.352666231182855,938,4307,2127,4239,0.18312005916934623,0.21497396324913182,0.838606400422475,9,4.119238095238095,1.970372020494542,1.5654315487240413
