randomization,name,type,l1,l2,l3,ipr1,ipr2,ipr3,l1_cm,l1_er,l1_reg,l2_mp,l3_mp,l1_lap,l2_lap,l3_lap,alg_conn,clustering_c,clustering_r,deg_assort,Q,N.olap,N.temp,N.nodf,H2,H3,H4,H17,cent_between,cent_close,cent_eigen,diam,mean_path_length,deg_het_row,deg_het_col
configuration,Denver_crimes_2016-01-05,crimes,6.235709,4.112212,3.709951,0.05606387645851875,0.06099682183669037,0.09304790488309987,5.9858805656767675,3.9121712519244007,3.2336448598130842,3.2152340708191844,2.2463682880671705,8.235708757452459,6.112211654743504,5.709950658707949,-2.112211654743477,0.4953550099535501,0.5280157707180226,-0.19071490492257206,0.48464699789501803,0.0810962985235984,6.799408451554741,14.515917161318402,925,4062,2885,8609,0.31497292547042893,0.2547277606667037,0.8477681971930099,8,3.7915711514724033,2.3463530355173914,1.4449864679742055
