randomization,name,type,l1,l2,l3,ipr1,ipr2,ipr3,l1_cm,l1_er,l1_reg,l2_mp,l3_mp,l1_lap,l2_lap,l3_lap,alg_conn,clustering_c,clustering_r,deg_assort,Q,N.olap,N.temp,N.nodf,H2,H3,H4,H17,cent_between,cent_close,cent_eigen,diam,mean_path_length,deg_het_row,deg_het_col
configuration,Denver_crimes_2016-07-16,crimes,5.101388,3.776667,3.434066,0.04978619472726543,0.08727767709284417,0.08571836896017357,5.145792812917111,3.616779865156484,2.9473684210526314,3.1213104816537913,2.1425482410492735,7.101387679433264,5.7766670679106396,5.434066415466027,-1.7766670679106424,0.4709634105404498,0.37224054808424256,-0.19639002499431948,0.5260714285714277,0.047178182955568033,9.213952207311582,11.78047584007849,584,2041,1288,2559,0.27721850860717695,0.23869582164280917,0.8166829730400925,10,4.058678611422172,1.6244897959183673,1.8295918367346942
