randomization,name,type,l1,l2,l3,ipr1,ipr2,ipr3,l1_cm,l1_er,l1_reg,l2_mp,l3_mp,l1_lap,l2_lap,l3_lap,alg_conn,clustering_c,clustering_r,deg_assort,Q,N.olap,N.temp,N.nodf,H2,H3,H4,H17,cent_between,cent_close,cent_eigen,diam,mean_path_length,deg_het_row,deg_het_col
configuration,Denver_crimes_2016-03-23,crimes,3.836712,2.872348,2.524419,0.11314783640416536,0.09200224233323506,0.08768832384478228,3.5829276077273087,2.937892220502627,2.3859649122807016,2.7827883809131295,1.7603311101945605,5.83671207311443,4.872347830036526,4.524419212806671,-0.8723478300365185,0.3225806451612903,0.272264631043257,-0.10731329807816321,0.5958044982698955,0.024233098706449192,17.880972624707326,11.760204081632653,178,417,248,368,0.3699184170421415,0.20062121752857018,0.8622000631287092,12,4.6077694235588975,1.2837370242214534,1.7560553633217997
