randomization,name,type,l1,l2,l3,ipr1,ipr2,ipr3,l1_cm,l1_er,l1_reg,l2_mp,l3_mp,l1_lap,l2_lap,l3_lap,alg_conn,clustering_c,clustering_r,deg_assort,Q,N.olap,N.temp,N.nodf,H2,H3,H4,H17,cent_between,cent_close,cent_eigen,diam,mean_path_length,deg_het_row,deg_het_col
configuration,Denver_crimes_2016-03-21,crimes,5.65386,3.753244,3.544562,0.051927478280641176,0.13065290237652805,0.04660386371595772,5.4748690222268985,3.744798516902781,3.066666666666667,3.1841221525302554,2.2174193886920652,7.653860232828881,5.753244361307454,5.544561560718476,-1.7532443613074253,0.509152719665272,0.43980775993435706,-0.26051101338691984,0.5100497665985098,0.06542080013340129,6.503422357170707,13.12645969167708,758,2902,1790,3597,0.21299441193648622,0.23249340091474194,0.8351196084713706,9,3.9673992673992675,2.046796034103622,1.52540411249566
