randomization,name,type,l1,l2,l3,ipr1,ipr2,ipr3,l1_cm,l1_er,l1_reg,l2_mp,l3_mp,l1_lap,l2_lap,l3_lap,alg_conn,clustering_c,clustering_r,deg_assort,Q,N.olap,N.temp,N.nodf,H2,H3,H4,H17,cent_between,cent_close,cent_eigen,diam,mean_path_length,deg_het_row,deg_het_col
configuration,Denver_crimes_2016-10-18,crimes,5.492916,3.813543,3.649988,0.045720739140304244,0.11496749269434269,0.05920936929872399,5.272021844859511,3.7756446565802757,3.12,3.2069061419547693,2.2209489748732265,7.492915844328922,5.813542701002899,5.649987728234141,-1.8135427010028948,0.5275103163686382,0.47686950754435414,-0.16205935093338264,0.512943786982248,0.04541378873049168,8.094341644188958,11.766048329692087,675,2620,1367,2376,0.22023856047722332,0.18701497961515845,0.8159850256234408,10,4.0494949494949495,1.8347304404996714,1.5506245890861277
