randomization,name,type,l1,l2,l3,ipr1,ipr2,ipr3,l1_cm,l1_er,l1_reg,l2_mp,l3_mp,l1_lap,l2_lap,l3_lap,alg_conn,clustering_c,clustering_r,deg_assort,Q,N.olap,N.temp,N.nodf,H2,H3,H4,H17,cent_between,cent_close,cent_eigen,diam,mean_path_length,deg_het_row,deg_het_col
configuration,Denver_crimes_2016-10-04,crimes,5.751955,3.967803,3.525368,0.042819505344027974,0.06595355929565372,0.047114481400379105,5.51529228414885,3.9468997804084185,3.2710280373831777,3.2965995525521037,2.3049253683312987,7.751954734460354,5.967803088020847,5.5253682839641085,-1.967803088020845,0.5095200629425649,0.44908036044932725,-0.05320437201824806,0.49234285714285647,0.04294242091645844,10.535749639782239,11.700094414834608,794,3486,1666,2889,0.21441655955678537,0.21352944113055153,0.7903838910975404,8,3.849056603773585,1.688,1.6722938775510203
