randomization,name,type,l1,l2,l3,ipr1,ipr2,ipr3,l1_cm,l1_er,l1_reg,l2_mp,l3_mp,l1_lap,l2_lap,l3_lap,alg_conn,clustering_c,clustering_r,deg_assort,Q,N.olap,N.temp,N.nodf,H2,H3,H4,H17,cent_between,cent_close,cent_eigen,diam,mean_path_length,deg_het_row,deg_het_col
configuration,Denver_crimes_2016-01-22,crimes,6.032466,4.23281,3.494367,0.07730737427477052,0.07307873825657361,0.06407486858773793,5.796534032214421,3.939640043464667,3.25,3.275063180209086,2.3022713654569995,8.032465777490641,6.23280996483701,5.494366723645566,-2.23280996483702,0.4559049079754601,0.5080213903743316,-0.1634838348935332,0.4926337398864858,0.05427738018575586,9.916544533052134,11.77493443313194,934,3810,3291,13063,0.38302848118980926,0.28971198001934223,0.8835151404351145,9,3.8244851994851996,2.1893491124260356,1.430262045646661
