randomization,name,type,l1,l2,l3,ipr1,ipr2,ipr3,l1_cm,l1_er,l1_reg,l2_mp,l3_mp,l1_lap,l2_lap,l3_lap,alg_conn,clustering_c,clustering_r,deg_assort,Q,N.olap,N.temp,N.nodf,H2,H3,H4,H17,cent_between,cent_close,cent_eigen,diam,mean_path_length,deg_het_row,deg_het_col
configuration,Denver_crimes_2016-02-11,crimes,5.935066,3.866978,3.454686,0.06763773465599915,0.054453327369513596,0.06329887197603817,5.57581750511989,3.9560323409385965,3.2612612612612613,3.309809924253282,2.3242015729614915,7.935066147618896,5.866978384260486,5.454686398507488,-1.8669783842605014,0.4677447101324617,0.48653181008280055,-0.11059567185346719,0.4994658282714204,0.04890564445970141,8.13681917682304,11.53998603365692,853,3624,2249,6422,0.2945309402843168,0.25966624856815923,0.8739911580400744,9,3.9495495495495496,1.8446323372302433,1.555721742315558
