randomization,name,type,l1,l2,l3,ipr1,ipr2,ipr3,l1_cm,l1_er,l1_reg,l2_mp,l3_mp,l1_lap,l2_lap,l3_lap,alg_conn,clustering_c,clustering_r,deg_assort,Q,N.olap,N.temp,N.nodf,H2,H3,H4,H17,cent_between,cent_close,cent_eigen,diam,mean_path_length,deg_het_row,deg_het_col
configuration,Denver_crimes_2016-02-14,crimes,4.776922,3.827137,3.316891,0.04399358881118155,0.07788834192049819,0.04017766250640376,4.839838109049795,3.6819519593695262,3.033707865168539,3.1742869181076414,2.162174024453317,6.776921982157042,5.827136643508464,5.316890701788893,-1.8271366435084635,0.3713872832369942,0.30847745959739153,-0.26052964957528085,0.5204389574759939,0.052728428965476914,8.921947236294773,12.454959910042046,533,1722,1013,1778,0.263284645049972,0.2094469483553111,0.7851028931360917,8,3.7793667007150153,1.8154732510288067,1.3932510288065845
