randomization,name,type,l1,l2,l3,ipr1,ipr2,ipr3,l1_cm,l1_er,l1_reg,l2_mp,l3_mp,l1_lap,l2_lap,l3_lap,alg_conn,clustering_c,clustering_r,deg_assort,Q,N.olap,N.temp,N.nodf,H2,H3,H4,H17,cent_between,cent_close,cent_eigen,diam,mean_path_length,deg_het_row,deg_het_col
configuration,Denver_crimes_2016-01-13,crimes,5.403396,3.842712,3.590797,0.052256842256634684,0.055110521863497054,0.04703296004853671,5.215802847606629,3.725539448837499,3.0754716981132075,3.2030718643752922,2.2359455371777472,7.403396085067646,5.842711846859479,5.590796916275485,-1.8427118468594819,0.41523713420787084,0.4236183138242703,-0.15860699362915687,0.5288494109676686,0.04453455013854596,8.045969156565686,10.778227408662191,705,2743,1425,2582,0.2877288486695304,0.2355004347804696,0.8473806345151588,8,3.935130278526505,2.002070081674131,1.4345666001731339
