randomization,name,type,l1,l2,l3,ipr1,ipr2,ipr3,l1_cm,l1_er,l1_reg,l2_mp,l3_mp,l1_lap,l2_lap,l3_lap,alg_conn,clustering_c,clustering_r,deg_assort,Q,N.olap,N.temp,N.nodf,H2,H3,H4,H17,cent_between,cent_close,cent_eigen,diam,mean_path_length,deg_het_row,deg_het_col
configuration,Denver_crimes_2016-11-15,crimes,5.845201,3.794042,3.480877,0.061939394915276065,0.09284626273624934,0.06610285580529465,5.692558609436665,3.906708973512288,3.2244897959183674,3.2201764804289925,2.222879155301368,7.845200957873798,5.794042231238667,5.480877237473882,-1.7940422312386768,0.4954128440366973,0.4972990492653414,-0.222475284791409,0.4919884633872783,0.07041647020709696,8.618405516368492,14.187440607038596,784,3157,2134,5513,0.2312801341457403,0.21638803475844584,0.8485791887296231,8,3.7043972228066484,2.104871014260535,1.4585002403460987
