randomization,name,type,l1,l2,l3,ipr1,ipr2,ipr3,l1_cm,l1_er,l1_reg,l2_mp,l3_mp,l1_lap,l2_lap,l3_lap,alg_conn,clustering_c,clustering_r,deg_assort,Q,N.olap,N.temp,N.nodf,H2,H3,H4,H17,cent_between,cent_close,cent_eigen,diam,mean_path_length,deg_het_row,deg_het_col
configuration,Minneapolis_crimes_2016-12-18,crimes,3.597483,2.875738,2.119452,0.16562132780478778,0.18080850698410877,0.12230966495540448,3.4787794756736417,2.656039430156385,2.0526315789473686,2.514290987455845,1.4481089828022342,5.597483362895234,4.875737706754561,4.11945241942762,-0.8757377067545488,0.1746031746031746,0.16115702479338842,-0.3752620545073375,0.6042077580539121,0.09853442929557685,18.030996847462927,18.31841432225064,117,172,237,406,0.6944647350052755,0.3670814199392078,0.8526045657153509,8,3.7923186344238977,1.8382642998027614,1.3504273504273503
