randomization,name,type,l1,l2,l3,ipr1,ipr2,ipr3,l1_cm,l1_er,l1_reg,l2_mp,l3_mp,l1_lap,l2_lap,l3_lap,alg_conn,clustering_c,clustering_r,deg_assort,Q,N.olap,N.temp,N.nodf,H2,H3,H4,H17,cent_between,cent_close,cent_eigen,diam,mean_path_length,deg_het_row,deg_het_col
configuration,Minneapolis_crimes_2016-08-09,crimes,4.315757,3.037217,2.555849,0.1448496458074032,0.13921254676492048,0.15228422524046875,3.9451697578389653,3.1656578721147053,2.30188679245283,2.9352868063260646,1.8006379636745085,6.315757417205342,5.037216518177825,4.555849182261962,-1.0372165181778317,0.2975206611570248,0.2945326278659612,-0.4674917225728847,0.6049449072829888,0.09592881376786361,15.597783326448525,16.905241223423044,245,366,687,1733,0.5719864846257119,0.3230890747175993,0.8727550584316837,7,3.8388969521044993,1.7293738242407957,1.2577264176296696
