randomization,name,type,l1,l2,l3,ipr1,ipr2,ipr3,l1_cm,l1_er,l1_reg,l2_mp,l3_mp,l1_lap,l2_lap,l3_lap,alg_conn,clustering_c,clustering_r,deg_assort,Q,N.olap,N.temp,N.nodf,H2,H3,H4,H17,cent_between,cent_close,cent_eigen,diam,mean_path_length,deg_het_row,deg_het_col
configuration,Minneapolis_crimes_2016-09-06,crimes,3.791821,3.075616,2.629923,0.08000422394538063,0.11941105943851134,0.126775130751402,3.7689488803272835,3.105284554576472,2.324324324324324,2.7296160107778715,1.5618902032170991,5.791821225859344,5.075615736868495,4.629923093965572,-1.0756157368684987,0.4268292682926829,0.34868421052631576,-0.653369815668203,0.5343428880475934,0.11632662090995424,20.06395044919396,22.011784511784516,154,235,294,414,0.3450403124212647,0.20650436335425512,0.6988906932138994,9,3.7087087087087087,1.6711736073553272,1.241211465657112
