randomization,name,type,l1,l2,l3,ipr1,ipr2,ipr3,l1_cm,l1_er,l1_reg,l2_mp,l3_mp,l1_lap,l2_lap,l3_lap,alg_conn,clustering_c,clustering_r,deg_assort,Q,N.olap,N.temp,N.nodf,H2,H3,H4,H17,cent_between,cent_close,cent_eigen,diam,mean_path_length,deg_het_row,deg_het_col
configuration,Minneapolis_crimes_2016-04-13,crimes,3.976367,3.143886,2.460818,0.1327335735016995,0.10380309047908938,0.07662696126994868,3.6664796061524685,2.9224576894679437,2.16,2.813249051745345,1.7078077918332903,5.9763671585156635,5.1438859217059365,4.460817886271459,-1.1438859217059354,0.28169014084507044,0.24193548387096775,-0.4615117891816921,0.6162551440329217,0.0851839049213387,16.200825705297287,14.774560117302054,192,239,484,1057,0.43985971453693234,0.2102775329195433,0.8581929510236616,11,4.619591836734694,1.7475994513031545,1.2688614540466392
