randomization,name,type,l1,l2,l3,ipr1,ipr2,ipr3,l1_cm,l1_er,l1_reg,l2_mp,l3_mp,l1_lap,l2_lap,l3_lap,alg_conn,clustering_c,clustering_r,deg_assort,Q,N.olap,N.temp,N.nodf,H2,H3,H4,H17,cent_between,cent_close,cent_eigen,diam,mean_path_length,deg_het_row,deg_het_col
configuration,Minneapolis_crimes_2016-01-27,crimes,3.495654,2.589362,1.917864,0.2581615411768595,0.13710607586618664,0.1608142433158852,3.3400973039718473,2.6366100711694807,2,2.4738035022121276,1.3627103986628708,5.495654166112434,4.589361850369395,3.9178638400050723,-0.5893618503694029,0.16666666666666666,0.041666666666666664,-0.4703675918979745,0.6015625,0.1099159900380079,21.100924394797364,13.465974625144176,98,65,234,498,0.5396462018730489,0.23314227141598884,0.90117907066711,9,4.219758064516129,1.7929687500000002,1.2578125000000002
