randomization,name,type,l1,l2,l3,ipr1,ipr2,ipr3,l1_cm,l1_er,l1_reg,l2_mp,l3_mp,l1_lap,l2_lap,l3_lap,alg_conn,clustering_c,clustering_r,deg_assort,Q,N.olap,N.temp,N.nodf,H2,H3,H4,H17,cent_between,cent_close,cent_eigen,diam,mean_path_length,deg_het_row,deg_het_col
configuration,Minneapolis_crimes_2016-11-11,crimes,4.169092,2.883274,2.357721,0.17787433544861936,0.18897885338044285,0.11782113519447605,3.903844259188627,2.998507922984228,2.25,2.6578453053583675,1.5432221106692257,6.169091827805049,4.883273724415513,4.357720574041275,-0.8832737244155002,0.25,0.32503660322108346,-0.46916022298147836,0.5748148148148151,0.17373512263425495,16.42342656617976,23.39117859725235,186,247,565,1502,0.6779951192906658,0.34337790364362697,0.8622960010203484,9,3.708974358974359,2.0696296296296293,1.16
