randomization,name,type,l1,l2,l3,ipr1,ipr2,ipr3,l1_cm,l1_er,l1_reg,l2_mp,l3_mp,l1_lap,l2_lap,l3_lap,alg_conn,clustering_c,clustering_r,deg_assort,Q,N.olap,N.temp,N.nodf,H2,H3,H4,H17,cent_between,cent_close,cent_eigen,diam,mean_path_length,deg_het_row,deg_het_col
configuration,Minneapolis_crimes_2016-05-20,crimes,3.941887,2.576921,2.251217,0.17565748862571398,0.16257646511059048,0.1347571113562781,3.726441148919923,2.877832163209646,2.2,2.621187480372208,1.526723479174829,5.941886565450635,4.576920557629862,4.251216727836318,-0.5769205576298843,0.3627450980392157,0.31873479318734793,-0.3589018974566009,0.6265495867768592,0.11116857736422954,18.29010215341453,18.877627627627625,146,242,338,742,0.6940274200733041,0.38359760384030495,0.8666551612286056,8,3.741025641025641,1.772727272727273,1.359504132231405
