randomization,name,type,l1,l2,l3,ipr1,ipr2,ipr3,l1_cm,l1_er,l1_reg,l2_mp,l3_mp,l1_lap,l2_lap,l3_lap,alg_conn,clustering_c,clustering_r,deg_assort,Q,N.olap,N.temp,N.nodf,H2,H3,H4,H17,cent_between,cent_close,cent_eigen,diam,mean_path_length,deg_het_row,deg_het_col
configuration,Minneapolis_crimes_2016-09-11,crimes,4.439072,3.457988,3.273207,0.06394201562526784,0.1553110105815594,0.09541417908720617,4.512826394077521,3.309990824570423,2.5357142857142856,2.8652689276225303,1.788957197468411,6.439071524935741,5.457987604522903,5.273207468422894,-1.4579876045228903,0.5186046511627908,0.3589442815249267,-0.4892924698252569,0.5510811346954972,0.11312442170292521,11.688437154234899,18.45876092740403,301,664,742,1523,0.37916178002863027,0.2393729638259613,0.762587846044398,8,3.7058441558441557,1.8918865304503072,1.415790517754414
