randomization,name,type,l1,l2,l3,ipr1,ipr2,ipr3,l1_cm,l1_er,l1_reg,l2_mp,l3_mp,l1_lap,l2_lap,l3_lap,alg_conn,clustering_c,clustering_r,deg_assort,Q,N.olap,N.temp,N.nodf,H2,H3,H4,H17,cent_between,cent_close,cent_eigen,diam,mean_path_length,deg_het_row,deg_het_col
configuration,Minneapolis_crimes_2016-10-28,crimes,4.034898,3.282196,2.761307,0.09787289094058346,0.10512950105246326,0.11955882030016524,4.057585488933043,3.3309792757137804,2.3255813953488373,2.923495544314171,1.7102921423695268,6.034897860212418,5.282195628603049,4.761307483097336,-1.2821956286030483,0.5961538461538461,0.22172949002217296,-0.6180056679628285,0.5580000000000003,0.11215826958653997,23.074021357865128,19.354178298901914,209,311,525,1069,0.5059600843821851,0.3111243866927485,0.7897061599537727,7,3.4108527131782944,1.512,1.3327999999999998
