randomization,name,type,l1,l2,l3,ipr1,ipr2,ipr3,l1_cm,l1_er,l1_reg,l2_mp,l3_mp,l1_lap,l2_lap,l3_lap,alg_conn,clustering_c,clustering_r,deg_assort,Q,N.olap,N.temp,N.nodf,H2,H3,H4,H17,cent_between,cent_close,cent_eigen,diam,mean_path_length,deg_het_row,deg_het_col
configuration,Minneapolis_crimes_2016-06-29,crimes,3.836971,2.959315,2.436579,0.12352703355777887,0.09415854096260359,0.08548624069044757,3.818181818181818,3.047632014767514,2.3157894736842106,2.679324756053294,1.5443071961940888,5.836971096948473,4.959315255444037,4.436579460302919,-0.9593152554440336,0.47572815533980584,0.29690721649484536,-0.5102089743077476,0.5934917355371903,0.1132118646165664,15.766478014732487,20.041050903119867,151,228,312,578,0.43547060574087587,0.2873623145923674,0.8163749815400728,8,3.748221906116643,1.6704545454545454,1.3388429752066116
