randomization,name,type,l1,l2,l3,ipr1,ipr2,ipr3,l1_cm,l1_er,l1_reg,l2_mp,l3_mp,l1_lap,l2_lap,l3_lap,alg_conn,clustering_c,clustering_r,deg_assort,Q,N.olap,N.temp,N.nodf,H2,H3,H4,H17,cent_between,cent_close,cent_eigen,diam,mean_path_length,deg_het_row,deg_het_col
configuration,Minneapolis_crimes_2016-09-17,crimes,4.595778,3.813516,2.565059,0.10553160751352596,0.16088743359972907,0.12160076775385054,4.408392336995228,3.7840346611096805,2.5306122448979593,3.2063335004542672,1.9235122379530563,6.595778154662176,5.81351646738018,4.565058876304166,-1.8135164673801796,0.5680473372781065,0.39083094555873926,-0.558231985167028,0.5366805411030175,0.1073136698413422,33.871778523191956,20.50108932461874,318,485,1122,3315,0.47460795823356783,0.2835831302492828,0.8241577752963823,8,3.3469387755102042,1.5078043704474504,1.2070759625390217
