randomization,name,type,l1,l2,l3,ipr1,ipr2,ipr3,l1_cm,l1_er,l1_reg,l2_mp,l3_mp,l1_lap,l2_lap,l3_lap,alg_conn,clustering_c,clustering_r,deg_assort,Q,N.olap,N.temp,N.nodf,H2,H3,H4,H17,cent_between,cent_close,cent_eigen,diam,mean_path_length,deg_het_row,deg_het_col
configuration,Minneapolis_crimes_2016-01-06,crimes,3.15454,2.667158,1.989268,0.15990629040087587,0.2082984518366742,0.09288213032169164,3.2639027596559607,2.56698892701034,2,2.3438305283821266,1.2539101768089194,5.1545402356089935,4.667157789543022,3.989267758369611,-0.6671577895430232,0.3,0.14,-0.5307283067327095,0.5943877551020407,0.11216373535214115,19.61153031539371,21.969174143087187,73,87,104,110,0.6815447926559037,0.34067831696805817,0.8114043510425991,7,3.6904761904761907,1.6530612244897958,1.4056122448979596
