randomization,name,type,l1,l2,l3,ipr1,ipr2,ipr3,l1_cm,l1_er,l1_reg,l2_mp,l3_mp,l1_lap,l2_lap,l3_lap,alg_conn,clustering_c,clustering_r,deg_assort,Q,N.olap,N.temp,N.nodf,H2,H3,H4,H17,cent_between,cent_close,cent_eigen,diam,mean_path_length,deg_het_row,deg_het_col
configuration,Minneapolis_crimes_2016-07-19,crimes,3.818961,3.502409,2.638072,0.08164946253488362,0.10524245241403675,0.10893109334450844,4.366895432787133,3.1843644080084093,2.3043478260869565,2.740892103804243,1.6282805994528589,5.8189608335389105,5.502409375003652,4.638071794774455,-1.5024093750036338,0.6268656716417911,0.153184165232358,-0.6155105291098918,0.5909576361694556,0.07304240631163708,15.498012625700914,15.218315018315018,211,315,494,961,0.3691141040029929,0.22640243120076112,0.7736403723943126,6,3.5468599033816424,1.5311498754004984,1.7070131719473123
