randomization,name,type,l1,l2,l3,ipr1,ipr2,ipr3,l1_cm,l1_er,l1_reg,l2_mp,l3_mp,l1_lap,l2_lap,l3_lap,alg_conn,clustering_c,clustering_r,deg_assort,Q,N.olap,N.temp,N.nodf,H2,H3,H4,H17,cent_between,cent_close,cent_eigen,diam,mean_path_length,deg_het_row,deg_het_col
configuration,Minneapolis_crimes_2016-05-21,crimes,4.106922,3.244154,2.373536,0.11717379805840765,0.08658334393017571,0.09840159940151329,4.184967445486693,3.169111744528693,2.2790697674418605,2.7512228439757425,1.6109283595605202,6.106921737975599,5.244153762260188,4.373536439763204,-1.2441537622601866,0.6614173228346457,0.26429479034307496,-0.5435540838852095,0.5755935027072054,0.13009873308424016,18.208562149737357,18.598022105875508,201,322,516,1158,0.41372665597404285,0.2726728239935763,0.8240997521966785,7,3.5880398671096345,1.6368179925031232,1.4706372344856309
