randomization,name,type,l1,l2,l3,ipr1,ipr2,ipr3,l1_cm,l1_er,l1_reg,l2_mp,l3_mp,l1_lap,l2_lap,l3_lap,alg_conn,clustering_c,clustering_r,deg_assort,Q,N.olap,N.temp,N.nodf,H2,H3,H4,H17,cent_between,cent_close,cent_eigen,diam,mean_path_length,deg_het_row,deg_het_col
configuration,Minneapolis_crimes_2016-10-11,crimes,3.829621,2.976267,2.547202,0.17353944963299456,0.09889332631240634,0.12502754899405075,3.8101735850472718,3.010398644698074,2.2285714285714286,2.619709188787516,1.4722787127736272,5.829621332796324,4.976267210743796,4.547201527758068,-0.9762672107437993,0.5490196078431373,0.2519480519480519,-0.5757293049625033,0.5404339250493098,0.1828494448584524,18.410873133510357,23.977707426460892,152,181,385,821,0.5337938205585264,0.22884802084307743,0.8470470532503779,8,3.5596638655462183,1.8402366863905328,1.2136752136752138
