randomization,name,type,l1,l2,l3,ipr1,ipr2,ipr3,l1_cm,l1_er,l1_reg,l2_mp,l3_mp,l1_lap,l2_lap,l3_lap,alg_conn,clustering_c,clustering_r,deg_assort,Q,N.olap,N.temp,N.nodf,H2,H3,H4,H17,cent_between,cent_close,cent_eigen,diam,mean_path_length,deg_het_row,deg_het_col
configuration,Minneapolis_crimes_2016-12-12,crimes,3.515584,2.816414,2.247149,0.24701315815533292,0.10036889132466448,0.13242875344437482,3.4858313797662768,2.890166948264648,2.1875,2.590065082791794,1.4330362461399901,5.515583886795114,4.816414418223401,4.2471485667931645,-0.8164144182234118,0.4166666666666667,0.13380281690140844,-0.5215622457282346,0.5681632653061227,0.1162095891926524,20.064950306000647,18.004613610149942,112,102,246,503,0.5394057116429644,0.20208999193142269,0.8865740083424545,8,3.6955645161290325,1.6824489795918367,1.220408163265306
