randomization,name,type,l1,l2,l3,ipr1,ipr2,ipr3,l1_cm,l1_er,l1_reg,l2_mp,l3_mp,l1_lap,l2_lap,l3_lap,alg_conn,clustering_c,clustering_r,deg_assort,Q,N.olap,N.temp,N.nodf,H2,H3,H4,H17,cent_between,cent_close,cent_eigen,diam,mean_path_length,deg_het_row,deg_het_col
configuration,Minneapolis_crimes_2016-09-20,crimes,4.294997,3.395105,2.887456,0.11887993900708453,0.13463197196232218,0.06868586315772421,4.372585721185158,3.196194872851954,2.36,2.7896898627053597,1.692664539594364,6.2949972405164765,5.395104963857983,4.887455545298447,-1.3951049638579827,0.6544502617801047,0.28732394366197184,-0.5195375254576045,0.5711002585463945,0.12935889240527298,14.439163674265705,18.476600684261975,255,406,729,1798,0.36779318141250683,0.21514611277613405,0.8461506249026942,9,3.760816326530612,1.8411376041367424,1.4349324906636025
