randomization,name,type,l1,l2,l3,ipr1,ipr2,ipr3,l1_cm,l1_er,l1_reg,l2_mp,l3_mp,l1_lap,l2_lap,l3_lap,alg_conn,clustering_c,clustering_r,deg_assort,Q,N.olap,N.temp,N.nodf,H2,H3,H4,H17,cent_between,cent_close,cent_eigen,diam,mean_path_length,deg_het_row,deg_het_col
configuration,Minneapolis_crimes_2016-05-24,crimes,3.385201,2.529376,2.369269,0.17901181450733183,0.17710524041203748,0.17580175879637103,3.211120484478933,2.722450521832218,2.0625,2.580965080148597,1.4274997517666794,5.385201350307408,4.529376299296905,4.369269209236912,-0.5293762992968916,0,0.14130434782608695,-0.5170673518076714,0.5987144168962348,0.09219791406210093,22.172544281990273,18.968528587905748,94,97,168,250,0.6360272863914903,0.3182122524761607,0.8478128313166627,8,3.816532258064516,1.6280991735537191,1.2038567493112948
