randomization,name,type,l1,l2,l3,ipr1,ipr2,ipr3,l1_cm,l1_er,l1_reg,l2_mp,l3_mp,l1_lap,l2_lap,l3_lap,alg_conn,clustering_c,clustering_r,deg_assort,Q,N.olap,N.temp,N.nodf,H2,H3,H4,H17,cent_between,cent_close,cent_eigen,diam,mean_path_length,deg_het_row,deg_het_col
configuration,Minneapolis_crimes_2016-09-04,crimes,3.495061,3.384755,2.819676,0.12011223820205706,0.20515880469012263,0.13525707917150412,3.388450973527579,2.8999052216995467,2.0833333333333335,2.8915883128536426,1.7343279791390371,5.495061081902109,5.384754748159149,4.819676114826362,-1.3847547481591564,0.06666666666666667,0.14465408805031446,-0.6042707735998472,0.6456000000000004,0.07412681130007057,18.93857773183401,13.223146863923562,173,156,386,672,0.5642332749424291,0.16776365447535907,0.8376122376384222,10,4.720744680851064,1.6191999999999995,1.1543999999999999
