randomization,name,type,l1,l2,l3,ipr1,ipr2,ipr3,l1_cm,l1_er,l1_reg,l2_mp,l3_mp,l1_lap,l2_lap,l3_lap,alg_conn,clustering_c,clustering_r,deg_assort,Q,N.olap,N.temp,N.nodf,H2,H3,H4,H17,cent_between,cent_close,cent_eigen,diam,mean_path_length,deg_het_row,deg_het_col
configuration,Minneapolis_crimes_2016-11-10,crimes,3.571788,2.896409,2.297714,0.11445056876548097,0.1385035163710571,0.0684485845228479,3.794623454626734,2.7354946725535076,2.1025641025641026,2.4814512273845155,1.4340877103503353,5.57178819132986,4.896409058955995,4.297714054220649,-0.8964090589559804,0.2631578947368421,0.09830508474576272,-0.45700607622905554,0.6299821534800717,0.12410685336396941,12.952385193551416,17.470023980815345,128,218,223,294,0.5422063337575803,0.34741777938791163,0.7684480211578146,6,3.4790823211875845,1.6775728732897084,1.6543723973825104
