randomization,name,type,l1,l2,l3,ipr1,ipr2,ipr3,l1_cm,l1_er,l1_reg,l2_mp,l3_mp,l1_lap,l2_lap,l3_lap,alg_conn,clustering_c,clustering_r,deg_assort,Q,N.olap,N.temp,N.nodf,H2,H3,H4,H17,cent_between,cent_close,cent_eigen,diam,mean_path_length,deg_het_row,deg_het_col
configuration,Minneapolis_crimes_2016-10-15,crimes,4.175397,3.657729,2.756918,0.14541820454312332,0.08428303618154619,0.13375034000830316,4.304580323876636,3.015094957334542,2.2666666666666666,2.7784860990513747,1.7486117907221745,6.175397065100258,5.657729288138371,4.756917868892982,-1.657729288138348,0.5855855855855856,0.19763313609467456,-0.45275701525033285,0.6258650519031135,0.08993884958248728,9.217118020127877,12.874635256733429,271,395,774,2067,0.4118458684229517,0.2113483139090063,0.8826033458332879,12,4.650282485875707,1.875,1.5622837370242217
