randomization,name,type,l1,l2,l3,ipr1,ipr2,ipr3,l1_cm,l1_er,l1_reg,l2_mp,l3_mp,l1_lap,l2_lap,l3_lap,alg_conn,clustering_c,clustering_r,deg_assort,Q,N.olap,N.temp,N.nodf,H2,H3,H4,H17,cent_between,cent_close,cent_eigen,diam,mean_path_length,deg_het_row,deg_het_col
configuration,Minneapolis_crimes_2016-05-14,crimes,3.628179,2.827823,2.469174,0.08953760052765974,0.077910724266355,0.09479614722131867,3.598245186344676,3.2240262742910524,2.375,2.7913212808622863,1.5471525909241988,5.6281792881482,4.82782302626105,4.469173925135502,-0.827823026261042,0.5942028985507246,0.3002070393374741,-0.6925435037417728,0.5318559556786702,0.08390084366126314,30.66920167512012,22.00031328320802,123,196,189,210,0.29518061543035545,0.22339114751667852,0.6996882802313866,7,3.286290322580645,1.3628808864265929,1.2631578947368423
