randomization,name,type,l1,l2,l3,ipr1,ipr2,ipr3,l1_cm,l1_er,l1_reg,l2_mp,l3_mp,l1_lap,l2_lap,l3_lap,alg_conn,clustering_c,clustering_r,deg_assort,Q,N.olap,N.temp,N.nodf,H2,H3,H4,H17,cent_between,cent_close,cent_eigen,diam,mean_path_length,deg_het_row,deg_het_col
configuration,Minneapolis_crimes_2016-07-15,crimes,4.427455,3.16706,3.014982,0.13633154076675985,0.10164277676274429,0.10135156796616376,4.292020037716778,3.355800001335291,2.48,2.916165157292876,1.774221320488037,6.427455307087995,5.1670596748274455,5.014982069767717,-1.167059674827448,0.4594594594594595,0.3038892551087673,-0.5378986108451935,0.5411030176899065,0.13661089864311698,14.69632480355736,20.689644137224782,282,467,839,2207,0.4465548002485735,0.2883626374255775,0.8544628172741154,8,3.5028571428571427,1.9006243496357962,1.212799167533819
