randomization,name,type,l1,l2,l3,ipr1,ipr2,ipr3,l1_cm,l1_er,l1_reg,l2_mp,l3_mp,l1_lap,l2_lap,l3_lap,alg_conn,clustering_c,clustering_r,deg_assort,Q,N.olap,N.temp,N.nodf,H2,H3,H4,H17,cent_between,cent_close,cent_eigen,diam,mean_path_length,deg_het_row,deg_het_col
configuration,Minneapolis_crimes_2016-06-18,crimes,4.435779,2.941709,2.363494,0.1335787787469581,0.22292838119997974,0.07913256093351329,4.263509680169544,3.2659863237109037,2.5365853658536586,2.712053718098983,1.5951970421496684,6.435779070278983,4.941708782230488,4.363494058149517,-0.9417087822304875,0.5857740585774058,0.6678082191780822,-0.4247643530419879,0.5122041420118341,0.1503466943022864,15.920258726710633,23.530179615705933,204,419,498,1128,0.5119114635364633,0.2533625653230243,0.8502072556681577,9,3.8341463414634145,1.8461538461538463,1.3254437869822484
