randomization,name,type,l1,l2,l3,ipr1,ipr2,ipr3,l1_cm,l1_er,l1_reg,l2_mp,l3_mp,l1_lap,l2_lap,l3_lap,alg_conn,clustering_c,clustering_r,deg_assort,Q,N.olap,N.temp,N.nodf,H2,H3,H4,H17,cent_between,cent_close,cent_eigen,diam,mean_path_length,deg_het_row,deg_het_col
configuration,Minneapolis_crimes_2016-10-23,crimes,3.879494,2.864683,2.49021,0.1366302706031016,0.08518014628515914,0.09439889493917715,3.7993908025530367,3.0397322035215546,2.324324324324324,2.6596142587770157,1.5255785180464267,5.879493934114391,4.864683486940463,4.490210214014773,-0.864683486940467,0.4594594594594595,0.3775700934579439,-0.48766391645741153,0.558139534883721,0.10412603038117911,19.484970898757453,21.085526315789473,147,218,313,586,0.47791351725875547,0.27290943779284527,0.8339577486981848,9,3.78978978978979,1.7074094104921578,1.3077339102217416
