randomization,name,type,l1,l2,l3,ipr1,ipr2,ipr3,l1_cm,l1_er,l1_reg,l2_mp,l3_mp,l1_lap,l2_lap,l3_lap,alg_conn,clustering_c,clustering_r,deg_assort,Q,N.olap,N.temp,N.nodf,H2,H3,H4,H17,cent_between,cent_close,cent_eigen,diam,mean_path_length,deg_het_row,deg_het_col
configuration,Minneapolis_crimes_2016-03-08,crimes,3.437934,2.722035,2.123164,0.15594406714672973,0.13526341547528675,0.19055598838170704,3.066327911999192,2.7545653241740333,2.0526315789473686,2.7485296849739433,1.5800788752061514,5.437933524273315,4.7220348571505,4.123163523381133,-0.7220348571504972,0.16666666666666666,0.1504424778761062,-0.45421939500575237,0.6107823800131496,0.04149045858265716,26.314354482018484,14.164696611505121,106,116,187,282,0.6542217893569245,0.2639104352182626,0.8540502511464021,10,4.455192034139403,1.4924391847468772,1.1597633136094676
