randomization,name,type,l1,l2,l3,ipr1,ipr2,ipr3,l1_cm,l1_er,l1_reg,l2_mp,l3_mp,l1_lap,l2_lap,l3_lap,alg_conn,clustering_c,clustering_r,deg_assort,Q,N.olap,N.temp,N.nodf,H2,H3,H4,H17,cent_between,cent_close,cent_eigen,diam,mean_path_length,deg_het_row,deg_het_col
configuration,Minneapolis_crimes_2016-03-28,crimes,3.658139,2.34229,2.244843,0.2025677290865702,0.07505557904196801,0.16950246086808762,3.3337026572869717,2.739602246906677,2.054054054054054,2.637602674194915,1.504784603251706,5.658138748673661,4.342289503727802,4.244843072700188,-0.3422895037277975,0.24444444444444444,0.11538461538461539,-0.37015503875968997,0.6149584487534623,0.08324518184201977,24.061595116570107,17.032828282828284,114,151,248,504,0.6802175191064079,0.38476903175829114,0.8726948120941196,7,3.6876876876876876,1.6343490304709143,1.2714681440443212
