randomization,name,type,l1,l2,l3,ipr1,ipr2,ipr3,l1_cm,l1_er,l1_reg,l2_mp,l3_mp,l1_lap,l2_lap,l3_lap,alg_conn,clustering_c,clustering_r,deg_assort,Q,N.olap,N.temp,N.nodf,H2,H3,H4,H17,cent_between,cent_close,cent_eigen,diam,mean_path_length,deg_het_row,deg_het_col
configuration,Minneapolis_crimes_2016-01-17,crimes,2.983937,2.558746,1.351037,0.16003204474408037,0.15034366759424464,0.32415263461000393,3.077196094250273,2.6250220457628046,1.894736842105263,2.214520262631251,1.030855910831483,4.983936791958422,4.558745738409408,3.351037127258785,-0.5587457384094088,0,0,-0.767857142857143,0.5246913580246912,0.21952240702240702,34.552414625524804,19.047619047619047,54,33,92,105,0.6005809731299927,0.3361887794489782,0.7386884980388219,6,2.9941520467836256,1.4567901234567902,1.2037037037037037
