randomization,name,type,l1,l2,l3,ipr1,ipr2,ipr3,l1_cm,l1_er,l1_reg,l2_mp,l3_mp,l1_lap,l2_lap,l3_lap,alg_conn,clustering_c,clustering_r,deg_assort,Q,N.olap,N.temp,N.nodf,H2,H3,H4,H17,cent_between,cent_close,cent_eigen,diam,mean_path_length,deg_het_row,deg_het_col
configuration,Minneapolis_crimes_2016-01-11,crimes,3.784976,1.618034,1.55191,0.2552090645131705,0.17999999999999414,0.15848214137254316,3.935707803987403,2.5078109271351585,1.9090909090909092,1.5451604448268736,0.7382537121713191,5.784976119480937,3.6180339887498993,3.5519100755115987,0.38196601125010404,0,0,-0.5647220585346691,0.4489795918367348,0.5483597883597884,23.04497596070147,29.62962962962963,99,56,365,1001,0.8909297052154195,0.5855563706834306,0.8418243079690472,7,2.7532467532467533,2.816326530612245,1.1972789115646258
