randomization,name,type,l1,l2,l3,ipr1,ipr2,ipr3,l1_cm,l1_er,l1_reg,l2_mp,l3_mp,l1_lap,l2_lap,l3_lap,alg_conn,clustering_c,clustering_r,deg_assort,Q,N.olap,N.temp,N.nodf,H2,H3,H4,H17,cent_between,cent_close,cent_eigen,diam,mean_path_length,deg_het_row,deg_het_col
configuration,Minneapolis_crimes_2016-12-04,crimes,3.318406,2.557023,2.126136,0.11753111836714647,0.10990077201964153,0.1379874040648573,3.2707457525429544,2.6748093881915946,2.0689655172413794,2.4468771668221376,1.3232820448678582,5.318405910853512,4.557022573614168,4.126135562932493,-0.5570225736141488,0.3793103448275862,0.205,-0.5464411107564634,0.5866666666666667,0.12476339149706914,20.22951955237529,21.144121365360302,82,110,117,121,0.5244079113126731,0.29118902181853895,0.726981557257193,9,3.7339901477832513,1.6599999999999997,1.2888888888888888
