randomization,name,type,l1,l2,l3,ipr1,ipr2,ipr3,l1_cm,l1_er,l1_reg,l2_mp,l3_mp,l1_lap,l2_lap,l3_lap,alg_conn,clustering_c,clustering_r,deg_assort,Q,N.olap,N.temp,N.nodf,H2,H3,H4,H17,cent_between,cent_close,cent_eigen,diam,mean_path_length,deg_het_row,deg_het_col
configuration,Minneapolis_crimes_2016-07-23,crimes,4.073309,3.134968,2.613555,0.11519477834212119,0.13337126327474497,0.09080389594285312,3.7499733000117477,3.1843644080084093,2.3043478260869565,2.9361870798298817,1.752830162882027,6.0733087307631894,5.1349681986404105,4.613554604009366,-1.1349681986404017,0.4842105263157895,0.34444444444444444,-0.5346495694843071,0.5831256674973302,0.0745032443066697,21.957961559488595,16.941880341880342,196,289,448,839,0.4069112675577323,0.23561653108971117,0.8360057848877278,11,4.161352657004831,1.5624777500889997,1.2335350658597366
