randomization,name,type,l1,l2,l3,ipr1,ipr2,ipr3,l1_cm,l1_er,l1_reg,l2_mp,l3_mp,l1_lap,l2_lap,l3_lap,alg_conn,clustering_c,clustering_r,deg_assort,Q,N.olap,N.temp,N.nodf,H2,H3,H4,H17,cent_between,cent_close,cent_eigen,diam,mean_path_length,deg_het_row,deg_het_col
configuration,Minneapolis_crimes_2016-06-17,crimes,3.723328,2.571499,2.430898,0.22789344042070842,0.18476665426433056,0.13776687858940292,3.4511762174584213,2.6986040092720773,2.0930232558139537,2.6055589641187287,1.5446620453957156,5.723328374908445,4.571498730133071,4.430898403768954,-0.5714987301330617,0.1,0.19540229885057472,-0.3891336270190896,0.6444444444444447,0.09699648365644342,13.222492196806744,14.181757209926223,135,140,317,726,0.49187452758881345,0.20021860515995402,0.9077649259398665,14,5.167220376522702,1.87358024691358,1.2745679012345679
