randomization,name,type,l1,l2,l3,ipr1,ipr2,ipr3,l1_cm,l1_er,l1_reg,l2_mp,l3_mp,l1_lap,l2_lap,l3_lap,alg_conn,clustering_c,clustering_r,deg_assort,Q,N.olap,N.temp,N.nodf,H2,H3,H4,H17,cent_between,cent_close,cent_eigen,diam,mean_path_length,deg_het_row,deg_het_col
configuration,Minneapolis_crimes_2016-07-28,crimes,4.198878,3.002962,2.806322,0.1483076320064763,0.15687467370561298,0.09363278570724615,4.166415374901816,3.318674831541853,2.3333333333333335,2.854202958212719,1.6608622904410624,6.198878376741776,5.002962245497645,4.806321850969884,-1.002962245497644,0.41379310344827586,0.3267543859649123,-0.5945654605731485,0.5780924614743853,0.10603312430584583,23.76184182163889,19.54294720252167,211,312,567,1273,0.6606321994483803,0.3699635490614419,0.8466029293142343,6,3.5389082462253194,1.5780924614743856,1.360683048729696
