randomization,name,type,l1,l2,l3,ipr1,ipr2,ipr3,l1_cm,l1_er,l1_reg,l2_mp,l3_mp,l1_lap,l2_lap,l3_lap,alg_conn,clustering_c,clustering_r,deg_assort,Q,N.olap,N.temp,N.nodf,H2,H3,H4,H17,cent_between,cent_close,cent_eigen,diam,mean_path_length,deg_het_row,deg_het_col
configuration,Minneapolis_crimes_2016-04-01,crimes,3.899563,2.669637,2.611237,0.17267021203020022,0.13940511500487437,0.10560453948856971,3.9743495751449127,3.116324854422817,2.4444444444444446,2.6171560405047303,1.4983341337057512,5.899563394474516,4.669637385078901,4.6112370792289035,-0.6696373850788911,0.43119266055045874,0.43952802359882004,-0.4203255368622625,0.5206611570247934,0.11377304682937185,19.81754912458313,23.664717348927876,150,232,342,750,0.5000816326530612,0.25146600655602713,0.8557071132118717,8,3.4571428571428573,1.723140495867769,1.3636363636363638
