randomization,name,type,l1,l2,l3,ipr1,ipr2,ipr3,l1_cm,l1_er,l1_reg,l2_mp,l3_mp,l1_lap,l2_lap,l3_lap,alg_conn,clustering_c,clustering_r,deg_assort,Q,N.olap,N.temp,N.nodf,H2,H3,H4,H17,cent_between,cent_close,cent_eigen,diam,mean_path_length,deg_het_row,deg_het_col
configuration,Minneapolis_crimes_2016-09-18,crimes,4.420069,3.585609,3.012255,0.09296617079806051,0.14416269814748822,0.07840977396398932,4.356557337707688,3.3791935137151956,2.456140350877193,2.998284373178779,1.8655548642049888,6.420068626905444,5.585609097040514,5.01225510738375,-1.5856090970405232,0.56640625,0.3044496487119438,-0.5587949465500487,0.561428571428571,0.10697297683306428,15.386890721554751,18.02361789786337,315,555,882,2045,0.3813440895838855,0.23962924779319197,0.8108685595262776,9,3.7481203007518795,1.7714285714285714,1.3163265306122447
