randomization,name,type,l1,l2,l3,ipr1,ipr2,ipr3,l1_cm,l1_er,l1_reg,l2_mp,l3_mp,l1_lap,l2_lap,l3_lap,alg_conn,clustering_c,clustering_r,deg_assort,Q,N.olap,N.temp,N.nodf,H2,H3,H4,H17,cent_between,cent_close,cent_eigen,diam,mean_path_length,deg_het_row,deg_het_col
configuration,Minneapolis_crimes_2016-07-06,crimes,3.282926,2.362656,1.960489,0.22289933320837516,0.1742232862984882,0.27743208655011553,3.1865100272627656,2.5679686970597233,1.9259259259259258,2.394688460922604,1.2572689365509182,5.282926110019334,4.362655982814503,3.9604893589690238,-0.3626559828145108,0,0,-0.5050754458161868,0.6094674556213018,0.13073281195740957,23.628327221764774,19.091627172195892,74,69,139,217,0.6841420118343196,0.3356695278898726,0.8568216121870742,8,3.606837606837607,1.6153846153846152,1.301775147928994
