randomization,name,type,l1,l2,l3,ipr1,ipr2,ipr3,l1_cm,l1_er,l1_reg,l2_mp,l3_mp,l1_lap,l2_lap,l3_lap,alg_conn,clustering_c,clustering_r,deg_assort,Q,N.olap,N.temp,N.nodf,H2,H3,H4,H17,cent_between,cent_close,cent_eigen,diam,mean_path_length,deg_het_row,deg_het_col
configuration,Minneapolis_crimes_2016-10-01,crimes,4.434231,3.091857,2.506328,0.10813212222782831,0.09828227487902287,0.12379960482690477,4.113071282132226,3.283154990541749,2.4444444444444446,2.8557000978437608,1.7033099731417556,6.4342314955309305,5.091856702664149,4.50632784064431,-1.091856702664144,0.5789473684210527,0.4778898370830101,-0.49831734814066975,0.5947107438016528,0.1368289957867056,16.73036624567061,21.173774784885897,225,382,592,1344,0.5865289242998017,0.3047499934589609,0.8232635146534192,11,3.977777777777778,1.7652892561983473,1.2545454545454544
