randomization,name,type,l1,l2,l3,ipr1,ipr2,ipr3,l1_cm,l1_er,l1_reg,l2_mp,l3_mp,l1_lap,l2_lap,l3_lap,alg_conn,clustering_c,clustering_r,deg_assort,Q,N.olap,N.temp,N.nodf,H2,H3,H4,H17,cent_between,cent_close,cent_eigen,diam,mean_path_length,deg_het_row,deg_het_col
configuration,Minneapolis_crimes_2016-01-01,crimes,4.449292,2.414691,2.288246,0.1919923795905254,0.08841493527945937,0.20813586492481917,4.3556451430845895,2.9595468680031787,2.3,2.4424348969511165,1.4210838112330628,6.4492916237661575,4.414691254188329,4.288245611270744,-0.4146912541883136,0.24691358024691357,0.5948717948717949,-0.3350166151524386,0.5666351606805297,0.21583249408272212,12.961182970373542,26.44910644910645,199,359,720,2396,0.8255533640149023,0.4668971649508595,0.8696598090918791,7,3.396153846153846,2.3714555765595464,1.3270321361058601
