randomization,name,type,l1,l2,l3,ipr1,ipr2,ipr3,l1_cm,l1_er,l1_reg,l2_mp,l3_mp,l1_lap,l2_lap,l3_lap,alg_conn,clustering_c,clustering_r,deg_assort,Q,N.olap,N.temp,N.nodf,H2,H3,H4,H17,cent_between,cent_close,cent_eigen,diam,mean_path_length,deg_het_row,deg_het_col
configuration,Minneapolis_crimes_2016-06-03,crimes,4.685083,3.170347,2.494007,0.1730695450826434,0.15754766543086837,0.08583288603738551,4.487491592648446,3.3725224144628374,2.425531914893617,2.8425160745648808,1.6979481096123126,6.685083412800174,5.170346752043713,4.494006548276805,-1.1703467520437272,0.5267175572519084,0.3911042944785276,-0.452770396910825,0.5472453062480763,0.18831126480288657,16.002726690803186,22.80247732802477,289,410,1169,4219,0.614479451095708,0.3051704766277002,0.8727970309781535,9,3.5208140610545793,1.9602954755309328,1.2520775623268698
