randomization,name,type,l1,l2,l3,ipr1,ipr2,ipr3,l1_cm,l1_er,l1_reg,l2_mp,l3_mp,l1_lap,l2_lap,l3_lap,alg_conn,clustering_c,clustering_r,deg_assort,Q,N.olap,N.temp,N.nodf,H2,H3,H4,H17,cent_between,cent_close,cent_eigen,diam,mean_path_length,deg_het_row,deg_het_col
configuration,Minneapolis_crimes_2016-10-05,crimes,3.982504,2.924714,2.545101,0.1806275309677937,0.13863529394124138,0.1299891917500572,3.8054541754541575,2.9424676105524292,2.1951219512195124,2.6742612120828304,1.5593354587870394,5.982503997127467,4.924713534819841,4.545101416802842,-0.9247135348198461,0.28125,0.2294455066921606,-0.4639701306782824,0.6103703703703707,0.14817791623694157,15.757989501624378,19.115646258503403,170,228,455,1089,0.5960320512820513,0.3129288715275725,0.8668054040201445,9,3.731707317073171,1.874074074074074,1.2592592592592593
