randomization,name,type,l1,l2,l3,ipr1,ipr2,ipr3,l1_cm,l1_er,l1_reg,l2_mp,l3_mp,l1_lap,l2_lap,l3_lap,alg_conn,clustering_c,clustering_r,deg_assort,Q,N.olap,N.temp,N.nodf,H2,H3,H4,H17,cent_between,cent_close,cent_eigen,diam,mean_path_length,deg_het_row,deg_het_col
configuration,Minneapolis_crimes_2016-02-27,crimes,3.974031,2.392565,1.875989,0.2003432821435628,0.12369463753235607,0.2184972601057424,4.166538326153865,2.8402935325997873,2.2142857142857144,2.078362540764575,1.1003003196671246,5.974030519257763,4.392565063825618,3.875989249780019,-0.3925650638256121,0.4,0.46511627906976744,-0.4532060940900719,0.5202913631633715,0.34385050316422866,15.398738695333567,35.31400966183575,127,171,388,1012,0.8116140832190216,0.4893254934689836,0.8362149129934952,7,3.0714285714285716,2.331945889698231,1.3246618106139438
