randomization,name,type,l1,l2,l3,ipr1,ipr2,ipr3,l1_cm,l1_er,l1_reg,l2_mp,l3_mp,l1_lap,l2_lap,l3_lap,alg_conn,clustering_c,clustering_r,deg_assort,Q,N.olap,N.temp,N.nodf,H2,H3,H4,H17,cent_between,cent_close,cent_eigen,diam,mean_path_length,deg_het_row,deg_het_col
configuration,Minneapolis_crimes_2016-10-02,crimes,2.961581,2.744595,2.360633,0.07725746748516134,0.1291939826514667,0.13202362644487387,2.9810600044279556,2.865368916372744,2.064516129032258,2.7984651922681194,1.5322549414566065,4.961581249446949,4.74459490311233,4.360633081394504,-0.7445949031123454,0.21428571428571427,0.02158273381294964,-0.7557251908396947,0.611328125,0.016321213721689074,34.85697079922814,15.488215488215488,84,72,111,100,0.39803320561941247,0.21787634621618004,0.6351375911445597,8,3.9182795698924733,1.244140625,1.1718750000000002
