randomization,name,type,l1,l2,l3,ipr1,ipr2,ipr3,l1_cm,l1_er,l1_reg,l2_mp,l3_mp,l1_lap,l2_lap,l3_lap,alg_conn,clustering_c,clustering_r,deg_assort,Q,N.olap,N.temp,N.nodf,H2,H3,H4,H17,cent_between,cent_close,cent_eigen,diam,mean_path_length,deg_het_row,deg_het_col
configuration,Minneapolis_crimes_2016-04-25,crimes,2.711131,2.282154,1.878839,0.1400504514465348,0.13969610375313818,0.11351092183575245,2.5331140255951103,2.5444201842608614,2,2.530849375005527,1.3197283865916463,4.7111306854922645,4.282153753118611,3.8788389355643034,-0.2821537531186048,0.15384615384615385,0.16393442622950818,-0.48981571290009707,0.5868055555555556,-0.02219072219072218,36.99482727327109,16.948198198198195,41,49,24,8,0.5103969754253308,0.23068768623449892,0.7553194984525672,9,4.326086956521739,1.2222222222222223,1.1666666666666667
