randomization,name,type,l1,l2,l3,ipr1,ipr2,ipr3,l1_cm,l1_er,l1_reg,l2_mp,l3_mp,l1_lap,l2_lap,l3_lap,alg_conn,clustering_c,clustering_r,deg_assort,Q,N.olap,N.temp,N.nodf,H2,H3,H4,H17,cent_between,cent_close,cent_eigen,diam,mean_path_length,deg_het_row,deg_het_col
configuration,Minneapolis_crimes_2016-12-01,crimes,3.229868,2.869855,2.406822,0.11729136806655653,0.09087869417908524,0.11656308575294945,3.299103155806599,2.7612398357162045,2.121212121212121,2.5769018530992636,1.4401089560074458,5.229867934251907,4.869854563129395,4.406821651935936,-0.8698545631293852,0.40540540540540543,0.06329113924050633,-0.5580448065173115,0.6146938775510207,0.08001357857901481,23.88435362114188,18.565436241610737,98,110,157,202,0.5358020413306452,0.2095399994061242,0.7815163750624532,9,3.867424242424242,1.6244897959183673,1.2579591836734694
