randomization,name,type,l1,l2,l3,ipr1,ipr2,ipr3,l1_cm,l1_er,l1_reg,l2_mp,l3_mp,l1_lap,l2_lap,l3_lap,alg_conn,clustering_c,clustering_r,deg_assort,Q,N.olap,N.temp,N.nodf,H2,H3,H4,H17,cent_between,cent_close,cent_eigen,diam,mean_path_length,deg_het_row,deg_het_col
configuration,Minneapolis_crimes_2016-03-02,crimes,3.055271,2.155945,1.75073,0.19322673192803097,0.15529153313980137,0.12057043619706038,2.9119304323721757,2.732927279041262,2.0952380952380953,2.4505563827717802,1.2208080033019106,5.055271147437192,4.155945161943516,3.7507303940865597,-0.15594516194352057,0.38461538461538464,0.2,-0.48269581056466326,0.5289256198347108,0.05757395382395384,37.88204236450412,24.930555555555557,51,58,64,71,0.6413157894736842,0.36974446848248593,0.8061750785866014,7,3.295238095238095,1.3388429752066118,1.1776859504132233
