randomization,name,type,l1,l2,l3,ipr1,ipr2,ipr3,l1_cm,l1_er,l1_reg,l2_mp,l3_mp,l1_lap,l2_lap,l3_lap,alg_conn,clustering_c,clustering_r,deg_assort,Q,N.olap,N.temp,N.nodf,H2,H3,H4,H17,cent_between,cent_close,cent_eigen,diam,mean_path_length,deg_het_row,deg_het_col
configuration,Minneapolis_crimes_2016-01-24,crimes,3.327392,2.312588,1.892194,0.1955105417661465,0.17203941397131012,0.24008216039146152,3.261901286060018,3.2021347046410567,2.1052631578947367,2.531205100304487,1.1851325920108169,5.3273922330282435,4.312587662717975,3.8921942896615973,-0.31258766271796873,1,0.23076923076923078,-0.7665369649805447,0.45999999999999996,0.15311653116531168,44.491445730391106,28.31978319783198,70,48,144,226,0.627511498426531,0.3920343036493017,0.7841406217587067,4,2.690058479532164,1.14,1.12
