randomization,name,type,l1,l2,l3,ipr1,ipr2,ipr3,l1_cm,l1_er,l1_reg,l2_mp,l3_mp,l1_lap,l2_lap,l3_lap,alg_conn,clustering_c,clustering_r,deg_assort,Q,N.olap,N.temp,N.nodf,H2,H3,H4,H17,cent_between,cent_close,cent_eigen,diam,mean_path_length,deg_het_row,deg_het_col
configuration,Minneapolis_crimes_2016-08-03,crimes,4.098593,3.167815,2.707346,0.1112543904509935,0.11598567092300976,0.11209213879284305,4.124918416186221,3.009246734171712,2.3043478260869565,2.6636742967382077,1.597759813480954,6.098592805279761,5.167815150378166,4.707346135350476,-1.1678151503781808,0.391304347826087,0.288622754491018,-0.4798759013919169,0.568529725881097,0.1439681278627259,12.252524285121591,20.971039182282794,205,361,496,1018,0.4426777831222275,0.27425982072887645,0.812375457788217,8,3.6444444444444444,1.968672125311499,1.3784264862940547
