randomization,name,type,l1,l2,l3,ipr1,ipr2,ipr3,l1_cm,l1_er,l1_reg,l2_mp,l3_mp,l1_lap,l2_lap,l3_lap,alg_conn,clustering_c,clustering_r,deg_assort,Q,N.olap,N.temp,N.nodf,H2,H3,H4,H17,cent_between,cent_close,cent_eigen,diam,mean_path_length,deg_het_row,deg_het_col
configuration,Minneapolis_crimes_2016-07-20,crimes,4.101179,3.23866,2.734184,0.1058675346217041,0.13337594968224853,0.20329789989764868,3.9161303371514973,3.194247625532168,2.297872340425532,2.9111459018978687,1.7418871339694544,6.101179155808678,5.238660338039051,4.7341838758273145,-1.2386603380390395,0.5612244897959183,0.2704135737009544,-0.5494211932324136,0.5864197530864197,0.09213638516073261,19.858100236892025,16.474800139033714,213,326,521,1051,0.42585593762814944,0.2717424881717307,0.8150860635200061,8,3.642923219241443,1.622085048010974,1.2839506172839505
