randomization,name,type,l1,l2,l3,ipr1,ipr2,ipr3,l1_cm,l1_er,l1_reg,l2_mp,l3_mp,l1_lap,l2_lap,l3_lap,alg_conn,clustering_c,clustering_r,deg_assort,Q,N.olap,N.temp,N.nodf,H2,H3,H4,H17,cent_between,cent_close,cent_eigen,diam,mean_path_length,deg_het_row,deg_het_col
configuration,Minneapolis_crimes_2016-06-30,crimes,4.363831,2.835112,2.483513,0.18976591265574594,0.1118025509146379,0.1501197594276978,4.173032612313491,2.9511961682560877,2.2127659574468086,2.6396652849360036,1.5824010378039295,6.363830855405559,4.8351115560306415,4.483513233576932,-0.8351115560306392,0.4140625,0.2549800796812749,-0.37272236137714254,0.5857988165680464,0.1585459879827339,15.475860977309285,20.12445040614055,220,347,759,2437,0.65969474200098,0.3748575331683132,0.8817011449104667,9,3.620721554116559,2.0961538461538463,1.3579881656804733
