randomization,name,type,l1,l2,l3,ipr1,ipr2,ipr3,l1_cm,l1_er,l1_reg,l2_mp,l3_mp,l1_lap,l2_lap,l3_lap,alg_conn,clustering_c,clustering_r,deg_assort,Q,N.olap,N.temp,N.nodf,H2,H3,H4,H17,cent_between,cent_close,cent_eigen,diam,mean_path_length,deg_het_row,deg_het_col
configuration,Minneapolis_crimes_2016-02-20,crimes,3.305074,2.641806,2.450017,0.20914869735520644,0.10911354072419771,0.15178171545237673,3.1128764832546763,2.6565653266380402,2,2.682292929689454,1.558487115093572,5.305074088740653,4.641805948214057,4.450016531627811,-0.6418059482140515,0.13043478260869565,0.018867924528301886,-0.5455082742316787,0.6668750000000001,0.06156188175955422,17.719865631099136,13.571945046999277,108,107,174,240,0.6642790407972594,0.25078646023590306,0.8883804907003404,11,4.644871794871795,1.5675000000000001,1.2324999999999997
