randomization,name,type,l1,l2,l3,ipr1,ipr2,ipr3,l1_cm,l1_er,l1_reg,l2_mp,l3_mp,l1_lap,l2_lap,l3_lap,alg_conn,clustering_c,clustering_r,deg_assort,Q,N.olap,N.temp,N.nodf,H2,H3,H4,H17,cent_between,cent_close,cent_eigen,diam,mean_path_length,deg_het_row,deg_het_col
configuration,Minneapolis_crimes_2016-07-30,crimes,4.461716,3.245827,2.74444,0.09842151682611217,0.0959806677523315,0.1273657396639192,4.3858668087846775,3.0711140325748465,2.290909090909091,2.7540961321902104,1.7031708276020472,6.46171601076157,5.24582685417683,4.7444399588371775,-1.2458268541768298,0.5477941176470589,0.2986337020169161,-0.42905796170158084,0.5908289241622575,0.12249857278114415,13.138771942082888,17.485305027677907,263,568,690,1514,0.4568327978239462,0.3573583381964982,0.8219059100248278,8,3.701010101010101,1.8858654572940285,1.541950113378685
