randomization,name,type,l1,l2,l3,ipr1,ipr2,ipr3,l1_cm,l1_er,l1_reg,l2_mp,l3_mp,l1_lap,l2_lap,l3_lap,alg_conn,clustering_c,clustering_r,deg_assort,Q,N.olap,N.temp,N.nodf,H2,H3,H4,H17,cent_between,cent_close,cent_eigen,diam,mean_path_length,deg_het_row,deg_het_col
configuration,Minneapolis_crimes_2016-03-06,crimes,3.109578,2.562265,2.058854,0.11198097828075973,0.14167206296404491,0.10209120805564832,2.9843340965783307,2.6537974204916126,2.064516129032258,2.5683297458007375,1.4196111197820938,5.109578002941086,4.5622652384805,4.058853648912477,-0.5622652384804862,0.2413793103448276,0.16417910447761194,-0.501187648456057,0.6064453125,0.05317329270889642,20.58290610198688,18.013071895424837,74,92,85,75,0.45316730523627075,0.2517265710961341,0.7742062640976802,10,4.2709677419354835,1.4843749999999996,1.2304687500000002
