randomization,name,type,l1,l2,l3,ipr1,ipr2,ipr3,l1_cm,l1_er,l1_reg,l2_mp,l3_mp,l1_lap,l2_lap,l3_lap,alg_conn,clustering_c,clustering_r,deg_assort,Q,N.olap,N.temp,N.nodf,H2,H3,H4,H17,cent_between,cent_close,cent_eigen,diam,mean_path_length,deg_het_row,deg_het_col
configuration,Minneapolis_crimes_2016-09-25,crimes,4.249791,3.226068,2.738954,0.09949603380885823,0.10158176931467594,0.09594655916152772,4.1137667560372115,3.3642316771158294,2.4186046511627906,2.903871812014274,1.7075700110983651,6.249791388058009,5.22606812140968,4.738954150885566,-1.2260681214096876,0.6148148148148148,0.3767178658043654,-0.6108884435537743,0.5203402366863901,0.10853950651020586,22.45926223953518,20.115817864508962,220,368,544,1057,0.3536271632152668,0.3103499266259041,0.7841140526987924,8,3.477297895902547,1.6272189349112425,1.2692307692307692
