randomization,name,type,l1,l2,l3,ipr1,ipr2,ipr3,l1_cm,l1_er,l1_reg,l2_mp,l3_mp,l1_lap,l2_lap,l3_lap,alg_conn,clustering_c,clustering_r,deg_assort,Q,N.olap,N.temp,N.nodf,H2,H3,H4,H17,cent_between,cent_close,cent_eigen,diam,mean_path_length,deg_het_row,deg_het_col
configuration,Minneapolis_crimes_2016-08-02,crimes,4.142511,3.070948,2.871995,0.17715038755533835,0.1933295083573354,0.09398503718316574,3.783296622435694,3.157675012198653,2.3076923076923075,2.956999182543382,1.810190321097483,6.142511028175514,5.07094758930564,4.871995313757233,-1.070947589305632,0.3416666666666667,0.2442455242966752,-0.4214495007707155,0.6116666666666666,0.06377323599837605,22.56950026302735,14.577494815590054,223,323,602,1534,0.6594905256220133,0.3432655321503453,0.8864044786188349,9,3.973604826546003,1.6322222222222225,1.2349999999999999
