randomization,name,type,l1,l2,l3,ipr1,ipr2,ipr3,l1_cm,l1_er,l1_reg,l2_mp,l3_mp,l1_lap,l2_lap,l3_lap,alg_conn,clustering_c,clustering_r,deg_assort,Q,N.olap,N.temp,N.nodf,H2,H3,H4,H17,cent_between,cent_close,cent_eigen,diam,mean_path_length,deg_het_row,deg_het_col
configuration,Minneapolis_crimes_2016-10-29,crimes,4.693569,3.168843,2.503809,0.15877996887108628,0.21643820258288268,0.10464299879337678,4.790001477016645,3.286879979095253,2.4680851063829787,2.657543784540705,1.5937329284411326,6.693569311369075,5.168843024714527,4.50380890681375,-1.1688430247145305,0.6390041493775933,0.44631117604090575,-0.42385533301792544,0.5217003567181921,0.19513115383384788,14.505340609317585,25.38713764065877,282,537,1019,3342,0.5748326181974576,0.3670269134388916,0.8639585520584541,7,3.32099907493062,2.071343638525565,1.455410225921522
