randomization,name,type,l1,l2,l3,ipr1,ipr2,ipr3,l1_cm,l1_er,l1_reg,l2_mp,l3_mp,l1_lap,l2_lap,l3_lap,alg_conn,clustering_c,clustering_r,deg_assort,Q,N.olap,N.temp,N.nodf,H2,H3,H4,H17,cent_between,cent_close,cent_eigen,diam,mean_path_length,deg_het_row,deg_het_col
configuration,Minneapolis_crimes_2016-07-09,crimes,3.602408,3.249716,2.684796,0.09437855054113659,0.19006103643067876,0.1029484143043438,3.907736961882837,2.79822083126704,2.196078431372549,2.6152047622461607,1.6071108618616188,5.602407894668012,5.249716373382825,4.684795768057206,-1.2497163733828252,0.2671232876712329,0.16829268292682928,-0.5460066309949775,0.629783163265306,0.09854236869141171,8.44189323040895,16.04782882315922,181,288,316,428,0.3355314285714286,0.23903961341317348,0.8118336377741716,9,4.133333333333334,1.8826530612244896,1.5363520408163263
