randomization,name,type,l1,l2,l3,ipr1,ipr2,ipr3,l1_cm,l1_er,l1_reg,l2_mp,l3_mp,l1_lap,l2_lap,l3_lap,alg_conn,clustering_c,clustering_r,deg_assort,Q,N.olap,N.temp,N.nodf,H2,H3,H4,H17,cent_between,cent_close,cent_eigen,diam,mean_path_length,deg_het_row,deg_het_col
configuration,Minneapolis_crimes_2016-08-08,crimes,3.981683,2.784386,2.501983,0.15031822480218787,0.16614834071913687,0.08582087666318418,3.759954109023245,3.0473024537265703,2.2666666666666666,2.809589576143537,1.6738763982970823,5.981683043007636,4.784385582021913,4.501982983084683,-0.7843855820219182,0.3181818181818182,0.2724306688417618,-0.45649656260010346,0.6124567474048446,0.0911841102476601,16.852890952276887,17.2979797979798,179,265,415,864,0.6144763666565993,0.3208670404169049,0.8625212609301081,10,3.9656565656565657,1.6470588235294117,1.306805074971165
