randomization,name,type,l1,l2,l3,ipr1,ipr2,ipr3,l1_cm,l1_er,l1_reg,l2_mp,l3_mp,l1_lap,l2_lap,l3_lap,alg_conn,clustering_c,clustering_r,deg_assort,Q,N.olap,N.temp,N.nodf,H2,H3,H4,H17,cent_between,cent_close,cent_eigen,diam,mean_path_length,deg_het_row,deg_het_col
configuration,Minneapolis_crimes_2016-03-29,crimes,3.592086,2.701983,2.492009,0.1431846180510121,0.1789408012104683,0.1384116577240506,3.3768645256858685,2.73586100698676,2.1142857142857143,2.5581750999733766,1.4494578193369791,5.592085702853445,4.701982776460681,4.49200912636391,-0.7019827764606917,0.16216216216216217,0.29375,-0.5065426768515444,0.5997078159240323,0.1187538004147999,17.942666669789954,20.13918860595598,113,139,213,315,0.5781954493027157,0.2964379949517785,0.8311522276848181,9,3.9058823529411764,1.8721694667640614,1.1745799853907961
