randomization,name,type,l1,l2,l3,ipr1,ipr2,ipr3,l1_cm,l1_er,l1_reg,l2_mp,l3_mp,l1_lap,l2_lap,l3_lap,alg_conn,clustering_c,clustering_r,deg_assort,Q,N.olap,N.temp,N.nodf,H2,H3,H4,H17,cent_between,cent_close,cent_eigen,diam,mean_path_length,deg_het_row,deg_het_col
configuration,Minneapolis_crimes_2016-07-24,crimes,3.680812,3.237799,2.646441,0.12731369671478615,0.09675209733650199,0.1180032949527914,3.5755810749836465,2.953263886995051,2.1886792452830193,2.8738630354467354,1.7667995622729868,5.680811584902834,5.237798555037227,4.646441174174015,-1.237798555037219,0.13953488372093023,0.09157509157509157,-0.522076023391813,0.634661117717004,0.06130182206135194,14.765633439631324,13.097718253968253,190,253,380,670,0.41390653401399996,0.2358858707128149,0.855800905541254,8,4.043541364296082,1.5980975029726514,1.2984542211652792
