randomization,name,type,l1,l2,l3,ipr1,ipr2,ipr3,l1_cm,l1_er,l1_reg,l2_mp,l3_mp,l1_lap,l2_lap,l3_lap,alg_conn,clustering_c,clustering_r,deg_assort,Q,N.olap,N.temp,N.nodf,H2,H3,H4,H17,cent_between,cent_close,cent_eigen,diam,mean_path_length,deg_het_row,deg_het_col
configuration,Minneapolis_crimes_2016-09-16,crimes,3.806865,3.249263,2.692085,0.1228080620121942,0.1296606372883761,0.11793424366746534,3.719784940020055,3.3309792757137804,2.3255813953488373,3.03584946139113,1.7821095814380794,5.806865045385441,5.249263207334659,4.692084814286345,-1.2492632073346606,0.3815789473684211,0.2071651090342679,-0.6016444101092595,0.5800000000000002,0.0509144501770234,29.903956247191164,16.811039323602138,184,241,406,752,0.4502662182436532,0.25461616693987404,0.8276304227143559,8,3.663344407530454,1.3536000000000001,1.2511999999999999
