randomization,name,type,l1,l2,l3,ipr1,ipr2,ipr3,l1_cm,l1_er,l1_reg,l2_mp,l3_mp,l1_lap,l2_lap,l3_lap,alg_conn,clustering_c,clustering_r,deg_assort,Q,N.olap,N.temp,N.nodf,H2,H3,H4,H17,cent_between,cent_close,cent_eigen,diam,mean_path_length,deg_het_row,deg_het_col
configuration,Minneapolis_crimes_2016-10-12,crimes,4.020586,3.119078,2.226046,0.12093376431677245,0.12428597412683935,0.19417445135740793,3.9041916795963214,3.2626973442456864,2.342857142857143,2.771057083601433,1.5554944880202726,6.020585530577959,5.119077683717713,4.226046098971702,-1.1190776837177,0.47540983606557374,0.34789156626506024,-0.5838930026978932,0.5181439619274242,0.15542436235708004,26.17029513421492,23.394898856640285,171,217,464,1005,0.5519031141868511,0.3162553456527192,0.7841192204925209,7,3.287394957983193,1.670434265318263,1.1725163593099346
