randomization,name,type,l1,l2,l3,ipr1,ipr2,ipr3,l1_cm,l1_er,l1_reg,l2_mp,l3_mp,l1_lap,l2_lap,l3_lap,alg_conn,clustering_c,clustering_r,deg_assort,Q,N.olap,N.temp,N.nodf,H2,H3,H4,H17,cent_between,cent_close,cent_eigen,diam,mean_path_length,deg_het_row,deg_het_col
configuration,Minneapolis_crimes_2016-07-25,crimes,4.621101,3.188142,2.874133,0.11612704867987421,0.08577994419969705,0.08851384995829786,4.445705514388145,3.4099853372118774,2.5,2.8230805427949566,1.6699455633077862,6.621101209271198,5.188142077417344,4.874133443587889,-1.1881420774173386,0.48186528497409326,0.5114773396115362,-0.5590823854692781,0.5206611570247931,0.16347301279391913,18.62679454248283,24.62747943880019,259,477,763,1851,0.39823677442853833,0.3083267254532792,0.8155799770918405,7,3.402748414376321,1.8581818181818182,1.2763636363636361
