randomization,name,type,l1,l2,l3,ipr1,ipr2,ipr3,l1_cm,l1_er,l1_reg,l2_mp,l3_mp,l1_lap,l2_lap,l3_lap,alg_conn,clustering_c,clustering_r,deg_assort,Q,N.olap,N.temp,N.nodf,H2,H3,H4,H17,cent_between,cent_close,cent_eigen,diam,mean_path_length,deg_het_row,deg_het_col
configuration,Minneapolis_crimes_2016-09-05,crimes,3.954672,3.653301,2.570689,0.1100844599406628,0.11626817605590234,0.10076930898953679,3.832140036430162,3.161958493879548,2.12,3.029993671092832,1.8137805524566237,5.954672290686261,5.65330087604292,4.570689203221497,-1.6533008760429204,0.2702702702702703,0.14545454545454545,-0.628936648405675,0.6436454254182984,0.09787650900981748,20.69440938517084,14.332806990517271,237,215,722,1772,0.5145888287287705,0.24971583029945604,0.806787518454993,10,3.9093877551020406,1.5923816304734777,1.2114631541473833
