randomization,name,type,l1,l2,l3,ipr1,ipr2,ipr3,l1_cm,l1_er,l1_reg,l2_mp,l3_mp,l1_lap,l2_lap,l3_lap,alg_conn,clustering_c,clustering_r,deg_assort,Q,N.olap,N.temp,N.nodf,H2,H3,H4,H17,cent_between,cent_close,cent_eigen,diam,mean_path_length,deg_het_row,deg_het_col
configuration,Minneapolis_crimes_2016-07-10,crimes,3.39958,2.950918,2.505973,0.0929674946583783,0.10711221957903135,0.07994076446787668,3.4186985827943355,2.9184039839714577,2.2325581395348837,2.7714970186089793,1.6446101278193224,5.399580052552203,4.950918306126135,4.50597285893745,-0.9509183061261178,0.3088235294117647,0.1850828729281768,-0.6328562538892346,0.619791666666667,0.05014520513788423,15.397845345009562,14.215631671772021,135,189,182,186,0.5369443983555483,0.26472022966417524,0.7905181998916375,9,4.301218161683278,1.489583333333333,1.3281249999999998
