randomization,name,type,l1,l2,l3,ipr1,ipr2,ipr3,l1_cm,l1_er,l1_reg,l2_mp,l3_mp,l1_lap,l2_lap,l3_lap,alg_conn,clustering_c,clustering_r,deg_assort,Q,N.olap,N.temp,N.nodf,H2,H3,H4,H17,cent_between,cent_close,cent_eigen,diam,mean_path_length,deg_het_row,deg_het_col
configuration,Minneapolis_crimes_2016-02-24,crimes,3.183857,2.659591,2.357389,0.15494083698368447,0.1424938961045503,0.1888326538097586,3.1944310251999406,2.6743374382047467,2,2.4653863310816604,1.2988731707867147,5.183856737662915,4.659591287118466,4.357389079123326,-0.6595912871184664,0.23076923076923078,0.024193548387096774,-0.6627906976744186,0.5665294924554186,0.14499160729517427,24.17449839446838,21.552696908147144,81,72,140,176,0.49236686390532547,0.2642890238500012,0.7995743197723919,7,3.339031339031339,1.6611796982167353,1.1796982167352537
