randomization,name,type,l1,l2,l3,ipr1,ipr2,ipr3,l1_cm,l1_er,l1_reg,l2_mp,l3_mp,l1_lap,l2_lap,l3_lap,alg_conn,clustering_c,clustering_r,deg_assort,Q,N.olap,N.temp,N.nodf,H2,H3,H4,H17,cent_between,cent_close,cent_eigen,diam,mean_path_length,deg_het_row,deg_het_col
configuration,Minneapolis_crimes_2016-12-26,crimes,3.033102,2.210391,1.707181,0.2583556272739476,0.17404881572798375,0.16122962364400434,2.8654969314867293,2.7797394073232677,1.8888888888888888,2.4770794894719033,1.1430138196936757,5.033101544744506,4.210390629679498,3.7071813856451996,-0.21039062967950373,0,0,-0.7268244575936887,0.5086505190311419,0.08890993265993269,48.95758686012636,14.12037037037037,50,17,92,128,0.6271626297577855,0.2639310831990963,0.8425381584992959,6,3.287581699346405,1.1730103806228371,1.0899653979238755
