randomization,name,type,l1,l2,l3,ipr1,ipr2,ipr3,l1_cm,l1_er,l1_reg,l2_mp,l3_mp,l1_lap,l2_lap,l3_lap,alg_conn,clustering_c,clustering_r,deg_assort,Q,N.olap,N.temp,N.nodf,H2,H3,H4,H17,cent_between,cent_close,cent_eigen,diam,mean_path_length,deg_het_row,deg_het_col
configuration,Minneapolis_crimes_2016-01-30,crimes,3.475963,2.583749,2.536306,0.11002666720654766,0.10690429636792138,0.11715385640961445,3.4695100518661133,2.954260004453407,2.2857142857142856,2.673779242518296,1.5207228533381856,5.475963259904652,4.583749022700604,4.53630565881212,-0.5837490227005938,0.40476190476190477,0.24305555555555555,-0.5190365190365188,0.5643750000000002,0.06843753160326287,18.27189877716226,19.693569270608545,112,180,153,173,0.36599122715039667,0.23026774203382622,0.7856135922686753,8,3.754621848739496,1.4712500000000002,1.3499999999999999
