randomization,name,type,l1,l2,l3,ipr1,ipr2,ipr3,l1_cm,l1_er,l1_reg,l2_mp,l3_mp,l1_lap,l2_lap,l3_lap,alg_conn,clustering_c,clustering_r,deg_assort,Q,N.olap,N.temp,N.nodf,H2,H3,H4,H17,cent_between,cent_close,cent_eigen,diam,mean_path_length,deg_het_row,deg_het_col
configuration,Minneapolis_crimes_2016-02-15,crimes,3.125291,2.705143,2.420556,0.11885849768951896,0.10761332746997676,0.13081987029347597,3.024182795679809,3.0401325980757705,2.1379310344827585,2.883279455090095,1.5554074583693884,5.125290594904611,4.705142584446871,4.420556359698251,-0.7051425844468595,0.46153846153846156,0.08695652173913043,-0.7068580986897132,0.5993756503642038,0.008524955631200747,47.53976059973511,17.549751243781092,86,75,128,146,0.5822152935248175,0.29718875883211243,0.7450631636425039,8,3.7389162561576357,1.1675338189386055,1.1248699271592093
