randomization,name,type,l1,l2,l3,ipr1,ipr2,ipr3,l1_cm,l1_er,l1_reg,l2_mp,l3_mp,l1_lap,l2_lap,l3_lap,alg_conn,clustering_c,clustering_r,deg_assort,Q,N.olap,N.temp,N.nodf,H2,H3,H4,H17,cent_between,cent_close,cent_eigen,diam,mean_path_length,deg_het_row,deg_het_col
configuration,Minneapolis_crimes_2016-02-11,crimes,3.089777,2.6066,1.366562,0.20592484570093456,0.19977310277647695,0.2626432789627142,2.9949958263743874,2.716399000406929,1.9047619047619047,2.466068018843462,1.1947408283276508,5.089776923121416,4.606600208771693,3.366562156551776,-0.6066002087716883,0,0,-0.715167548500882,0.5400000000000001,0.12188547954393025,41.59363771005495,19.114688128772634,62,30,119,161,0.6605263157894737,0.31250752707257984,0.8118865835986694,8,3.2476190476190476,1.38,1.1049999999999998
