randomization,name,type,l1,l2,l3,ipr1,ipr2,ipr3,l1_cm,l1_er,l1_reg,l2_mp,l3_mp,l1_lap,l2_lap,l3_lap,alg_conn,clustering_c,clustering_r,deg_assort,Q,N.olap,N.temp,N.nodf,H2,H3,H4,H17,cent_between,cent_close,cent_eigen,diam,mean_path_length,deg_het_row,deg_het_col
configuration,Minneapolis_crimes_2016-10-14,crimes,3.993188,2.857827,2.347435,0.21711403679481808,0.18462401195725162,0.12434378183489485,3.593976442141304,2.976219822306188,2.1818181818181817,2.8169700302713476,1.6660635728480897,5.993187891781471,4.857827047610068,4.347434871371268,-0.8578270476100671,0.2558139534883721,0.11494252873563218,-0.44505453177886434,0.5985243055555555,0.10066938890204782,17.003304490203526,14.691252144082332,178,167,530,1441,0.5722767347429326,0.26139318434726,0.8931424920139692,9,3.990486257928118,1.776041666666667,1.1458333333333333
