randomization,name,type,l1,l2,l3,ipr1,ipr2,ipr3,l1_cm,l1_er,l1_reg,l2_mp,l3_mp,l1_lap,l2_lap,l3_lap,alg_conn,clustering_c,clustering_r,deg_assort,Q,N.olap,N.temp,N.nodf,H2,H3,H4,H17,cent_between,cent_close,cent_eigen,diam,mean_path_length,deg_het_row,deg_het_col
configuration,Minneapolis_crimes_2016-10-25,crimes,3.823758,3.0736,2.675375,0.10106803338560133,0.13470654154597628,0.0991396353572331,3.814458614005192,3.008454880104585,2.2439024390243905,2.7147620769639507,1.5847124512013564,5.823757693386751,5.073599787850651,4.675374538044458,-1.0735997878506685,0.4457831325301205,0.18213058419243985,-0.6111379268734163,0.5741965973534975,0.13144737958381417,16.95671686686844,19.839650145772595,176,233,406,731,0.4986218711843713,0.2890005052288701,0.7826076922571865,7,3.4829268292682927,1.8610586011342158,1.219281663516068
