randomization,name,type,l1,l2,l3,ipr1,ipr2,ipr3,l1_cm,l1_er,l1_reg,l2_mp,l3_mp,l1_lap,l2_lap,l3_lap,alg_conn,clustering_c,clustering_r,deg_assort,Q,N.olap,N.temp,N.nodf,H2,H3,H4,H17,cent_between,cent_close,cent_eigen,diam,mean_path_length,deg_het_row,deg_het_col
configuration,Minneapolis_crimes_2016-08-20,crimes,4.091173,3.282211,2.803679,0.11957154654264873,0.10973923575956487,0.18864677212579897,4.099951219222004,3.2899651924818194,2.380952380952381,2.8402534270766138,1.6615864251414594,6.091173489048167,5.282211245154568,4.803678862858109,-1.2822112451545788,0.5409836065573771,0.273176761433869,-0.5286946700161631,0.5540000000000002,0.12187431622067353,22.340754430593517,19.77664818237831,207,314,559,1287,0.5285187388459252,0.2822673131105697,0.8179444181301596,8,3.4448315911730547,1.6480000000000001,1.3056
