randomization,name,type,l1,l2,l3,ipr1,ipr2,ipr3,l1_cm,l1_er,l1_reg,l2_mp,l3_mp,l1_lap,l2_lap,l3_lap,alg_conn,clustering_c,clustering_r,deg_assort,Q,N.olap,N.temp,N.nodf,H2,H3,H4,H17,cent_between,cent_close,cent_eigen,diam,mean_path_length,deg_het_row,deg_het_col
configuration,Minneapolis_crimes_2016-08-07,crimes,4.198072,3.2237,2.880966,0.09126820902643304,0.136384922891732,0.11214700725086023,4.362522219417285,3.092637142738373,2.36,2.700970609685284,1.6463048101952507,6.198071547743279,5.223699560208812,4.880966238194386,-1.223699560208811,0.43775100401606426,0.26763285024154587,-0.4515479442459901,0.5682275208273482,0.13603376142306806,12.482871688915436,20.21904761904762,234,491,554,1091,0.43477626716381423,0.2932845310164224,0.7965678920185456,8,3.537142857142857,1.8658431485205402,1.5383510485492673
