randomization,name,type,l1,l2,l3,ipr1,ipr2,ipr3,l1_cm,l1_er,l1_reg,l2_mp,l3_mp,l1_lap,l2_lap,l3_lap,alg_conn,clustering_c,clustering_r,deg_assort,Q,N.olap,N.temp,N.nodf,H2,H3,H4,H17,cent_between,cent_close,cent_eigen,diam,mean_path_length,deg_het_row,deg_het_col
configuration,Minneapolis_crimes_2016-06-02,crimes,2.954447,2.498104,1.530756,0.18026571404962494,0.14610087800987384,0.16411235578941072,3.057776970284131,2.47711750046523,1.9047619047619047,2.174906236765059,1.0631911447694307,4.9544470981644375,4.498104468784291,3.5307558824875964,-0.49810446878430065,0,0,-0.6180371352785146,0.5625,0.15582417582417585,25.6378339494617,20.138888888888893,52,42,78,85,0.6247368421052631,0.3239214212653804,0.7908656113726866,6,3.295238095238095,1.6499999999999997,1.2750000000000001
