randomization,name,type,l1,l2,l3,ipr1,ipr2,ipr3,l1_cm,l1_er,l1_reg,l2_mp,l3_mp,l1_lap,l2_lap,l3_lap,alg_conn,clustering_c,clustering_r,deg_assort,Q,N.olap,N.temp,N.nodf,H2,H3,H4,H17,cent_between,cent_close,cent_eigen,diam,mean_path_length,deg_het_row,deg_het_col
configuration,Minneapolis_crimes_2016-05-11,crimes,3.879845,2.62471,2.545492,0.22009621771739146,0.14040112274042957,0.13572821044998182,3.903600291794133,2.637638424727604,2,2.437862726780652,1.4244351013194005,5.879844888287857,4.6247098491612375,4.545491726741764,-0.6247098491612441,0,0.14107883817427386,-0.5247712382911907,0.6575963718820854,0.16380084706849468,10.763580268535877,16.756962265944303,160,148,443,1062,0.7677572873289709,0.321888122649347,0.8940444979864107,10,4.264808362369338,2.17687074829932,1.4285714285714286
