randomization,name,type,l1,l2,l3,ipr1,ipr2,ipr3,l1_cm,l1_er,l1_reg,l2_mp,l3_mp,l1_lap,l2_lap,l3_lap,alg_conn,clustering_c,clustering_r,deg_assort,Q,N.olap,N.temp,N.nodf,H2,H3,H4,H17,cent_between,cent_close,cent_eigen,diam,mean_path_length,deg_het_row,deg_het_col
configuration,Minneapolis_crimes_2016-07-22,crimes,4.515482,2.990747,2.654484,0.1596201158363553,0.10743728064616219,0.17275002276208762,4.0942647693122085,3.1980963389211756,2.326530612244898,2.873968689107761,1.7354637003843574,6.515481996854758,4.9907473228520685,4.654483575149943,-0.990747322852043,0.36363636363636365,0.4257679180887372,-0.4444209121811232,0.5820252385349338,0.12789611110430316,15.821321953593667,17.61340966258999,251,369,837,2562,0.5358852963365937,0.23986291909406027,0.8778235067894673,11,4.2023809523809526,1.8799630655586332,1.218528778085565
