randomization,name,type,l1,l2,l3,ipr1,ipr2,ipr3,l1_cm,l1_er,l1_reg,l2_mp,l3_mp,l1_lap,l2_lap,l3_lap,alg_conn,clustering_c,clustering_r,deg_assort,Q,N.olap,N.temp,N.nodf,H2,H3,H4,H17,cent_between,cent_close,cent_eigen,diam,mean_path_length,deg_het_row,deg_het_col
configuration,Minneapolis_crimes_2016-03-17,crimes,3.706176,3.145734,2.484766,0.15633929133859076,0.19416189998522795,0.15757066301926198,3.7252585172586565,2.691358703847333,2.048780487804878,2.515615241066803,1.4669688330402035,5.7061759792882185,5.1457338171598055,4.484766069606449,-1.1457338171598044,0.20754716981132076,0.1021021021021021,-0.5025577585342206,0.6258503401360537,0.15092325627733136,12.797990713883541,18.029661016949152,151,185,368,721,0.5309935897435898,0.3052630657686228,0.8510150647244467,7,3.6463414634146343,2.0816326530612246,1.3151927437641724
