randomization,name,type,l1,l2,l3,ipr1,ipr2,ipr3,l1_cm,l1_er,l1_reg,l2_mp,l3_mp,l1_lap,l2_lap,l3_lap,alg_conn,clustering_c,clustering_r,deg_assort,Q,N.olap,N.temp,N.nodf,H2,H3,H4,H17,cent_between,cent_close,cent_eigen,diam,mean_path_length,deg_het_row,deg_het_col
configuration,Minneapolis_crimes_2016-10-03,crimes,4.861772,3.413071,2.798949,0.14046329081267278,0.10773800539416202,0.06562717351123927,4.737850972108561,3.558685650525457,2.5185185185185186,2.98978542088788,1.833537739881105,6.861772273964138,5.413071176176531,4.798948614862,-1.4130711761765302,0.569023569023569,0.4223826714801444,-0.4645817354083676,0.5434688581314875,0.1345374414388861,17.01918931135864,21.379654146644437,346,656,1264,4316,0.4997678799215804,0.29274906481436475,0.8673153885907211,8,3.7386443046820403,1.7491349480968856,1.3987889273356402
