randomization,name,type,l1,l2,l3,ipr1,ipr2,ipr3,l1_cm,l1_er,l1_reg,l2_mp,l3_mp,l1_lap,l2_lap,l3_lap,alg_conn,clustering_c,clustering_r,deg_assort,Q,N.olap,N.temp,N.nodf,H2,H3,H4,H17,cent_between,cent_close,cent_eigen,diam,mean_path_length,deg_het_row,deg_het_col
configuration,Minneapolis_crimes_2016-05-19,crimes,4.213271,3.161585,2.39413,0.2346487778886042,0.25935926877210674,0.2318813271242141,3.984474000147477,2.964615481105464,2.0952380952380953,2.690903714230628,1.5584072142753234,6.213270628638996,5.161585014101253,4.3941302400960085,-1.1615850141012525,0.20689655172413793,0.1134020618556701,-0.5539945364330715,0.6033057851239666,0.197285699837375,16.923807766395687,18.64952718676123,216,157,825,2606,0.8056513979773944,0.39907493062889904,0.8913227208498945,8,3.5900116144018583,2.101239669421487,1.1590909090909092
