randomization,name,type,l1,l2,l3,ipr1,ipr2,ipr3,l1_cm,l1_er,l1_reg,l2_mp,l3_mp,l1_lap,l2_lap,l3_lap,alg_conn,clustering_c,clustering_r,deg_assort,Q,N.olap,N.temp,N.nodf,H2,H3,H4,H17,cent_between,cent_close,cent_eigen,diam,mean_path_length,deg_het_row,deg_het_col
configuration,Minneapolis_crimes_2016-04-24,crimes,4.057865,3.283021,2.389735,0.12464863463950972,0.15117045182901293,0.19795932210444778,4.281479389140767,2.991190443187681,2.1538461538461537,2.5099276860671567,1.4299271178918527,6.05786494314535,5.283020603169846,4.3897350277779195,-1.2830206031698435,0.6271186440677966,0.2450657894736842,-0.5963581183611533,0.5765306122448979,0.21716765238893507,17.457346176367857,22.169143665958956,189,261,550,1241,0.5239574754810211,0.3761645227042965,0.8090287281654728,8,3.3036437246963564,1.9183673469387752,1.4625850340136057
