randomization,name,type,l1,l2,l3,ipr1,ipr2,ipr3,l1_cm,l1_er,l1_reg,l2_mp,l3_mp,l1_lap,l2_lap,l3_lap,alg_conn,clustering_c,clustering_r,deg_assort,Q,N.olap,N.temp,N.nodf,H2,H3,H4,H17,cent_between,cent_close,cent_eigen,diam,mean_path_length,deg_het_row,deg_het_col
configuration,Minneapolis_crimes_2016-09-12,crimes,2.987402,2.723257,2.180096,0.09355885726862452,0.0959569523258525,0.08216045539129664,2.9555942194561564,2.7922440767466914,2.129032258064516,2.692170522042261,1.4878958509222482,4.987401797006506,4.723257236778653,4.18009615392821,-0.7232572367786506,0.1935483870967742,0.18461538461538463,-0.5879335613092328,0.6051423324150593,-0.0032695005855683384,29.798511072195666,13.945068664169789,74,93,72,51,0.49081736909323126,0.21908184762440328,0.7216188762130247,8,4.236559139784946,1.247933884297521,1.2727272727272727
