randomization,name,type,l1,l2,l3,ipr1,ipr2,ipr3,l1_cm,l1_er,l1_reg,l2_mp,l3_mp,l1_lap,l2_lap,l3_lap,alg_conn,clustering_c,clustering_r,deg_assort,Q,N.olap,N.temp,N.nodf,H2,H3,H4,H17,cent_between,cent_close,cent_eigen,diam,mean_path_length,deg_het_row,deg_het_col
configuration,Minneapolis_crimes_2016-03-07,crimes,4.066198,2.856164,2.195349,0.11913048861865701,0.11318802844418564,0.11288384176929661,3.8297084310253524,3.095841749469754,2.3333333333333335,2.678600031743028,1.5236202639989513,6.066197776586948,4.856164344356127,4.195349338039155,-0.8561643443561124,0.5208333333333334,0.4490934449093445,-0.48787061994609143,0.5187074829931971,0.1340398181919921,21.540364053327494,24.504504504504506,154,263,343,637,0.5554834505230665,0.29314042485972813,0.8076033808275133,9,3.6634920634920634,1.746031746031746,1.238095238095238
