randomization,name,type,l1,l2,l3,ipr1,ipr2,ipr3,l1_cm,l1_er,l1_reg,l2_mp,l3_mp,l1_lap,l2_lap,l3_lap,alg_conn,clustering_c,clustering_r,deg_assort,Q,N.olap,N.temp,N.nodf,H2,H3,H4,H17,cent_between,cent_close,cent_eigen,diam,mean_path_length,deg_het_row,deg_het_col
configuration,Minneapolis_crimes_2016-09-26,crimes,3.809133,3.100001,2.791207,0.15921700831635752,0.11324403205993566,0.17317573043742557,3.7507368890505175,2.966651728598541,2.048780487804878,2.7885674087419585,1.6028806651567993,5.809132891902504,5.100000697369025,4.7912065198809035,-1.1000006973690286,0.22727272727272727,0.10068649885583524,-0.7034293029716994,0.6264172335600905,0.1306672236844866,21.912637336773567,16.297961630695443,179,148,486,1011,0.6143643162393163,0.290052968870025,0.8528660405785012,8,3.6658536585365855,1.7052154195011338,1.2346938775510206
