randomization,name,type,l1,l2,l3,ipr1,ipr2,ipr3,l1_cm,l1_er,l1_reg,l2_mp,l3_mp,l1_lap,l2_lap,l3_lap,alg_conn,clustering_c,clustering_r,deg_assort,Q,N.olap,N.temp,N.nodf,H2,H3,H4,H17,cent_between,cent_close,cent_eigen,diam,mean_path_length,deg_het_row,deg_het_col
configuration,Minneapolis_crimes_2016-11-09,crimes,3.726485,2.581785,2.044004,0.1239036793576088,0.11271797163676002,0.1709257547908206,3.616213920905147,3.1210241257723714,2.2142857142857144,2.6309392062392556,1.3925394030665255,5.726484688580838,4.581785149535211,4.044004179025796,-0.5817851495352111,0.6590909090909091,0.391644908616188,-0.6006884681583478,0.5296566077003122,0.09102811178672013,33.947153561321784,23.086043360433603,105,153,196,287,0.49061939432309826,0.2987226782180403,0.7555086021121974,6,3.380952380952381,1.3298647242455774,1.350676378772112
