randomization,name,type,l1,l2,l3,ipr1,ipr2,ipr3,l1_cm,l1_er,l1_reg,l2_mp,l3_mp,l1_lap,l2_lap,l3_lap,alg_conn,clustering_c,clustering_r,deg_assort,Q,N.olap,N.temp,N.nodf,H2,H3,H4,H17,cent_between,cent_close,cent_eigen,diam,mean_path_length,deg_het_row,deg_het_col
configuration,Minneapolis_crimes_2016-08-11,crimes,3.525076,2.970741,2.614439,0.11610014424179048,0.13422342007836238,0.13533528556881314,3.3416562759605704,2.9162302424499122,2.1818181818181817,2.8248491026010307,1.6781726644212849,5.5250761942956155,4.970741466470843,4.614438885628104,-0.9707414664708317,0.2463768115942029,0.25,-0.46812981554984806,0.6297743055555557,0.03815127516036102,24.490112219581743,14.515548212167428,134,207,199,238,0.49540292049756635,0.23729314736231727,0.8333501361752912,12,4.526427061310782,1.3958333333333333,1.3333333333333333
