randomization,name,type,l1,l2,l3,ipr1,ipr2,ipr3,l1_cm,l1_er,l1_reg,l2_mp,l3_mp,l1_lap,l2_lap,l3_lap,alg_conn,clustering_c,clustering_r,deg_assort,Q,N.olap,N.temp,N.nodf,H2,H3,H4,H17,cent_between,cent_close,cent_eigen,diam,mean_path_length,deg_het_row,deg_het_col
configuration,Minneapolis_crimes_2016-04-27,crimes,3.566936,2.575857,2.303352,0.229733373068094,0.16800934216094607,0.2224001020006271,3.4864291540338717,2.667438160004569,2.0625,2.417164963807838,1.3360647596733926,5.566936219957652,4.5758569137212115,4.303351532049598,-0.5758569137212226,0.17857142857142858,0.07857142857142857,-0.45649936429133603,0.5904499540863174,0.17492450043836502,16.545375038837054,21.76328502415459,106,112,245,505,0.649601109954908,0.3326086551384887,0.8729711576025891,9,3.6693548387096775,1.992653810835629,1.2323232323232325
