randomization,name,type,l1,l2,l3,ipr1,ipr2,ipr3,l1_cm,l1_er,l1_reg,l2_mp,l3_mp,l1_lap,l2_lap,l3_lap,alg_conn,clustering_c,clustering_r,deg_assort,Q,N.olap,N.temp,N.nodf,H2,H3,H4,H17,cent_between,cent_close,cent_eigen,diam,mean_path_length,deg_het_row,deg_het_col
configuration,Minneapolis_crimes_2016-03-10,crimes,4.152524,2.017857,1.792804,0.19722140707410885,0.08320501979988731,0.14638674344580868,4.265596382687889,2.9286483293464474,2.2857142857142856,2.090875018370103,1.1074396657911332,6.152524084018924,4.017857400036988,3.792803678414553,-0.017857400037004235,0.42168674698795183,0.6537216828478964,-0.40413253291764784,0.470703125,0.3991126402251722,17.271901888174188,39.77455716586151,139,223,469,1367,0.8215891104779992,0.548872127826388,0.8328603472028866,6,2.8386243386243386,2.408203125,1.2617187500000002
