randomization,name,type,l1,l2,l3,ipr1,ipr2,ipr3,l1_cm,l1_er,l1_reg,l2_mp,l3_mp,l1_lap,l2_lap,l3_lap,alg_conn,clustering_c,clustering_r,deg_assort,Q,N.olap,N.temp,N.nodf,H2,H3,H4,H17,cent_between,cent_close,cent_eigen,diam,mean_path_length,deg_het_row,deg_het_col
configuration,Minneapolis_crimes_2016-06-06,crimes,3.125272,2.634454,2.541667,0.10531858185638364,0.10505813825913969,0.17563964709729563,3.1847385816589036,2.8308992672472364,2.1379310344827585,2.6112763826594705,1.41348124762492,5.125271697256962,4.634453797406307,4.541666803022449,-0.6344537974063142,0.37037037037037035,0.09395973154362416,-0.62376390605686,0.5608740894901143,0.047594381882307586,28.73475857672528,18.407362945178072,83,92,116,121,0.47238599143361043,0.2441944687583597,0.7433456893096468,8,3.561576354679803,1.4235171696149844,1.2455775234131112
