randomization,name,type,l1,l2,l3,ipr1,ipr2,ipr3,l1_cm,l1_er,l1_reg,l2_mp,l3_mp,l1_lap,l2_lap,l3_lap,alg_conn,clustering_c,clustering_r,deg_assort,Q,N.olap,N.temp,N.nodf,H2,H3,H4,H17,cent_between,cent_close,cent_eigen,diam,mean_path_length,deg_het_row,deg_het_col
configuration,Minneapolis_crimes_2016-12-31,crimes,2.237455,1.719526,1.414214,0.162923342528833,0.1284714903372826,0.13499999999999976,2.160246899469287,2.2373985744503324,1.8461538461538463,2.1290742282234514,0.9233542091970832,4.237454735745252,3.719526085414588,3.414213562373093,0.2804739145854106,0,0,-0.05000000000000064,0.5138888888888888,-0.12384259259259256,36.968450087736606,20.833333333333332,14,16,3,0,0.48737373737373735,0.3033746499510113,0.6281779418255268,7,3.3846153846153846,1.1666666666666667,1.1666666666666667
