randomization,name,type,l1,l2,l3,ipr1,ipr2,ipr3,l1_cm,l1_er,l1_reg,l2_mp,l3_mp,l1_lap,l2_lap,l3_lap,alg_conn,clustering_c,clustering_r,deg_assort,Q,N.olap,N.temp,N.nodf,H2,H3,H4,H17,cent_between,cent_close,cent_eigen,diam,mean_path_length,deg_het_row,deg_het_col
configuration,Minneapolis_crimes_2016-07-08,crimes,3.317009,2.856447,2.343392,0.20832051706822188,0.12843513978797902,0.143604155679389,3.2527740651635577,2.656039430156385,2.0526315789473686,2.584417706624322,1.4914264989438013,5.317008920017018,4.856447465497272,4.343391726340472,-0.8564474654972531,0.12121212121212122,0.0641025641025641,-0.44755244755244755,0.6370808678500989,0.07797549328490061,15.415234991514678,16.538789428815004,104,128,169,241,0.5825961096231368,0.21817873140195554,0.8805038509890188,10,4.236130867709815,1.648915187376726,1.3162393162393162
