randomization,name,type,l1,l2,l3,ipr1,ipr2,ipr3,l1_cm,l1_er,l1_reg,l2_mp,l3_mp,l1_lap,l2_lap,l3_lap,alg_conn,clustering_c,clustering_r,deg_assort,Q,N.olap,N.temp,N.nodf,H2,H3,H4,H17,cent_between,cent_close,cent_eigen,diam,mean_path_length,deg_het_row,deg_het_col
configuration,Minneapolis_crimes_2016-09-08,crimes,4.016886,3.010069,2.671156,0.10228956444005391,0.08734028071204304,0.13706786527216472,3.918218803263243,3.1080548063672637,2.3555555555555556,2.7864134073882245,1.6652607839447742,6.0168864238012425,5.010068514722159,4.671156339577417,-1.0100685147221633,0.4567901234567901,0.25442477876106195,-0.49386715397181385,0.5400498398006411,0.11176148887939867,17.931096598911957,20.16273989270505,192,359,395,689,0.43348102742923034,0.28053653829230074,0.8093153510361121,7,3.529292929292929,1.735493058027768,1.3100747597009612
