randomization,name,type,l1,l2,l3,ipr1,ipr2,ipr3,l1_cm,l1_er,l1_reg,l2_mp,l3_mp,l1_lap,l2_lap,l3_lap,alg_conn,clustering_c,clustering_r,deg_assort,Q,N.olap,N.temp,N.nodf,H2,H3,H4,H17,cent_between,cent_close,cent_eigen,diam,mean_path_length,deg_het_row,deg_het_col
configuration,Minneapolis_crimes_2016-02-08,crimes,3.642136,2.20523,1.847474,0.12155347965408163,0.12027853167319884,0.12393140516789045,3.552190247657853,3.3201841150751803,2.526315789473684,2.4104335806252477,1.16110985425448,5.642135637351288,4.205229996922553,3.8474740342424227,-0.2052299969225465,0.7741935483870968,0.6556291390728477,-0.6942355889724311,0.375,0.16633663366336632,31.48833309147467,33.663366336633665,78,115,125,156,0.3997821350762527,0.24149764885224548,0.6858563366774288,7,3.0058479532163744,1.371527777777778,1.1180555555555556
