randomization,name,type,l1,l2,l3,ipr1,ipr2,ipr3,l1_cm,l1_er,l1_reg,l2_mp,l3_mp,l1_lap,l2_lap,l3_lap,alg_conn,clustering_c,clustering_r,deg_assort,Q,N.olap,N.temp,N.nodf,H2,H3,H4,H17,cent_between,cent_close,cent_eigen,diam,mean_path_length,deg_het_row,deg_het_col
configuration,Minneapolis_crimes_2016-03-21,crimes,3.428458,2.823729,2.368238,0.12498330145512555,0.12730920324815392,0.09895719011960208,3.5628941713209863,2.7434858558456483,2.1463414634146343,2.572157209525178,1.511992090691526,5.428458380866072,4.823729066392306,4.368237668353368,-0.823729066392301,0.3711340206185567,0.09829059829059829,-0.3602763385146804,0.627066115702479,0.05142533262418174,15.124651057606448,14.61915535444947,116,211,151,148,0.6150293803418803,0.306077648973634,0.8235423544041439,8,3.978048780487805,1.3884297520661157,1.7851239669421488
