randomization,name,type,l1,l2,l3,ipr1,ipr2,ipr3,l1_cm,l1_er,l1_reg,l2_mp,l3_mp,l1_lap,l2_lap,l3_lap,alg_conn,clustering_c,clustering_r,deg_assort,Q,N.olap,N.temp,N.nodf,H2,H3,H4,H17,cent_between,cent_close,cent_eigen,diam,mean_path_length,deg_het_row,deg_het_col
configuration,Minneapolis_crimes_2016-03-04,crimes,2.931253,2.455881,2.224405,0.1986823296987882,0.14839841332364964,0.1950859876586056,3.077196094250273,2.512254509987577,2,2.339535325281284,1.248452143400642,4.931252991688003,4.4558810080462825,4.22440492764348,-0.4558810080462934,0,0,-0.5588602849287675,0.6035665294924554,0.0629388465023824,16.739707846152662,18.526703499079186,61,55,75,77,0.41449704142011834,0.2034247922466124,0.8441463227694436,10,3.982905982905983,1.604938271604938,1.375857338820302
