randomization,name,type,l1,l2,l3,ipr1,ipr2,ipr3,l1_cm,l1_er,l1_reg,l2_mp,l3_mp,l1_lap,l2_lap,l3_lap,alg_conn,clustering_c,clustering_r,deg_assort,Q,N.olap,N.temp,N.nodf,H2,H3,H4,H17,cent_between,cent_close,cent_eigen,diam,mean_path_length,deg_het_row,deg_het_col
configuration,Minneapolis_crimes_2016-01-12,crimes,3.68316,2.58984,1.57349,0.23944257339823746,0.17240453542765963,0.1387389619866235,3.8369548110737797,2.9086900730700873,2.0869565217391304,2.0801237818535077,1.0163937746484815,5.683160176097782,4.589839516115666,3.5734897031496278,-0.5898395161156641,0.3076923076923077,0.391304347826087,-0.639686684073107,0.4618055555555554,0.29272548094273104,27.03364299061279,22.085889570552148,102,66,302,721,0.6934277843368752,0.31983827391656994,0.8425476111941764,6,3.1620553359683794,1.8402777777777777,1.2500000000000002
