randomization,name,type,l1,l2,l3,ipr1,ipr2,ipr3,l1_cm,l1_er,l1_reg,l2_mp,l3_mp,l1_lap,l2_lap,l3_lap,alg_conn,clustering_c,clustering_r,deg_assort,Q,N.olap,N.temp,N.nodf,H2,H3,H4,H17,cent_between,cent_close,cent_eigen,diam,mean_path_length,deg_het_row,deg_het_col
configuration,Minneapolis_crimes_2016-02-17,crimes,3.55605,2.688449,2.088308,0.23954128938533414,0.2613951225612475,0.21912699623484516,3.3668442402951024,2.6071909730135054,1.9428571428571428,2.5205553878045435,1.4117742156482276,5.5560500736169764,4.688449446705525,4.088308109133301,-0.6884494467055124,0,0,-0.502894551750257,0.6340830449826991,0.128761659357354,17.745539434990338,15.304709141274238,111,89,265,532,0.7567369193666772,0.30075315759754573,0.8938505658965632,10,4.329411764705882,1.8217993079584776,1.259515570934256
