randomization,name,type,l1,l2,l3,ipr1,ipr2,ipr3,l1_cm,l1_er,l1_reg,l2_mp,l3_mp,l1_lap,l2_lap,l3_lap,alg_conn,clustering_c,clustering_r,deg_assort,Q,N.olap,N.temp,N.nodf,H2,H3,H4,H17,cent_between,cent_close,cent_eigen,diam,mean_path_length,deg_het_row,deg_het_col
configuration,Minneapolis_crimes_2016-04-30,crimes,3.19536,2.706992,2.512313,0.09899125034582527,0.10795997399705982,0.22585767306792914,3.0374902079251687,2.755878784842796,2.088888888888889,2.7910757314460444,1.6682343052976072,5.195360326643581,4.706991556207995,4.5123127901221585,-0.7069915562079956,0.3617021276595745,0.11403508771929824,-0.5294710789256575,0.6319601629696701,0.011528589395615475,24.468914469423982,10.656213704994192,112,144,129,107,0.43942196809532963,0.17830756837529763,0.8059613120493808,12,4.941414141414142,1.347668628338615,1.289271163422363
