randomization,name,type,l1,l2,l3,ipr1,ipr2,ipr3,l1_cm,l1_er,l1_reg,l2_mp,l3_mp,l1_lap,l2_lap,l3_lap,alg_conn,clustering_c,clustering_r,deg_assort,Q,N.olap,N.temp,N.nodf,H2,H3,H4,H17,cent_between,cent_close,cent_eigen,diam,mean_path_length,deg_het_row,deg_het_col
configuration,Minneapolis_crimes_2016-12-08,crimes,3.773599,2.941742,2.376371,0.25848307862616726,0.21177750513613644,0.22781770233436818,3.4894799882267984,2.76890756302521,1.9428571428571428,2.6485290034947586,1.467728216670609,5.773598569200236,4.94174176899098,4.376371226574051,-0.9417417689909899,0,0,-0.6042512862171678,0.6150519031141868,0.16922499203200958,22.956266903683684,14.452798663324977,142,68,440,1086,0.6311733249449513,0.16606168258998466,0.9058904008464997,10,4.53109243697479,1.8529411764705885,1.1141868512110729
