randomization,name,type,l1,l2,l3,ipr1,ipr2,ipr3,l1_cm,l1_er,l1_reg,l2_mp,l3_mp,l1_lap,l2_lap,l3_lap,alg_conn,clustering_c,clustering_r,deg_assort,Q,N.olap,N.temp,N.nodf,H2,H3,H4,H17,cent_between,cent_close,cent_eigen,diam,mean_path_length,deg_het_row,deg_het_col
configuration,Minneapolis_crimes_2016-06-08,crimes,3.462705,2.710172,2.545212,0.1314615603240057,0.11181525531088406,0.08766413858185498,3.420625713536756,2.8604626068353824,2.210526315789474,2.66852471405829,1.5437101633552412,5.462705233733485,4.7101718630997125,4.545211775451814,-0.7101718630997031,0.31343283582089554,0.16382252559726962,-0.5208599261001007,0.5844671201814059,0.07967377996865845,16.55471784479084,18.89416636219705,121,164,194,266,0.4014433352271189,0.2156756007942798,0.8283422302644415,9,3.9004267425320056,1.6326530612244898,1.2675736961451245
