randomization,name,type,l1,l2,l3,ipr1,ipr2,ipr3,l1_cm,l1_er,l1_reg,l2_mp,l3_mp,l1_lap,l2_lap,l3_lap,alg_conn,clustering_c,clustering_r,deg_assort,Q,N.olap,N.temp,N.nodf,H2,H3,H4,H17,cent_between,cent_close,cent_eigen,diam,mean_path_length,deg_het_row,deg_het_col
configuration,Minneapolis_crimes_2016-01-16,crimes,3.247751,2.62556,1.959448,0.22444478039523233,0.23242911364567137,0.2910664629108863,3.1283205420782343,2.6809260417529464,1.9166666666666667,2.4595834990432586,1.240100539509527,5.247751180019181,4.6255597049906765,3.959448027861529,-0.6255597049906663,0,0,-0.6927840990926112,0.559546313799622,0.1656932386214154,31.46906677689167,20.106550907655883,76,42,159,246,0.7394741364495617,0.3774085870474245,0.8403160603141742,7,3.322463768115942,1.5784499054820418,1.113421550094518
