randomization,name,type,l1,l2,l3,ipr1,ipr2,ipr3,l1_cm,l1_er,l1_reg,l2_mp,l3_mp,l1_lap,l2_lap,l3_lap,alg_conn,clustering_c,clustering_r,deg_assort,Q,N.olap,N.temp,N.nodf,H2,H3,H4,H17,cent_between,cent_close,cent_eigen,diam,mean_path_length,deg_het_row,deg_het_col
configuration,Minneapolis_crimes_2016-10-06,crimes,4.054524,3.136898,2.891222,0.13230367768316045,0.09447995626664121,0.10868459989071305,3.7849632026031665,3.322389483823934,2.375,3.0435769773421857,1.8323764682041506,6.054523939395465,5.1368975977699725,4.891221668555844,-1.1368975977699833,0.46078431372549017,0.3377630121816168,-0.6421111136842594,0.5860264696829791,0.06749984982188477,22.354094662992864,16.89876274134249,214,317,449,767,0.35165248474044514,0.17390190540592845,0.8611018549547985,9,3.798758865248227,1.4727608494921516,1.218528778085565
