randomization,name,type,l1,l2,l3,ipr1,ipr2,ipr3,l1_cm,l1_er,l1_reg,l2_mp,l3_mp,l1_lap,l2_lap,l3_lap,alg_conn,clustering_c,clustering_r,deg_assort,Q,N.olap,N.temp,N.nodf,H2,H3,H4,H17,cent_between,cent_close,cent_eigen,diam,mean_path_length,deg_het_row,deg_het_col
configuration,Minneapolis_crimes_2016-12-02,crimes,3.668458,2.52054,2.145452,0.24313062018220422,0.1799090018117734,0.17966901875969174,3.3934600239661075,2.744703114387556,2,2.606409152495237,1.447539263561682,5.668458455625189,4.520539668672927,4.145452025626629,-0.5205396686729311,0.25,0.020833333333333332,-0.5284987958255284,0.6193771626297575,0.1307272849907411,20.33078765948431,16.591123701605287,120,75,321,736,0.7134986225895317,0.27905917797736335,0.8896437387397541,10,4.385026737967914,1.7716262975778547,1.1695501730103806
