randomization,name,type,l1,l2,l3,ipr1,ipr2,ipr3,l1_cm,l1_er,l1_reg,l2_mp,l3_mp,l1_lap,l2_lap,l3_lap,alg_conn,clustering_c,clustering_r,deg_assort,Q,N.olap,N.temp,N.nodf,H2,H3,H4,H17,cent_between,cent_close,cent_eigen,diam,mean_path_length,deg_het_row,deg_het_col
configuration,Minneapolis_crimes_2016-11-07,crimes,3.83501,2.949329,2.342437,0.2228464895981592,0.16004070849928598,0.1050734957478871,3.5641567881598606,2.7442356270300867,2,2.715186930635118,1.6120160531408974,5.835010152019825,4.949329098520085,4.342437428597645,-0.9493290985200821,0.3333333333333333,0.02097902097902098,-0.4567312190101974,0.7022684310018906,0.09559800218200755,17.579915820224112,9.22948717948718,162,146,446,1082,0.5848260381593715,0.23509219577560964,0.9031955663352854,15,4.84927536231884,1.7466918714555768,1.3232514177693762
