randomization,name,type,l1,l2,l3,ipr1,ipr2,ipr3,l1_cm,l1_er,l1_reg,l2_mp,l3_mp,l1_lap,l2_lap,l3_lap,alg_conn,clustering_c,clustering_r,deg_assort,Q,N.olap,N.temp,N.nodf,H2,H3,H4,H17,cent_between,cent_close,cent_eigen,diam,mean_path_length,deg_het_row,deg_het_col
configuration,Minneapolis_crimes_2016-08-16,crimes,4.130576,2.922545,2.763339,0.09580235000882295,0.095996325163898,0.0937525044740984,4.044749683231337,3.55471452726803,2.558139534883721,3.047791508511917,1.7998071093945456,6.130575613732721,4.922545006063786,4.763338957846002,-0.9225450060637816,0.6153846153846154,0.3004405286343612,-0.5736227468900738,0.5193388429752064,0.06220163502979151,25.6826969861604,19.76522895371063,210,391,436,772,0.34804891098859925,0.2635662432219436,0.7812458332707714,7,3.3576965669988925,1.3520661157024794,1.3199999999999998
