randomization,name,type,l1,l2,l3,ipr1,ipr2,ipr3,l1_cm,l1_er,l1_reg,l2_mp,l3_mp,l1_lap,l2_lap,l3_lap,alg_conn,clustering_c,clustering_r,deg_assort,Q,N.olap,N.temp,N.nodf,H2,H3,H4,H17,cent_between,cent_close,cent_eigen,diam,mean_path_length,deg_het_row,deg_het_col
configuration,Minneapolis_crimes_2016-08-04,crimes,3.750451,3.119625,2.756456,0.09177437342357714,0.10705755571919001,0.07615565010306688,3.7749554104167076,3.0617347811633975,2.217391304347826,2.8524992733169734,1.6992420847027117,5.750450515447416,5.119624629202912,4.756456232320035,-1.119624629202912,0.5,0.1480916030534351,-0.5920790070010484,0.6105344098423686,0.07281126574004752,20.359665171329635,15.096947496947497,178,278,341,522,0.40902250013361124,0.2559144060871538,0.7950211154847856,7,3.6492753623188405,1.4928873510188387,1.4129181084198388
