randomization,name,type,l1,l2,l3,ipr1,ipr2,ipr3,l1_cm,l1_er,l1_reg,l2_mp,l3_mp,l1_lap,l2_lap,l3_lap,alg_conn,clustering_c,clustering_r,deg_assort,Q,N.olap,N.temp,N.nodf,H2,H3,H4,H17,cent_between,cent_close,cent_eigen,diam,mean_path_length,deg_het_row,deg_het_col
configuration,Minneapolis_crimes_2016-11-02,crimes,2.831627,2.238769,1.673954,0.18704178079044015,0.1749597052446913,0.2553254866730173,2.765863337187866,2.4142645814797836,1.9047619047619047,2.2674887775846946,1.1255696658805856,4.831627141286233,4.238768889965253,3.673953908602851,-0.23876888996525475,0,0,-0.4978902953586498,0.5874999999999998,0.0958381895881896,25.905170350667177,23.690476190476193,42,41,47,40,0.6257894736842106,0.3318008794353075,0.7990523423160134,7,3.4761904761904763,1.575,1.19
