randomization,name,type,l1,l2,l3,ipr1,ipr2,ipr3,l1_cm,l1_er,l1_reg,l2_mp,l3_mp,l1_lap,l2_lap,l3_lap,alg_conn,clustering_c,clustering_r,deg_assort,Q,N.olap,N.temp,N.nodf,H2,H3,H4,H17,cent_between,cent_close,cent_eigen,diam,mean_path_length,deg_het_row,deg_het_col
configuration,Minneapolis_crimes_2016-03-20,crimes,3.39098,1.96081,1.2042,0.24514014898433867,0.1791763321224473,0.18852552387597993,3.664982778326809,2.4966997617207336,1.894736842105263,1.5270219888919299,0.6908322555286159,5.390979751659877,3.960809673883892,3.204200373314408,0.03919032611610211,0,0,-0.5778443113772455,0.4567901234567901,0.491962657804242,25.670182140723078,26.567656765676563,66,49,170,331,0.8017429193899782,0.5413234256606944,0.8225710209708739,5,2.6432748538011697,2.0987654320987654,1.3827160493827158
