randomization,name,type,l1,l2,l3,ipr1,ipr2,ipr3,l1_cm,l1_er,l1_reg,l2_mp,l3_mp,l1_lap,l2_lap,l3_lap,alg_conn,clustering_c,clustering_r,deg_assort,Q,N.olap,N.temp,N.nodf,H2,H3,H4,H17,cent_between,cent_close,cent_eigen,diam,mean_path_length,deg_het_row,deg_het_col
configuration,San_Francisco_crimes_2016-12-04,crimes,8.893307,2.917886,2.632775,0.04858439010727929,0.10180598604919489,0.07707261543668145,9.055921589227054,7.798317148137508,6.5,3.030646661613908,1.7455512759999832,10.893307360098152,4.917886056935362,4.6327747899601475,-0.9178860569353503,1,0.9456372536323846,-0.6560002976276597,0.23349984057816986,0.23082688938122978,23.772418811969434,64.99816624816624,1003,7242,3221,7938,0.15735654254782683,0.2620162452245097,0.5054466670305581,4,2.2444444444444445,1.0833515961721092,1.4377967711301045
