randomization,name,type,l1,l2,l3,ipr1,ipr2,ipr3,l1_cm,l1_er,l1_reg,l2_mp,l3_mp,l1_lap,l2_lap,l3_lap,alg_conn,clustering_c,clustering_r,deg_assort,Q,N.olap,N.temp,N.nodf,H2,H3,H4,H17,cent_between,cent_close,cent_eigen,diam,mean_path_length,deg_het_row,deg_het_col
configuration,San_Francisco_crimes_2016-04-15,crimes,9.915957,2.987044,2.466156,0.04488658797676017,0.07964468264958914,0.06292501968921983,10.02476158695788,8.60873603280495,7.1891891891891895,2.9000953228761475,1.6690147689425392,11.915957098630077,4.987043554966438,4.466156203025762,-0.9870435549664277,1,0.9586056998264424,-0.691516828031353,0.21048166650956734,0.17143552409852286,28.163645971557767,67.78443638292123,1267,10491,4362,11389,0.18237147516665853,0.24198939835130104,0.4851906570390069,4,2.2222222222222223,1.0328452710724176,1.4851602690937873
