randomization,name,type,l1,l2,l3,ipr1,ipr2,ipr3,l1_cm,l1_er,l1_reg,l2_mp,l3_mp,l1_lap,l2_lap,l3_lap,alg_conn,clustering_c,clustering_r,deg_assort,Q,N.olap,N.temp,N.nodf,H2,H3,H4,H17,cent_between,cent_close,cent_eigen,diam,mean_path_length,deg_het_row,deg_het_col
configuration,San_Francisco_crimes_2016-04-16,crimes,9.507815,2.702138,2.470442,0.04784060895454304,0.063624367350387,0.10104184095169386,9.636129928555343,8.24240244513897,7.0588235294117645,2.7110784012565943,1.5299154576815024,11.507814927141208,4.702138463714864,4.470441855103497,-0.7021384637148573,1,0.9594450836933631,-0.5987338290572737,0.22499999999999995,0.1712182071995156,22.04421450888031,68.47422394151366,1079,8668,3450,8313,0.11724561912437598,0.2539969679640381,0.4904945625073518,4,2.213903743315508,1.0527777777777778,1.47
