randomization,name,type,l1,l2,l3,ipr1,ipr2,ipr3,l1_cm,l1_er,l1_reg,l2_mp,l3_mp,l1_lap,l2_lap,l3_lap,alg_conn,clustering_c,clustering_r,deg_assort,Q,N.olap,N.temp,N.nodf,H2,H3,H4,H17,cent_between,cent_close,cent_eigen,diam,mean_path_length,deg_het_row,deg_het_col
configuration,San_Francisco_crimes_2016-11-02,crimes,9.871705,2.807641,2.52368,0.04578279269501126,0.08005612342082943,0.09797817196677219,9.989547448692242,9.113446814933148,8.0625,2.861311981113081,1.6087244964156444,11.871705162597165,4.807641129721931,4.523679995270409,-0.807641129721927,1,0.9848646814286927,-0.674529264055259,0.17977757371696768,0.22764238483700183,24.077962770186137,74.87084875671832,1223,10108,4192,11095,0.10663176262037645,0.226659337873812,0.42696050674720887,4,1.9919354838709677,1.058229673697494,1.2466798870260203
