randomization,name,type,l1,l2,l3,ipr1,ipr2,ipr3,l1_cm,l1_er,l1_reg,l2_mp,l3_mp,l1_lap,l2_lap,l3_lap,alg_conn,clustering_c,clustering_r,deg_assort,Q,N.olap,N.temp,N.nodf,H2,H3,H4,H17,cent_between,cent_close,cent_eigen,diam,mean_path_length,deg_het_row,deg_het_col
configuration,San_Francisco_crimes_2016-06-24,crimes,9.316619,2.681823,2.45084,0.04959294491027186,0.09600784940438152,0.07004322869824042,9.498771850437649,8.105512797211619,6.857142857142857,2.8167940182797406,1.6029267332279944,11.316619330640549,4.681823496416037,4.450840026910955,-0.681823496416047,1,0.970445465870527,-0.6109497620960274,0.1946,0.33395031501313543,16.89188464747603,71.93947120417708,1090,8253,3836,10957,0.20192235281941984,0.30415952172852745,0.5293455606021389,4,2.1747899159663864,1.1222222222222222,1.3958333333333333
