randomization,name,type,l1,l2,l3,ipr1,ipr2,ipr3,l1_cm,l1_er,l1_reg,l2_mp,l3_mp,l1_lap,l2_lap,l3_lap,alg_conn,clustering_c,clustering_r,deg_assort,Q,N.olap,N.temp,N.nodf,H2,H3,H4,H17,cent_between,cent_close,cent_eigen,diam,mean_path_length,deg_het_row,deg_het_col
configuration,San_Francisco_crimes_2016-11-15,crimes,10.232452,3.286575,2.540811,0.0448973432505944,0.06547597351729316,0.08922884381269963,10.435377653684204,9.402099057813471,8.176470588235293,2.854968186274822,1.6197880253310415,12.232452333734392,5.286574560414324,4.540811393011632,-1.2865745604143126,1,0.98785839672323,-0.6992008836163481,0.2201742204267138,0.26113072744556626,19.692604144118253,76.99685940734376,1406,11799,5427,16969,0.1714584830341276,0.30839368155459884,0.46504791637330023,4,1.985739750445633,1.074996118213343,1.258319962734848
