randomization,name,type,l1,l2,l3,ipr1,ipr2,ipr3,l1_cm,l1_er,l1_reg,l2_mp,l3_mp,l1_lap,l2_lap,l3_lap,alg_conn,clustering_c,clustering_r,deg_assort,Q,N.olap,N.temp,N.nodf,H2,H3,H4,H17,cent_between,cent_close,cent_eigen,diam,mean_path_length,deg_het_row,deg_het_col
configuration,San_Francisco_crimes_2016-03-15,crimes,9.30822,2.863738,2.307727,0.0489379111410635,0.11016990934907453,0.08443208416265452,9.537029612905116,8.38178057197012,7.419354838709677,2.6206953605933268,1.451542323837436,11.308219822036541,4.863738129380131,4.3077269078575675,-0.8637381293801353,1,0.989536330154394,-0.5976089588377717,0.20429065743944644,0.3507124366192994,14.730646731216748,78.59191026838086,1025,7934,3374,8887,0.29001918605341737,0.3914512117834386,0.45150294722689516,4,1.9870967741935484,1.097164461247637,1.3163705103969752
