randomization,name,type,l1,l2,l3,ipr1,ipr2,ipr3,l1_cm,l1_er,l1_reg,l2_mp,l3_mp,l1_lap,l2_lap,l3_lap,alg_conn,clustering_c,clustering_r,deg_assort,Q,N.olap,N.temp,N.nodf,H2,H3,H4,H17,cent_between,cent_close,cent_eigen,diam,mean_path_length,deg_het_row,deg_het_col
configuration,San_Francisco_crimes_2016-05-14,crimes,9.155488,3.084548,2.798302,0.04828533417857284,0.16339780780323146,0.08118830847291987,9.45797555538112,7.687884137512974,6.15,2.889036550269543,1.6808614219256424,11.155487947470876,5.084548206168628,4.798301585873863,-1.0845482061686127,1,0.9415771318084942,-0.6500738667288708,0.24498067678386282,0.26872236715143694,23.813266917521492,65.31615028490027,1119,8141,4066,12119,0.2741865810876925,0.27363095419123346,0.5847991909562065,4,2.3333333333333335,1.1084671822327976,1.6002379535990483
