randomization,name,type,l1,l2,l3,ipr1,ipr2,ipr3,l1_cm,l1_er,l1_reg,l2_mp,l3_mp,l1_lap,l2_lap,l3_lap,alg_conn,clustering_c,clustering_r,deg_assort,Q,N.olap,N.temp,N.nodf,H2,H3,H4,H17,cent_between,cent_close,cent_eigen,diam,mean_path_length,deg_het_row,deg_het_col
configuration,San_Francisco_crimes_2016-12-16,crimes,9.379403,2.727511,2.514639,0.048404771601501737,0.13232541623520053,0.10910372277111084,9.557939556241104,7.857614075823956,6.555555555555555,2.644696758664104,1.502652000340252,11.379402649951444,4.727510933907674,4.514638829628539,-0.7275109339076782,1,0.9522737819025522,-0.6324034042633087,0.22869318181818182,0.25639483941890356,20.934140513458033,68.09045084045084,1053,8255,3383,8195,0.18188081761526187,0.27248588541145835,0.5061649743885539,4,2.2857142857142856,1.067222062625682,1.5983912668773341
