randomization,name,type,l1,l2,l3,ipr1,ipr2,ipr3,l1_cm,l1_er,l1_reg,l2_mp,l3_mp,l1_lap,l2_lap,l3_lap,alg_conn,clustering_c,clustering_r,deg_assort,Q,N.olap,N.temp,N.nodf,H2,H3,H4,H17,cent_between,cent_close,cent_eigen,diam,mean_path_length,deg_het_row,deg_het_col
configuration,San_Francisco_crimes_2016-07-16,crimes,9.152247,2.921391,2.755999,0.044479903343957725,0.08852162843411117,0.08166349282112674,9.214587712602725,8.225874789651435,6.9714285714285715,3.1439658244534825,1.8118082137279772,11.152247393680753,4.921390925012209,4.7559991883415345,-0.9213909250122269,1,0.9491859091646015,-0.698223874432054,0.19124681122448983,0.059960637859188586,34.6048227275028,63.23373325547238,1056,8032,3224,7346,0.13884569278702175,0.2584145267504972,0.43742353192257544,4,2.2252100840336135,1.0279494759473262,1.3873958613276
