randomization,name,type,l1,l2,l3,ipr1,ipr2,ipr3,l1_cm,l1_er,l1_reg,l2_mp,l3_mp,l1_lap,l2_lap,l3_lap,alg_conn,clustering_c,clustering_r,deg_assort,Q,N.olap,N.temp,N.nodf,H2,H3,H4,H17,cent_between,cent_close,cent_eigen,diam,mean_path_length,deg_het_row,deg_het_col
configuration,San_Francisco_crimes_2016-12-31,crimes,9.211146,3.068327,2.692326,0.04848249462202118,0.13686444088077135,0.08339039762157208,9.585946815021138,8.165708150412007,6.914285714285715,2.785220963608951,1.5831524619090755,11.211145707209747,5.068327187439802,4.692326131225923,-1.0683271874397882,1,0.9862809623337928,-0.5996433796207581,0.21076365062248803,0.38546780715258977,16.80281973375948,77.03801810579303,1115,8154,4232,14339,0.3944043423549159,0.47748316542679287,0.5454560747448638,4,2.0504201680672267,1.1358513762721127,1.3813947134758555
