randomization,name,type,l1,l2,l3,ipr1,ipr2,ipr3,l1_cm,l1_er,l1_reg,l2_mp,l3_mp,l1_lap,l2_lap,l3_lap,alg_conn,clustering_c,clustering_r,deg_assort,Q,N.olap,N.temp,N.nodf,H2,H3,H4,H17,cent_between,cent_close,cent_eigen,diam,mean_path_length,deg_het_row,deg_het_col
configuration,San_Francisco_crimes_2016-03-31,crimes,9.446247,2.972723,2.499756,0.048016932587624454,0.06188928468137783,0.061577445170136705,9.681531969365754,8.225874789651435,6.9714285714285715,2.7446592260186344,1.5578419974974196,11.446246620973007,4.972722503417124,4.499756050494228,-0.9727225034171438,1,0.9660992379058979,-0.6478075239655207,0.2373587150505652,0.27213209626974605,18.461742270668797,72.97322082104691,1120,8700,3868,10516,0.160945943456867,0.256790535957316,0.5128223395172196,4,2.1714285714285713,1.0924482665950015,1.4411448535339964
