randomization,name,type,l1,l2,l3,ipr1,ipr2,ipr3,l1_cm,l1_er,l1_reg,l2_mp,l3_mp,l1_lap,l2_lap,l3_lap,alg_conn,clustering_c,clustering_r,deg_assort,Q,N.olap,N.temp,N.nodf,H2,H3,H4,H17,cent_between,cent_close,cent_eigen,diam,mean_path_length,deg_het_row,deg_het_col
configuration,San_Francisco_crimes_2016-02-10,crimes,9.222075,3.11416,2.60186,0.04690918927021479,0.06980471044753184,0.07793808849148928,9.385986798732008,8.225874789651435,6.9714285714285715,3.0058135482272688,1.722693419694544,11.222074528404496,5.114160300186186,4.60185958488739,-1.1141603001861748,1,0.9651652734278182,-0.6233376610992518,0.22920604914933843,0.14943455453117288,26.055600702162824,67.61209563383477,1082,8203,3583,9517,0.19632188979954693,0.3046826454452414,0.5345575457130823,4,2.1714285714285713,1.0588551464660039,1.3974737973662994
