randomization,name,type,l1,l2,l3,ipr1,ipr2,ipr3,l1_cm,l1_er,l1_reg,l2_mp,l3_mp,l1_lap,l2_lap,l3_lap,alg_conn,clustering_c,clustering_r,deg_assort,Q,N.olap,N.temp,N.nodf,H2,H3,H4,H17,cent_between,cent_close,cent_eigen,diam,mean_path_length,deg_het_row,deg_het_col
configuration,San_Francisco_crimes_2016-09-19,crimes,9.092378,3.065606,2.821261,0.04499482687439797,0.0626581777370622,0.09737148845946199,9.153900200946529,8.541957266180637,7.5,3.1856513400922304,1.8168903422715208,11.092378003832952,5.065605977323647,4.821260942301416,-1.0656059773236626,1,0.9782534413745972,-0.7018179412105257,0.1968,0.05794381846012284,36.7450913735125,64.66152205282641,1029,7763,3102,7066,0.15697860651011583,0.20773786130422445,0.4442251293286713,4,2.0443548387096775,1.0319444444444443,1.2405555555555556
