randomization,name,type,l1,l2,l3,ipr1,ipr2,ipr3,l1_cm,l1_er,l1_reg,l2_mp,l3_mp,l1_lap,l2_lap,l3_lap,alg_conn,clustering_c,clustering_r,deg_assort,Q,N.olap,N.temp,N.nodf,H2,H3,H4,H17,cent_between,cent_close,cent_eigen,diam,mean_path_length,deg_het_row,deg_het_col
configuration,San_Francisco_crimes_2016-06-05,crimes,8.760348,2.800963,2.752438,0.049273977628955905,0.09380125047365606,0.10183140479075661,8.90398400281857,7.622826701822652,6.4,2.952853004430925,1.6888916395336897,10.760347600156466,4.800963117774505,4.7524381259501025,-0.8009631177745099,1,0.9409643300906143,-0.5773099160030537,0.26308744794765015,0.17429716409318213,26.75633847927267,64.24775546514677,926,6711,2789,6417,0.19692032505520307,0.27817782952557707,0.48707548271282586,4,2.2756302521008402,1.0570790816326532,1.4947385204081631
