randomization,name,type,l1,l2,l3,ipr1,ipr2,ipr3,l1_cm,l1_er,l1_reg,l2_mp,l3_mp,l1_lap,l2_lap,l3_lap,alg_conn,clustering_c,clustering_r,deg_assort,Q,N.olap,N.temp,N.nodf,H2,H3,H4,H17,cent_between,cent_close,cent_eigen,diam,mean_path_length,deg_het_row,deg_het_col
configuration,San_Francisco_crimes_2016-01-25,crimes,9.750752,2.973345,2.468076,0.045537362908537465,0.10256307489863778,0.09178033473569032,9.862651549009568,8.625792194447294,7.277777777777778,2.9754834410657445,1.710245320829546,11.750752124147146,4.973345027075759,4.468076276801875,-0.9733450270757429,1,0.958946952382589,-0.6817172012692857,0.22581813790604996,0.13921023601326632,31.21940176091934,67.71858809358808,1231,9949,4237,11229,0.1860748731048619,0.23681103167475964,0.5061239808260279,4,2.1904761904761907,1.0448109084552184,1.4105238622457899
