randomization,name,type,l1,l2,l3,ipr1,ipr2,ipr3,l1_cm,l1_er,l1_reg,l2_mp,l3_mp,l1_lap,l2_lap,l3_lap,alg_conn,clustering_c,clustering_r,deg_assort,Q,N.olap,N.temp,N.nodf,H2,H3,H4,H17,cent_between,cent_close,cent_eigen,diam,mean_path_length,deg_het_row,deg_het_col
configuration,San_Francisco_crimes_2016-10-08,crimes,10.169165,2.743232,2.406078,0.04406270521075875,0.11549081648938718,0.07866033811051389,10.28355550851923,8.82251593975899,7.315789473684211,2.913116668336213,1.6837580834319783,12.169165429638761,4.743231639048912,4.406078026810374,-0.7432316390489151,1,0.9658297123370552,-0.7067647801146301,0.17717675305416286,0.20837999263450058,23.647792867936175,69.11853975996654,1378,11586,5073,14786,0.16244819135501157,0.27440157344462845,0.5430406785933984,4,2.2219061166429586,1.0480823973914393,1.4622431551161945
