randomization,name,type,l1,l2,l3,ipr1,ipr2,ipr3,l1_cm,l1_er,l1_reg,l2_mp,l3_mp,l1_lap,l2_lap,l3_lap,alg_conn,clustering_c,clustering_r,deg_assort,Q,N.olap,N.temp,N.nodf,H2,H3,H4,H17,cent_between,cent_close,cent_eigen,diam,mean_path_length,deg_het_row,deg_het_col
configuration,San_Francisco_crimes_2016-03-17,crimes,9.205437,3.036118,2.638256,0.04845057328126417,0.06541849291288145,0.08142203120578884,9.458888540773014,7.970007811028544,6.594594594594595,2.9012225367459052,1.6697290125565154,11.20543660049638,5.036117582159196,4.638256026408492,-1.0361175821591946,1,0.9514455969984551,-0.6502481435874466,0.27096966091612135,0.23866735116735116,20.857066418143205,66.29859066133577,1100,8204,3818,10466,0.19113169704381483,0.2531707872557731,0.5209136719227099,4,2.24024024024024,1.0911045417898417,1.487503359312013
