randomization,name,type,l1,l2,l3,ipr1,ipr2,ipr3,l1_cm,l1_er,l1_reg,l2_mp,l3_mp,l1_lap,l2_lap,l3_lap,alg_conn,clustering_c,clustering_r,deg_assort,Q,N.olap,N.temp,N.nodf,H2,H3,H4,H17,cent_between,cent_close,cent_eigen,diam,mean_path_length,deg_het_row,deg_het_col
configuration,San_Francisco_crimes_2016-08-13,crimes,9.274015,3.045362,2.354937,0.04721699217643746,0.09647544301745456,0.08034385104604766,9.401021294461263,8.26273007685739,7.151515151515151,2.8559089472788854,1.6129901201932082,11.274015191572106,5.045362380679341,4.354936808755574,-1.045362380679342,1,0.9653245178015079,-0.6452433388132384,0.23405654174884946,0.14201894928813566,23.639443284007232,69.82048339430891,1036,8038,3233,7649,0.21301827921271632,0.24012876876493155,0.48499276966848565,4,2.147727272727273,1.0571674806090203,1.380925021545533
