randomization,name,type,l1,l2,l3,ipr1,ipr2,ipr3,l1_cm,l1_er,l1_reg,l2_mp,l3_mp,l1_lap,l2_lap,l3_lap,alg_conn,clustering_c,clustering_r,deg_assort,Q,N.olap,N.temp,N.nodf,H2,H3,H4,H17,cent_between,cent_close,cent_eigen,diam,mean_path_length,deg_het_row,deg_het_col
configuration,San_Francisco_crimes_2016-04-06,crimes,9.567264,2.977572,2.60529,0.04663459641828175,0.06962309599534243,0.08305921974718514,9.814421899986552,8.507905833940047,7.166666666666667,2.9287579177701075,1.6804995937688285,11.567263528506409,4.977572247326167,4.605290090656359,-0.9775722473261772,1,0.9786091372412912,-0.6265794402384673,0.21865115804509752,0.28696377457741096,21.70388263330668,72.9049584049584,1216,9437,4493,14032,0.3060848056466639,0.39192867580654,0.5395448721042982,4,2.104761904761905,1.0810648398533742,1.3921038399134666
