randomization,name,type,l1,l2,l3,ipr1,ipr2,ipr3,l1_cm,l1_er,l1_reg,l2_mp,l3_mp,l1_lap,l2_lap,l3_lap,alg_conn,clustering_c,clustering_r,deg_assort,Q,N.olap,N.temp,N.nodf,H2,H3,H4,H17,cent_between,cent_close,cent_eigen,diam,mean_path_length,deg_het_row,deg_het_col
configuration,San_Francisco_crimes_2016-03-07,crimes,9.451995,2.986305,2.325546,0.04721250755928188,0.07837436491493956,0.10719869906491045,9.612323471264457,8.303656102236653,7.117647058823529,2.782945811715516,1.5746320431201015,11.451995007660697,4.986304683111701,4.325545783343943,-0.9863046831116961,1,0.9630267489263369,-0.6337409945369487,0.22024081694863593,0.21276410827600292,23.36483876050698,72.30870029935451,1088,8622,3509,8577,0.17239497208070884,0.2355617624235929,0.46168971189337427,4,2.156862745098039,1.051157707806844,1.4408851854381528
