randomization,name,type,l1,l2,l3,ipr1,ipr2,ipr3,l1_cm,l1_er,l1_reg,l2_mp,l3_mp,l1_lap,l2_lap,l3_lap,alg_conn,clustering_c,clustering_r,deg_assort,Q,N.olap,N.temp,N.nodf,H2,H3,H4,H17,cent_between,cent_close,cent_eigen,diam,mean_path_length,deg_het_row,deg_het_col
configuration,San_Francisco_crimes_2016-07-18,crimes,9.541151,2.652707,2.421277,0.04737910254783287,0.09760556551659011,0.08409622325051663,9.633144446646092,8.478339195784306,7.4375,2.710059957711806,1.514374907107365,11.541150555732791,4.65270718375271,4.421276712368411,-0.6527071837527212,1,0.9702199964228224,-0.5974927687562274,0.22464348662073388,0.14511697311774951,26.65403456275202,71.40511360620056,1062,8641,3272,7430,0.14895891946153883,0.2289147644344389,0.43549025702067173,4,2.1129032258064515,1.0345314596426805,1.3935456535555397
