randomization,name,type,l1,l2,l3,ipr1,ipr2,ipr3,l1_cm,l1_er,l1_reg,l2_mp,l3_mp,l1_lap,l2_lap,l3_lap,alg_conn,clustering_c,clustering_r,deg_assort,Q,N.olap,N.temp,N.nodf,H2,H3,H4,H17,cent_between,cent_close,cent_eigen,diam,mean_path_length,deg_het_row,deg_het_col
configuration,San_Francisco_crimes_2016-05-18,crimes,9.236136,2.879704,2.46933,0.04793107874955179,0.08577032253679892,0.0548258962104964,9.43895756537286,8.181120739678487,7,2.8456199701342015,1.6139071823138025,11.236136179286422,4.879704445629714,4.469330021045882,-0.8797044456297177,1,0.9715077811946696,-0.6133831909629317,0.2028364452606877,0.23656292404623513,21.36709994878323,72.37478253833393,1059,8043,3539,9540,0.26238202326786353,0.3240901864973576,0.5033491459302643,4,2.135472370766488,1.082550667325754,1.3948167502295035
