randomization,name,type,l1,l2,l3,ipr1,ipr2,ipr3,l1_cm,l1_er,l1_reg,l2_mp,l3_mp,l1_lap,l2_lap,l3_lap,alg_conn,clustering_c,clustering_r,deg_assort,Q,N.olap,N.temp,N.nodf,H2,H3,H4,H17,cent_between,cent_close,cent_eigen,diam,mean_path_length,deg_het_row,deg_het_col
configuration,San_Francisco_crimes_2016-04-17,crimes,9.058448,2.761041,2.552923,0.04743809261794931,0.0898847419250039,0.07544819224925278,9.151396664009251,7.51305959637623,6.051282051282051,2.937512808003272,1.705566802578633,11.058447602201928,4.761040854086449,4.552923301417397,-0.7610408540864381,1,0.9252244028601856,-0.6073929771587193,0.2169924554183815,0.17603043386957246,28.794753247864076,57.70322249812271,1010,7588,3125,7336,0.2182560283721663,0.31462983475161493,0.5477877108279235,4,2.44804318488529,1.0442401608733123,1.6703533467394431
