randomization,name,type,l1,l2,l3,ipr1,ipr2,ipr3,l1_cm,l1_er,l1_reg,l2_mp,l3_mp,l1_lap,l2_lap,l3_lap,alg_conn,clustering_c,clustering_r,deg_assort,Q,N.olap,N.temp,N.nodf,H2,H3,H4,H17,cent_between,cent_close,cent_eigen,diam,mean_path_length,deg_het_row,deg_het_col
configuration,San_Francisco_crimes_2016-01-22,crimes,9.949014,2.687825,2.442614,0.04548361116764232,0.0903398136337309,0.09105460953299298,10.063184998184834,8.853780930995082,7.647058823529412,2.7892176733672276,1.5785505167556844,11.949014347353215,4.687825162893754,4.442613608876166,-0.6878251628937421,1,0.974214370082015,-0.6917332303946319,0.19555555555555565,0.1991517655069057,25.736622155705298,72.97743793070896,1238,10356,4208,10765,0.13076010292153195,0.20829273288530317,0.42410369631832256,4,2.0962566844919786,1.0461538461538462,1.3746745562130176
