randomization,name,type,l1,l2,l3,ipr1,ipr2,ipr3,l1_cm,l1_er,l1_reg,l2_mp,l3_mp,l1_lap,l2_lap,l3_lap,alg_conn,clustering_c,clustering_r,deg_assort,Q,N.olap,N.temp,N.nodf,H2,H3,H4,H17,cent_between,cent_close,cent_eigen,diam,mean_path_length,deg_het_row,deg_het_col
configuration,San_Francisco_crimes_2016-12-22,crimes,9.470679,2.897338,2.589779,0.0455593602684474,0.12008039780491327,0.07000775201670686,9.637795223711361,8.346124627989408,7.085714285714285,2.87946383970538,1.6423693457862405,11.470679365011277,4.897337688165333,4.5897786510212795,-0.8973376881653216,1,0.9643671962500519,-0.6787633592114262,0.2247623358985966,0.17413166543601324,26.314262502352186,68.8688276296972,1125,8855,3691,9349,0.2592249882897963,0.23345726250224175,0.47469446118891273,4,2.161344537815126,1.0483870967741933,1.4405567117585847
