randomization,name,type,l1,l2,l3,ipr1,ipr2,ipr3,l1_cm,l1_er,l1_reg,l2_mp,l3_mp,l1_lap,l2_lap,l3_lap,alg_conn,clustering_c,clustering_r,deg_assort,Q,N.olap,N.temp,N.nodf,H2,H3,H4,H17,cent_between,cent_close,cent_eigen,diam,mean_path_length,deg_het_row,deg_het_col
configuration,San_Francisco_crimes_2016-03-06,crimes,8.68748,2.744812,2.632946,0.050856408484791185,0.09426075886741962,0.0792990286999906,8.83543143442448,7.327534834074045,6,2.9192592419951233,1.681168615439084,10.687479882290695,4.744812493567162,4.6329459264742585,-0.744812493567161,1,0.9205966551152629,-0.621902919308768,0.23680714889506105,0.25847286862456587,21.852107782256315,61.257919970041186,920,6519,2828,6487,0.16544913753160218,0.3008688483471879,0.5029869047426814,4,2.369369369369369,1.0948786624462301,1.5624543462381304
