randomization,name,type,l1,l2,l3,ipr1,ipr2,ipr3,l1_cm,l1_er,l1_reg,l2_mp,l3_mp,l1_lap,l2_lap,l3_lap,alg_conn,clustering_c,clustering_r,deg_assort,Q,N.olap,N.temp,N.nodf,H2,H3,H4,H17,cent_between,cent_close,cent_eigen,diam,mean_path_length,deg_het_row,deg_het_col
configuration,San_Francisco_crimes_2016-04-18,crimes,9.069088,2.788356,2.577963,0.04767507695462276,0.10287313668062747,0.07598026382850986,9.20960827946106,7.73898705305388,6.444444444444445,2.8610228168555705,1.6376332329866383,11.06908792498717,4.7883564373313225,4.577963257882965,-0.7883564373313302,1,0.9478815442118195,-0.6106885539287529,0.23526230394808018,0.14385450108244227,26.311072447189435,64.280687780687785,995,7511,3072,7238,0.20637662280336097,0.2833163240847134,0.5121761631254772,4,2.311111111111111,1.0523186682520809,1.557372175980975
