randomization,name,type,l1,l2,l3,ipr1,ipr2,ipr3,l1_cm,l1_er,l1_reg,l2_mp,l3_mp,l1_lap,l2_lap,l3_lap,alg_conn,clustering_c,clustering_r,deg_assort,Q,N.olap,N.temp,N.nodf,H2,H3,H4,H17,cent_between,cent_close,cent_eigen,diam,mean_path_length,deg_het_row,deg_het_col
configuration,San_Francisco_crimes_2016-11-29,crimes,9.387755,3.090444,2.815306,0.04567715461537152,0.10921873276227902,0.08976783315317159,9.529228070120645,8.670625176727173,7.470588235294118,3.13050440696294,1.7959115061640987,11.387755436004236,5.090444093504779,4.815305711488486,-1.0904440935047752,1,0.9741852656527751,-0.7056738647790279,0.21458178339887343,0.14365403248257155,29.278493799923414,67.68889469824049,1156,8848,3913,10297,0.20230753024490883,0.1995022554354311,0.43536707174118505,4,2.057040998217469,1.0595821191642385,1.2752185504371008
