randomization,name,type,l1,l2,l3,ipr1,ipr2,ipr3,l1_cm,l1_er,l1_reg,l2_mp,l3_mp,l1_lap,l2_lap,l3_lap,alg_conn,clustering_c,clustering_r,deg_assort,Q,N.olap,N.temp,N.nodf,H2,H3,H4,H17,cent_between,cent_close,cent_eigen,diam,mean_path_length,deg_het_row,deg_het_col
configuration,San_Francisco_crimes_2016-09-28,crimes,9.286097,3.055421,2.300372,0.048309180499085495,0.059873835616325775,0.08476484333835163,9.557008785164376,8.181120739678487,7,2.736852356617169,1.5459136239839946,11.28609673170978,5.055421066976325,4.300372483250724,-1.0554210669763282,1,0.9796458750661969,-0.5797871992570935,0.23178891554096712,0.3475954817076312,18.90251977313518,76.13081752100443,1073,8185,3724,10973,0.33512795556841374,0.4190448841356892,0.5360722829026615,4,2.09982174688057,1.0938493044276534,1.4151542970129227
