randomization,name,type,l1,l2,l3,ipr1,ipr2,ipr3,l1_cm,l1_er,l1_reg,l2_mp,l3_mp,l1_lap,l2_lap,l3_lap,alg_conn,clustering_c,clustering_r,deg_assort,Q,N.olap,N.temp,N.nodf,H2,H3,H4,H17,cent_between,cent_close,cent_eigen,diam,mean_path_length,deg_het_row,deg_het_col
configuration,San_Francisco_crimes_2016-05-30,crimes,8.590877,2.978835,2.543722,0.049632037708311365,0.07746099539589896,0.09294141048566563,8.76094259919202,7.5049543287319445,6.352941176470588,2.908664078541768,1.65368380741474,10.59087744313834,4.978834552348057,4.543722466228008,-0.9788345523480404,1,0.9498680738786279,-0.6421621128910969,0.21314035818408994,0.2947094167357549,20.080728356880467,67.05615343465811,884,6192,2659,6135,0.19900698887878668,0.2687053480209338,0.4781617384171962,4,2.228163992869875,1.1059670781893003,1.4279835390946503
