randomization,name,type,l1,l2,l3,ipr1,ipr2,ipr3,l1_cm,l1_er,l1_reg,l2_mp,l3_mp,l1_lap,l2_lap,l3_lap,alg_conn,clustering_c,clustering_r,deg_assort,Q,N.olap,N.temp,N.nodf,H2,H3,H4,H17,cent_between,cent_close,cent_eigen,diam,mean_path_length,deg_het_row,deg_het_col
configuration,San_Francisco_crimes_2016-09-03,crimes,9.18904,3.18611,2.631405,0.04760207118038389,0.07282817097751583,0.07317779192868286,9.363942462227346,7.970007811028544,6.594594594594595,2.979853008442112,1.7197514567646643,11.189039598170906,5.186110488064234,4.631405286774718,-1.1861104880642235,1,0.9540768934502367,-0.6143264171721252,0.255789224952741,0.20138286695823968,26.389838037454325,66.76569081872113,1081,8138,3614,9673,0.24719442876915187,0.2792025394090152,0.5384934952228528,4,2.2582582582582584,1.0615425960763238,1.4983875302338083
