randomization,name,type,l1,l2,l3,ipr1,ipr2,ipr3,l1_cm,l1_er,l1_reg,l2_mp,l3_mp,l1_lap,l2_lap,l3_lap,alg_conn,clustering_c,clustering_r,deg_assort,Q,N.olap,N.temp,N.nodf,H2,H3,H4,H17,cent_between,cent_close,cent_eigen,diam,mean_path_length,deg_het_row,deg_het_col
configuration,San_Francisco_crimes_2016-08-31,crimes,9.957817,2.748298,2.512827,0.04602923624421933,0.07903861134051698,0.08784380513625888,10.103089925141859,8.706251579643638,7.428571428571429,2.7280854248089,1.547529817728004,11.957816991928809,4.7482977555253685,4.5128269914556975,-0.7482977555253751,1,0.9750109815022695,-0.6814280298086298,0.201604938271605,0.3020362244083472,18.952019826949822,73.02690184211923,1252,10371,4427,12211,0.26065964789582624,0.2820557154951243,0.46701654549879656,4,2.127731092436975,1.072189349112426,1.408284023668639
