randomization,name,type,l1,l2,l3,ipr1,ipr2,ipr3,l1_cm,l1_er,l1_reg,l2_mp,l3_mp,l1_lap,l2_lap,l3_lap,alg_conn,clustering_c,clustering_r,deg_assort,Q,N.olap,N.temp,N.nodf,H2,H3,H4,H17,cent_between,cent_close,cent_eigen,diam,mean_path_length,deg_het_row,deg_het_col
configuration,San_Francisco_crimes_2016-08-02,crimes,9.213601,2.96186,2.44594,0.047603986892846534,0.07927375160395089,0.08935446445348783,9.336843051944173,8.200264343234215,7.090909090909092,2.8656574420485375,1.61912651375471,11.213600776912072,4.961860417263516,4.445939657810958,-0.9618604172635106,1,0.9646438641657472,-0.6196131060589855,0.2111243228960233,0.16892827129440627,25.010640479838415,70.15664704423094,1018,7867,3146,7290,0.14243901452950278,0.2397418577128441,0.4535015646018724,4,2.1515151515151514,1.0541310541310542,1.389509825407261
