randomization,name,type,l1,l2,l3,ipr1,ipr2,ipr3,l1_cm,l1_er,l1_reg,l2_mp,l3_mp,l1_lap,l2_lap,l3_lap,alg_conn,clustering_c,clustering_r,deg_assort,Q,N.olap,N.temp,N.nodf,H2,H3,H4,H17,cent_between,cent_close,cent_eigen,diam,mean_path_length,deg_het_row,deg_het_col
configuration,San_Francisco_crimes_2016-09-23,crimes,9.709807,3.121929,2.948914,0.04468543094534648,0.07287539251975998,0.0780870260542673,9.769026783539939,8.826101664751985,7.542857142857143,3.1216253187322796,1.797303229383144,11.709806532917028,5.121928512630086,4.948913571835228,-1.1219285126300864,1,0.9552220784821044,-0.7007870679336009,0.22010765090349863,0.10001275997543016,33.690130678795484,67.07269220312699,1227,9902,4108,10382,0.12826899427044244,0.2252863885599131,0.43088462543913675,4,2.1445378151260504,1.0261707988980717,1.334366391184573
