randomization,name,type,l1,l2,l3,ipr1,ipr2,ipr3,l1_cm,l1_er,l1_reg,l2_mp,l3_mp,l1_lap,l2_lap,l3_lap,alg_conn,clustering_c,clustering_r,deg_assort,Q,N.olap,N.temp,N.nodf,H2,H3,H4,H17,cent_between,cent_close,cent_eigen,diam,mean_path_length,deg_het_row,deg_het_col
configuration,San_Francisco_crimes_2016-06-09,crimes,9.286813,2.97396,2.457661,0.04814872830619877,0.0957781804269485,0.07616997939613078,9.43742549639466,7.853502327809896,6.486486486486487,2.8292276389995625,1.6242691607206348,11.286813160540627,4.973959600189853,4.457660780527591,-0.9739596001898411,1,0.9435472739820566,-0.6317549962363987,0.28142857142857153,0.12610502280026217,23.376467740762777,64.33230069593705,1061,8199,3397,8123,0.21223130026992076,0.2783036737242653,0.49221450970270025,4,2.315315315315315,1.0527777777777778,1.5862499999999997
