randomization,name,type,l1,l2,l3,ipr1,ipr2,ipr3,l1_cm,l1_er,l1_reg,l2_mp,l3_mp,l1_lap,l2_lap,l3_lap,alg_conn,clustering_c,clustering_r,deg_assort,Q,N.olap,N.temp,N.nodf,H2,H3,H4,H17,cent_between,cent_close,cent_eigen,diam,mean_path_length,deg_het_row,deg_het_col
configuration,San_Francisco_crimes_2016-02-14,crimes,8.617859,2.759558,2.519619,0.051440010173516,0.07911105957436376,0.10362279347348442,8.737673533356016,7.448203883774337,6.363636363636363,2.808869026488682,1.583474055965521,10.617859477575605,4.7595582526980325,4.519618543754367,-0.7595582526980353,1,0.944632398413911,-0.4879443275514682,0.2624,0.1395367582568511,27.9535869331106,63.79168929504501,838,6063,2377,5087,0.18682658309818145,0.28654776200382454,0.5080903885795527,4,2.265151515151515,1.0530612244897959,1.5124716553287982
