randomization,name,type,l1,l2,l3,ipr1,ipr2,ipr3,l1_cm,l1_er,l1_reg,l2_mp,l3_mp,l1_lap,l2_lap,l3_lap,alg_conn,clustering_c,clustering_r,deg_assort,Q,N.olap,N.temp,N.nodf,H2,H3,H4,H17,cent_between,cent_close,cent_eigen,diam,mean_path_length,deg_het_row,deg_het_col
configuration,San_Francisco_crimes_2016-11-17,crimes,9.175228,3.445859,2.464968,0.049078854524396254,0.08522636292250554,0.077072779088238,9.503042525662236,7.916878648350904,6.611111111111111,2.7443744349118755,1.5644941532605459,11.175227744998375,5.445858666551493,4.464968201422979,-1.4458586665515039,1,0.9603391493238035,-0.6428768160848308,0.2912994712385836,0.26609044742161625,21.009945592661857,69.54914004914005,1074,7967,3768,10629,0.24570671770564703,0.28775181397871946,0.5127151676717556,4,2.2095238095238097,1.1107972600805027,1.492691194124709
