randomization,name,type,l1,l2,l3,ipr1,ipr2,ipr3,l1_cm,l1_er,l1_reg,l2_mp,l3_mp,l1_lap,l2_lap,l3_lap,alg_conn,clustering_c,clustering_r,deg_assort,Q,N.olap,N.temp,N.nodf,H2,H3,H4,H17,cent_between,cent_close,cent_eigen,diam,mean_path_length,deg_het_row,deg_het_col
configuration,San_Francisco_crimes_2016-03-16,crimes,9.138817,3.063743,2.375495,0.04763134525987547,0.06493679500088508,0.11476088143528615,9.30154170336612,8.045288026771205,6.8,2.9421052702933848,1.6820556436377252,11.138816926063488,5.063742939634513,4.375495207853931,-1.063742939634518,1,0.9575211430499,-0.6217647811672982,0.22722171207019703,0.22263861115139819,25.625912764057798,68.36151368760065,1041,7841,3367,8577,0.184240589364924,0.2717619934550052,0.5142816580356262,4,2.205042016806723,1.0641903820351668,1.4352799943506818
