randomization,name,type,l1,l2,l3,ipr1,ipr2,ipr3,l1_cm,l1_er,l1_reg,l2_mp,l3_mp,l1_lap,l2_lap,l3_lap,alg_conn,clustering_c,clustering_r,deg_assort,Q,N.olap,N.temp,N.nodf,H2,H3,H4,H17,cent_between,cent_close,cent_eigen,diam,mean_path_length,deg_het_row,deg_het_col
configuration,San_Francisco_crimes_2016-07-26,crimes,9.632054,3.254254,2.523024,0.04744425059516016,0.07149234247721765,0.10398758950696631,9.799578870122227,8.466267505211393,7.2,2.8259994970059767,1.6087042756317727,11.632054331143275,5.2542536119702445,4.523024227170397,-1.2542536119702359,1,0.9628776869798252,-0.6332557611346835,0.24702541914548415,0.23331037626586282,20.396225060736754,70.74044795783927,1171,9356,4041,10905,0.16051014089887705,0.25441388248359487,0.4965335457472413,4,2.168067226890756,1.0670194003527338,1.417233560090703
