randomization,name,type,l1,l2,l3,ipr1,ipr2,ipr3,l1_cm,l1_er,l1_reg,l2_mp,l3_mp,l1_lap,l2_lap,l3_lap,alg_conn,clustering_c,clustering_r,deg_assort,Q,N.olap,N.temp,N.nodf,H2,H3,H4,H17,cent_between,cent_close,cent_eigen,diam,mean_path_length,deg_het_row,deg_het_col
configuration,San_Francisco_crimes_2016-03-25,crimes,9.135594,2.829471,2.531862,0.048320849319701896,0.09049740262876903,0.06839222891698156,9.336696424266245,7.997100277522349,6.823529411764706,2.793766449736731,1.581394090655248,11.13559408384593,4.829470791667279,4.5318623929857855,-0.829470791667268,1,0.9627452984464432,-0.6139282155413931,0.257617728531856,0.17586788921902408,22.211255881277772,68.90533056420907,1010,7668,3206,7869,0.1938175462663933,0.24924293058877056,0.47139804228301796,4,2.1889483065953654,1.0656956004756242,1.4589774078478006
