randomization,name,type,l1,l2,l3,ipr1,ipr2,ipr3,l1_cm,l1_er,l1_reg,l2_mp,l3_mp,l1_lap,l2_lap,l3_lap,alg_conn,clustering_c,clustering_r,deg_assort,Q,N.olap,N.temp,N.nodf,H2,H3,H4,H17,cent_between,cent_close,cent_eigen,diam,mean_path_length,deg_het_row,deg_het_col
configuration,San_Francisco_crimes_2016-05-27,crimes,9.72946,2.82394,2.421564,0.04651150971701909,0.07779679653136716,0.08325629008537468,9.784607163678833,8.646291850639678,7.371428571428571,2.9772275665402184,1.704424347400582,11.729460049380464,4.823939577157483,4.421563532946385,-0.8239395771574833,1,0.9637514587827563,-0.6491565766325161,0.21365166819712278,0.16452927591688926,27.238113529807155,66.77436573088747,1200,9704,4070,10517,0.142058403018611,0.23052922221091268,0.48465161976012594,4,2.161344537815126,1.0486148668950184,1.3716122829156903
