randomization,name,type,l1,l2,l3,ipr1,ipr2,ipr3,l1_cm,l1_er,l1_reg,l2_mp,l3_mp,l1_lap,l2_lap,l3_lap,alg_conn,clustering_c,clustering_r,deg_assort,Q,N.olap,N.temp,N.nodf,H2,H3,H4,H17,cent_between,cent_close,cent_eigen,diam,mean_path_length,deg_het_row,deg_het_col
configuration,San_Francisco_crimes_2016-06-04,crimes,8.766975,3.062903,2.405537,0.04925163182989555,0.06980596710518673,0.08060166387821564,8.897257342307363,7.824839564083905,6.7272727272727275,2.9609045071445714,1.6794423406590564,10.76697471603221,5.062902605644421,4.40553653883087,-1.0629026056444162,1,0.9569724935578594,-0.6149767522453592,0.20335708247796166,0.193171578904114,23.48559622823469,66.53794006142999,920,6666,2755,6221,0.13605857152319556,0.25301573574332703,0.47580384183776786,4,2.1742424242424243,1.0770229689148607,1.3720477233990747
