randomization,name,type,l1,l2,l3,ipr1,ipr2,ipr3,l1_cm,l1_er,l1_reg,l2_mp,l3_mp,l1_lap,l2_lap,l3_lap,alg_conn,clustering_c,clustering_r,deg_assort,Q,N.olap,N.temp,N.nodf,H2,H3,H4,H17,cent_between,cent_close,cent_eigen,diam,mean_path_length,deg_het_row,deg_het_col
configuration,San_Francisco_crimes_2016-06-17,crimes,8.96223,2.797515,2.585548,0.04952618307225928,0.07627892505172706,0.07216951977899398,9.177442259615226,7.751302102320748,6.588235294117647,2.7423362066497243,1.5493230481838236,10.962229882391387,4.79751529454417,4.585547892160026,-0.7975152945441706,1,0.9576780823851605,-0.5928687196110226,0.24702558001189776,0.2786079281636638,20.41539195111591,70.76057898487805,956,7115,2989,7227,0.2054558847641918,0.26142389993300974,0.49813341718301185,4,2.2210338680926918,1.082589285714286,1.4885204081632648
