randomization,name,type,l1,l2,l3,ipr1,ipr2,ipr3,l1_cm,l1_er,l1_reg,l2_mp,l3_mp,l1_lap,l2_lap,l3_lap,alg_conn,clustering_c,clustering_r,deg_assort,Q,N.olap,N.temp,N.nodf,H2,H3,H4,H17,cent_between,cent_close,cent_eigen,diam,mean_path_length,deg_het_row,deg_het_col
configuration,San_Francisco_crimes_2016-06-08,crimes,9.074542,2.997951,2.695234,0.04955752201997816,0.06773386756637897,0.06360190569185056,9.200414325202127,7.679650488532195,6.2631578947368425,2.961081304733923,1.7142795545119098,11.074541628021885,4.997951082060251,4.6952335327367285,-0.9979510820602394,1,0.9447148234278727,-0.5856040811247968,0.2608256533266001,0.19540430266941478,26.304409339626595,62.26529052770188,1037,7692,3432,8982,0.1717488322591705,0.28561655623988097,0.5647839990870424,4,2.3499288762446655,1.0783136784125413,1.5521502718734552
