randomization,name,type,l1,l2,l3,ipr1,ipr2,ipr3,l1_cm,l1_er,l1_reg,l2_mp,l3_mp,l1_lap,l2_lap,l3_lap,alg_conn,clustering_c,clustering_r,deg_assort,Q,N.olap,N.temp,N.nodf,H2,H3,H4,H17,cent_between,cent_close,cent_eigen,diam,mean_path_length,deg_het_row,deg_het_col
configuration,San_Francisco_crimes_2016-10-12,crimes,9.834387,2.978685,2.536344,0.04540769148887797,0.07759914578613639,0.12836399750584113,9.932301946568833,8.792751897101105,7.588235294117647,2.866632707576502,1.6271344015085822,11.834386934097507,4.978685099134012,4.536343562623091,-0.9786850991339963,1,0.9715825317699923,-0.6761204002608305,0.21083196566090143,0.1466451305703642,25.56875861761717,69.05189825750573,1208,10010,4010,9985,0.12736149284760018,0.21793366590983337,0.4438236178520788,4,2.121212121212121,1.0329908058409951,1.37732107445466
