randomization,name,type,l1,l2,l3,ipr1,ipr2,ipr3,l1_cm,l1_er,l1_reg,l2_mp,l3_mp,l1_lap,l2_lap,l3_lap,alg_conn,clustering_c,clustering_r,deg_assort,Q,N.olap,N.temp,N.nodf,H2,H3,H4,H17,cent_between,cent_close,cent_eigen,diam,mean_path_length,deg_het_row,deg_het_col
configuration,San_Francisco_crimes_2016-07-24,crimes,9.467868,2.720655,2.310541,0.04761506147353422,0.07390391209657461,0.07186949760828486,9.564038547252585,8.387578080076675,7.2727272727272725,2.8027897355745575,1.5796707751304366,11.4678678729679,4.720655420424133,4.310540704438707,-0.7206554204241372,1,0.9699864469024614,-0.5969536737431922,0.23031249999999992,0.1687385709912875,23.092566212649707,71.06104466003795,1072,8568,3398,8131,0.11922288252126338,0.23602082288271248,0.4637173787916577,4,2.147727272727273,1.051388888888889,1.3895833333333334
