randomization,name,type,l1,l2,l3,ipr1,ipr2,ipr3,l1_cm,l1_er,l1_reg,l2_mp,l3_mp,l1_lap,l2_lap,l3_lap,alg_conn,clustering_c,clustering_r,deg_assort,Q,N.olap,N.temp,N.nodf,H2,H3,H4,H17,cent_between,cent_close,cent_eigen,diam,mean_path_length,deg_het_row,deg_het_col
configuration,San_Francisco_crimes_2016-11-16,crimes,9.680333,3.151051,2.508558,0.04652881905758912,0.08704145223485563,0.08491163030325549,9.784269129505232,8.609526430596635,7.411764705882353,2.862790540003319,1.624713554839136,11.680333000993334,5.151051332409647,4.508558223397028,-1.1510513324096463,1,0.9701327644336083,-0.6268041730093316,0.24878808864265925,0.17998713109163408,23.876805702183237,70.64833098711603,1160,9431,3837,9778,0.19713130991261862,0.26489901209010114,0.47145056360242,4,2.1176470588235294,1.0405643738977073,1.3907785336356766
