randomization,name,type,l1,l2,l3,ipr1,ipr2,ipr3,l1_cm,l1_er,l1_reg,l2_mp,l3_mp,l1_lap,l2_lap,l3_lap,alg_conn,clustering_c,clustering_r,deg_assort,Q,N.olap,N.temp,N.nodf,H2,H3,H4,H17,cent_between,cent_close,cent_eigen,diam,mean_path_length,deg_het_row,deg_het_col
configuration,San_Francisco_crimes_2016-07-19,crimes,9.156737,3.086542,2.699604,0.047227299124944944,0.08852277609482151,0.06858970308668472,9.281236683337173,8.200264343234215,7.090909090909092,2.9149721233607546,1.6502729844223274,11.156737486290956,5.086542277351393,4.6996041272696525,-1.0865422773513984,1,0.9692378211821029,-0.6186872508955144,0.2688480350818014,0.12989046853255212,27.924195136151873,69.03525166109058,1008,7741,3067,7043,0.22963475911860257,0.25527095379044545,0.4248813219079366,4,2.125,1.0365987289064214,1.3962305500767036
