randomization,name,type,l1,l2,l3,ipr1,ipr2,ipr3,l1_cm,l1_er,l1_reg,l2_mp,l3_mp,l1_lap,l2_lap,l3_lap,alg_conn,clustering_c,clustering_r,deg_assort,Q,N.olap,N.temp,N.nodf,H2,H3,H4,H17,cent_between,cent_close,cent_eigen,diam,mean_path_length,deg_het_row,deg_het_col
configuration,San_Francisco_crimes_2016-11-12,crimes,9.543246,2.933902,2.367494,0.047101789053639403,0.07769721526313551,0.07646646799551202,9.741946302595833,8.466267505211393,7.2,2.878611292719659,1.6418310368569125,11.543246352839727,4.9339022490843005,4.3674938075034175,-0.9339022490843105,1,0.9685329284494212,-0.661989695288843,0.21061197916666666,0.27352931359159494,21.05274251454719,72.95225178345382,1172,9170,4115,11406,0.1704210988431393,0.24258094606379588,0.48681685708266265,4,2.134453781512605,1.0833963214915596,1.3794406651549507
