randomization,name,type,l1,l2,l3,ipr1,ipr2,ipr3,l1_cm,l1_er,l1_reg,l2_mp,l3_mp,l1_lap,l2_lap,l3_lap,alg_conn,clustering_c,clustering_r,deg_assort,Q,N.olap,N.temp,N.nodf,H2,H3,H4,H17,cent_between,cent_close,cent_eigen,diam,mean_path_length,deg_het_row,deg_het_col
configuration,San_Francisco_crimes_2016-09-07,crimes,9.381039,3.228458,2.166235,0.04994425014847177,0.06288075342290475,0.09368175189058486,9.75106831754005,8.105512797211619,6.857142857142857,2.576833341131673,1.4541968247070622,11.381039219203151,5.228458374728404,4.166234555976286,-1.2284583747283988,1,0.9748134127718151,-0.6017495092679193,0.2382716049382717,0.3844536483892059,18.998898462229253,75.10861310060395,1115,8457,4136,12885,0.2377910528206293,0.34093500390977105,0.5335797374580843,4,2.1478991596638655,1.1319444444444444,1.4583333333333335
