randomization,name,type,l1,l2,l3,ipr1,ipr2,ipr3,l1_cm,l1_er,l1_reg,l2_mp,l3_mp,l1_lap,l2_lap,l3_lap,alg_conn,clustering_c,clustering_r,deg_assort,Q,N.olap,N.temp,N.nodf,H2,H3,H4,H17,cent_between,cent_close,cent_eigen,diam,mean_path_length,deg_het_row,deg_het_col
configuration,San_Francisco_crimes_2016-02-29,crimes,9.123044,3.208995,2.478307,0.047655127214244364,0.07063012910226225,0.10318199730542214,9.351832189326771,8.26273007685739,7.151515151515151,2.900036673548721,1.640821452868458,11.123043889478335,5.208994547096231,4.478306851048095,-1.2089945470962327,1,0.9777469372128637,-0.6583686400244282,0.20241566014160772,0.24521169319447522,21.250396237848957,73.69722652440772,1044,7775,3471,9156,0.18326690292067832,0.28336706358336583,0.4611458975078106,4,2.071969696969697,1.0959494398161447,1.3181557023843726
