randomization,name,type,l1,l2,l3,ipr1,ipr2,ipr3,l1_cm,l1_er,l1_reg,l2_mp,l3_mp,l1_lap,l2_lap,l3_lap,alg_conn,clustering_c,clustering_r,deg_assort,Q,N.olap,N.temp,N.nodf,H2,H3,H4,H17,cent_between,cent_close,cent_eigen,diam,mean_path_length,deg_het_row,deg_het_col
configuration,San_Francisco_crimes_2016-02-03,crimes,9.739592,2.769642,2.60256,0.04563456464197911,0.06045007574424684,0.0785896369577565,9.867687253235209,8.792751897101105,7.588235294117647,2.9264301089529963,1.6649428600718352,11.739592046450497,4.769641509205913,4.602560420847338,-0.7696415092058979,1,0.9765443981035896,-0.6725395856522216,0.23505848421727285,0.129670260511382,27.372207768881257,68.31654326981429,1205,9804,4070,10488,0.11714649984550836,0.20791947133973082,0.43731637967821635,4,2.092691622103387,1.0414037617931615,1.3484766540472328
