randomization,name,type,l1,l2,l3,ipr1,ipr2,ipr3,l1_cm,l1_er,l1_reg,l2_mp,l3_mp,l1_lap,l2_lap,l3_lap,alg_conn,clustering_c,clustering_r,deg_assort,Q,N.olap,N.temp,N.nodf,H2,H3,H4,H17,cent_between,cent_close,cent_eigen,diam,mean_path_length,deg_het_row,deg_het_col
configuration,San_Francisco_crimes_2016-04-28,crimes,9.062411,2.840478,2.731716,0.04598982354655232,0.07337061557487096,0.07696863296835255,9.125178841474225,8.24240244513897,7.0588235294117645,3.1536550426621375,1.8109659780001508,11.062410793606302,4.84047817796974,4.731716209827383,-0.8404781779697404,1,0.9560380449399741,-0.6606452430753633,0.23012345679012355,0.09567272464468728,34.65591739459035,62.93112564140602,1026,7730,3108,7035,0.10140481695850954,0.24865276508977438,0.437572649204538,4,2.1818181818181817,1.0305555555555557,1.3466666666666667
