randomization,name,type,l1,l2,l3,ipr1,ipr2,ipr3,l1_cm,l1_er,l1_reg,l2_mp,l3_mp,l1_lap,l2_lap,l3_lap,alg_conn,clustering_c,clustering_r,deg_assort,Q,N.olap,N.temp,N.nodf,H2,H3,H4,H17,cent_between,cent_close,cent_eigen,diam,mean_path_length,deg_het_row,deg_het_col
configuration,San_Francisco_crimes_2016-02-19,crimes,9.234451,2.9469,2.500576,0.04789666749706902,0.09554963910106593,0.10403369518149559,9.242193784843915,8.200264343234215,7.090909090909092,2.948932191006121,1.6718243576607579,11.234450930986563,4.9469003666764175,4.500576082007961,-0.9469003666764239,1,0.9568597065660226,-0.5485997146512507,0.22407187210992205,0.06956330283053895,32.990553151230685,61.30178825648623,1e3,7847,2941,6246,0.09136723370091382,0.2595516025429475,0.43937890573914923,4,2.2045454545454546,1.020527430783841,1.4063116370808675
