randomization,name,type,l1,l2,l3,ipr1,ipr2,ipr3,l1_cm,l1_er,l1_reg,l2_mp,l3_mp,l1_lap,l2_lap,l3_lap,alg_conn,clustering_c,clustering_r,deg_assort,Q,N.olap,N.temp,N.nodf,H2,H3,H4,H17,cent_between,cent_close,cent_eigen,diam,mean_path_length,deg_het_row,deg_het_col
configuration,San_Francisco_crimes_2016-05-06,crimes,9.433722,2.984985,2.21884,0.04675333423995761,0.06405905416800499,0.10191701082223333,9.533742142969917,8.641688007924005,7.67741935483871,2.833457323089461,1.5832710392098213,11.433722014322612,4.984984743347353,4.21884021888125,-0.984984743347343,1,0.9803233887497154,-0.6073673015566101,0.20477212473172574,0.18906428974076034,23.839813570231016,74.5628423863718,1054,8438,3253,7587,0.19510809092476178,0.28136640494991305,0.4399242968768871,4,2.0258064516129033,1.0387684485558928,1.2975778546712802
