randomization,name,type,l1,l2,l3,ipr1,ipr2,ipr3,l1_cm,l1_er,l1_reg,l2_mp,l3_mp,l1_lap,l2_lap,l3_lap,alg_conn,clustering_c,clustering_r,deg_assort,Q,N.olap,N.temp,N.nodf,H2,H3,H4,H17,cent_between,cent_close,cent_eigen,diam,mean_path_length,deg_het_row,deg_het_col
configuration,San_Francisco_crimes_2016-11-08,crimes,9.768059,2.769818,2.406934,0.04540383173042914,0.10421540613719553,0.08575889855777619,9.841021447238086,9.050036808877268,8,2.9550598343454726,1.6680446254821828,11.768058672007893,4.769818416257966,4.406933610296237,-0.7698184162579597,1,0.9812252605585212,-0.6636300640559771,0.18169512703040394,0.11292938815842543,30.66804431052021,69.46397201831984,1186,9762,3884,9618,0.10852446616551355,0.23574378361124831,0.433192424216589,4,2.0080645161290325,1.0302734374999998,1.26220703125
