randomization,name,type,l1,l2,l3,ipr1,ipr2,ipr3,l1_cm,l1_er,l1_reg,l2_mp,l3_mp,l1_lap,l2_lap,l3_lap,alg_conn,clustering_c,clustering_r,deg_assort,Q,N.olap,N.temp,N.nodf,H2,H3,H4,H17,cent_between,cent_close,cent_eigen,diam,mean_path_length,deg_het_row,deg_het_col
configuration,San_Francisco_crimes_2016-03-29,crimes,9.50652,2.879272,2.273551,0.046963755919965315,0.08503079899859836,0.11089441931137428,9.58849015753403,8.771491016752925,7.806451612903226,2.8810961799860118,1.6132254057168562,11.506520341136724,4.879271675463362,4.2735506984901015,-0.8792716754633639,1,0.983033700760849,-0.6324815308223323,0.18065451032484,0.17135066240948593,25.901006720929573,73.13939872763403,1088,8704,3467,8386,0.08867013264188546,0.22232022292957332,0.43806056855612496,4,2.0172043010752687,1.0579878423604945,1.2464312546957175
