randomization,name,type,l1,l2,l3,ipr1,ipr2,ipr3,l1_cm,l1_er,l1_reg,l2_mp,l3_mp,l1_lap,l2_lap,l3_lap,alg_conn,clustering_c,clustering_r,deg_assort,Q,N.olap,N.temp,N.nodf,H2,H3,H4,H17,cent_between,cent_close,cent_eigen,diam,mean_path_length,deg_het_row,deg_het_col
configuration,San_Francisco_crimes_2016-06-26,crimes,9.176408,3.152021,2.730058,0.04817657142654112,0.07377301890527944,0.09017560721459238,9.42008407605792,8.023698115712417,6.578947368421052,3.0422711081582055,1.7662721857205714,11.176408345338054,5.152021145119927,4.730057857772229,-1.1520211451199307,1,0.9632838889704802,-0.6070931705870043,0.2335600907029479,0.25407475257655004,24.471844279707888,67.28801213156657,1141,8303,4251,13719,0.28293657038126563,0.3679559237529374,0.5905092162364672,4,2.22475106685633,1.10784,1.435392
