randomization,name,type,l1,l2,l3,ipr1,ipr2,ipr3,l1_cm,l1_er,l1_reg,l2_mp,l3_mp,l1_lap,l2_lap,l3_lap,alg_conn,clustering_c,clustering_r,deg_assort,Q,N.olap,N.temp,N.nodf,H2,H3,H4,H17,cent_between,cent_close,cent_eigen,diam,mean_path_length,deg_het_row,deg_het_col
configuration,San_Francisco_crimes_2016-03-12,crimes,9.098318,2.756371,2.695145,0.049862382928673434,0.10474734050434353,0.09233083364551455,9.255013697842122,8.012691655103506,6.909090909090909,2.793714822388162,1.5739981560196303,11.098317588389518,4.756371417483086,4.695145237978511,-0.7563714174830852,1,0.9628012248701904,-0.5483627386916431,0.24799123447772092,0.20001827119035276,24.17708600663621,69.01993513570696,981,7448,3091,7621,0.21865844810096063,0.3142510568613127,0.5010012068229235,4,2.1515151515151514,1.0680209295167744,1.4193598030163128
