randomization,name,type,l1,l2,l3,ipr1,ipr2,ipr3,l1_cm,l1_er,l1_reg,l2_mp,l3_mp,l1_lap,l2_lap,l3_lap,alg_conn,clustering_c,clustering_r,deg_assort,Q,N.olap,N.temp,N.nodf,H2,H3,H4,H17,cent_between,cent_close,cent_eigen,diam,mean_path_length,deg_het_row,deg_het_col
configuration,San_Francisco_crimes_2016-08-27,crimes,8.833739,2.952884,2.421102,0.05094369025913974,0.06439006758286206,0.0779157193713863,9.10144843617562,7.6282005640629515,6.470588235294118,2.7120088852131516,1.5304922750903884,10.833739373354472,4.952884397131491,4.4211022420805834,-0.9528843971314923,1,0.9641145458902468,-0.5664710768632575,0.2548437499999999,0.27530893250342714,22.767627652364833,69.98726697324827,934,6765,3018,7825,0.1969766686795971,0.25836488349246695,0.514322015886337,4,2.2103386809269163,1.1074380165289257,1.4836363636363639
