randomization,name,type,l1,l2,l3,ipr1,ipr2,ipr3,l1_cm,l1_er,l1_reg,l2_mp,l3_mp,l1_lap,l2_lap,l3_lap,alg_conn,clustering_c,clustering_r,deg_assort,Q,N.olap,N.temp,N.nodf,H2,H3,H4,H17,cent_between,cent_close,cent_eigen,diam,mean_path_length,deg_het_row,deg_het_col
configuration,San_Francisco_crimes_2016-11-27,crimes,9.430211,2.67852,2.624316,0.047151156338238444,0.07554185800698437,0.13913065390912205,9.542969203560396,8.36488238243778,7.176470588235294,2.894005292429786,1.644410568295382,11.430211481629799,4.678520331071396,4.624315821147514,-0.6785203310714147,1,0.9656025470033989,-0.6171627584633887,0.24018441403926236,0.11584012214853337,25.14778731756603,66.64294082518381,1092,8621,3517,8670,0.1614330866410318,0.23929160731820678,0.4772823863001461,4,2.1675579322638145,1.046761623219565,1.4028486965869391
