randomization,name,type,l1,l2,l3,ipr1,ipr2,ipr3,l1_cm,l1_er,l1_reg,l2_mp,l3_mp,l1_lap,l2_lap,l3_lap,alg_conn,clustering_c,clustering_r,deg_assort,Q,N.olap,N.temp,N.nodf,H2,H3,H4,H17,cent_between,cent_close,cent_eigen,diam,mean_path_length,deg_het_row,deg_het_col
configuration,San_Francisco_crimes_2016-10-13,crimes,9.23622,2.757983,2.627331,0.04710646642790344,0.08022780668224519,0.12716781999796872,9.385272150200725,8.105512797211619,6.857142857142857,2.9164203765601013,1.6657509694009924,11.236219707201041,4.757983455991522,4.627330637069997,-0.7579834559915047,1,0.9615267604315368,-0.6186206744252807,0.22876543209876551,0.21333430678668774,26.91136453039944,68.42886340712428,1055,8108,3369,8347,0.23608173468621618,0.2673161050365357,0.5080104569732308,4,2.1949579831932775,1.0486111111111112,1.4583333333333335
