randomization,name,type,l1,l2,l3,ipr1,ipr2,ipr3,l1_cm,l1_er,l1_reg,l2_mp,l3_mp,l1_lap,l2_lap,l3_lap,alg_conn,clustering_c,clustering_r,deg_assort,Q,N.olap,N.temp,N.nodf,H2,H3,H4,H17,cent_between,cent_close,cent_eigen,diam,mean_path_length,deg_het_row,deg_het_col
configuration,San_Francisco_crimes_2016-01-15,crimes,9.579859,2.95133,2.690502,0.04663507267168597,0.10246033239387792,0.06426364362674429,9.726232734168272,8.260746292999634,6.864864864864865,2.8954628451245568,1.6660803008561764,11.57985865226589,4.951330149631594,4.690502434492957,-0.9513301496315828,1,0.9500682697413335,-0.6613327959615134,0.251684502576298,0.15711501396725486,23.86004737682456,66.50271025271026,1172,9291,3983,10384,0.18634486688756716,0.25901846806023354,0.5166720811595855,4,2.264264264264264,1.0546221092442185,1.5015810031620067
