randomization,name,type,l1,l2,l3,ipr1,ipr2,ipr3,l1_cm,l1_er,l1_reg,l2_mp,l3_mp,l1_lap,l2_lap,l3_lap,alg_conn,clustering_c,clustering_r,deg_assort,Q,N.olap,N.temp,N.nodf,H2,H3,H4,H17,cent_between,cent_close,cent_eigen,diam,mean_path_length,deg_het_row,deg_het_col
configuration,San_Francisco_crimes_2016-11-24,crimes,9.287515,2.587562,2.415824,0.04885604270216805,0.08189462382220228,0.07440989917694373,9.369755332848516,8.058470385120463,6.882352941176471,2.812196880596147,1.5929296066851193,11.287515265581561,4.587561882341381,4.415823500666986,-0.5875618823413663,1,0.9546685363377013,-0.5476734353207322,0.2281675254326859,0.2060538009399117,27.257702619104858,63.84083033615743,1018,8005,3132,7130,0.09407953420073703,0.2647326647744418,0.4760039103366721,4,2.2388591800356505,1.0439038644166851,1.4744685513916282
