randomization,name,type,l1,l2,l3,ipr1,ipr2,ipr3,l1_cm,l1_er,l1_reg,l2_mp,l3_mp,l1_lap,l2_lap,l3_lap,alg_conn,clustering_c,clustering_r,deg_assort,Q,N.olap,N.temp,N.nodf,H2,H3,H4,H17,cent_between,cent_close,cent_eigen,diam,mean_path_length,deg_het_row,deg_het_col
configuration,San_Francisco_crimes_2016-02-16,crimes,9.570994,2.863934,2.708281,0.046721038799086054,0.07125879883831458,0.08342768471355436,9.714309445349164,8.406209124917835,7.142857142857143,2.857132607658165,1.628285052062601,11.570994128043946,4.863933976975817,4.7082808958558235,-0.8639339769758241,1,0.9636256014664324,-0.6883142052722252,0.19002267573696147,0.2718815225630501,21.85011896412516,70.18662014314188,1156,9128,3935,10308,0.1596476171262472,0.2338525887648837,0.4967626827914592,4,2.168067226890756,1.0809600000000001,1.3968
