randomization,name,type,l1,l2,l3,ipr1,ipr2,ipr3,l1_cm,l1_er,l1_reg,l2_mp,l3_mp,l1_lap,l2_lap,l3_lap,alg_conn,clustering_c,clustering_r,deg_assort,Q,N.olap,N.temp,N.nodf,H2,H3,H4,H17,cent_between,cent_close,cent_eigen,diam,mean_path_length,deg_het_row,deg_het_col
configuration,San_Francisco_crimes_2016-12-30,crimes,8.759612,2.960706,2.71152,0.05074000605600735,0.10337016186769056,0.0745974432354607,8.907226955079254,7.566596018434796,6.411764705882353,2.8339507798172447,1.6065745848057429,10.759611720863715,4.9607062517990075,4.711519943257977,-0.96070625179902025,1,0.9373141881206908,-0.5714806495995856,0.25348501842653415,0.18645606599616582,23.488667122791966,66.05290348281002,899,6523,2692,6104,0.23393021275084225,0.2799913908057807,0.5080017662654035,4,2.263814616755793,1.0765087113879304,1.488763572089891
