randomization,name,type,l1,l2,l3,ipr1,ipr2,ipr3,l1_cm,l1_er,l1_reg,l2_mp,l3_mp,l1_lap,l2_lap,l3_lap,alg_conn,clustering_c,clustering_r,deg_assort,Q,N.olap,N.temp,N.nodf,H2,H3,H4,H17,cent_between,cent_close,cent_eigen,diam,mean_path_length,deg_het_row,deg_het_col
configuration,San_Francisco_crimes_2016-01-24,crimes,9.262958,3.276369,2.448556,0.04729407063287581,0.07265366242630358,0.08723938047832978,9.403988515518297,8.24240244513897,7.0588235294117645,2.923479486975734,1.6630713957652339,11.262958118822706,5.2763686285724924,4.44855569216625,-1.2763686285724902,1,0.960089747076421,-0.6668496471404535,0.2265432098765433,0.22136493403698163,23.761229554402114,68.84191267368837,1063,8151,3417,8327,0.14004630220835396,0.23684875581174006,0.45563090370952497,4,2.156862745098039,1.0680555555555555,1.38
