randomization,name,type,l1,l2,l3,ipr1,ipr2,ipr3,l1_cm,l1_er,l1_reg,l2_mp,l3_mp,l1_lap,l2_lap,l3_lap,alg_conn,clustering_c,clustering_r,deg_assort,Q,N.olap,N.temp,N.nodf,H2,H3,H4,H17,cent_between,cent_close,cent_eigen,diam,mean_path_length,deg_het_row,deg_het_col
configuration,San_Francisco_crimes_2016-12-27,crimes,9.514315,2.904753,2.575358,0.04613703814905967,0.07155946128892332,0.10968340166244993,9.626214209127076,8.406209124917835,7.142857142857143,2.9355163799182225,1.6778687537527632,11.514314500845149,4.904752665182621,4.575357654758116,-0.9047526651826192,1,0.9613757253384912,-0.6441164661077786,0.21883656509695296,0.17292855933548576,26.881563115442777,69.87549326679762,1133,8999,3703,9317,0.19046835591553252,0.2635371291976337,0.4979857865368982,4,2.1882352941176473,1.04,1.4256
