randomization,name,type,l1,l2,l3,ipr1,ipr2,ipr3,l1_cm,l1_er,l1_reg,l2_mp,l3_mp,l1_lap,l2_lap,l3_lap,alg_conn,clustering_c,clustering_r,deg_assort,Q,N.olap,N.temp,N.nodf,H2,H3,H4,H17,cent_between,cent_close,cent_eigen,diam,mean_path_length,deg_het_row,deg_het_col
configuration,San_Francisco_crimes_2016-01-29,crimes,9.464398,2.66185,2.461996,0.04838518206910097,0.10494103211618112,0.08754089031454423,9.561506878787645,8.446796696465555,7.483870967741935,2.6495563823528103,1.4692214777758816,11.464398222361515,4.661850183458015,4.461996255433745,-0.6618501834580182,1,0.9770875162395182,-0.5672957844157144,0.1945646295294754,0.2520801850654792,20.741370049640764,73.03414232825997,1026,8285,3147,7184,0.11828073384589191,0.2445830977545586,0.437909677227082,4,2.0731182795698926,1.050832342449465,1.3577586206896552
