randomization,name,type,l1,l2,l3,ipr1,ipr2,ipr3,l1_cm,l1_er,l1_reg,l2_mp,l3_mp,l1_lap,l2_lap,l3_lap,alg_conn,clustering_c,clustering_r,deg_assort,Q,N.olap,N.temp,N.nodf,H2,H3,H4,H17,cent_between,cent_close,cent_eigen,diam,mean_path_length,deg_het_row,deg_het_col
configuration,San_Francisco_crimes_2016-05-29,crimes,9.545254,2.912939,2.632224,0.046338257313052335,0.0849452109041471,0.0813344746194297,9.688393677848136,8.507905833940047,7.166666666666667,3.036908607215538,1.7495722049533802,11.54525422871206,4.912938807010695,4.632224322760706,-0.912938807010697,1,0.9657868470666519,-0.6415348328827016,0.21997755331088675,0.17240022003658367,25.13359383394634,68.60123885123886,1195,9341,4190,11868,0.18984959312434027,0.3155700051475663,0.5439994618055826,4,2.165079365079365,1.058229673697494,1.3858542154918574
