randomization,name,type,l1,l2,l3,ipr1,ipr2,ipr3,l1_cm,l1_er,l1_reg,l2_mp,l3_mp,l1_lap,l2_lap,l3_lap,alg_conn,clustering_c,clustering_r,deg_assort,Q,N.olap,N.temp,N.nodf,H2,H3,H4,H17,cent_between,cent_close,cent_eigen,diam,mean_path_length,deg_het_row,deg_het_col
configuration,San_Francisco_crimes_2016-12-26,crimes,8.986461,2.84054,2.490555,0.04836241800934494,0.08785302182197466,0.08983462431197879,9.17032160829202,8.012691655103506,6.909090909090909,2.869586645190945,1.6216017446992206,10.986460540924279,4.840540465595172,4.4905546263763165,-0.840540465595164,1,0.9695377579354276,-0.6126793220541812,0.21468990493435938,0.27591018115728305,24.730075286626718,70.96748888695198,975,7261,3041,7375,0.2331630575795141,0.25434348792280514,0.48075569027820003,4,2.121212121212121,1.0726377346875962,1.3875038473376426
