randomization,name,type,l1,l2,l3,ipr1,ipr2,ipr3,l1_cm,l1_er,l1_reg,l2_mp,l3_mp,l1_lap,l2_lap,l3_lap,alg_conn,clustering_c,clustering_r,deg_assort,Q,N.olap,N.temp,N.nodf,H2,H3,H4,H17,cent_between,cent_close,cent_eigen,diam,mean_path_length,deg_het_row,deg_het_col
configuration,San_Francisco_crimes_2016-10-27,crimes,9.876444,2.875359,2.727309,0.045759177357044885,0.09708933973860162,0.0808431875687663,9.994206385858584,8.945862606671744,7.6571428571428575,3.0152226461159857,1.7287192380380507,11.876443532107604,4.875358876346967,4.727309093877151,-0.8753588763469752,1,0.9733365132363463,-0.6549089293647261,0.23582766439909303,0.1491971333209805,24.902286119092874,70.28473700212831,1283,10469,4591,13041,0.20068021302957664,0.31441269679988365,0.4992724418135529,4,2.080672268907563,1.0470037870349744,1.3282468255736242
