randomization,name,type,l1,l2,l3,ipr1,ipr2,ipr3,l1_cm,l1_er,l1_reg,l2_mp,l3_mp,l1_lap,l2_lap,l3_lap,alg_conn,clustering_c,clustering_r,deg_assort,Q,N.olap,N.temp,N.nodf,H2,H3,H4,H17,cent_between,cent_close,cent_eigen,diam,mean_path_length,deg_het_row,deg_het_col
configuration,San_Francisco_crimes_2016-07-02,crimes,8.936417,2.601851,2.41407,0.0481503781552061,0.07871565696478233,0.08251650991640047,9.02169827074354,7.689768944022466,6.529411764705882,2.8314489312609012,1.6050036937132848,10.936416785865138,4.601850960762331,4.41407039869813,-0.6018509607623268,1,0.9439140454314189,-0.5496282354405185,0.21229320130419035,0.160755335950748,28.930031273501676,64.7285476724729,919,6972,2616,5396,0.1586553655913455,0.2840173494879871,0.47801968130771133,4,2.285204991087344,1.0315721126531938,1.5368882395909422
