randomization,name,type,l1,l2,l3,ipr1,ipr2,ipr3,l1_cm,l1_er,l1_reg,l2_mp,l3_mp,l1_lap,l2_lap,l3_lap,alg_conn,clustering_c,clustering_r,deg_assort,Q,N.olap,N.temp,N.nodf,H2,H3,H4,H17,cent_between,cent_close,cent_eigen,diam,mean_path_length,deg_het_row,deg_het_col
configuration,San_Francisco_crimes_2016-07-15,crimes,9.279471,2.797182,2.464924,0.047704986607444,0.07323220185108693,0.08648274111495811,9.379765455489812,7.853502327809896,6.486486486486487,2.8784155733467167,1.655293183326371,11.27947140290178,4.7971817710756905,4.464924408708655,-0.7971817710756925,1,0.9416769334480113,-0.6044679404731033,0.23382716049382715,0.18400543438633649,27.937241394829616,64.12173684900958,1051,8175,3286,7648,0.19380189839529494,0.28223367158711904,0.4868762835548409,4,2.33033033033033,1.0375,1.5899999999999999
