randomization,name,type,l1,l2,l3,ipr1,ipr2,ipr3,l1_cm,l1_er,l1_reg,l2_mp,l3_mp,l1_lap,l2_lap,l3_lap,alg_conn,clustering_c,clustering_r,deg_assort,Q,N.olap,N.temp,N.nodf,H2,H3,H4,H17,cent_between,cent_close,cent_eigen,diam,mean_path_length,deg_het_row,deg_het_col
configuration,San_Francisco_crimes_2016-06-21,crimes,9.332937,2.808667,2.686868,0.04751312148585148,0.09205305016382401,0.09527504737169262,9.407365812015124,8.303656102236653,7.117647058823529,2.966529325556639,1.6904373787260585,11.332937496797184,4.808667386213906,4.686868071437312,-0.80866738621391,1,0.9633359559402046,-0.5945150792749844,0.22231614539306854,0.14285381026035232,29.352474944881465,66.0773624091381,1065,8335,3352,7992,0.12253160727981982,0.24534789260909848,0.48307065511575176,4,2.1818181818181817,1.0374974386995424,1.3982651458233724
