randomization,name,type,l1,l2,l3,ipr1,ipr2,ipr3,l1_cm,l1_er,l1_reg,l2_mp,l3_mp,l1_lap,l2_lap,l3_lap,alg_conn,clustering_c,clustering_r,deg_assort,Q,N.olap,N.temp,N.nodf,H2,H3,H4,H17,cent_between,cent_close,cent_eigen,diam,mean_path_length,deg_het_row,deg_het_col
configuration,San_Francisco_crimes_2016-08-23,crimes,9.626409,2.855305,2.307055,0.04697969306058537,0.09689497399491737,0.08849635901999035,9.77387442820655,8.51231924636668,7.393939393939393,2.6998165515206516,1.515632821898718,11.626409289995681,4.855305245926384,4.307054830415487,-0.8553052459263836,1,0.9735447611401044,-0.6591936429362347,0.21219281663516062,0.2832097817950472,18.494705129477435,74.26614772252356,1121,9056,3689,9264,0.16256077392516505,0.24400697394207443,0.47260618143728894,4,2.109848484848485,1.070948669712443,1.3783929051330288
