randomization,name,type,l1,l2,l3,ipr1,ipr2,ipr3,l1_cm,l1_er,l1_reg,l2_mp,l3_mp,l1_lap,l2_lap,l3_lap,alg_conn,clustering_c,clustering_r,deg_assort,Q,N.olap,N.temp,N.nodf,H2,H3,H4,H17,cent_between,cent_close,cent_eigen,diam,mean_path_length,deg_het_row,deg_het_col
configuration,San_Francisco_crimes_2016-03-26,crimes,9.47145,2.745624,2.620534,0.04755035706524971,0.07153341992985296,0.1381083779774444,9.615324981804994,8.346124627989408,7.085714285714285,2.8994140772148596,1.6549800439114426,11.471449813035823,4.745623505633141,4.620534376674636,-0.745623505633141,1,0.9681878239658502,-0.6155655063647648,0.24702380952380953,0.1914645235761726,23.54874427152791,69.12473521552806,1128,8851,3808,10123,0.16992746683947205,0.2554336263240728,0.5055868764977938,4,2.168067226890756,1.0626951092611863,1.414542143600416
