randomization,name,type,l1,l2,l3,ipr1,ipr2,ipr3,l1_cm,l1_er,l1_reg,l2_mp,l3_mp,l1_lap,l2_lap,l3_lap,alg_conn,clustering_c,clustering_r,deg_assort,Q,N.olap,N.temp,N.nodf,H2,H3,H4,H17,cent_between,cent_close,cent_eigen,diam,mean_path_length,deg_het_row,deg_het_col
configuration,San_Francisco_crimes_2016-11-25,crimes,9.355758,2.710876,2.460526,0.04761044555480021,0.060593769544937545,0.08240825289932519,9.572114161684524,8.225874789651435,6.9714285714285715,2.845095584011075,1.6207069804949337,11.355757594119106,4.710876251326614,4.4605261379723915,-0.7108762513266264,1,0.9746675787763479,-0.6220912255503362,0.21715500945179578,0.2843586628566866,17.880937371028356,72.3836139705705,1107,8511,3801,10602,0.2608861967658059,0.34335570105308144,0.5365557193756563,4,2.1512605042016806,1.083042192958882,1.420988981456598
