randomization,name,type,l1,l2,l3,ipr1,ipr2,ipr3,l1_cm,l1_er,l1_reg,l2_mp,l3_mp,l1_lap,l2_lap,l3_lap,alg_conn,clustering_c,clustering_r,deg_assort,Q,N.olap,N.temp,N.nodf,H2,H3,H4,H17,cent_between,cent_close,cent_eigen,diam,mean_path_length,deg_het_row,deg_het_col
configuration,San_Francisco_crimes_2016-09-30,crimes,9.328677,2.913859,2.598515,0.046887749888978605,0.08331533197733271,0.07813505442559968,9.395116149953118,8.36488238243778,7.176470588235294,3.022155902386562,1.725995290658056,11.328676668488425,4.913858615799883,4.598514540593284,-0.9138586157998855,1,0.9588674741402174,-0.62115968840828,0.22769185008923243,0.1046334805255791,29.666803044337318,65.15823221430698,1075,8388,3381,8062,0.11191869856704036,0.2395187165956289,0.48745179361551205,4,2.163992869875223,1.0360118247782855,1.3738242407954853
