randomization,name,type,l1,l2,l3,ipr1,ipr2,ipr3,l1_cm,l1_er,l1_reg,l2_mp,l3_mp,l1_lap,l2_lap,l3_lap,alg_conn,clustering_c,clustering_r,deg_assort,Q,N.olap,N.temp,N.nodf,H2,H3,H4,H17,cent_between,cent_close,cent_eigen,diam,mean_path_length,deg_het_row,deg_het_col
configuration,San_Francisco_crimes_2016-07-01,crimes,9.961278,2.913411,2.303986,0.0457414917422738,0.09631479281488965,0.07258317659355332,10.180454646268688,8.566861216986716,7.222222222222222,2.6303929083978907,1.4938255305831858,11.961277645897862,4.913410554166419,4.303986240222601,-0.913410554166417,1,0.9727134499057944,-0.6804788632456074,0.19082644628099177,0.337730703833645,19.9129900342029,71.6610964552141,1257,10428,4478,12508,0.1969456520540386,0.2673941817191673,0.5060053834363331,4,2.168253968253968,1.0662721893491123,1.4953846153846155
