randomization,name,type,l1,l2,l3,ipr1,ipr2,ipr3,l1_cm,l1_er,l1_reg,l2_mp,l3_mp,l1_lap,l2_lap,l3_lap,alg_conn,clustering_c,clustering_r,deg_assort,Q,N.olap,N.temp,N.nodf,H2,H3,H4,H17,cent_between,cent_close,cent_eigen,diam,mean_path_length,deg_het_row,deg_het_col
configuration,San_Francisco_crimes_2016-02-26,crimes,8.802902,2.874698,2.768314,0.04839577334037528,0.08445413813882718,0.09589374911872513,8.873959619584863,7.991084820328663,7.032258064516129,2.9395891228533,1.650245671364367,10.802902192607847,4.874698307469138,4.768314276025358,-0.8746983074691504,1,0.9570245803936729,-0.5531747921240816,0.23954494472039736,0.11037793814754601,31.317276987090604,65.26595082477435,885,6610,2447,4884,0.1454025619743835,0.24800604560805165,0.38727025585834535,4,2.129032258064516,1.029374631765003,1.3521589091827286
