randomization,name,type,l1,l2,l3,ipr1,ipr2,ipr3,l1_cm,l1_er,l1_reg,l2_mp,l3_mp,l1_lap,l2_lap,l3_lap,alg_conn,clustering_c,clustering_r,deg_assort,Q,N.olap,N.temp,N.nodf,H2,H3,H4,H17,cent_between,cent_close,cent_eigen,diam,mean_path_length,deg_het_row,deg_het_col
configuration,San_Francisco_crimes_2016-03-21,crimes,10.026144,2.708656,2.541946,0.04578800079331341,0.07857287278901975,0.08394690535363027,10.15965880175965,8.743583069382632,7.388888888888889,2.795977275897976,1.59674494667657,12.026144077528704,4.70865583161384,4.541946123004949,-0.7086558316138564,1,0.9725548438998731,-0.6772562101626269,0.2084634061741242,0.24209320724293987,22.8177028567871,70.49061378473144,1289,10783,4576,12501,0.13231658209844843,0.22170792681340135,0.4875989589715334,4,2.1619047619047618,1.0543275481937926,1.4389733732828314
