randomization,name,type,l1,l2,l3,ipr1,ipr2,ipr3,l1_cm,l1_er,l1_reg,l2_mp,l3_mp,l1_lap,l2_lap,l3_lap,alg_conn,clustering_c,clustering_r,deg_assort,Q,N.olap,N.temp,N.nodf,H2,H3,H4,H17,cent_between,cent_close,cent_eigen,diam,mean_path_length,deg_het_row,deg_het_col
configuration,San_Francisco_crimes_2016-06-28,crimes,9.848718,2.696798,2.547088,0.0458936047471836,0.07945587131876071,0.09784352716171245,9.962390815925199,8.706251579643638,7.428571428571429,2.862657247238287,1.631766362418525,11.848718303309727,4.696798455535665,4.547088070005186,-0.696798455535658,1,0.9701434860042341,-0.6641274194265117,0.1797520661157025,0.21175607096941954,23.26109467437294,71.66646276428885,1234,10104,4301,11702,0.1420098907634902,0.2529052105699101,0.4820654566869639,4,2.168067226890756,1.0603550295857989,1.3846153846153844
