randomization,name,type,l1,l2,l3,ipr1,ipr2,ipr3,l1_cm,l1_er,l1_reg,l2_mp,l3_mp,l1_lap,l2_lap,l3_lap,alg_conn,clustering_c,clustering_r,deg_assort,Q,N.olap,N.temp,N.nodf,H2,H3,H4,H17,cent_between,cent_close,cent_eigen,diam,mean_path_length,deg_het_row,deg_het_col
configuration,San_Francisco_crimes_2016-10-17,crimes,9.645467,2.742262,2.555556,0.047089457039330714,0.0815264133582988,0.07626012838523537,9.812827240102383,8.60554995131519,7.5625,2.6316601431887716,1.4660980701868205,11.645466862412793,4.742261581078273,4.55555567619897,-0.7422615810782688,1,0.9883335675990442,-0.6678184740314674,0.2089119671537254,0.36688733412767227,17.004758145102194,77.4193509791336,1118,9025,3722,9590,0.23258972456534718,0.29929631822016434,0.45931734896232895,4,2.032258064516129,1.0880404343965577,1.3298271975957927
