randomization,name,type,l1,l2,l3,ipr1,ipr2,ipr3,l1_cm,l1_er,l1_reg,l2_mp,l3_mp,l1_lap,l2_lap,l3_lap,alg_conn,clustering_c,clustering_r,deg_assort,Q,N.olap,N.temp,N.nodf,H2,H3,H4,H17,cent_between,cent_close,cent_eigen,diam,mean_path_length,deg_het_row,deg_het_col
configuration,San_Francisco_crimes_2016-08-28,crimes,9.298509,3.044088,2.450008,0.048829220988011554,0.06611125459146147,0.09710059046875576,9.49347409646058,8.045288026771205,6.8,2.773923353278116,1.576092278126134,11.298509205251136,5.044087976397831,4.450008289506965,-1.044087976397836,1,0.9624412083936325,-0.6064948093867228,0.22742577288031826,0.287100418471459,20.65207763267489,68.59023537795916,1067,8165,3604,9664,0.17811803422669603,0.27792920527134046,0.5054100940118232,4,2.2285714285714286,1.0924369747899159,1.4564649389167432
