randomization,name,type,l1,l2,l3,ipr1,ipr2,ipr3,l1_cm,l1_er,l1_reg,l2_mp,l3_mp,l1_lap,l2_lap,l3_lap,alg_conn,clustering_c,clustering_r,deg_assort,Q,N.olap,N.temp,N.nodf,H2,H3,H4,H17,cent_between,cent_close,cent_eigen,diam,mean_path_length,deg_het_row,deg_het_col
configuration,San_Francisco_crimes_2016-04-10,crimes,9.03804,3.100591,2.52288,0.047949380627949414,0.07877806745412952,0.07380989820289656,9.181217904931739,7.924747303084838,6.685714285714286,2.9522288193606205,1.688494415513566,11.038040128819878,5.1005907558353165,4.522879774480956,-1.1005907558353163,1,0.9486415016073836,-0.5989953796943485,0.25128814902893376,0.16352460861065934,28.99232976813024,65.62133237133237,1003,7518,3133,7569,0.16307570634846172,0.26177545951832276,0.5194250301406631,4,2.235294117647059,1.049747972824896,1.466505953685441
