randomization,name,type,l1,l2,l3,ipr1,ipr2,ipr3,l1_cm,l1_er,l1_reg,l2_mp,l3_mp,l1_lap,l2_lap,l3_lap,alg_conn,clustering_c,clustering_r,deg_assort,Q,N.olap,N.temp,N.nodf,H2,H3,H4,H17,cent_between,cent_close,cent_eigen,diam,mean_path_length,deg_het_row,deg_het_col
configuration,San_Francisco_crimes_2016-10-30,crimes,9.238833,3.069423,2.410629,0.04740304780949787,0.09791108589153863,0.0726247690587556,9.367393495633651,8.11981029204127,6.9411764705882355,2.8620272388827996,1.6242327398341214,11.238833188006998,5.069422529449534,4.410628938612408,-1.0694225294495412,1,0.954298281654059,-0.6207078711040691,0.23321280991735535,0.19995007942119242,25.914701001276097,68.98864634845944,1030,7975,3199,7467,0.15762594218466908,0.2502718163763314,0.43955946086034303,4,2.192513368983957,1.0471128985923586,1.4444125251364548
