randomization,name,type,l1,l2,l3,ipr1,ipr2,ipr3,l1_cm,l1_er,l1_reg,l2_mp,l3_mp,l1_lap,l2_lap,l3_lap,alg_conn,clustering_c,clustering_r,deg_assort,Q,N.olap,N.temp,N.nodf,H2,H3,H4,H17,cent_between,cent_close,cent_eigen,diam,mean_path_length,deg_het_row,deg_het_col
configuration,San_Francisco_crimes_2016-12-15,crimes,9.170377,2.871468,2.755319,0.04756250352882849,0.07248823587983876,0.06845987769005747,9.269920786937064,8.045288026771205,6.8,2.9685820579097304,1.6989102877472244,11.170376608724164,4.871467541794593,4.755318973320511,-0.8714675417946065,1,0.944591728525981,-0.6142544419898899,0.2261078146698649,0.1604734186710785,27.583193345371654,65.13939040025997,1031,7902,3193,7374,0.13028060154610557,0.26362810625260075,0.49505625622931937,4,2.242016806722689,1.0415931078313678,1.4564649389167432
