randomization,name,type,l1,l2,l3,ipr1,ipr2,ipr3,l1_cm,l1_er,l1_reg,l2_mp,l3_mp,l1_lap,l2_lap,l3_lap,alg_conn,clustering_c,clustering_r,deg_assort,Q,N.olap,N.temp,N.nodf,H2,H3,H4,H17,cent_between,cent_close,cent_eigen,diam,mean_path_length,deg_het_row,deg_het_col
configuration,San_Francisco_crimes_2016-04-13,crimes,9.353837,2.849963,2.473133,0.04811638040893526,0.05981513756161113,0.077883025680827,9.48534285756584,8.51178620617359,7.548387096774194,2.778514599039481,1.5489378322222522,11.353837017745553,4.849962565111631,4.473132596583059,-0.8499625651116255,1,0.9761771169401973,-0.619696324677169,0.2300556586270872,0.21439901166371755,24.464971956531276,73.78846643552527,1035,8148,3249,7675,0.12562574451293262,0.20967335506285942,0.4307871402639001,4,2.0473118279569893,1.0672802980495288,1.2932281393819858
