randomization,name,type,l1,l2,l3,ipr1,ipr2,ipr3,l1_cm,l1_er,l1_reg,l2_mp,l3_mp,l1_lap,l2_lap,l3_lap,alg_conn,clustering_c,clustering_r,deg_assort,Q,N.olap,N.temp,N.nodf,H2,H3,H4,H17,cent_between,cent_close,cent_eigen,diam,mean_path_length,deg_het_row,deg_het_col
configuration,San_Francisco_crimes_2016-07-08,crimes,8.985882,2.99389,2.53416,0.04996086848605741,0.05878113987976845,0.1047876322042389,9.25085269102277,7.812800950077494,6.647058823529412,2.724862145432981,1.5384658451993467,10.985881730122367,4.993889732844139,4.5341600286615575,-0.9938897328441266,1,0.9678674702051185,-0.6026171826182318,0.25446363768326324,0.26182877408734107,18.27543547937355,71.001290160168665,982,7211,3249,8721,0.2793483837534106,0.34426894983673145,0.5278938478394885,4,2.1889483065953654,1.1128514370741638,1.4453755188346777
