randomization,name,type,l1,l2,l3,ipr1,ipr2,ipr3,l1_cm,l1_er,l1_reg,l2_mp,l3_mp,l1_lap,l2_lap,l3_lap,alg_conn,clustering_c,clustering_r,deg_assort,Q,N.olap,N.temp,N.nodf,H2,H3,H4,H17,cent_between,cent_close,cent_eigen,diam,mean_path_length,deg_het_row,deg_het_col
configuration,San_Francisco_crimes_2016-12-18,crimes,9.323823,2.878509,2.39874,0.049454470589347536,0.05377467910394364,0.07688445091834492,9.444200606148705,8.287326266443413,7.25,2.7411450417120813,1.5336329975735885,11.32382287055763,4.878509203562795,4.398740441215735,-0.8785092035628057,1,0.9648855688252367,-0.5578326346840535,0.22818559556786697,0.14030703725191304,21.23546828808893,69.78234728234729,1022,8013,3253,7930,0.10164910213605527,0.24633459752272494,0.46476306241789633,4,2.161290322580645,1.0746135552913199,1.3570154577883473
