randomization,name,type,l1,l2,l3,ipr1,ipr2,ipr3,l1_cm,l1_er,l1_reg,l2_mp,l3_mp,l1_lap,l2_lap,l3_lap,alg_conn,clustering_c,clustering_r,deg_assort,Q,N.olap,N.temp,N.nodf,H2,H3,H4,H17,cent_between,cent_close,cent_eigen,diam,mean_path_length,deg_het_row,deg_het_col
configuration,San_Francisco_crimes_2016-11-11,crimes,10.077654,2.578555,2.477934,0.04552028857397022,0.08970541467582657,0.08683313926951794,10.211375487617348,9.010311802467882,7.878787878787879,2.6616282087201264,1.492063914280475,12.077653917340799,4.578554862937333,4.477934158431917,-0.5785548629373446,1,0.9805448723106384,-0.6760806080063833,0.1862000000000001,0.25117233226051,20.510379450801032,75.98860125705762,1255,10682,4327,11436,0.16295485140357638,0.22035164975935637,0.4532928495066145,4,2.0606060606060606,1.0532544378698225,1.3473372781065087
