randomization,name,type,l1,l2,l3,ipr1,ipr2,ipr3,l1_cm,l1_er,l1_reg,l2_mp,l3_mp,l1_lap,l2_lap,l3_lap,alg_conn,clustering_c,clustering_r,deg_assort,Q,N.olap,N.temp,N.nodf,H2,H3,H4,H17,cent_between,cent_close,cent_eigen,diam,mean_path_length,deg_het_row,deg_het_col
configuration,San_Francisco_crimes_2016-01-06,crimes,9.088336,2.770186,2.426423,0.04898299091850605,0.09053699600303709,0.08279464051580179,9.225251387246567,8.316737147655086,7.354838709677419,2.8728498189139815,1.6080277678408101,11.08833625029078,4.770186295791426,4.426423174150959,-0.7701862957914497,1,0.9802676823784584,-0.5807304258131081,0.20422335600907027,0.21491999177293294,26.321967726562296,71.24393797923209,978,7442,3015,7118,0.1105229041885087,0.21108564142209485,0.43379293323574525,4,2.043010752688172,1.0664819944598336,1.289473684210526
