randomization,name,type,l1,l2,l3,ipr1,ipr2,ipr3,l1_cm,l1_er,l1_reg,l2_mp,l3_mp,l1_lap,l2_lap,l3_lap,alg_conn,clustering_c,clustering_r,deg_assort,Q,N.olap,N.temp,N.nodf,H2,H3,H4,H17,cent_between,cent_close,cent_eigen,diam,mean_path_length,deg_het_row,deg_het_col
configuration,Washington_DC_crimes_2016-04-22,crimes,5.536207,3.465423,2.717022,0.08148222285167815,0.07512463671377302,0.10806357261955377,5.718450862961825,4.796123237053511,3.230769230769231,3.0535626566564993,1.745266033870644,7.5362065685757,5.46542306961769,4.717022404728579,-1.4654230696176924,0.9715994020926756,0.6674048721562311,-0.6952978893935349,0.3849836230788613,0.20946180658145291,24.033316431270386,42.27871419360781,402,1078,1434,4393,0.43442089931519895,0.3161923755675583,0.7417573012429916,5,2.7287449392712553,1.3386243386243386,1.3786848072562359
