randomization,name,type,l1,l2,l3,ipr1,ipr2,ipr3,l1_cm,l1_er,l1_reg,l2_mp,l3_mp,l1_lap,l2_lap,l3_lap,alg_conn,clustering_c,clustering_r,deg_assort,Q,N.olap,N.temp,N.nodf,H2,H3,H4,H17,cent_between,cent_close,cent_eigen,diam,mean_path_length,deg_het_row,deg_het_col
configuration,Washington_DC_crimes_2016-12-21,crimes,5.641077,2.926937,2.376668,0.11883674324995284,0.09128006082582792,0.0833936181469951,5.743726821952156,4.803844614152615,3.272727272727273,2.7533750680394005,1.5036292662410697,7.641076862739426,4.9269370659872145,4.376668041378892,-0.9269370659871999,0.884514435695538,0.8217640320733104,-0.6264174596843125,0.3484224965706446,0.3886245357556833,27.39289786933608,49.03119307832423,381,856,1744,6682,0.5293585343242629,0.4301064603994789,0.7603364168229206,4,2.4242424242424243,1.522633744855967,1.2037037037037037
