randomization,name,type,l1,l2,l3,ipr1,ipr2,ipr3,l1_cm,l1_er,l1_reg,l2_mp,l3_mp,l1_lap,l2_lap,l3_lap,alg_conn,clustering_c,clustering_r,deg_assort,Q,N.olap,N.temp,N.nodf,H2,H3,H4,H17,cent_between,cent_close,cent_eigen,diam,mean_path_length,deg_het_row,deg_het_col
configuration,Washington_DC_crimes_2016-05-27,crimes,5.775288,2.931217,2.767795,0.10246223717186143,0.17586731505907882,0.1039272876468058,5.694614917029459,5.0069580092698285,3.4210526315789473,3.1821245633254414,1.822026863556216,7.775288395130367,4.931216928679289,4.7677947780449985,-0.931216928679295,0.9359605911330049,0.7830141548709408,-0.6327099250555963,0.35952662721893525,0.21107719115925364,34.14408025200888,39.495279593318806,441,1123,1835,6503,0.3894265778127901,0.33062263738692454,0.7599363691816711,5,2.607396870554765,1.4099408284023665,1.1813017751479291
