randomization,name,type,l1,l2,l3,ipr1,ipr2,ipr3,l1_cm,l1_er,l1_reg,l2_mp,l3_mp,l1_lap,l2_lap,l3_lap,alg_conn,clustering_c,clustering_r,deg_assort,Q,N.olap,N.temp,N.nodf,H2,H3,H4,H17,cent_between,cent_close,cent_eigen,diam,mean_path_length,deg_het_row,deg_het_col
configuration,Washington_DC_crimes_2016-03-08,crimes,5.418532,2.901951,2.213083,0.12205966782010012,0.1535350554790377,0.12082490554695453,5.627655936692614,4.557769871262782,3.090909090909091,2.640989311425155,1.435133736735079,7.418531853996056,4.90195068198143,4.213083240414822,-0.9019506819814291,1,0.7945945945945946,-0.6043688943420257,0.3663975394079202,0.3826219588571946,26.144894816923266,49.76155447466923,341,754,1488,5603,0.5703660995842198,0.45636027359661757,0.7860008322011446,4,2.507575757575758,1.5201845444059976,1.2975778546712804
