randomization,name,type,l1,l2,l3,ipr1,ipr2,ipr3,l1_cm,l1_er,l1_reg,l2_mp,l3_mp,l1_lap,l2_lap,l3_lap,alg_conn,clustering_c,clustering_r,deg_assort,Q,N.olap,N.temp,N.nodf,H2,H3,H4,H17,cent_between,cent_close,cent_eigen,diam,mean_path_length,deg_het_row,deg_het_col
configuration,Washington_DC_crimes_2016-03-20,crimes,4.624804,3.48839,2.376745,0.1032484792974949,0.0952921172503597,0.13903836487328963,4.591878895155439,4.053426804829309,2.7567567567567566,3.0658261209342244,1.741066717626979,6.62480406030907,5.488390184878252,4.376745369620943,-1.4883901848782641,0.6423841059602649,0.48503325942350334,-0.6517952615915794,0.44213763936947337,0.1797821125329349,28.997715402402054,30.857612781954888,271,448,897,2443,0.45590962217284986,0.279179370914866,0.7470155871919122,6,2.8978978978978978,1.461361014994233,1.1649365628604385
