randomization,name,type,l1,l2,l3,ipr1,ipr2,ipr3,l1_cm,l1_er,l1_reg,l2_mp,l3_mp,l1_lap,l2_lap,l3_lap,alg_conn,clustering_c,clustering_r,deg_assort,Q,N.olap,N.temp,N.nodf,H2,H3,H4,H17,cent_between,cent_close,cent_eigen,diam,mean_path_length,deg_het_row,deg_het_col
configuration,Washington_DC_crimes_2016-11-09,crimes,5.761964,3.4039,2.513989,0.10195165412032692,0.10284592858850171,0.10239937505747569,5.935133229474542,4.523352107200399,3.1794871794871793,2.7587649115813453,1.5728370127541522,7.761964350471322,5.403899521750995,4.513989046949233,-1.4038995217509846,0.8759541984732825,0.7540838068181818,-0.6412363397589231,0.3844953173777315,0.378784899521884,19.695168416520726,46.12914131169709,450,1061,2085,8051,0.47150485908492007,0.33736384359820604,0.7693001022888896,6,2.650472334682861,1.8064516129032258,1.2580645161290323
