randomization,name,type,l1,l2,l3,ipr1,ipr2,ipr3,l1_cm,l1_er,l1_reg,l2_mp,l3_mp,l1_lap,l2_lap,l3_lap,alg_conn,clustering_c,clustering_r,deg_assort,Q,N.olap,N.temp,N.nodf,H2,H3,H4,H17,cent_between,cent_close,cent_eigen,diam,mean_path_length,deg_het_row,deg_het_col
configuration,Washington_DC_crimes_2016-09-18,crimes,6.185814,3.036086,2.990377,0.107712102370694,0.09210366588815627,0.09869192443346707,6.3205875509812675,4.8536438700373505,3.4,2.80875615872392,1.6098416030137,8.185813738022574,5.036085774357488,4.990376830422722,-1.0360857743574794,0.9058988764044944,0.8411125701325056,-0.6309590049311844,0.3313148788927336,0.41005709728403306,23.976877313519633,47.68584151217738,555,1378,2990,13412,0.4662728083682925,0.37387273476727684,0.7665638504293746,5,2.5,1.8581314878892734,1.1903114186851211
