randomization,name,type,l1,l2,l3,ipr1,ipr2,ipr3,l1_cm,l1_er,l1_reg,l2_mp,l3_mp,l1_lap,l2_lap,l3_lap,alg_conn,clustering_c,clustering_r,deg_assort,Q,N.olap,N.temp,N.nodf,H2,H3,H4,H17,cent_between,cent_close,cent_eigen,diam,mean_path_length,deg_het_row,deg_het_col
configuration,Washington_DC_crimes_2016-08-09,crimes,6.37723,2.787212,2.526584,0.11324892659839857,0.09366788901357632,0.09607867038866484,6.603591589052128,5.433343002343166,3.657142857142857,2.6821390877413034,1.4731835171266865,8.377230394907121,4.787212418408263,4.526584319615617,-0.7872124184082487,0.9013888888888889,0.9133120105878461,-0.6527092933201365,0.30712890625,0.5300501280192491,24.07301368843266,59.515326320551964,557,1437,3172,14884,0.4892213287213585,0.43512447592292675,0.748343682449323,4,2.2218487394957984,1.5761718750000002,1.1752929687500002
