randomization,name,type,l1,l2,l3,ipr1,ipr2,ipr3,l1_cm,l1_er,l1_reg,l2_mp,l3_mp,l1_lap,l2_lap,l3_lap,alg_conn,clustering_c,clustering_r,deg_assort,Q,N.olap,N.temp,N.nodf,H2,H3,H4,H17,cent_between,cent_close,cent_eigen,diam,mean_path_length,deg_het_row,deg_het_col
configuration,Washington_DC_crimes_2016-09-16,crimes,5.934866,3.074968,2.798797,0.10412424342279154,0.10281834111642675,0.21785873790421628,6.2082515689405335,4.8536438700373505,3.4,2.8783595160195343,1.6535336872309412,7.93486602485972,5.074968119951848,4.79879739240666,-1.0749681199518473,0.9474327628361858,0.7692426823602292,-0.5815544690239101,0.3758650519031142,0.3862165478107507,18.76934620310119,47.59829758875561,496,1323,2356,10132,0.5624735565704417,0.4299119571483931,0.7884350783695162,5,2.541025641025641,1.6228373702422145,1.314878892733564
