randomization,name,type,l1,l2,l3,ipr1,ipr2,ipr3,l1_cm,l1_er,l1_reg,l2_mp,l3_mp,l1_lap,l2_lap,l3_lap,alg_conn,clustering_c,clustering_r,deg_assort,Q,N.olap,N.temp,N.nodf,H2,H3,H4,H17,cent_between,cent_close,cent_eigen,diam,mean_path_length,deg_het_row,deg_het_col
configuration,Washington_DC_crimes_2016-01-03,crimes,5.415256,3.315391,2.403593,0.12440070044094188,0.13882655888654755,0.16986577943019937,5.382735425958995,4.3740838106373845,2.9000000000000004,2.974178360973691,1.7005829952036577,7.415256331400908,5.3153911272023695,4.40359348134612,-1.3153911272023695,0.7765151515151515,0.6471198754540737,-0.6099163339037842,0.410820451843044,0.3088529469164715,26.585801421599566,37.34740526447373,414,743,2056,8390,0.531975135836861,0.3513206971606601,0.8024351104592712,6,2.703846153846154,1.718787158145065,1.157550535077289
