randomization,name,type,l1,l2,l3,ipr1,ipr2,ipr3,l1_cm,l1_er,l1_reg,l2_mp,l3_mp,l1_lap,l2_lap,l3_lap,alg_conn,clustering_c,clustering_r,deg_assort,Q,N.olap,N.temp,N.nodf,H2,H3,H4,H17,cent_between,cent_close,cent_eigen,diam,mean_path_length,deg_het_row,deg_het_col
configuration,Washington_DC_crimes_2016-12-15,crimes,5.808167,3.327845,2.701271,0.09830248216832309,0.08010474125254385,0.1962163369209244,5.729876027449532,5.430645328206225,3.611111111111111,3.350985538350169,1.903883159324123,7.808166882034561,5.327845126708851,4.701270605085243,-1.327845126708852,1,0.7807803006076112,-0.6523406975918162,0.36236686390532574,0.1185516029863856,48.31287387438527,37.89021164021164,442,1169,1793,6422,0.4634520216928327,0.3728506480800133,0.7567996678684229,4,2.53015873015873,1.2085207100591715,1.1573964497041422
