randomization,name,type,l1,l2,l3,ipr1,ipr2,ipr3,l1_cm,l1_er,l1_reg,l2_mp,l3_mp,l1_lap,l2_lap,l3_lap,alg_conn,clustering_c,clustering_r,deg_assort,Q,N.olap,N.temp,N.nodf,H2,H3,H4,H17,cent_between,cent_close,cent_eigen,diam,mean_path_length,deg_het_row,deg_het_col
configuration,Washington_DC_crimes_2016-07-29,crimes,6.316448,2.972816,2.494366,0.11474932944380803,0.13173559438336704,0.10755546898957173,6.2885434378588325,5.075632971333406,3.4358974358974357,2.9066648775108104,1.65219385266378,8.316447867950599,4.972816155621153,4.494366036675432,-0.9728161556211683,0.9120879120879121,0.8549333935425604,-0.6227957966215165,0.33927378035197137,0.3968438568898784,25.70568204873472,47.36736667587731,548,1372,2976,13395,0.4092092052855448,0.34763280992624246,0.7741527460189538,5,2.5128205128205128,1.6576074849632438,1.1904655825350858
