randomization,name,type,l1,l2,l3,ipr1,ipr2,ipr3,l1_cm,l1_er,l1_reg,l2_mp,l3_mp,l1_lap,l2_lap,l3_lap,alg_conn,clustering_c,clustering_r,deg_assort,Q,N.olap,N.temp,N.nodf,H2,H3,H4,H17,cent_between,cent_close,cent_eigen,diam,mean_path_length,deg_het_row,deg_het_col
configuration,Washington_DC_crimes_2016-06-28,crimes,5.746282,3.051011,2.603296,0.0835922501425943,0.08956376612407457,0.10529532292883302,5.853011835240197,5.01146489086058,3.5,3.021881783503398,1.706770741561558,7.746282292565339,5.051011265410608,4.603295941709937,-1.0510112654106114,0.9661610268378062,0.7489517819706499,-0.6811906498103248,0.3544973544973547,0.25280626929171596,25.0397989060683,46.58023865283818,400,1220,1359,3986,0.37544013562285383,0.3059899742357841,0.7314566150122692,5,2.623809523809524,1.310405643738977,1.3371126228269086
