randomization,name,type,l1,l2,l3,ipr1,ipr2,ipr3,l1_cm,l1_er,l1_reg,l2_mp,l3_mp,l1_lap,l2_lap,l3_lap,alg_conn,clustering_c,clustering_r,deg_assort,Q,N.olap,N.temp,N.nodf,H2,H3,H4,H17,cent_between,cent_close,cent_eigen,diam,mean_path_length,deg_het_row,deg_het_col
configuration,Washington_DC_crimes_2016-07-24,crimes,6.27313,3.044728,2.835409,0.11455184797623852,0.08075156479549318,0.09639325452070062,6.563789555838405,5.277434771467987,3.5121951219512195,2.954694701359318,1.693902846602509,8.273129670015056,5.044727555359898,4.835409198562131,-1.0447275553599056,0.9887063655030801,0.8285545023696682,-0.545152041521043,0.3566743827160495,0.4197722001438674,22.85540988468374,49.43537609774724,591,1595,3411,18380,0.6376516913944758,0.5177759706783649,0.804626528681762,5,2.4609756097560975,1.523148148148148,1.298611111111111
