randomization,name,type,l1,l2,l3,ipr1,ipr2,ipr3,l1_cm,l1_er,l1_reg,l2_mp,l3_mp,l1_lap,l2_lap,l3_lap,alg_conn,clustering_c,clustering_r,deg_assort,Q,N.olap,N.temp,N.nodf,H2,H3,H4,H17,cent_between,cent_close,cent_eigen,diam,mean_path_length,deg_het_row,deg_het_col
configuration,Washington_DC_crimes_2016-06-09,crimes,6.419406,2.933737,2.534368,0.11418015540862726,0.11782148658455935,0.09449221010387862,6.683673671809526,4.980132954845322,3.4634146341463414,2.7073440662766326,1.5522902171532116,8.419405705066152,4.933736531452823,4.534368447097804,-0.9337365314528244,0.8857758620689655,0.8628143837040116,-0.5793885930611719,0.3392184090458242,0.4938387959612153,17.70904141196023,53.840987360487546,614,1641,3676,18898,0.5714671640672297,0.48742949617425,0.7928651068604802,5,2.4390243902439024,1.871057329894862,1.250347153342591
