randomization,name,type,l1,l2,l3,ipr1,ipr2,ipr3,l1_cm,l1_er,l1_reg,l2_mp,l3_mp,l1_lap,l2_lap,l3_lap,alg_conn,clustering_c,clustering_r,deg_assort,Q,N.olap,N.temp,N.nodf,H2,H3,H4,H17,cent_between,cent_close,cent_eigen,diam,mean_path_length,deg_het_row,deg_het_col
configuration,Washington_DC_crimes_2016-08-13,crimes,5.707905,2.801045,2.568357,0.1053311350955556,0.1093548096298715,0.08947699441521167,5.850846475636738,5.289479035715403,3.6875,3.0077436324644573,1.655562400596665,7.707904556741332,4.8010449929828605,4.568357126341764,-0.801044992982862,0.9546875,0.8633137294666396,-0.5880589710650272,0.3122665900603274,0.3018377906718243,35.28267742738596,49.989145658263304,399,1069,1690,6608,0.5767872617107558,0.4866119709040858,0.7555218472341643,5,2.310483870967742,1.3082447572536626,1.17265153691468
