randomization,name,type,l1,l2,l3,ipr1,ipr2,ipr3,l1_cm,l1_er,l1_reg,l2_mp,l3_mp,l1_lap,l2_lap,l3_lap,alg_conn,clustering_c,clustering_r,deg_assort,Q,N.olap,N.temp,N.nodf,H2,H3,H4,H17,cent_between,cent_close,cent_eigen,diam,mean_path_length,deg_het_row,deg_het_col
configuration,Washington_DC_crimes_2016-10-27,crimes,6.176629,2.831492,2.319677,0.1254613239081837,0.1383583549591463,0.22500358694022823,6.404859266386906,4.583222826019656,3.076923076923077,2.4166462081736575,1.3514064800916734,8.176629015817664,4.831491732752928,4.319677092826106,-0.831491732752924,0.8553191489361702,0.8406570841889117,-0.6463106430297848,0.34972222222222216,0.5781917173883425,20.744502104280762,55.39007092198582,531,1183,3203,15489,0.5513171417008584,0.4513778960907733,0.7941041515495941,5,2.4723346828609984,2.0222222222222226,1.2622222222222221
