randomization,name,type,l1,l2,l3,ipr1,ipr2,ipr3,l1_cm,l1_er,l1_reg,l2_mp,l3_mp,l1_lap,l2_lap,l3_lap,alg_conn,clustering_c,clustering_r,deg_assort,Q,N.olap,N.temp,N.nodf,H2,H3,H4,H17,cent_between,cent_close,cent_eigen,diam,mean_path_length,deg_het_row,deg_het_col
configuration,Washington_DC_crimes_2016-09-15,crimes,6.110286,3.47032,2.707154,0.08227870757579986,0.08799331824130972,0.10930889811131017,6.108448967530737,5.291554766177464,3.675675675675676,3.1051439188466095,1.76627487947226,8.110285549115003,5.47031994139563,4.707154196465524,-1.4703199413956236,0.914918414918415,0.8153573538098051,-0.732551622634521,0.3155276816608995,0.26593328250184206,30.051679625574547,44.722886762360446,497,1422,2051,6954,0.3332807193772174,0.27189721190933896,0.7156423072010272,6,2.5855855855855854,1.435121107266436,1.180795847750865
