randomization,name,type,l1,l2,l3,ipr1,ipr2,ipr3,l1_cm,l1_er,l1_reg,l2_mp,l3_mp,l1_lap,l2_lap,l3_lap,alg_conn,clustering_c,clustering_r,deg_assort,Q,N.olap,N.temp,N.nodf,H2,H3,H4,H17,cent_between,cent_close,cent_eigen,diam,mean_path_length,deg_het_row,deg_het_col
configuration,Washington_DC_crimes_2016-03-27,crimes,5.200662,2.54624,2.325538,0.1262483933832521,0.12019824375895614,0.13916278331141682,5.204876294406584,4.136884834979904,2.787878787878788,2.612123818234452,1.4176928279307204,7.2006624592447155,4.5462403841924965,4.3255379323509215,-0.5462403841924922,0.8598130841121495,0.7518053971873813,-0.6170785911509192,0.40548204158790174,0.3415547658170609,25.43983863195028,43.98696931483817,286,583,1143,3797,0.554913345223325,0.42591601746575863,0.7890902096426162,6,2.746212121212121,1.5935727788279772,1.3015122873345935
