randomization,name,type,l1,l2,l3,ipr1,ipr2,ipr3,l1_cm,l1_er,l1_reg,l2_mp,l3_mp,l1_lap,l2_lap,l3_lap,alg_conn,clustering_c,clustering_r,deg_assort,Q,N.olap,N.temp,N.nodf,H2,H3,H4,H17,cent_between,cent_close,cent_eigen,diam,mean_path_length,deg_het_row,deg_het_col
configuration,Washington_DC_crimes_2016-08-20,crimes,5.90965,3.110448,2.754664,0.0959992309178351,0.1264526253308314,0.11548766627416285,5.939637773046434,4.936426564622691,3.3684210526315788,2.988111213157619,1.6976742616015361,7.909649593486111,5.110448084143604,4.75466428438015,-1.1104480841436033,0.9069400630914827,0.8127922763614421,-0.6666234968510018,0.339111328125,0.30040959004252654,25.92366135973189,43.663159240501294,463,1178,2048,7596,0.3700736459401007,0.26704245032207774,0.7654280552486485,6,2.624466571834993,1.5244140625000002,1.22607421875
