randomization,name,type,l1,l2,l3,ipr1,ipr2,ipr3,l1_cm,l1_er,l1_reg,l2_mp,l3_mp,l1_lap,l2_lap,l3_lap,alg_conn,clustering_c,clustering_r,deg_assort,Q,N.olap,N.temp,N.nodf,H2,H3,H4,H17,cent_between,cent_close,cent_eigen,diam,mean_path_length,deg_het_row,deg_het_col
configuration,Washington_DC_crimes_2016-09-03,crimes,5.544287,2.888106,2.792346,0.08354619715378744,0.10145425434943339,0.08866468994730453,5.749975845359894,4.793809467094549,3.333333333333334,2.9254855261434622,1.6457508177052693,7.54428748276567,4.888106371542466,4.792345523169918,-0.8881063715424613,0.9874301675977654,0.7009286618826509,-0.7043895747599456,0.35111111111111104,0.28328090343605566,23.762667575318627,45.22433395384215,372,1074,1228,3433,0.4019726062353537,0.3100904490127491,0.7332697502450128,4,2.63015873015873,1.3455555555555558,1.3855555555555554
