randomization,name,type,l1,l2,l3,ipr1,ipr2,ipr3,l1_cm,l1_er,l1_reg,l2_mp,l3_mp,l1_lap,l2_lap,l3_lap,alg_conn,clustering_c,clustering_r,deg_assort,Q,N.olap,N.temp,N.nodf,H2,H3,H4,H17,cent_between,cent_close,cent_eigen,diam,mean_path_length,deg_het_row,deg_het_col
configuration,Washington_DC_crimes_2016-06-06,crimes,5.951444,3.021718,2.832749,0.09480855034869197,0.10377284704328858,0.08688780220081169,5.983511166618022,5.147209447561639,3.526315789473684,3.1142951908576917,1.7782406385871088,7.951444218787255,5.021718040853322,4.832748564146053,-1.021718040853325,0.9341397849462365,0.7907990996060776,-0.6460245150166513,0.33749164624638,0.2776847866354039,28.91025609905987,43.10439046550158,484,1293,2141,8194,0.4992797574814885,0.38108700439842946,0.7597467912635442,5,2.539118065433855,1.4486522610826467,1.1946981510358656
