randomization,name,type,l1,l2,l3,ipr1,ipr2,ipr3,l1_cm,l1_er,l1_reg,l2_mp,l3_mp,l1_lap,l2_lap,l3_lap,alg_conn,clustering_c,clustering_r,deg_assort,Q,N.olap,N.temp,N.nodf,H2,H3,H4,H17,cent_between,cent_close,cent_eigen,diam,mean_path_length,deg_het_row,deg_het_col
configuration,Washington_DC_crimes_2016-04-01,crimes,5.782641,3.018492,2.664752,0.1014827678671229,0.0968727337853635,0.17719809352652505,5.791954524459242,4.796123237053511,3.230769230769231,3.010628045267996,1.7179127413625186,7.782641135573505,5.018491802269741,4.6647521087192505,-1.0184918022697376,0.9344,0.7554097197587797,-0.6166329140908121,0.38321995464852615,0.26407241694475736,26.750661384455547,42.60960670535138,431,1112,1832,6769,0.5084216356484482,0.37739857946548383,0.7758029986894355,6,2.7341430499325234,1.4585537918871252,1.2980599647266313
