randomization,name,type,l1,l2,l3,ipr1,ipr2,ipr3,l1_cm,l1_er,l1_reg,l2_mp,l3_mp,l1_lap,l2_lap,l3_lap,alg_conn,clustering_c,clustering_r,deg_assort,Q,N.olap,N.temp,N.nodf,H2,H3,H4,H17,cent_between,cent_close,cent_eigen,diam,mean_path_length,deg_het_row,deg_het_col
configuration,Washington_DC_crimes_2016-03-21,crimes,5.927792,2.98231,2.525362,0.10917259457021111,0.13061648328259753,0.1021309799980327,5.997290897593284,5.203519995146769,3.4054054054054053,3.056414825497626,1.718715039024247,7.927791551763282,4.982309860289492,4.525361518429386,-0.9823098602894905,0.9773913043478261,0.8238390092879257,-0.6282460211385981,0.3363567649281936,0.2792165878103378,36.99575149172435,46.35801820728292,475,1149,2326,9777,0.5082181360471899,0.4137507879404949,0.7770055205833963,6,2.4984984984984986,1.3922902494331066,1.2106324011085916
