randomization,name,type,l1,l2,l3,ipr1,ipr2,ipr3,l1_cm,l1_er,l1_reg,l2_mp,l3_mp,l1_lap,l2_lap,l3_lap,alg_conn,clustering_c,clustering_r,deg_assort,Q,N.olap,N.temp,N.nodf,H2,H3,H4,H17,cent_between,cent_close,cent_eigen,diam,mean_path_length,deg_het_row,deg_het_col
configuration,Washington_DC_crimes_2016-02-06,crimes,4.722217,3.230639,2.358884,0.09381144540107945,0.11746769631812462,0.09237558541964881,4.80376150193513,4.263851632555311,3,3.014244315435265,1.6888835618404356,6.722216688335707,5.230638903902038,4.358883566387992,-1.2306389039020376,0.8384615384615385,0.5679959100204499,-0.6182959720564178,0.4009996155324876,0.19147240471762111,32.26406541956575,36.29687069203198,264,544,811,2128,0.462114784575184,0.30621077249962336,0.7282735102831712,6,2.7076648841354722,1.3806228373702425,1.2145328719723183
