randomization,name,type,l1,l2,l3,ipr1,ipr2,ipr3,l1_cm,l1_er,l1_reg,l2_mp,l3_mp,l1_lap,l2_lap,l3_lap,alg_conn,clustering_c,clustering_r,deg_assort,Q,N.olap,N.temp,N.nodf,H2,H3,H4,H17,cent_between,cent_close,cent_eigen,diam,mean_path_length,deg_het_row,deg_het_col
configuration,Washington_DC_crimes_2016-06-07,crimes,5.917061,3.292057,2.546518,0.09239908742148088,0.10769723338054435,0.1377344073341278,6.099762705568793,5.278839891318007,3.5,3.000592732779175,1.6771581234231967,7.917061248588309,5.292056624267917,4.546518410454637,-1.292056624267922,0.978134110787172,0.80333283290797175,-0.6893680449010511,0.32073570168808263,0.29153353658840203,25.568940145250995,48.010141093474424,467,1208,2088,8041,0.49730210245936546,0.3863563761073854,0.7382814096834911,4,2.447619047619048,1.3529856386999244,1.2471655328798186
