randomization,name,type,l1,l2,l3,ipr1,ipr2,ipr3,l1_cm,l1_er,l1_reg,l2_mp,l3_mp,l1_lap,l2_lap,l3_lap,alg_conn,clustering_c,clustering_r,deg_assort,Q,N.olap,N.temp,N.nodf,H2,H3,H4,H17,cent_between,cent_close,cent_eigen,diam,mean_path_length,deg_het_row,deg_het_col
configuration,Washington_DC_crimes_2016-05-29,crimes,5.891608,3.120125,2.645122,0.11265658589788546,0.10170261923636176,0.12666736635196277,5.8193405335637065,4.865652340975725,3.3513513513513518,2.9732481553122065,1.682160618449181,7.891607559411023,5.120124900734295,4.645122037044854,-1.1201249007343055,0.837160751565762,0.8159489633173844,-0.628425814285592,0.3470343392299687,0.3276813990844311,26.725255287169603,40.91087092731829,462,1072,2251,9151,0.49955500842403666,0.3995423040487212,0.7668479926846207,6,2.5195195195195197,1.6462018730489072,1.1238293444328822
