randomization,name,type,l1,l2,l3,ipr1,ipr2,ipr3,l1_cm,l1_er,l1_reg,l2_mp,l3_mp,l1_lap,l2_lap,l3_lap,alg_conn,clustering_c,clustering_r,deg_assort,Q,N.olap,N.temp,N.nodf,H2,H3,H4,H17,cent_between,cent_close,cent_eigen,diam,mean_path_length,deg_het_row,deg_het_col
configuration,Washington_DC_crimes_2016-09-02,crimes,5.614682,2.517709,2.070791,0.1311714168490991,0.1153903670716363,0.1718654854382929,5.897117940146694,4.260082318763026,3.0303030303030303,2.2399445358680934,1.2111953631573888,7.614682333671045,4.517708651363615,4.0707905724496465,-0.5177086513636227,0.8422391857506362,0.9113998818665091,-0.546814883511085,0.3636000000000001,0.5639793439366196,19.28860073148362,55.87668593448941,358,818,1799,7828,0.7427896385368663,0.5899783431021881,0.7969864081254854,6,2.5113636363636362,1.932,1.3104
