randomization,name,type,l1,l2,l3,ipr1,ipr2,ipr3,l1_cm,l1_er,l1_reg,l2_mp,l3_mp,l1_lap,l2_lap,l3_lap,alg_conn,clustering_c,clustering_r,deg_assort,Q,N.olap,N.temp,N.nodf,H2,H3,H4,H17,cent_between,cent_close,cent_eigen,diam,mean_path_length,deg_het_row,deg_het_col
configuration,Washington_DC_crimes_2016-04-20,crimes,6.092722,2.96587,2.55354,0.13976471234682403,0.13854925543205235,0.12612161009548564,6.4771232040158075,5.1340307621415135,3.282051282051282,2.7342590678549805,1.5291292341777292,8.09272162724289,4.965870449368586,4.553539546066055,-0.965870449368596,0.8467874794069192,0.840696337658072,-0.536758577951264,0.365234375,0.5039034669132012,27.22805995083976,54.819345786196614,553,1246,3602,21044,0.7320165944201363,0.5983489086864741,0.8159695332841455,5,2.396761133603239,1.5732421875,1.2890625
