randomization,name,type,l1,l2,l3,ipr1,ipr2,ipr3,l1_cm,l1_er,l1_reg,l2_mp,l3_mp,l1_lap,l2_lap,l3_lap,alg_conn,clustering_c,clustering_r,deg_assort,Q,N.olap,N.temp,N.nodf,H2,H3,H4,H17,cent_between,cent_close,cent_eigen,diam,mean_path_length,deg_het_row,deg_het_col
configuration,Washington_DC_crimes_2016-05-14,crimes,5.960382,3.488466,2.791858,0.08464414835519993,0.10741510955074032,0.11618543665595128,6.08307964970798,5.3471912384493825,3.6,3.2657452733371373,1.8881186870061346,7.9603818413558765,5.48846629441647,4.7918584708139225,-1.4884662944164764,0.9629156010230179,0.7667779013718947,-0.7029550978636304,0.3304398148148147,0.2511885707007716,29.50611741321208,40.745800445254,546,1393,2501,9684,0.4413828856765769,0.32138632929641636,0.7383529021292725,5,2.485897435897436,1.4232253086419753,1.158564814814815
