randomization,name,type,l1,l2,l3,ipr1,ipr2,ipr3,l1_cm,l1_er,l1_reg,l2_mp,l3_mp,l1_lap,l2_lap,l3_lap,alg_conn,clustering_c,clustering_r,deg_assort,Q,N.olap,N.temp,N.nodf,H2,H3,H4,H17,cent_between,cent_close,cent_eigen,diam,mean_path_length,deg_het_row,deg_het_col
configuration,Washington_DC_crimes_2016-05-13,crimes,5.938322,3.510473,2.681486,0.09935236147168208,0.08266882661322937,0.0733020196950525,6.026588032511387,5.0069580092698285,3.4210526315789473,2.9860054004825716,1.6963392888598636,7.938322258184966,5.510473038202641,4.681485948685423,-1.510473038202634,0.8713692946058091,0.8005481120584653,-0.6274550821653536,0.36047337278106517,0.27968823738784826,26.249794088917437,45.13460219478738,465,1250,2057,7970,0.5177125926675478,0.4043820206548595,0.7624566601757328,5,2.6187766714082503,1.4695857988165677,1.2693491124260357
