randomization,name,type,l1,l2,l3,ipr1,ipr2,ipr3,l1_cm,l1_er,l1_reg,l2_mp,l3_mp,l1_lap,l2_lap,l3_lap,alg_conn,clustering_c,clustering_r,deg_assort,Q,N.olap,N.temp,N.nodf,H2,H3,H4,H17,cent_between,cent_close,cent_eigen,diam,mean_path_length,deg_het_row,deg_het_col
configuration,Washington_DC_crimes_2016-09-26,crimes,5.984856,2.988302,2.385032,0.10064422858010451,0.08232264881241773,0.11063553057129374,6.215686242327497,5.0944847149197825,3.6470588235294117,2.757247615974925,1.5278522411659,7.98485591841637,4.988301781569699,4.385031706813353,-0.9883017815696966,0.9482758620689655,0.8402732595966168,-0.5777440217987067,0.33480749219562944,0.44608766490075547,25.502833266195896,55.52643369175627,437,1295,1911,7453,0.5584219191543933,0.45716351371694247,0.7467888533520277,5,2.390374331550802,1.4859521331945886,1.2783558792924037
