randomization,name,type,l1,l2,l3,ipr1,ipr2,ipr3,l1_cm,l1_er,l1_reg,l2_mp,l3_mp,l1_lap,l2_lap,l3_lap,alg_conn,clustering_c,clustering_r,deg_assort,Q,N.olap,N.temp,N.nodf,H2,H3,H4,H17,cent_between,cent_close,cent_eigen,diam,mean_path_length,deg_het_row,deg_het_col
configuration,Washington_DC_crimes_2016-02-27,crimes,5.264796,2.7225,2.354471,0.12238956306292749,0.1317079318225808,0.09255317683138276,5.314933744653754,4.268491740240955,2.9714285714285715,2.7630425363140865,1.538024511479869,7.2647955740372625,4.722499763101537,4.354470611705739,-0.7224997631015444,0.8427299703264095,0.7162206805417906,-0.5663820704375665,0.3920118343195267,0.33235612178594637,23.84557770729378,44.402673350041766,318,720,1263,4424,0.5581135158913504,0.42486300821216466,0.7964177812209093,6,2.6957983193277313,1.5946745562130178,1.2840236686390534
