randomization,name,type,l1,l2,l3,ipr1,ipr2,ipr3,l1_cm,l1_er,l1_reg,l2_mp,l3_mp,l1_lap,l2_lap,l3_lap,alg_conn,clustering_c,clustering_r,deg_assort,Q,N.olap,N.temp,N.nodf,H2,H3,H4,H17,cent_between,cent_close,cent_eigen,diam,mean_path_length,deg_het_row,deg_het_col
configuration,Washington_DC_crimes_2016-02-23,crimes,6.03799,2.885519,2.66547,0.09968423791091355,0.10714286751229123,0.11060244750013305,6.033574700676129,5.354181171363097,3.5135135135135136,3.143559182652452,1.7745015004564284,8.037990055696143,4.885518870431931,4.665470193384664,-0.8855188704319349,0.9193324061196105,0.8059184217541989,-0.6662990685983943,0.33633136094674565,0.23319264277910895,34.8386674597872,45.99900793650794,479,1299,2133,8010,0.37531451527814497,0.3127076014448314,0.7465015563264993,5,2.5465465465465464,1.30792899408284,1.2253254437869823
