randomization,name,type,l1,l2,l3,ipr1,ipr2,ipr3,l1_cm,l1_er,l1_reg,l2_mp,l3_mp,l1_lap,l2_lap,l3_lap,alg_conn,clustering_c,clustering_r,deg_assort,Q,N.olap,N.temp,N.nodf,H2,H3,H4,H17,cent_between,cent_close,cent_eigen,diam,mean_path_length,deg_het_row,deg_het_col
configuration,Washington_DC_crimes_2016-08-11,crimes,5.685937,2.65176,2.330617,0.09715580931845202,0.08053910911201081,0.1158306650406681,5.70612518034042,4.611624457431345,3.454545454545454,2.7365999787959088,1.5204656152164207,7.685937373371275,4.6517604348770965,4.330616822280834,-0.651760434877093,0.8932584269662921,0.8483183117168609,-0.5647443859187875,0.3308710372422283,0.3147887719757313,22.95685633715523,46.377758420441346,349,1044,1241,3821,0.39411190527776235,0.3112818989835793,0.7314425115251931,6,2.6363636363636362,1.598030163127116,1.2542320714065867
