randomization,name,type,l1,l2,l3,ipr1,ipr2,ipr3,l1_cm,l1_er,l1_reg,l2_mp,l3_mp,l1_lap,l2_lap,l3_lap,alg_conn,clustering_c,clustering_r,deg_assort,Q,N.olap,N.temp,N.nodf,H2,H3,H4,H17,cent_between,cent_close,cent_eigen,diam,mean_path_length,deg_het_row,deg_het_col
configuration,Washington_DC_crimes_2016-11-05,crimes,5.506677,3.18064,2.270582,0.11416611548777172,0.12026782084295161,0.15334111514480034,5.607167664526092,4.651067315429551,3.085714285714286,2.821055346702221,1.5584857571222528,7.506677198755527,5.180639654507855,4.2705823011404815,-1.1806396545078484,0.8327974276527331,0.7522123893805309,-0.6519529321080585,0.363511659807956,0.3751752099438767,28.298721429495426,47.05463182897862,388,783,1825,6956,0.49119177455504376,0.3227959655205499,0.7520987158902298,6,2.5579831932773107,1.5720164609053497,1.1934156378600824
