randomization,name,type,l1,l2,l3,ipr1,ipr2,ipr3,l1_cm,l1_er,l1_reg,l2_mp,l3_mp,l1_lap,l2_lap,l3_lap,alg_conn,clustering_c,clustering_r,deg_assort,Q,N.olap,N.temp,N.nodf,H2,H3,H4,H17,cent_between,cent_close,cent_eigen,diam,mean_path_length,deg_het_row,deg_het_col
configuration,Washington_DC_crimes_2016-02-14,crimes,3.930871,3.010861,2.407264,0.1920972382739005,0.22254649088554102,0.14902867937506747,3.972972972972973,3.3289370335383657,2.242424242424242,2.7668330252773186,1.5118959871566453,5.930870529590946,5.010861011641755,4.40726436133415,-1.0108610116417645,0.625,0.21549636803874092,-0.6742971510773371,0.5617238860482107,0.15215286534958666,27.50591189420233,22.471159684274436,166,162,481,1147,0.609702620967742,0.37319676583967115,0.8452363782177751,6,3.1136363636363638,1.5032870708546384,1.2425127830533236
