randomization,name,type,l1,l2,l3,ipr1,ipr2,ipr3,l1_cm,l1_er,l1_reg,l2_mp,l3_mp,l1_lap,l2_lap,l3_lap,alg_conn,clustering_c,clustering_r,deg_assort,Q,N.olap,N.temp,N.nodf,H2,H3,H4,H17,cent_between,cent_close,cent_eigen,diam,mean_path_length,deg_het_row,deg_het_col
configuration,Washington_DC_crimes_2016-02-01,crimes,5.847309,3.2924890000000002,2.279523,0.09006367358359317,0.09807979343626574,0.12520342690031358,6.172959539336785,5.0353760550071645,3.6875,2.6419090829474765,1.4434279231969382,7.847309309162538,5.292489190162296,4.279523366475646,-1.2924891901622946,0.9865921787709497,0.828666790283701,-0.6509524603571627,0.319448434357943,0.4275989401490069,17.70192710660739,57.16214211541314,392,1215,1449,4765,0.5120365610377111,0.4339227192827059,0.7197310957102141,4,2.401209677419355,1.4418270611893134,1.3286411950588912
