randomization,name,type,l1,l2,l3,ipr1,ipr2,ipr3,l1_cm,l1_er,l1_reg,l2_mp,l3_mp,l1_lap,l2_lap,l3_lap,alg_conn,clustering_c,clustering_r,deg_assort,Q,N.olap,N.temp,N.nodf,H2,H3,H4,H17,cent_between,cent_close,cent_eigen,diam,mean_path_length,deg_het_row,deg_het_col
configuration,Washington_DC_crimes_2016-01-29,crimes,5.985774,3.11768,2.45479,0.10169401529565349,0.09057935758109746,0.11381837397044457,6.230694451333235,5.2024002282144775,3.4857142857142858,2.7971180171501278,1.5436869599358025,7.985774172713201,5.117679639019514,4.454790296721692,-1.1176796390195047,1,0.8275654529040024,-0.6741191209214804,0.3388873958613276,0.34136971431611524,25.422783655584894,52.86732270105192,455,1215,2057,7845,0.4166090385599871,0.3299619196681716,0.7418313103147032,4,2.453781512605042,1.3947863477559796,1.3015318462778824
