randomization,name,type,l1,l2,l3,ipr1,ipr2,ipr3,l1_cm,l1_er,l1_reg,l2_mp,l3_mp,l1_lap,l2_lap,l3_lap,alg_conn,clustering_c,clustering_r,deg_assort,Q,N.olap,N.temp,N.nodf,H2,H3,H4,H17,cent_between,cent_close,cent_eigen,diam,mean_path_length,deg_het_row,deg_het_col
configuration,Washington_DC_crimes_2016-12-09,crimes,5.365504,2.964447,2.281948,0.13658421341764634,0.11965616311424132,0.156359883144406,5.435476611824688,4.336325395242017,2.8333333333333335,2.7367005522918193,1.5128004136277173,7.365503932483931,4.964446904587725,4.281947810808174,-0.9644469045877276,0.8446601941747572,0.709280303030303,-0.6019742753716208,0.4006151480199924,0.37126790123456793,28.024164445002857,41.25396825396825,356,646,1728,7001,0.6120301837105427,0.44609243410475713,0.8083220116581806,5,2.6444444444444444,1.6262975778546713,1.257208765859285
