randomization,name,type,l1,l2,l3,ipr1,ipr2,ipr3,l1_cm,l1_er,l1_reg,l2_mp,l3_mp,l1_lap,l2_lap,l3_lap,alg_conn,clustering_c,clustering_r,deg_assort,Q,N.olap,N.temp,N.nodf,H2,H3,H4,H17,cent_between,cent_close,cent_eigen,diam,mean_path_length,deg_het_row,deg_het_col
configuration,Washington_DC_crimes_2016-07-03,crimes,5.127038,3.125963,2.428001,0.10262748084533116,0.10125341212250434,0.12298453081304886,5.208715672240938,4.33854279008476,3.090909090909091,2.804739598627957,1.550426012379656,7.127037898239167,5.125962567492767,4.4280007349343,-1.1259625674927758,0.813953488372093,0.71783373577095555,-0.6585825445033142,0.37524029219530963,0.29652789695265985,26.478862723027525,42.51720341315717,305,659,1096,3256,0.438299805033676,0.2958271113835922,0.7386432212316799,6,2.621212121212121,1.595924644367551,1.1895424836601307
