randomization,name,type,l1,l2,l3,ipr1,ipr2,ipr3,l1_cm,l1_er,l1_reg,l2_mp,l3_mp,l1_lap,l2_lap,l3_lap,alg_conn,clustering_c,clustering_r,deg_assort,Q,N.olap,N.temp,N.nodf,H2,H3,H4,H17,cent_between,cent_close,cent_eigen,diam,mean_path_length,deg_het_row,deg_het_col
configuration,Washington_DC_crimes_2016-06-24,crimes,6.327939,3.044534,2.616224,0.10591211014636984,0.1108096081233264,0.17561491630411108,6.581034789726589,5.213765223409367,3.5384615384615383,2.8117214184581045,1.592792365005018,8.327938608061215,5.04453441333696,4.61622439531908,-1.044534413336957,0.9358288770053476,0.8418185860382392,-0.6054915025724882,0.3436252888048731,0.46286142935079105,21.480294183465826,54.25871254538667,571,1575,3119,14605,0.5396242936500281,0.4364754895032364,0.7698265686779145,4,2.4183535762483133,1.6040747742070993,1.270321361058601
