randomization,name,type,l1,l2,l3,ipr1,ipr2,ipr3,l1_cm,l1_er,l1_reg,l2_mp,l3_mp,l1_lap,l2_lap,l3_lap,alg_conn,clustering_c,clustering_r,deg_assort,Q,N.olap,N.temp,N.nodf,H2,H3,H4,H17,cent_between,cent_close,cent_eigen,diam,mean_path_length,deg_het_row,deg_het_col
configuration,Washington_DC_crimes_2016-08-23,crimes,6.043527,2.861145,2.521629,0.10182845223182918,0.10610119313929381,0.08285665718109247,6.260954119402312,5.01146489086058,3.5,2.7498543227989987,1.536278136691124,8.04352704054814,4.861145067260945,4.521628906359159,-0.8611450672609643,0.9137931034482759,0.8269507630290814,-0.6362420739334859,0.3298059964726633,0.41477388592226333,21.77398197919986,51.931805509088875,465,1325,2093,8026,0.43240944106755697,0.3748571959736157,0.7546287018238124,5,2.484126984126984,1.5502645502645502,1.2932728647014362
