randomization,name,type,l1,l2,l3,ipr1,ipr2,ipr3,l1_cm,l1_er,l1_reg,l2_mp,l3_mp,l1_lap,l2_lap,l3_lap,alg_conn,clustering_c,clustering_r,deg_assort,Q,N.olap,N.temp,N.nodf,H2,H3,H4,H17,cent_between,cent_close,cent_eigen,diam,mean_path_length,deg_het_row,deg_het_col
configuration,Washington_DC_crimes_2016-09-17,crimes,6.565216,3.273106,2.830517,0.09609971927305608,0.14186869735407054,0.11047174905797642,6.877169960577291,5.341408249344718,3.488372093023256,2.8666712333868154,1.6493079506538921,8.565215687263455,5.2731063083295995,4.830517393995882,-1.2731063083295933,0.9429502852485737,0.8162341055565232,-0.6250116926878824,0.3557333333333331,0.4335220665945281,21.531551880033614,52.7162119328018,656,1907,3737,18570,0.5736380933157492,0.44113383222914454,0.7885911212166238,5,2.5448504983388704,1.5543111111111112,1.3631999999999997
