randomization,name,type,l1,l2,l3,ipr1,ipr2,ipr3,l1_cm,l1_er,l1_reg,l2_mp,l3_mp,l1_lap,l2_lap,l3_lap,alg_conn,clustering_c,clustering_r,deg_assort,Q,N.olap,N.temp,N.nodf,H2,H3,H4,H17,cent_between,cent_close,cent_eigen,diam,mean_path_length,deg_het_row,deg_het_col
configuration,Washington_DC_crimes_2016-03-19,crimes,5.283752,3.029162,2.887701,0.12234418134008977,0.10825146602447124,0.07366711582286775,5.351323823753022,4.583222826019656,3.076923076923077,3.106715639663994,1.7793065334655032,7.283751879333175,5.029161909451792,4.887701025858635,-1.0291619094517894,0.9129287598944591,0.642692750287687,-0.5788875990511281,0.4155555555555554,0.2115869252614307,29.814170841565616,38.13491473065941,374,802,1533,5643,0.520687666567168,0.3752317096274517,0.8070940766141385,5,2.7044534412955468,1.4116666666666666,1.2622222222222221
