randomization,name,type,l1,l2,l3,ipr1,ipr2,ipr3,l1_cm,l1_er,l1_reg,l2_mp,l3_mp,l1_lap,l2_lap,l3_lap,alg_conn,clustering_c,clustering_r,deg_assort,Q,N.olap,N.temp,N.nodf,H2,H3,H4,H17,cent_between,cent_close,cent_eigen,diam,mean_path_length,deg_het_row,deg_het_col
configuration,Washington_DC_crimes_2016-06-05,crimes,4.962465,3.408022,2.205195,0.10035817993048932,0.1066536804223693,0.10022538297136649,5.160775135577988,4.474756733640518,3.0303030303030303,2.9037041436343696,1.5967866901391246,6.962464559061669,5.408021811372981,4.205194774502859,-1.408021811372975,0.8700361010830325,0.6372507424692405,-0.6450042943028916,0.3943999999999999,0.28145278387170763,30.58001211186392,42.6775956284153,295,614,1064,3208,0.49047104735112684,0.313993564089606,0.7209811513461861,5,2.606060606060606,1.3775999999999997,1.2528000000000001
