randomization,name,type,l1,l2,l3,ipr1,ipr2,ipr3,l1_cm,l1_er,l1_reg,l2_mp,l3_mp,l1_lap,l2_lap,l3_lap,alg_conn,clustering_c,clustering_r,deg_assort,Q,N.olap,N.temp,N.nodf,H2,H3,H4,H17,cent_between,cent_close,cent_eigen,diam,mean_path_length,deg_het_row,deg_het_col
configuration,Washington_DC_crimes_2016-12-30,crimes,6.056586,2.72896,2.116072,0.12655319047306457,0.09377473254468523,0.1337799209798403,6.084084757071244,4.648788752156623,3.189189189189189,2.628197907331776,1.467802858820792,8.056585880062832,4.728959968885894,4.116071820478737,-0.7289599688858929,0.8475750577367206,0.8637568199532346,-0.6043516824035297,0.3536340132145936,0.47332862069704174,21.417441025244916,51.822612085769975,474,1071,2621,11924,0.5455648062087773,0.4436767847143522,0.7934485820499587,6,2.5345345345345347,1.864119505889112,1.197931628842287
