randomization,name,type,l1,l2,l3,ipr1,ipr2,ipr3,l1_cm,l1_er,l1_reg,l2_mp,l3_mp,l1_lap,l2_lap,l3_lap,alg_conn,clustering_c,clustering_r,deg_assort,Q,N.olap,N.temp,N.nodf,H2,H3,H4,H17,cent_between,cent_close,cent_eigen,diam,mean_path_length,deg_het_row,deg_het_col
configuration,Washington_DC_crimes_2016-11-26,crimes,5.763706,2.879317,2.832783,0.10744346401033054,0.07981622369367213,0.10014448214079046,5.784376923527946,5.051539319767936,3.2972972972972974,3.0850265073733536,1.7369654333635975,7.76370615553484,4.879316784052745,4.832783255264442,-0.8793167840527509,0.9765886287625418,0.7800376647834275,-0.6021722859281351,0.36952432141897357,0.20878735032024506,34.18386907205812,42.19444444444444,414,1082,1755,6743,0.511134566247,0.425329470189505,0.791035412124146,6,2.66966966966967,1.278688524590164,1.3079817253426498
