randomization,name,type,l1,l2,l3,ipr1,ipr2,ipr3,l1_cm,l1_er,l1_reg,l2_mp,l3_mp,l1_lap,l2_lap,l3_lap,alg_conn,clustering_c,clustering_r,deg_assort,Q,N.olap,N.temp,N.nodf,H2,H3,H4,H17,cent_between,cent_close,cent_eigen,diam,mean_path_length,deg_het_row,deg_het_col
configuration,Washington_DC_crimes_2016-12-06,crimes,5.625767,2.679682,2.416181,0.10787409911431851,0.10300950775718423,0.09838561139337088,5.8035183181575745,4.458102421899251,3.257142857142857,2.6366470826419417,1.4726575041232737,7.625766889682256,4.679682475222943,4.416180684284925,-0.6796824752229447,0.8154859967051071,0.8080900942312113,-0.5649214362697826,0.3785780240073869,0.38811605024995527,20.52554653608531,50.20668425681618,370,1004,1502,5284,0.5019859673838911,0.40977430550617794,0.7662640857253873,6,2.5747899159663867,1.716220375500154,1.3047091412742382
