randomization,name,type,l1,l2,l3,ipr1,ipr2,ipr3,l1_cm,l1_er,l1_reg,l2_mp,l3_mp,l1_lap,l2_lap,l3_lap,alg_conn,clustering_c,clustering_r,deg_assort,Q,N.olap,N.temp,N.nodf,H2,H3,H4,H17,cent_between,cent_close,cent_eigen,diam,mean_path_length,deg_het_row,deg_het_col
configuration,Washington_DC_crimes_2016-12-12,crimes,5.510413,2.694397,2.288314,0.11541986836239783,0.12976063098230023,0.14829822668297638,5.6430166013964875,4.570932854074479,3.235294117647059,2.7448953090913193,1.5202360778846324,7.510413373158644,4.6943965973788515,4.28831426760369,-0.6943965973788491,0.9697674418604652,0.7903345724907063,-0.607161189082963,0.35239669421487607,0.3689485463565057,21.621634356027837,47.78481822836662,361,864,1496,5289,0.48303956463391734,0.3977720483616488,0.7707372453836105,5,2.500891265597148,1.6036363636363637,1.240661157024793
