randomization,name,type,l1,l2,l3,ipr1,ipr2,ipr3,l1_cm,l1_er,l1_reg,l2_mp,l3_mp,l1_lap,l2_lap,l3_lap,alg_conn,clustering_c,clustering_r,deg_assort,Q,N.olap,N.temp,N.nodf,H2,H3,H4,H17,cent_between,cent_close,cent_eigen,diam,mean_path_length,deg_het_row,deg_het_col
configuration,Washington_DC_crimes_2016-11-04,crimes,5.132541,3.300403,2.39926,0.10640114257982088,0.10185682410217686,0.1312667666580622,5.2751455424307645,4.651067315429551,3.085714285714286,3.038579817893835,1.6949776008370045,7.1325413824170525,5.300402610914363,4.399260051233368,-1.3004026109143607,0.9290123456790124,0.6282051282051282,-0.6391766351061271,0.3940329218106996,0.25784706583993994,33.425310881504096,39.656147494627305,331,700,1259,4114,0.5227278899680667,0.34937115903573074,0.761671707984229,5,2.6218487394957983,1.3251028806584362,1.2530864197530864
