randomization,name,type,l1,l2,l3,ipr1,ipr2,ipr3,l1_cm,l1_er,l1_reg,l2_mp,l3_mp,l1_lap,l2_lap,l3_lap,alg_conn,clustering_c,clustering_r,deg_assort,Q,N.olap,N.temp,N.nodf,H2,H3,H4,H17,cent_between,cent_close,cent_eigen,diam,mean_path_length,deg_het_row,deg_het_col
configuration,Washington_DC_crimes_2016-03-13,crimes,5.885959,2.859182,2.104896,0.11786117262921787,0.13930995742427585,0.11519909100265893,5.867811312828213,4.800714296218998,3.454545454545455,2.7272629879946386,1.5025927978406044,7.885958886550476,4.859181915543992,4.104896221780668,-0.859181915543991,0.9064449064449065,0.8644432490586337,-0.6213754082410464,0.3237919359803016,0.3648207526567076,24.450463117198264,49.339652045789414,397,1006,1733,6333,0.3977523118755144,0.3699748939780573,0.7604745522109921,5,2.465909090909091,1.6395814096645125,1.1763619575253923
