randomization,name,type,l1,l2,l3,ipr1,ipr2,ipr3,l1_cm,l1_er,l1_reg,l2_mp,l3_mp,l1_lap,l2_lap,l3_lap,alg_conn,clustering_c,clustering_r,deg_assort,Q,N.olap,N.temp,N.nodf,H2,H3,H4,H17,cent_between,cent_close,cent_eigen,diam,mean_path_length,deg_het_row,deg_het_col
configuration,Washington_DC_crimes_2016-03-05,crimes,5.446478,2.909116,2.377871,0.1162332918541211,0.11310725897374621,0.07972748039187665,5.407218927408583,4.496452409959693,3.142857142857143,2.877609692830823,1.6092649279789304,7.446477966425604,4.909116411349029,4.377870691635297,-0.9091164113490381,0.907035175879397,0.7796520822351081,-0.5995967643193562,0.3785123966942148,0.25737472164245623,31.028889573896233,39.91586108127461,344,816,1345,4474,0.460987760099116,0.3746180272245533,0.7804577622859721,6,2.6588235294117646,1.5388429752066117,1.2310743801652893
