randomization,name,type,l1,l2,l3,ipr1,ipr2,ipr3,l1_cm,l1_er,l1_reg,l2_mp,l3_mp,l1_lap,l2_lap,l3_lap,alg_conn,clustering_c,clustering_r,deg_assort,Q,N.olap,N.temp,N.nodf,H2,H3,H4,H17,cent_between,cent_close,cent_eigen,diam,mean_path_length,deg_het_row,deg_het_col
configuration,Washington_DC_crimes_2016-06-18,crimes,6.158256,3.092198,2.569193,0.10850462499104033,0.07722684270054939,0.0938907496224877,6.281684615007247,4.865607467081357,3.3157894736842106,2.7052443369815213,1.521002647723893,8.158256425517575,5.09219838175312,4.569193216964856,-1.0921983817530987,0.8699059561128527,0.8189775466193073,-0.6687261514306313,0.33711262282690857,0.4818920704352803,18.952914170688434,54.17352537722908,509,1300,2603,10979,0.4437934752349167,0.3673373262578298,0.7605495881448346,6,2.5021337126600285,1.7372134038800706,1.2418745275888134
