randomization,name,type,l1,l2,l3,ipr1,ipr2,ipr3,l1_cm,l1_er,l1_reg,l2_mp,l3_mp,l1_lap,l2_lap,l3_lap,alg_conn,clustering_c,clustering_r,deg_assort,Q,N.olap,N.temp,N.nodf,H2,H3,H4,H17,cent_between,cent_close,cent_eigen,diam,mean_path_length,deg_het_row,deg_het_col
configuration,Washington_DC_crimes_2016-08-18,crimes,6.137695,2.905332,2.350163,0.11838688504372535,0.10575780777424047,0.09853979164611805,6.3374386144045936,5.051539319767936,3.2972972972972974,2.683400130438173,1.4862898042963726,8.137694866034138,4.905331954774594,4.350162543947586,-0.9053319547745898,0.9214953271028037,0.8428098261109578,-0.6388102266807367,0.3418435904326793,0.48847288995726496,22.336053492696202,52.98429232804233,515,1212,2914,13737,0.5792600857700074,0.47567403472311,0.7817184957739126,5,2.4084084084084085,1.6173071754904595,1.2413329750067186
