randomization,name,type,l1,l2,l3,ipr1,ipr2,ipr3,l1_cm,l1_er,l1_reg,l2_mp,l3_mp,l1_lap,l2_lap,l3_lap,alg_conn,clustering_c,clustering_r,deg_assort,Q,N.olap,N.temp,N.nodf,H2,H3,H4,H17,cent_between,cent_close,cent_eigen,diam,mean_path_length,deg_het_row,deg_het_col
configuration,Washington_DC_crimes_2016-05-26,crimes,6.426377,3.519021,2.648869,0.10026593866745322,0.11556302840852758,0.09355051333396028,6.872946934301464,4.974541907794047,3.3636363636363638,2.6912326787545244,1.5581920463506023,8.426377138315146,5.519020889641438,4.648869097738072,-1.5190208896414557,0.9259259259259259,0.7883805513016845,-0.6360575300287321,0.35555149744338943,0.5042788544592643,16.937260274772324,53.331571296418666,662,1746,3942,19605,0.4805099920911982,0.3266863233994894,0.765505584831093,5,2.511627906976744,1.8524470416362309,1.3411249086924766
