randomization,name,type,l1,l2,l3,ipr1,ipr2,ipr3,l1_cm,l1_er,l1_reg,l2_mp,l3_mp,l1_lap,l2_lap,l3_lap,alg_conn,clustering_c,clustering_r,deg_assort,Q,N.olap,N.temp,N.nodf,H2,H3,H4,H17,cent_between,cent_close,cent_eigen,diam,mean_path_length,deg_het_row,deg_het_col
configuration,Washington_DC_crimes_2016-09-01,crimes,5.663585,2.803455,2.464564,0.09978490474803689,0.08103242630649878,0.14497989695752012,5.527576526762449,4.720846505313042,3.3142857142857145,2.9701676219356896,1.6675175115854615,7.663584656267593,4.803455015115451,4.464563888411993,-0.8034550151154374,0.8776290630975143,0.8093480934809348,-0.6254565419779903,0.3540428061831154,0.2424479622420126,28.559756508226375,42.28696741854637,367,967,1374,4349,0.37737673771001856,0.3249639560667586,0.746333294094319,7,2.769747899159664,1.4649227110582639,1.215219976218787
