randomization,name,type,l1,l2,l3,ipr1,ipr2,ipr3,l1_cm,l1_er,l1_reg,l2_mp,l3_mp,l1_lap,l2_lap,l3_lap,alg_conn,clustering_c,clustering_r,deg_assort,Q,N.olap,N.temp,N.nodf,H2,H3,H4,H17,cent_between,cent_close,cent_eigen,diam,mean_path_length,deg_het_row,deg_het_col
configuration,Washington_DC_crimes_2016-05-20,crimes,6.548653,2.8987,2.690903,0.09803982064268729,0.1309644515937772,0.13801489551393603,6.63551322105414,5.651999727599768,3.72972972972973,2.9375017719923555,1.6435330685273344,8.548652940391179,4.898700373845904,4.690902605569859,-0.8987003738459096,0.9017857142857143,0.8808634666180891,-0.6622346567190688,0.3028775467338794,0.4015631490423157,25.029762370431744,54.17592592592592,585,1718,3090,14042,0.5230862587437319,0.4665633427593344,0.7640706078231395,6,2.3873873873873874,1.412728418399496,1.2176013442554088
