randomization,name,type,l1,l2,l3,ipr1,ipr2,ipr3,l1_cm,l1_er,l1_reg,l2_mp,l3_mp,l1_lap,l2_lap,l3_lap,alg_conn,clustering_c,clustering_r,deg_assort,Q,N.olap,N.temp,N.nodf,H2,H3,H4,H17,cent_between,cent_close,cent_eigen,diam,mean_path_length,deg_het_row,deg_het_col
configuration,Washington_DC_crimes_2016-07-12,crimes,5.535558,2.99907,2.668519,0.09177626307916739,0.11675105559946967,0.10027433232996677,5.660388679233963,4.868727984978002,3.4285714285714284,2.997856377003884,1.6850692280011401,7.535557504493557,4.999070207047061,4.668519057317201,-0.9990702070470554,0.9540412044374009,0.7553496580630928,-0.6142355874529182,0.3572222222222222,0.23451933244675974,33.0343520203629,43.726578350638505,377,1018,1397,4523,0.4446235837889122,0.3463145452405819,0.7393626872045803,5,2.5579831932773107,1.3844444444444446,1.26
