randomization,name,type,l1,l2,l3,ipr1,ipr2,ipr3,l1_cm,l1_er,l1_reg,l2_mp,l3_mp,l1_lap,l2_lap,l3_lap,alg_conn,clustering_c,clustering_r,deg_assort,Q,N.olap,N.temp,N.nodf,H2,H3,H4,H17,cent_between,cent_close,cent_eigen,diam,mean_path_length,deg_het_row,deg_het_col
configuration,Washington_DC_crimes_2016-05-12,crimes,6.335459,2.601112,2.30098,0.1084203634676855,0.11167123436752334,0.08669856693891258,6.432416075045208,5.083447727048669,3.5555555555555554,2.681031964308139,1.49395126174419,8.335459493791538,4.601111810663092,4.300979521628347,-0.6011118106631114,0.9614906832298137,0.8895968489341983,-0.627297058867507,0.30908203125,0.45493458802885034,21.700044816912264,51.924277907884466,510,1442,2578,10913,0.4077635881525438,0.3623630827853467,0.7517988004234073,5,2.458730158730159,1.66455078125,1.23193359375
