randomization,name,type,l1,l2,l3,ipr1,ipr2,ipr3,l1_cm,l1_er,l1_reg,l2_mp,l3_mp,l1_lap,l2_lap,l3_lap,alg_conn,clustering_c,clustering_r,deg_assort,Q,N.olap,N.temp,N.nodf,H2,H3,H4,H17,cent_between,cent_close,cent_eigen,diam,mean_path_length,deg_het_row,deg_het_col
configuration,Washington_DC_crimes_2016-10-13,crimes,5.634877,2.845324,2.038749,0.12812279288121747,0.14086208568710884,0.09291131364579178,5.927201656188365,4.100673458023369,2.9444444444444446,2.2933463244887697,1.2721797761535132,7.634877416476375,4.845323717721715,4.038748839977541,-0.8453237177217303,0.8258575197889182,0.8115647983768705,-0.58452444349771,0.3830544677821291,0.5596080705504565,16.1208512323022,54.01477832512315,394,858,2026,8689,0.6089922359259271,0.45597128426730904,0.7987534039589654,5,2.5365079365079364,2.1787112851548596,1.285866856532574
