randomization,name,type,l1,l2,l3,ipr1,ipr2,ipr3,l1_cm,l1_er,l1_reg,l2_mp,l3_mp,l1_lap,l2_lap,l3_lap,alg_conn,clustering_c,clustering_r,deg_assort,Q,N.olap,N.temp,N.nodf,H2,H3,H4,H17,cent_between,cent_close,cent_eigen,diam,mean_path_length,deg_het_row,deg_het_col
configuration,Washington_DC_crimes_2016-12-27,crimes,5.343028,3.483144,2.248596,0.11822503203444201,0.11930522331056129,0.1643973838968772,5.458032929251171,3.973663566375204,2.769230769230769,2.623329129752156,1.4891048533065356,7.34302810099333,5.48314422603996,4.248596329368058,-1.4831442260399617,0.5933609958506224,0.6529761904761905,-0.6315735414954805,0.4283264746227707,0.4180038145045789,19.003854659623883,42.63157595695479,384,681,1864,7260,0.6235233799291972,0.3763169388740102,0.7935906681810329,6,2.8016194331983804,2.090534979423868,1.2119341563786008
