randomization,name,type,l1,l2,l3,ipr1,ipr2,ipr3,l1_cm,l1_er,l1_reg,l2_mp,l3_mp,l1_lap,l2_lap,l3_lap,alg_conn,clustering_c,clustering_r,deg_assort,Q,N.olap,N.temp,N.nodf,H2,H3,H4,H17,cent_between,cent_close,cent_eigen,diam,mean_path_length,deg_het_row,deg_het_col
configuration,Washington_DC_crimes_2016-11-30,crimes,6.136666,2.671864,2.250921,0.11624515260364897,0.1083978173290089,0.22161777539385719,6.239301955258207,4.67021973583175,3.4285714285714284,2.5063350616556392,1.393437800101826,8.136665666750579,4.671864342145856,4.250921097655614,-0.6718643421458623,0.813915857605178,0.9074233304671826,-0.6050651452331172,0.31194444444444436,0.5290333457220001,21.835562282572354,53.39489885664028,477,1231,2516,10851,0.4830391321063805,0.3894728211816863,0.7549440644540945,6,2.3831932773109243,2.048888888888889,1.14
