randomization,name,type,l1,l2,l3,ipr1,ipr2,ipr3,l1_cm,l1_er,l1_reg,l2_mp,l3_mp,l1_lap,l2_lap,l3_lap,alg_conn,clustering_c,clustering_r,deg_assort,Q,N.olap,N.temp,N.nodf,H2,H3,H4,H17,cent_between,cent_close,cent_eigen,diam,mean_path_length,deg_het_row,deg_het_col
configuration,Washington_DC_crimes_2016-03-16,crimes,6.101903,3.0454,2.709165,0.09634119524373043,0.10922049836783505,0.08513005614779194,6.386019887222401,5.008688534210795,3.4594594594594597,2.7010025102253556,1.5123855494806506,8.101903226532889,5.045400251746127,4.709165004851282,-1.0454002517461318,0.9661458333333334,0.821840622484572,-0.6752546019188397,0.333251953125,0.4241694566804216,19.398025201708798,52.77377013440032,490,1319,2288,8935,0.452425907772099,0.3515135172726575,0.7385627834475402,6,2.4894894894894897,1.5859375000000002,1.318359375
