randomization,name,type,l1,l2,l3,ipr1,ipr2,ipr3,l1_cm,l1_er,l1_reg,l2_mp,l3_mp,l1_lap,l2_lap,l3_lap,alg_conn,clustering_c,clustering_r,deg_assort,Q,N.olap,N.temp,N.nodf,H2,H3,H4,H17,cent_between,cent_close,cent_eigen,diam,mean_path_length,deg_het_row,deg_het_col
configuration,Washington_DC_crimes_2016-08-01,crimes,6.439274,3.005596,2.442794,0.10458989251865948,0.10386857042835634,0.11894821693174773,6.563041518050443,5.501750988676138,3.5384615384615383,2.9650906158834762,1.672709306249166,8.439274498894717,5.005595938188881,4.442793963483406,-1.005595938188885,0.9733796296296297,0.8569599054280367,-0.6518398672474593,0.32577189666036543,0.3815558566663539,27.66507840296108,52.25927387529598,588,1595,3221,14758,0.4200847473595915,0.34845444848897406,0.7574407774731495,6,2.4669365721997303,1.4278512917454318,1.2545683679899182
