randomization,name,type,l1,l2,l3,ipr1,ipr2,ipr3,l1_cm,l1_er,l1_reg,l2_mp,l3_mp,l1_lap,l2_lap,l3_lap,alg_conn,clustering_c,clustering_r,deg_assort,Q,N.olap,N.temp,N.nodf,H2,H3,H4,H17,cent_between,cent_close,cent_eigen,diam,mean_path_length,deg_het_row,deg_het_col
configuration,Washington_DC_crimes_2016-07-28,crimes,5.193511,3.238392,2.832171,0.09362389843334021,0.10634876440226115,0.10471864404996266,5.341883028082353,4.499049528454067,3.111111111111111,2.9539369754139644,1.6636899218132843,7.193511436847384,5.238392026436114,4.8321711639819105,-1.2383920264361088,0.9222797927461139,0.671941570298235,-0.6449534343776901,0.3813775510204081,0.2279680066253246,27.10694754796582,39.838767789587465,341,752,1263,4004,0.47180765831754634,0.2985500970546468,0.7545136680938149,6,2.712698412698413,1.46875,1.2576530612244896
