randomization,name,type,l1,l2,l3,ipr1,ipr2,ipr3,l1_cm,l1_er,l1_reg,l2_mp,l3_mp,l1_lap,l2_lap,l3_lap,alg_conn,clustering_c,clustering_r,deg_assort,Q,N.olap,N.temp,N.nodf,H2,H3,H4,H17,cent_between,cent_close,cent_eigen,diam,mean_path_length,deg_het_row,deg_het_col
configuration,Washington_DC_crimes_2016-02-17,crimes,5.17766,3.145984,2.293432,0.1088567675916797,0.10271571157313335,0.1695504015485257,5.182183862600672,4.268491740240955,2.9714285714285715,2.8429407167315994,1.5876080070203946,7.177660069433631,5.145983617052199,4.293431659988839,-1.145983617052207,0.833922261484099,0.7061252580867171,-0.6153045241781425,0.38905325443786976,0.28021303258145364,26.447226021390986,39.755639097744364,319,650,1254,4134,0.5920746352227205,0.3700215880027541,0.768424379806409,7,2.8,1.6205621301775148,1.2011834319526629
