randomization,name,type,l1,l2,l3,ipr1,ipr2,ipr3,l1_cm,l1_er,l1_reg,l2_mp,l3_mp,l1_lap,l2_lap,l3_lap,alg_conn,clustering_c,clustering_r,deg_assort,Q,N.olap,N.temp,N.nodf,H2,H3,H4,H17,cent_between,cent_close,cent_eigen,diam,mean_path_length,deg_het_row,deg_het_col
configuration,Washington_DC_crimes_2016-01-02,crimes,5.644188,3.22193,2.601357,0.10772294627054628,0.10977539391135581,0.1282070808696463,5.659722779096624,5.046807673696911,3.371428571428571,3.0843657941626605,1.724188758912023,7.644188127732395,5.221929670914255,4.601356655310705,-1.221929670914258,0.8319502074688797,0.7660422479075328,-0.6501672369382184,0.35449583453030736,0.2270347361796293,34.73033296487197,42.81472684085511,398,965,1644,5799,0.46075921155998417,0.3703392045678813,0.7677072916041449,6,2.5747899159663867,1.3254811835679399,1.207986210858949
