randomization,name,type,l1,l2,l3,ipr1,ipr2,ipr3,l1_cm,l1_er,l1_reg,l2_mp,l3_mp,l1_lap,l2_lap,l3_lap,alg_conn,clustering_c,clustering_r,deg_assort,Q,N.olap,N.temp,N.nodf,H2,H3,H4,H17,cent_between,cent_close,cent_eigen,diam,mean_path_length,deg_het_row,deg_het_col
configuration,Washington_DC_crimes_2016-01-09,crimes,5.486034,3.407751,2.461135,0.11690197813681116,0.12732420244536166,0.15571860489232064,5.570756980279551,4.323073047437055,3,2.8542731123702927,1.638381392572556,7.486033808816289,5.407750702687205,4.461134873878074,-1.4077507026872007,0.8242280285035629,0.6712918660287082,-0.5766593786962554,0.4091666666666667,0.3420866804781952,23.065892533712088,41.667121046892035,409,911,1878,7425,0.5432345747709056,0.37397702737676125,0.8039355512543015,5,2.7282051282051283,1.7733333333333334,1.2444444444444445
