randomization,name,type,l1,l2,l3,ipr1,ipr2,ipr3,l1_cm,l1_er,l1_reg,l2_mp,l3_mp,l1_lap,l2_lap,l3_lap,alg_conn,clustering_c,clustering_r,deg_assort,Q,N.olap,N.temp,N.nodf,H2,H3,H4,H17,cent_between,cent_close,cent_eigen,diam,mean_path_length,deg_het_row,deg_het_col
configuration,Washington_DC_crimes_2016-04-08,crimes,5.489608,2.776971,2.460055,0.12141376233601266,0.10995194514207154,0.10709035872004016,5.558457493238751,4.563784040871623,3.0588235294117645,2.7435934673780387,1.5042850290857317,7.489608364533547,4.7769712625231655,4.460055258645853,-0.7769712625231507,0.9450171821305842,0.7983679915767308,-0.6338284203350618,0.3746301775147929,0.3300196820425828,26.534715941176422,46.028716830243546,361,736,1646,6247,0.5529024689536051,0.4349533726114382,0.7800342670618192,6,2.5597147950089125,1.5710059171597635,1.2218934911242603
