randomization,name,type,l1,l2,l3,ipr1,ipr2,ipr3,l1_cm,l1_er,l1_reg,l2_mp,l3_mp,l1_lap,l2_lap,l3_lap,alg_conn,clustering_c,clustering_r,deg_assort,Q,N.olap,N.temp,N.nodf,H2,H3,H4,H17,cent_between,cent_close,cent_eigen,diam,mean_path_length,deg_het_row,deg_het_col
configuration,Washington_DC_crimes_2016-07-23,crimes,6.298792,2.804581,2.387209,0.09696641389623538,0.10936206616798365,0.15061708067167554,6.293248001962197,5.233353943261215,3.7142857142857144,2.8570418409868656,1.5964061513540215,8.298791919903806,4.804580587963567,4.387208937306417,-0.804580587963557,0.8936170212765957,0.8739649293716513,-0.5949697109117402,0.3214201183431954,0.318612833992951,31.543003975011587,50.5708716235032,465,1536,1957,7104,0.37860712866564084,0.38549205942189824,0.7392866454437389,6,2.5915966386554623,1.4364497041420115,1.2790532544378697
