randomization,name,type,l1,l2,l3,ipr1,ipr2,ipr3,l1_cm,l1_er,l1_reg,l2_mp,l3_mp,l1_lap,l2_lap,l3_lap,alg_conn,clustering_c,clustering_r,deg_assort,Q,N.olap,N.temp,N.nodf,H2,H3,H4,H17,cent_between,cent_close,cent_eigen,diam,mean_path_length,deg_het_row,deg_het_col
configuration,Washington_DC_crimes_2016-02-13,crimes,3.878431,2.685514,2.572342,0.10339037422749174,0.16823338538948301,0.12379826024917584,3.8469965838364586,3.4603342386940397,2.4,2.8196154846860733,1.5232498116048478,5.878431494198186,4.685513820941767,4.572341664256521,-0.6855138209417581,0.7846153846153846,0.3565640194489465,-0.6933877967832524,0.49537037037037035,0.09729995090819835,38.5497036645554,27.777777777777775,136,212,271,408,0.38012327404207796,0.33093635485048667,0.71858509744615,8,3.1724137931034484,1.2685185185185184,1.2962962962962963
