randomization,name,type,l1,l2,l3,ipr1,ipr2,ipr3,l1_cm,l1_er,l1_reg,l2_mp,l3_mp,l1_lap,l2_lap,l3_lap,alg_conn,clustering_c,clustering_r,deg_assort,Q,N.olap,N.temp,N.nodf,H2,H3,H4,H17,cent_between,cent_close,cent_eigen,diam,mean_path_length,deg_het_row,deg_het_col
configuration,Washington_DC_crimes_2016-07-21,crimes,6.905304,2.979859,2.563579,0.09293186570739957,0.07714741079938442,0.11499910570253073,7.116683759186493,6.018662953328458,4,2.8407876461997397,1.5831537316961037,8.905304059127698,4.9798589679406255,4.563578986509102,-0.9798589679406149,0.9553956834532374,0.9152029073288915,-0.7034010975540762,0.2779401022644265,0.478579859544307,21.204719348124662,60.879884004884005,676,2143,3744,17411,0.4420595550292048,0.42828266997651926,0.7360541055606078,5,2.279279279279279,1.4068663257852447,1.2227903579254928
