randomization,name,type,l1,l2,l3,ipr1,ipr2,ipr3,l1_cm,l1_er,l1_reg,l2_mp,l3_mp,l1_lap,l2_lap,l3_lap,alg_conn,clustering_c,clustering_r,deg_assort,Q,N.olap,N.temp,N.nodf,H2,H3,H4,H17,cent_between,cent_close,cent_eigen,diam,mean_path_length,deg_het_row,deg_het_col
configuration,Washington_DC_crimes_2016-07-05,crimes,5.730292,3.030851,2.56551,0.11650195317809865,0.07458754784372079,0.09649093771143524,5.958653837533739,4.721405158071764,3.2432432432432434,2.774210217693494,1.5575533171198606,7.730292008164704,5.030850571807029,4.565509639731623,-1.0308505718070378,0.8309090909090909,0.7718978102189781,-0.5764857446927689,0.3702777777777778,0.40905406370580855,21.79308393293026,46.660923141186295,432,1052,2083,8742,0.5774303517193883,0.4468820976482049,0.785255268775954,5,2.5255255255255253,1.613888888888889,1.2833333333333334
