randomization,name,type,l1,l2,l3,ipr1,ipr2,ipr3,l1_cm,l1_er,l1_reg,l2_mp,l3_mp,l1_lap,l2_lap,l3_lap,alg_conn,clustering_c,clustering_r,deg_assort,Q,N.olap,N.temp,N.nodf,H2,H3,H4,H17,cent_between,cent_close,cent_eigen,diam,mean_path_length,deg_het_row,deg_het_col
configuration,Washington_DC_crimes_2016-12-26,crimes,5.313783,2.634897,1.770098,0.1257185888330403,0.12251134870976256,0.17358166192899993,5.417438691421311,4.010343696960134,2.903225806451613,2.3028471902414713,1.2343926687383453,7.313782889909406,4.6348965742516155,3.7700979888532293,-0.6348965742516154,0.7704918032786885,0.832195472511678,-0.6178397358629001,0.36049382716049383,0.5117410273975931,21.334908464210788,52.9320987654321,295,624,1253,4202,0.5154347000381484,0.363170291510624,0.7549265718189644,6,2.567741935483871,1.9945679012345678,1.220740740740741
