randomization,name,type,l1,l2,l3,ipr1,ipr2,ipr3,l1_cm,l1_er,l1_reg,l2_mp,l3_mp,l1_lap,l2_lap,l3_lap,alg_conn,clustering_c,clustering_r,deg_assort,Q,N.olap,N.temp,N.nodf,H2,H3,H4,H17,cent_between,cent_close,cent_eigen,diam,mean_path_length,deg_het_row,deg_het_col
configuration,Washington_DC_crimes_2016-05-16,crimes,6.919216,3.326074,2.612894,0.10641473658338996,0.1096590082007958,0.09213763102144613,7.086222473962323,5.815411801139733,3.95,2.961820546533592,1.6927614697275377,8.919216393654454,5.326073941051476,4.61289393137034,-1.3260739410514701,0.982690794649882,0.9093468108246433,-0.6473337886071648,0.2997917000480692,0.44878542075999905,24.10511049060246,51.30223594942056,746,2173,4608,24113,0.436888174975998,0.44597165451158893,0.7692987467902369,4,2.283333333333333,1.6050312449927893,1.157987502002884
