randomization,name,type,l1,l2,l3,ipr1,ipr2,ipr3,l1_cm,l1_er,l1_reg,l2_mp,l3_mp,l1_lap,l2_lap,l3_lap,alg_conn,clustering_c,clustering_r,deg_assort,Q,N.olap,N.temp,N.nodf,H2,H3,H4,H17,cent_between,cent_close,cent_eigen,diam,mean_path_length,deg_het_row,deg_het_col
configuration,Washington_DC_crimes_2016-02-24,crimes,4.998024,2.892383,2.421695,0.11108915576850147,0.11197306575653763,0.08654309064572153,4.7393012720739485,4.263851632555311,3,3.0472645455294654,1.7099457644905638,6.998024443732622,4.892382694613758,4.421694858997545,-0.8923826946137675,0.7244094488188977,0.7051488334674175,-0.6311676082862524,0.4013840830449828,0.13690951244803115,34.58471751244309,32.6244879672299,264,578,784,1970,0.40267695897204187,0.2954684330477339,0.7748227263650429,6,2.950089126559715,1.3913879277201078,1.1730103806228374
