randomization,name,type,l1,l2,l3,ipr1,ipr2,ipr3,l1_cm,l1_er,l1_reg,l2_mp,l3_mp,l1_lap,l2_lap,l3_lap,alg_conn,clustering_c,clustering_r,deg_assort,Q,N.olap,N.temp,N.nodf,H2,H3,H4,H17,cent_between,cent_close,cent_eigen,diam,mean_path_length,deg_het_row,deg_het_col
configuration,Washington_DC_crimes_2016-02-03,crimes,6.181987,2.955488,2.401168,0.09845768781839674,0.10632621195610974,0.10137562802937881,6.411494867500571,5.368866682495342,3.7777777777777777,2.9230385661484184,1.6442107065938205,8.181986667868998,4.955487893644883,4.401167891427159,-0.9554878936448759,0.9720616570327553,0.8519493543938824,-0.5942239144216132,0.3213667820069205,0.3793935834147286,29.606386989206136,52.166276346604214,511,1538,2401,9764,0.41024310015826587,0.3362141681719815,0.7272755567898748,4,2.3634920634920635,1.453287197231834,1.2417820069204155
