randomization,name,type,l1,l2,l3,ipr1,ipr2,ipr3,l1_cm,l1_er,l1_reg,l2_mp,l3_mp,l1_lap,l2_lap,l3_lap,alg_conn,clustering_c,clustering_r,deg_assort,Q,N.olap,N.temp,N.nodf,H2,H3,H4,H17,cent_between,cent_close,cent_eigen,diam,mean_path_length,deg_het_row,deg_het_col
configuration,Washington_DC_crimes_2016-07-19,crimes,6.56292,3.188803,2.738579,0.09891160986313645,0.09019742349393947,0.10457358001955688,6.870832069941263,5.419188060037632,3.6923076923076925,2.762124555700936,1.561987566223171,8.562919875161455,5.188803316704167,4.738578867795889,-1.1888033167041787,0.9298245614035088,0.87506678539626,-0.6432138758696584,0.3221450617283951,0.49207140692247076,20.24593232039615,58.66941730094534,625,1821,3468,16305,0.4337685000892416,0.3433805277373073,0.7506497920706666,5,2.3913630229419702,1.6041666666666665,1.271604938271605
