randomization,name,type,l1,l2,l3,ipr1,ipr2,ipr3,l1_cm,l1_er,l1_reg,l2_mp,l3_mp,l1_lap,l2_lap,l3_lap,alg_conn,clustering_c,clustering_r,deg_assort,Q,N.olap,N.temp,N.nodf,H2,H3,H4,H17,cent_between,cent_close,cent_eigen,diam,mean_path_length,deg_het_row,deg_het_col
configuration,Washington_DC_crimes_2016-10-07,crimes,5.895306,2.814982,2.487032,0.10287409087667927,0.07785886037852985,0.1284256213411555,6.181284129097356,5.20560129101148,3.5757575757575757,2.739061211870554,1.4948521719204095,7.895305667197638,4.814982467087396,4.48703223462014,-0.8149824670873993,1,0.8325417766051011,-0.6182586378476523,0.3168629704108016,0.4166859240845436,25.663543224536387,56.676424668227945,419,1175,1823,7093,0.5560999384729852,0.4649370130191898,0.7505444605514215,4,2.378787878787879,1.3565067509336395,1.3108302212008045
