randomization,name,type,l1,l2,l3,ipr1,ipr2,ipr3,l1_cm,l1_er,l1_reg,l2_mp,l3_mp,l1_lap,l2_lap,l3_lap,alg_conn,clustering_c,clustering_r,deg_assort,Q,N.olap,N.temp,N.nodf,H2,H3,H4,H17,cent_between,cent_close,cent_eigen,diam,mean_path_length,deg_het_row,deg_het_col
configuration,Washington_DC_crimes_2016-10-08,crimes,5.477872,3.207492,2.615831,0.10202886793492232,0.13203389375299018,0.13295902105692894,5.418099462465106,4.815329185702944,3.1666666666666665,3.1064116601673617,1.744553903455245,7.477872234488543,5.207491724986287,4.615830980014069,-1.2074917249862966,0.8328611898016998,0.737685873605948,-0.6648064108647853,0.37611572791628195,0.21626232986015595,36.068928223158395,37.161453470276996,382,815,1601,5547,0.46903633598755484,0.33959117668062855,0.7589160997213825,6,2.688888888888889,1.3868882733148662,1.1726685133887351
