randomization,name,type,l1,l2,l3,ipr1,ipr2,ipr3,l1_cm,l1_er,l1_reg,l2_mp,l3_mp,l1_lap,l2_lap,l3_lap,alg_conn,clustering_c,clustering_r,deg_assort,Q,N.olap,N.temp,N.nodf,H2,H3,H4,H17,cent_between,cent_close,cent_eigen,diam,mean_path_length,deg_het_row,deg_het_col
configuration,Washington_DC_crimes_2016-04-18,crimes,6.13372,3.113493,2.596722,0.10617115763848253,0.08381505253682693,0.17606920257051936,6.181213137931599,5.221209256605777,3.6216216216216215,3.007779834269224,1.7040599202560285,8.133720332044785,5.113492678613876,4.596722364459146,-1.1134926786138712,0.878748370273794,0.8386486827177613,-0.6298678647137068,0.3294720427712185,0.3459908798202142,27.06732309182336,47.16818598784543,506,1369,2403,9907,0.4975006717590607,0.42657263804124357,0.7717607304302996,5,2.4654654654654653,1.511026954778347,1.1828915125863222
