randomization,name,type,l1,l2,l3,ipr1,ipr2,ipr3,l1_cm,l1_er,l1_reg,l2_mp,l3_mp,l1_lap,l2_lap,l3_lap,alg_conn,clustering_c,clustering_r,deg_assort,Q,N.olap,N.temp,N.nodf,H2,H3,H4,H17,cent_between,cent_close,cent_eigen,diam,mean_path_length,deg_het_row,deg_het_col
configuration,Washington_DC_crimes_2016-03-02,crimes,5.701304,3.536342,2.411949,0.11728463155887259,0.1216101292295245,0.13339225910168837,6.028219047594687,4.3268842064154205,2.975609756097561,2.6201849178006666,1.4984007774623818,7.701303793084424,5.536342497746458,4.411948962218953,-1.5363424977464664,0.7925,0.6942315449778136,-0.6266751466622179,0.40419242139209904,0.4856563683308753,17.593071677833393,48.84292565947242,489,964,2716,12170,0.5346296645706363,0.340288146185363,0.781645784741211,5,2.5609756097560976,2.0618113410373557,1.2504703036818061
