randomization,name,type,l1,l2,l3,ipr1,ipr2,ipr3,l1_cm,l1_er,l1_reg,l2_mp,l3_mp,l1_lap,l2_lap,l3_lap,alg_conn,clustering_c,clustering_r,deg_assort,Q,N.olap,N.temp,N.nodf,H2,H3,H4,H17,cent_between,cent_close,cent_eigen,diam,mean_path_length,deg_het_row,deg_het_col
configuration,Washington_DC_crimes_2016-01-01,crimes,5.675473,2.997009,2.583028,0.08373195697402093,0.10230770917612524,0.11202729813594682,5.819316719925237,4.797207779426717,3.4117647058823533,2.8023297073228215,1.5557420988399666,7.675473247242415,4.997009264710803,4.583027873788852,-0.9970092647108073,0.9901477832512315,0.7634141288585042,-0.6844951712028098,0.361474435196195,0.2902578809332842,24.827087824680692,47.21134152585766,351,1116,1082,2757,0.30025760374666605,0.28204400719751793,0.7048146506382671,5,2.6470588235294117,1.3317479191438761,1.4286563614744348
