randomization,name,type,l1,l2,l3,ipr1,ipr2,ipr3,l1_cm,l1_er,l1_reg,l2_mp,l3_mp,l1_lap,l2_lap,l3_lap,alg_conn,clustering_c,clustering_r,deg_assort,Q,N.olap,N.temp,N.nodf,H2,H3,H4,H17,cent_between,cent_close,cent_eigen,diam,mean_path_length,deg_het_row,deg_het_col
configuration,Washington_DC_crimes_2016-06-30,crimes,6.460326,2.900072,2.627058,0.09765039254020887,0.19761604937899813,0.09454144716330412,6.4621977685614045,5.8053404949726595,3.888888888888889,3.1397086880218055,1.7659474561528514,8.460326292839312,4.900071876783341,4.627058483661055,-0.9000718767833396,0.9575645756457565,0.8651158338119854,-0.667357399934562,0.30673469387755115,0.2702276614534433,35.30583317376473,50.35966178071441,550,1699,2567,10261,0.3883736155673451,0.37574161108158033,0.7380057179413103,5,2.425396825396825,1.2783673469387757,1.1999999999999997
