randomization,name,type,l1,l2,l3,ipr1,ipr2,ipr3,l1_cm,l1_er,l1_reg,l2_mp,l3_mp,l1_lap,l2_lap,l3_lap,alg_conn,clustering_c,clustering_r,deg_assort,Q,N.olap,N.temp,N.nodf,H2,H3,H4,H17,cent_between,cent_close,cent_eigen,diam,mean_path_length,deg_het_row,deg_het_col
configuration,Washington_DC_crimes_2016-05-30,crimes,5.812008,3.267431,2.9451870000000002,0.08651632285656012,0.09043638988049135,0.08973229668536926,5.943089474339084,4.936426564622691,3.3684210526315788,2.9859768114336673,1.6963211670493636,7.8120084885947625,5.267431137895986,4.945186907388747,-1.2674311378959797,0.952063914780293,0.7261278495137893,-0.6960381608586194,0.36279296875,0.29869821579504935,25.987104713413917,43.79837840485989,435,1233,1666,5331,0.4003650940552548,0.3077734871895847,0.7370908712025214,5,2.6415362731152205,1.4047851562500002,1.3320312500000002
