randomization,name,type,l1,l2,l3,ipr1,ipr2,ipr3,l1_cm,l1_er,l1_reg,l2_mp,l3_mp,l1_lap,l2_lap,l3_lap,alg_conn,clustering_c,clustering_r,deg_assort,Q,N.olap,N.temp,N.nodf,H2,H3,H4,H17,cent_between,cent_close,cent_eigen,diam,mean_path_length,deg_het_row,deg_het_col
configuration,Washington_DC_crimes_2016-05-28,crimes,4.992758,3.070186,2.814702,0.11362827072558015,0.18542346041845476,0.12978158032207934,4.965726151731665,4.57809209202536,3,3.2003585481388925,1.8051516755212031,6.992757985935495,5.070185942573995,4.814701887167525,-1.0701859425739924,0.9310344827586207,0.6047345767575323,-0.6812785818678988,0.400548696844993,0.14903564748009193,37.801972561826304,33.1320987654321,323,594,1191,3756,0.5009069298048889,0.3498978819367988,0.7886993821876129,5,2.6984126984126986,1.3209876543209877,1.1522633744855966
