randomization,name,type,l1,l2,l3,ipr1,ipr2,ipr3,l1_cm,l1_er,l1_reg,l2_mp,l3_mp,l1_lap,l2_lap,l3_lap,alg_conn,clustering_c,clustering_r,deg_assort,Q,N.olap,N.temp,N.nodf,H2,H3,H4,H17,cent_between,cent_close,cent_eigen,diam,mean_path_length,deg_het_row,deg_het_col
configuration,Washington_DC_crimes_2016-11-29,crimes,6.027269,2.845617,2.560624,0.11925446787710461,0.1064530541513429,0.1292643876077953,6.2057138325032195,5.125773333133013,3.388888888888889,2.801839148784479,1.5528987134477217,8.027269177008995,4.845616614841566,4.56062383728133,-0.8456166148415736,0.9100719424460432,0.8552303860523038,-0.6040811341831805,0.3380811609782317,0.4331415571431099,25.804739684849903,51.26190476190476,489,1163,2665,12503,0.6095764438067054,0.5106060846141597,0.7836336612518672,5,2.3968253968253967,1.530233808116098,1.2174146734748723
