randomization,name,type,l1,l2,l3,ipr1,ipr2,ipr3,l1_cm,l1_er,l1_reg,l2_mp,l3_mp,l1_lap,l2_lap,l3_lap,alg_conn,clustering_c,clustering_r,deg_assort,Q,N.olap,N.temp,N.nodf,H2,H3,H4,H17,cent_between,cent_close,cent_eigen,diam,mean_path_length,deg_het_row,deg_het_col
configuration,Washington_DC_crimes_2016-09-07,crimes,6.077948,3.071746,2.728284,0.11607298080177031,0.10027996202252307,0.10105125507772385,6.203023641393294,5.282045058497703,3.3846153846153846,3.0549919012940348,1.7296153441612083,8.077947671802328,5.071746490758291,4.728283558605531,-1.0717464907582759,0.9528455284552846,0.7896649172385951,-0.6127194552788082,0.357208448117539,0.3217766720183847,33.89583145922053,45.0501931896147,527,1278,2821,13093,0.5498309983184622,0.4450340139395872,0.7923993424753607,6,2.5128205128205128,1.4077134986225897,1.2424242424242424
