randomization,name,type,l1,l2,l3,ipr1,ipr2,ipr3,l1_cm,l1_er,l1_reg,l2_mp,l3_mp,l1_lap,l2_lap,l3_lap,alg_conn,clustering_c,clustering_r,deg_assort,Q,N.olap,N.temp,N.nodf,H2,H3,H4,H17,cent_between,cent_close,cent_eigen,diam,mean_path_length,deg_het_row,deg_het_col
configuration,Washington_DC_crimes_2016-04-06,crimes,5.496619,2.921501,2.290885,0.10991085365484506,0.10111091445897781,0.07113899630693389,5.690016739416328,4.494142797820912,3.212121212121212,2.607091468844006,1.42926423969593,7.496619272627697,4.921501246853443,4.290884883929251,-0.9215012468534515,0.8948497854077253,0.7990443323599682,-0.6033874625938926,0.36596653613385527,0.37487835835294864,23.47167965857156,47.0093586567575,340,861,1343,4475,0.4908489931817175,0.39697790106085173,0.7476275614472299,6,2.5568181818181817,1.6073335706657172,1.3050907796368816
