randomization,name,type,l1,l2,l3,ipr1,ipr2,ipr3,l1_cm,l1_er,l1_reg,l2_mp,l3_mp,l1_lap,l2_lap,l3_lap,alg_conn,clustering_c,clustering_r,deg_assort,Q,N.olap,N.temp,N.nodf,H2,H3,H4,H17,cent_between,cent_close,cent_eigen,diam,mean_path_length,deg_het_row,deg_het_col
configuration,Washington_DC_crimes_2016-06-16,crimes,6.383174,3.099559,2.802863,0.1177936211181921,0.1086174016988512,0.09205031553765465,6.618110207306114,5.277434771467987,3.5121951219512195,2.917882547001233,1.6706685308253193,8.383173523932316,5.0995589065834865,4.80286257571565,-1.0995589065834865,0.9620403321470937,0.8491584630041283,-0.5760137439380968,0.3368055555555555,0.4671395715353333,22.5691988163416,52.18867615774832,637,1589,4008,22474,0.6635003588473801,0.5408152265978291,0.8026226445231079,5,2.3902439024390243,1.6662808641975304,1.2067901234567902
