randomization,name,type,l1,l2,l3,ipr1,ipr2,ipr3,l1_cm,l1_er,l1_reg,l2_mp,l3_mp,l1_lap,l2_lap,l3_lap,alg_conn,clustering_c,clustering_r,deg_assort,Q,N.olap,N.temp,N.nodf,H2,H3,H4,H17,cent_between,cent_close,cent_eigen,diam,mean_path_length,deg_het_row,deg_het_col
erdos-renyi,Abrego2017_Belate,biogeography,3.991796,3.839787,3.536995,0.20336638464510545,0.15682218933101474,0.22391357911684495,3.3538423949507497,3.3451561724271057,2.0664819944598336,3.7435513264164,2.9126521889204335,5.991796288939308,5.839787299175955,5.536995249686322,-1.8397872991759512,0.011127379209370425,0,-0.7666603463806232,0.8246303790007793,-8.482651829537067e-4,8.654540080814794,1.2648803470951122,1399,987,3135,5565,0.3055102458641677,0.08769357062958785,0.9816598015136349,20,9.46346568174823,1.151952504510203,1.109596130210093
