randomization,name,type,l1,l2,l3,ipr1,ipr2,ipr3,l1_cm,l1_er,l1_reg,l2_mp,l3_mp,l1_lap,l2_lap,l3_lap,alg_conn,clustering_c,clustering_r,deg_assort,Q,N.olap,N.temp,N.nodf,H2,H3,H4,H17,cent_between,cent_close,cent_eigen,diam,mean_path_length,deg_het_row,deg_het_col
erdos-renyi,Abrego2017_Aldude_2,biogeography,3.85448,3.684912,3.595049,0.20281762281526683,0.21683103134068935,0.14421542063499598,3.3586774032950952,3.371648201719402,1.990740740740741,3.8346449741366677,2.8180945439946674,5.854479964570287,5.68491212592859,5.595048624529331,-1.684912125928562,0,0,-0.8209182403768805,0.8635370470524645,-0.0013513706232291102,16.48583743793661,1.8368891320204233,895,427,2283,4353,0.6087829238335448,0.11493337126644596,0.9712931260349451,22,10.05848406546081,1.0974580854515954,1.0984964845862626
