randomization,name,type,l1,l2,l3,ipr1,ipr2,ipr3,l1_cm,l1_er,l1_reg,l2_mp,l3_mp,l1_lap,l2_lap,l3_lap,alg_conn,clustering_c,clustering_r,deg_assort,Q,N.olap,N.temp,N.nodf,H2,H3,H4,H17,cent_between,cent_close,cent_eigen,diam,mean_path_length,deg_het_row,deg_het_col
erdos-renyi,Abrego2017_Artikutza,biogeography,3.702044,3.412728,3.278717,0.032239224353244646,0.0462400192140981,0.0697079711749594,3.4552611241202573,3.4418116491414144,2.5970149253731343,3.3789671819111953,2.527269879720115,5.702044323285055,5.412727893869901,5.278716617423668,-1.412727893869902,0.038623595505617975,0.085219707057257,-0.5250379229871647,0.6301874605481422,-4.948619571960712e-4,8.659409645375513,3.0630438491724963,728,1341,872,889,0.11540150309632871,0.10283812882323323,0.8658623027230222,12,5.750049751243781,1.215278695262841,1.2082177302153523
