randomization,name,type,l1,l2,l3,ipr1,ipr2,ipr3,l1_cm,l1_er,l1_reg,l2_mp,l3_mp,l1_lap,l2_lap,l3_lap,alg_conn,clustering_c,clustering_r,deg_assort,Q,N.olap,N.temp,N.nodf,H2,H3,H4,H17,cent_between,cent_close,cent_eigen,diam,mean_path_length,deg_het_row,deg_het_col
erdos-renyi,Abrego2017_Larra,biogeography,3.318316,3.005467,2.833937,0.22143787492007563,0.05576779626871696,0.09765727764858212,2.847017983500526,2.8476891849009514,2.2408376963350785,3.006421560693969,2.245180467572643,5.318315544884863,5.005466895582513,4.8339372317844145,-1.005466895582521,0.062154696132596686,0.06853582554517133,-0.3355703610043933,0.7132937374443168,-0.002751055012792883,6.630453391616601,2.2397410462566567,418,623,325,285,0.21573281842404207,0.09543196769717362,0.9800035906766205,21,9.209699641774593,1.2056948205083413,1.2577517687134245
