randomization,name,type,l1,l2,l3,ipr1,ipr2,ipr3,l1_cm,l1_er,l1_reg,l2_mp,l3_mp,l1_lap,l2_lap,l3_lap,alg_conn,clustering_c,clustering_r,deg_assort,Q,N.olap,N.temp,N.nodf,H2,H3,H4,H17,cent_between,cent_close,cent_eigen,diam,mean_path_length,deg_het_row,deg_het_col
erdos-renyi,Abrego2017_Irati,biogeography,3.944948,3.760847,3.658804,0.08813894437807157,0.14304774560718547,0.05933464141883727,3.7763300932878927,3.7042510170565883,2.3583815028901736,3.747070274886085,2.711102307702488,5.944947727941138,5.760846880573662,5.658803514984056,-1.7608468805736806,0.04997043169722058,0.1554054054054054,-0.761019875406905,0.7010765090349864,4.3441698311244434e-4,15.600205126531792,3.9228050251344757,815,1011,1797,3147,0.16850030189505844,0.08890548414520856,0.9170059179221908,10,5.555854281489448,1.2264513648596695,1.1343713956170705
