randomization,name,type,l1,l2,l3,ipr1,ipr2,ipr3,l1_cm,l1_er,l1_reg,l2_mp,l3_mp,l1_lap,l2_lap,l3_lap,alg_conn,clustering_c,clustering_r,deg_assort,Q,N.olap,N.temp,N.nodf,H2,H3,H4,H17,cent_between,cent_close,cent_eigen,diam,mean_path_length,deg_het_row,deg_het_col
erdos-renyi,ORNIS-CanaryIslands,biogeography,8.547537,5.048232,4.773627,0.03973022442225222,0.05661230310674696,0.058051661897178856,8.50379472599739,8.429761869896872,4,5.372483629263008,3.619260679655453,10.547536550474529,7.04823168264789,6.773626962352138,-3.048231682647904,0.5846084003093789,1,-0.9692496634467774,NA,-0.0055574418477335125,64.79884058014473,27.51919380888937,2915,9302,22974,139653,0.20076879842063036,0.20757149424473692,0.7551784170978988,4,2.965318957771788,1.2472410110359555,1.0113919544321823
