randomization,name,type,l1,l2,l3,ipr1,ipr2,ipr3,l1_cm,l1_er,l1_reg,l2_mp,l3_mp,l1_lap,l2_lap,l3_lap,alg_conn,clustering_c,clustering_r,deg_assort,Q,N.olap,N.temp,N.nodf,H2,H3,H4,H17,cent_between,cent_close,cent_eigen,diam,mean_path_length,deg_het_row,deg_het_col
configuration,EP_1980,legislature,58.319004,12.436905,11.920265,0.0070239697684340826,0.01677897145007005,0.01366473030260561,59.29581316655678,43.309855470528476,33.37087378640777,10.654679036390162,8.722292088476506,60.31900434601169,14.436905002241936,13.92026472729744,-10.43690500224179,NA,NA,-0.6158697780792755,0.11015845971857148,0.22646771927555065,23.140765647905784,42.119190783188465,680586,28214172,31645523,1373515267,0.053249088823466253,0.18358943209208425,0.7671492404596405,4,2.262687469306033,1.546191870440771,1.2683046204621045
