randomization,name,type,l1,l2,l3,ipr1,ipr2,ipr3,l1_cm,l1_er,l1_reg,l2_mp,l3_mp,l1_lap,l2_lap,l3_lap,alg_conn,clustering_c,clustering_r,deg_assort,Q,N.olap,N.temp,N.nodf,H2,H3,H4,H17,cent_between,cent_close,cent_eigen,diam,mean_path_length,deg_het_row,deg_het_col
configuration,EP_1992,legislature,157.275141,20.771586,17.322456,0.002009313869248537,0.003289563580405016,0.0041352297507652475,160.269554350794,114.54914934592776,113.467758444217,15.638664921824628,13.478391115002257,159.27514110053593,22.771585908143386,19.322456236466373,-18.771585908143386,NA,NA,-0.2134978630139857,NA,NA,NA,NA,8925145,1375672183,572006210,31227815908,0.009590079099618185,0.24982676873271928,0.6346802354766535,5,2.2971248552779504,1.5148531962225362,1.309649743587324
