randomization,name,type,l1,l2,l3,ipr1,ipr2,ipr3,l1_cm,l1_er,l1_reg,l2_mp,l3_mp,l1_lap,l2_lap,l3_lap,alg_conn,clustering_c,clustering_r,deg_assort,Q,N.olap,N.temp,N.nodf,H2,H3,H4,H17,cent_between,cent_close,cent_eigen,diam,mean_path_length,deg_het_row,deg_het_col
configuration,UN_1970,legislature,57.913705,8.071556,7.989926,0.007283293682371877,0.01461175583408888,0.017282218237955425,58.143103987591616,54.820973650957264,51.026737967914436,8.09607315698063,6.189153257924643,59.9137048580246,10.07155588979471,9.98992556272262,-6.071555889794748,NA,NA,-0.7045575890791418,0.0681411541055725,0.18458466920858105,41.46671995623733,73.78807290453649,292001,15465906,6997886,141457729,0.015793980022564633,0.28586915532564056,0.42727078490790144,4,1.893508136392387,1.0779307456524545,1.0589784285437576
