randomization,name,type,l1,l2,l3,ipr1,ipr2,ipr3,l1_cm,l1_er,l1_reg,l2_mp,l3_mp,l1_lap,l2_lap,l3_lap,alg_conn,clustering_c,clustering_r,deg_assort,Q,N.olap,N.temp,N.nodf,H2,H3,H4,H17,cent_between,cent_close,cent_eigen,diam,mean_path_length,deg_het_row,deg_het_col
configuration,UN_1950,legislature,32.471663,5.940036,5.742406,0.012555983632895817,0.028819230558037288,0.022386525924324156,32.80031658608605,28.19939334342293,27.646017699115045,5.875060904744106,4.236161801873016,34.471663261125784,7.940035972687087,7.742405907636076,-3.94003597268704,NA,NA,-0.30272474481256695,0.09997565418116904,0.3261902364187952,29.847158202165083,70.94178524524669,50265,1558070,587883,5460706,0.02181148704473879,0.2862860773811258,0.4354841178181035,4,2.016434892541087,1.2956287369192456,1.0822823098525969
