randomization,name,type,l1,l2,l3,ipr1,ipr2,ipr3,l1_cm,l1_er,l1_reg,l2_mp,l3_mp,l1_lap,l2_lap,l3_lap,alg_conn,clustering_c,clustering_r,deg_assort,Q,N.olap,N.temp,N.nodf,H2,H3,H4,H17,cent_between,cent_close,cent_eigen,diam,mean_path_length,deg_het_row,deg_het_col
configuration,UN_1996,legislature,90.516336,11.056229,8.478218,0.005275334681466266,0.010896452406847482,0.02350441881513059,90.84326102671409,86.40966825100824,78.6953125,8.074515366302824,6.301164357445381,92.51633600567725,13.05622921769641,10.478218060387078,-9.05622921769641,NA,NA,-0.8204555590157526,0.0513153709874626,0.26539326294984594,25.20677369627901,85.2472094752523,988973,80799756,38657925,1274552228,0.014775212190208204,0.3547491713344974,0.40405687003831353,4,1.8022058823529412,1.0486213275866874,1.0610483508115367
