randomization,name,type,l1,l2,l3,ipr1,ipr2,ipr3,l1_cm,l1_er,l1_reg,l2_mp,l3_mp,l1_lap,l2_lap,l3_lap,alg_conn,clustering_c,clustering_r,deg_assort,Q,N.olap,N.temp,N.nodf,H2,H3,H4,H17,cent_between,cent_close,cent_eigen,diam,mean_path_length,deg_het_row,deg_het_col
configuration,UN_1966,legislature,30.376822,5.89931,5.425781,0.023552225673832358,0.05578768304049477,0.09713975374964325,30.4577672057244,29.509272000498214,17.333333333333332,5.427534764969284,3.788627743574683,32.376821742651806,7.899310477089832,7.425781052316914,-3.89931047708981,NA,NA,-0.9347705956065477,0.08142300312629984,0.016216448797366095,28.614135327837356,74.09137586380156,56732,943273,1585759,36428796,0.09863240324488183,0.565953888917673,0.6882824741672163,4,1.924936386768448,1.0339319771137954,1.0605775343537582
