randomization,name,type,l1,l2,l3,ipr1,ipr2,ipr3,l1_cm,l1_er,l1_reg,l2_mp,l3_mp,l1_lap,l2_lap,l3_lap,alg_conn,clustering_c,clustering_r,deg_assort,Q,N.olap,N.temp,N.nodf,H2,H3,H4,H17,cent_between,cent_close,cent_eigen,diam,mean_path_length,deg_het_row,deg_het_col
configuration,UN_1998,legislature,82.36948,10.542443,7.919152,0.006120496663486619,0.011730589153800463,0.019574604678164388,82.65996900956473,79.1325273593806,68.85714285714286,7.497362406500227,5.784489154002069,84.36947964355858,12.542442811827753,9.919152326777908,-8.542442811827724,NA,NA,-0.8736090917060143,0.05196053012470531,0.2208237291949823,23.90882894361365,86.12746724503788,764732,54225692,30077460,1009993728,0.022543846626292687,0.4056703430583887,0.4393576376665162,4,1.8048079991490267,1.0405307073542267,1.0559582730453574
