randomization,name,type,l1,l2,l3,ipr1,ipr2,ipr3,l1_cm,l1_er,l1_reg,l2_mp,l3_mp,l1_lap,l2_lap,l3_lap,alg_conn,clustering_c,clustering_r,deg_assort,Q,N.olap,N.temp,N.nodf,H2,H3,H4,H17,cent_between,cent_close,cent_eigen,diam,mean_path_length,deg_het_row,deg_het_col
configuration,UN_1953,legislature,26.708205,5.09888,4.777704,0.016470628369576416,0.032314252515330225,0.03549888379705447,26.91144503209957,24.986572054288978,22.58139534883721,5.108826506882187,3.5203763287526835,28.708205072095957,7.098879997981781,6.777703731439694,-3.098879997981771,1,0.9999343889080987,-0.7548167458492245,0.09329038512326042,0.25557952131986666,28.783652818832124,76.72530730088491,27233,641453,299541,2757549,0.07318499920260617,0.4618472103994596,0.4881374005703608,4,1.896032831737346,1.0704265088174996,1.1194464390072134
