randomization,name,type,l1,l2,l3,ipr1,ipr2,ipr3,l1_cm,l1_er,l1_reg,l2_mp,l3_mp,l1_lap,l2_lap,l3_lap,alg_conn,clustering_c,clustering_r,deg_assort,Q,N.olap,N.temp,N.nodf,H2,H3,H4,H17,cent_between,cent_close,cent_eigen,diam,mean_path_length,deg_het_row,deg_het_col
configuration,UN_1973,legislature,83.856516,9.786648,7.981627,0.005225152924402912,0.010663416616678986,0.01292362781623303,84.15384155505355,79.29699239214445,77.6283185840708,7.837606082836047,6.079344493019308,85.85651628202994,11.786647737079123,9.981626768386576,-7.786647737079096,NA,NA,-0.5800015285987122,0.05179205214785103,0.3271083776679856,28.43630126646517,84.5659277389439,743317,60378404,22246897,522136829,0.007424691680761452,0.24847371105657678,0.3050784136550953,4,1.7949262536873156,1.0712356544649697,1.0591519070857007
