randomization,name,type,l1,l2,l3,ipr1,ipr2,ipr3,l1_cm,l1_er,l1_reg,l2_mp,l3_mp,l1_lap,l2_lap,l3_lap,alg_conn,clustering_c,clustering_r,deg_assort,Q,N.olap,N.temp,N.nodf,H2,H3,H4,H17,cent_between,cent_close,cent_eigen,diam,mean_path_length,deg_het_row,deg_het_col
configuration,UN_1972,legislature,87.186386,9.915022,8.515609,0.004980196614507346,0.011325352900953649,0.013517362696138345,87.49270229339015,83.44772674916308,82.32034632034632,8.073109322945509,6.283328938979746,89.18638616317607,11.915022015423764,10.515608842359224,-7.915022015423763,NA,NA,-0.4810907248462391,0.049147594683236484,0.26033901240680657,28.767408257603773,84.5257791051307,832384,70822752,25432652,604673198,0.005485733610693799,0.23470975038801248,0.28590244572969326,3,1.7760963674007153,1.0637219521890562,1.0402705849724847
