randomization,name,type,l1,l2,l3,ipr1,ipr2,ipr3,l1_cm,l1_er,l1_reg,l2_mp,l3_mp,l1_lap,l2_lap,l3_lap,alg_conn,clustering_c,clustering_r,deg_assort,Q,N.olap,N.temp,N.nodf,H2,H3,H4,H17,cent_between,cent_close,cent_eigen,diam,mean_path_length,deg_het_row,deg_het_col
configuration,UN_1985,legislature,127.515637,13.650425,8.815599,0.0035124317775457325,0.008407898456498912,0.013522547859849198,127.87004501206962,122.73354149004082,122.5111821086262,8.493479635963592,6.770136937530854,129.51563694947268,15.650424610290628,10.81559866401902,-11.650424610290628,NA,NA,-0.12897465498570684,0.04184933235574832,0.27563580365809265,22.17003090777991,89.11116464168698,2432606,307621012,104705315,3411968629,0.0022532679669363775,0.13950861330477318,0.17714873221634397,3,1.7162283935446874,1.0232846423140378,1.0645101837309252
