randomization,name,type,l1,l2,l3,ipr1,ipr2,ipr3,l1_cm,l1_er,l1_reg,l2_mp,l3_mp,l1_lap,l2_lap,l3_lap,alg_conn,clustering_c,clustering_r,deg_assort,Q,N.olap,N.temp,N.nodf,H2,H3,H4,H17,cent_between,cent_close,cent_eigen,diam,mean_path_length,deg_het_row,deg_het_col
configuration,UN_1956,legislature,50.893139,7.599228,6.618818,0.008229420272587355,0.01700842318563075,0.01868220731512765,51.2107217392795,47.422295474977744,46.851351351351354,6.779046159283603,5.052311760928564,52.89313936168737,9.599227576832115,8.618818026583671,-5.599227576832004,NA,NA,-0.3164619348510855,0.07160055137694897,0.31256723247809104,30.863646077330095,79.30915571745467,175323,8672880,3100201,42706979,0.015978988169766912,0.2849008285583705,0.3549714071682685,4,1.8618312189740762,1.1138583915643223,1.0630261556299625
