randomization,name,type,l1,l2,l3,ipr1,ipr2,ipr3,l1_cm,l1_er,l1_reg,l2_mp,l3_mp,l1_lap,l2_lap,l3_lap,alg_conn,clustering_c,clustering_r,deg_assort,Q,N.olap,N.temp,N.nodf,H2,H3,H4,H17,cent_between,cent_close,cent_eigen,diam,mean_path_length,deg_het_row,deg_het_col
configuration,UN_1960,legislature,58.107725,8.746215,8.374734,0.0064596147589291875,0.01270261228250547,0.013966211418681495,58.37473610056262,53.441995545710235,52.960396039603964,8.769798154366516,6.800028575627254,60.10772535083577,10.7462148408953,10.374734435634222,-6.7462148408953535,NA,NA,-0.09240011599265406,0.07314268682352416,0.16218286991207057,43.22693226536868,66.40142318301467,307137,17509487,6231337,99515887,0.010412129085868126,0.28465490210496935,0.4285273003577461,4,1.979853209201517,1.038908630742958,1.1689602133049926
