randomization,name,type,l1,l2,l3,ipr1,ipr2,ipr3,l1_cm,l1_er,l1_reg,l2_mp,l3_mp,l1_lap,l2_lap,l3_lap,alg_conn,clustering_c,clustering_r,deg_assort,Q,N.olap,N.temp,N.nodf,H2,H3,H4,H17,cent_between,cent_close,cent_eigen,diam,mean_path_length,deg_het_row,deg_het_col
configuration,UN_1974,legislature,76.08405,8.311823,8.127037,0.005890927937880908,0.01682916867736997,0.016428796224773074,76.25859551146509,73.75956630375758,69.77777777777777,7.667056148283713,5.889685258904225,78.08404958063619,10.3118230788334,10.12703743858543,-6.311823078833323,NA,NA,-0.794887789190246,0.04664247854623724,0.15863668813943332,31.915241618263014,83.59226844363879,573034,40737375,16948558,408770276,0.00999994986302529,0.3072718324838498,0.3482497562969266,3,1.7754326720135079,1.0386005912424427,1.0366002953681408
