randomization,name,type,l1,l2,l3,ipr1,ipr2,ipr3,l1_cm,l1_er,l1_reg,l2_mp,l3_mp,l1_lap,l2_lap,l3_lap,alg_conn,clustering_c,clustering_r,deg_assort,Q,N.olap,N.temp,N.nodf,H2,H3,H4,H17,cent_between,cent_close,cent_eigen,diam,mean_path_length,deg_het_row,deg_het_col
configuration,UN_1995,legislature,90.682402,10.422506,8.546763,0.005102533691062647,0.009964637769596316,0.01560585609433223,91.05835673732963,85.31603431488656,78.73076923076923,8.193165784618742,6.409995307112064,92.68240209246409,12.422505593309936,10.546763327611968,-8.422505593309944,NA,NA,-0.7948410492769106,0.05116771979631373,0.27636310584167795,26.914219977189415,84.7195638176784,987027,82487003,36724778,1134211191,0.022081284970211144,0.3066059771386517,0.38723351416968504,4,1.8255123255123256,1.0455190469019564,1.0976655245597533
