randomization,name,type,l1,l2,l3,ipr1,ipr2,ipr3,l1_cm,l1_er,l1_reg,l2_mp,l3_mp,l1_lap,l2_lap,l3_lap,alg_conn,clustering_c,clustering_r,deg_assort,Q,N.olap,N.temp,N.nodf,H2,H3,H4,H17,cent_between,cent_close,cent_eigen,diam,mean_path_length,deg_het_row,deg_het_col
configuration,UN_1979,legislature,110.106037,11.025294,8.698517,0.004026422168783109,0.009570712855167076,0.014850201964725612,110.3311888916382,106.38785534246308,105.64835164835165,8.146407048678713,6.420777152147345,112.10603716650668,13.025293637253567,10.69851674442792,-9.025293637253506,NA,NA,-0.3031499714175745,0.040223664107406985,0.17437135108340776,25.75411495879629,87.58717506420685,1581559,171966471,58921356,1666149276,0.004111587443199573,0.15706385303169704,0.20009326175520745,4,1.7209653092006034,1.017799349459557,1.0610602470823476
