randomization,name,type,l1,l2,l3,ipr1,ipr2,ipr3,l1_cm,l1_er,l1_reg,l2_mp,l3_mp,l1_lap,l2_lap,l3_lap,alg_conn,clustering_c,clustering_r,deg_assort,Q,N.olap,N.temp,N.nodf,H2,H3,H4,H17,cent_between,cent_close,cent_eigen,diam,mean_path_length,deg_het_row,deg_het_col
configuration,UN_2007,legislature,95.372267,13.439666,8.533338,0.0051780571890614946,0.00798598188105926,0.01854630149096234,95.86114476317849,90.5628909271685,81.61338289962825,7.869642948110245,6.1531833840440795,97.37226715931779,15.439666427185921,10.533337843680027,-11.439666427185937,NA,NA,-0.8313170223257969,0.06416711251678481,0.3959284840876504,19.398807375892133,86.72564797501005,1153183,97964412,49293493,1788480571,0.017911813959437382,0.384125494723288,0.4165391491359829,4,1.8019752538423126,1.0621734452358413,1.061486335201161
