randomization,name,type,l1,l2,l3,ipr1,ipr2,ipr3,l1_cm,l1_er,l1_reg,l2_mp,l3_mp,l1_lap,l2_lap,l3_lap,alg_conn,clustering_c,clustering_r,deg_assort,Q,N.olap,N.temp,N.nodf,H2,H3,H4,H17,cent_between,cent_close,cent_eigen,diam,mean_path_length,deg_het_row,deg_het_col
configuration,UN_2009,legislature,89.23069,12.911387,8.113556,0.005567771531964515,0.00834665246705835,0.014515242418910241,89.72914900596312,84.71440384535683,74.4521072796935,7.8563231398308435,6.119635314608714,91.23068986292411,14.911386732476444,10.113556092325137,-10.911386732476453,NA,NA,-0.8478556205351365,0.05806289100363983,0.28023196456760735,22.312007395284645,85.78355116090913,971849,75772643,40507312,1442531397,0.018522594349610413,0.42910162180064154,0.44582615539755477,4,1.8189802534630122,1.0471159649568533,1.0790650437852891
