randomization,name,type,l1,l2,l3,ipr1,ipr2,ipr3,l1_cm,l1_er,l1_reg,l2_mp,l3_mp,l1_lap,l2_lap,l3_lap,alg_conn,clustering_c,clustering_r,deg_assort,Q,N.olap,N.temp,N.nodf,H2,H3,H4,H17,cent_between,cent_close,cent_eigen,diam,mean_path_length,deg_het_row,deg_het_col
configuration,UN_2013,legislature,87.501702,11.638646,8.26762,0.0057623355137493846,0.008846761405757736,0.025232159888931727,87.87262939223643,84.01633313086714,72.42023346303502,7.840759992317493,6.092835275653963,89.5017020999094,13.638646271380603,10.267619722122385,-9.638646271380562,NA,NA,-0.8797251493882445,0.053352294637944546,0.1877124777099966,23.575921503457376,85.2673288598519,930098,69641825,39511770,1434957350,0.01684406628368556,0.44195058657826614,0.45610569830374553,3,1.809703307392996,1.0359261111418265,1.063138022011501
