randomization,name,type,l1,l2,l3,ipr1,ipr2,ipr3,l1_cm,l1_er,l1_reg,l2_mp,l3_mp,l1_lap,l2_lap,l3_lap,alg_conn,clustering_c,clustering_r,deg_assort,Q,N.olap,N.temp,N.nodf,H2,H3,H4,H17,cent_between,cent_close,cent_eigen,diam,mean_path_length,deg_het_row,deg_het_col
configuration,UN_2003,legislature,93.950836,14.388904,8.260191,0.005218122079391605,0.008064381229022234,0.02078939579774315,94.49845724175839,89.05487485759164,80.29433962264152,7.749169986537042,6.0488943383313725,95.95083595591267,16.388904152463933,10.260190976257558,-12.38890415246394,NA,NA,-0.8252118677054725,0.06963354461278673,0.29180979899899345,18.897074429013593,87.73367336354735,1093252,92170495,45230469,1584813788,0.02316144081540886,0.3685847372768109,0.41076830953010585,4,1.8059462550028589,1.0472907006015224,1.0820715239693326
