randomization,name,type,l1,l2,l3,ipr1,ipr2,ipr3,l1_cm,l1_er,l1_reg,l2_mp,l3_mp,l1_lap,l2_lap,l3_lap,alg_conn,clustering_c,clustering_r,deg_assort,Q,N.olap,N.temp,N.nodf,H2,H3,H4,H17,cent_between,cent_close,cent_eigen,diam,mean_path_length,deg_het_row,deg_het_col
configuration,US_House_1980,legislature,69.588659,9.188287,8.825915,0.005848643812704459,0.012237924336096506,0.014913023219000567,69.7332165110053,64.68690976867896,64.24074074074075,8.771621463010217,6.8302358785369535,71.58865924209478,11.18828695469345,10.825915071046067,-7.188286954693381,NA,NA,-0.1847099395408706,0.06309013241835684,0.15163350913327414,44.0860125891887,71.60571781058559,479616,32684064,11742313,228661209,0.0071208280168579205,0.29445489471795144,0.39195743673975963,4,1.90473729543497,1.1627313733192253,1.0120052740739314
