randomization,name,type,l1,l2,l3,ipr1,ipr2,ipr3,l1_cm,l1_er,l1_reg,l2_mp,l3_mp,l1_lap,l2_lap,l3_lap,alg_conn,clustering_c,clustering_r,deg_assort,Q,N.olap,N.temp,N.nodf,H2,H3,H4,H17,cent_between,cent_close,cent_eigen,diam,mean_path_length,deg_het_row,deg_het_col
configuration,US_House_2005,legislature,122.652765,12.184904,12.007581,0.0034982969239968093,0.009176409450223003,0.009965543940498662,122.8033662594868,114.37219048758104,113.13684210526316,11.686069282684633,9.542825537035196,124.65276530456742,14.184903607679965,14.007581007301297,-10.184903607680377,NA,NA,-0.31195736643550354,0.051087023025277525,0.1593347121683578,47.35085989992886,71.08491364048233,2666340,318335793,122597836,4715308719,0.004977347356278384,0.3271576857347075,0.41268861217388325,3,1.8969448687682267,1.15428041917493,1.0057498645423546
