randomization,name,type,l1,l2,l3,ipr1,ipr2,ipr3,l1_cm,l1_er,l1_reg,l2_mp,l3_mp,l1_lap,l2_lap,l3_lap,alg_conn,clustering_c,clustering_r,deg_assort,Q,N.olap,N.temp,N.nodf,H2,H3,H4,H17,cent_between,cent_close,cent_eigen,diam,mean_path_length,deg_het_row,deg_het_col
configuration,US_House_1982,legislature,73.15159,9.612811,9.337648,0.005978852221693924,0.014438112245329551,0.01388406953472602,73.44835300746801,67.75193010734681,62.92607003891051,9.627233768262197,7.593208469869657,75.15159033544612,11.61281067621667,11.337647860863044,-7.612810676216588,NA,NA,-0.6313453889744459,0.06536405079750307,0.222581414290928,42.25567613246374,69.11212315734181,641982,42120128,21448230,638637173,0.01902085161459081,0.48076858151304247,0.5347555928845885,3,1.9474100194552528,1.1607616098741644,1.026552001061554
