randomization,name,type,l1,l2,l3,ipr1,ipr2,ipr3,l1_cm,l1_er,l1_reg,l2_mp,l3_mp,l1_lap,l2_lap,l3_lap,alg_conn,clustering_c,clustering_r,deg_assort,Q,N.olap,N.temp,N.nodf,H2,H3,H4,H17,cent_between,cent_close,cent_eigen,diam,mean_path_length,deg_het_row,deg_het_col
configuration,US_House_1947,legislature,54.339818,7.8525,7.643611,0.010202182564697161,0.027338224704462316,0.025084637390123204,54.45777143415514,51.345607240090274,40.653061224489804,7.656771978306036,5.794013991681229,56.33981804374698,9.852499519964878,9.643610998832536,-5.852499519964972,NA,NA,-0.8093197651220698,0.06777799226365927,0.2705975454560382,41.13109249584637,71.3235119936296,275799,11225873,9512356,287998690,0.03850690748381223,0.6160963120649726,0.597136978246804,3,1.903453689167975,1.121521855494266,1.02008788164707
