randomization,name,type,l1,l2,l3,ipr1,ipr2,ipr3,l1_cm,l1_er,l1_reg,l2_mp,l3_mp,l1_lap,l2_lap,l3_lap,alg_conn,clustering_c,clustering_r,deg_assort,Q,N.olap,N.temp,N.nodf,H2,H3,H4,H17,cent_between,cent_close,cent_eigen,diam,mean_path_length,deg_het_row,deg_het_col
configuration,US_House_1990,legislature,111.234916,11.640981,11.232076,0.0036384153784342808,0.00816860992331196,0.009705564258455498,111.53541051526956,104.32697246800844,103.88095238095238,10.9290485745753,8.840985245228428,113.2349157102899,13.640980962021722,13.232076108558813,-9.640980962021626,NA,NA,-0.06292514669490391,0.052049451035126315,0.1491992271671649,42.221442798892284,74.66680554003854,1929368,212558320,74369414,2232766555,0.0031494512145041225,0.24797284850180615,0.34583670959886226,3,1.8806680881307747,1.0172014590006846,1.1318592382582495
