randomization,name,type,l1,l2,l3,ipr1,ipr2,ipr3,l1_cm,l1_er,l1_reg,l2_mp,l3_mp,l1_lap,l2_lap,l3_lap,alg_conn,clustering_c,clustering_r,deg_assort,Q,N.olap,N.temp,N.nodf,H2,H3,H4,H17,cent_between,cent_close,cent_eigen,diam,mean_path_length,deg_het_row,deg_het_col
configuration,US_House_2003,legislature,118.240359,12.111294,11.681071,0.003572573854112733,0.009508675259598113,0.009346870698206637,118.28537355113788,110.30289439389661,102.39473684210526,11.312548309795842,9.197194843830463,120.24035906309044,14.11129413414105,13.68107103304215,-10.111294134141081,NA,NA,-0.7536965031400582,0.05500738778828691,0.03972440648921316,50.386033246033335,71.55702198003543,2392248,267268332,109147864,3952948479,0.004750950095188873,0.1295184517766306,0.3252524052004397,4,1.8950840161088738,1.0016471516519847,1.1565648659986163
