randomization,name,type,l1,l2,l3,ipr1,ipr2,ipr3,l1_cm,l1_er,l1_reg,l2_mp,l3_mp,l1_lap,l2_lap,l3_lap,alg_conn,clustering_c,clustering_r,deg_assort,Q,N.olap,N.temp,N.nodf,H2,H3,H4,H17,cent_between,cent_close,cent_eigen,diam,mean_path_length,deg_het_row,deg_het_col
configuration,US_House_1999,legislature,120.688998,14.703356,12.048899,0.003376028299902448,0.004918522626499783,0.008368576578751957,121.33471911665741,111.39106172410732,110.93846153846154,11.908254175589107,9.7489035392994,122.68899808322965,16.703356309834177,14.048899386652282,-12.703356309834131,NA,NA,-0.1461775119425342,0.0579454218651448,0.16795664443015304,42.283345948580596,70.84964539747011,2612287,311259895,113823622,4024167453,0.0055806728569070966,0.30024348672908796,0.40804636013120027,4,1.932885109748863,1.164198110344117,1.0270609833520286
