randomization,name,type,l1,l2,l3,ipr1,ipr2,ipr3,l1_cm,l1_er,l1_reg,l2_mp,l3_mp,l1_lap,l2_lap,l3_lap,alg_conn,clustering_c,clustering_r,deg_assort,Q,N.olap,N.temp,N.nodf,H2,H3,H4,H17,cent_between,cent_close,cent_eigen,diam,mean_path_length,deg_het_row,deg_het_col
configuration,US_House_1952,legislature,40.301173,8.790139,7.505759,0.024201068835562722,0.07340562235575268,0.06865160500436597,40.929524750089975,36.24111261358949,13.38125,7.4598655035480546,5.59326815086848,42.301172504957265,10.790138947713025,9.505758701178024,-6.790138947713016,NA,NA,-0.8839289790415464,0.11471931810205442,0.2591459037609428,22.57010195297584,75.72667218321799,209287,3093508,13297950,698287111,0.3488941568350977,0.764466769853512,0.8486949580471617,4,2.047923197492163,1.0572028375082163,1.277655331802898
