randomization,name,type,l1,l2,l3,ipr1,ipr2,ipr3,l1_cm,l1_er,l1_reg,l2_mp,l3_mp,l1_lap,l2_lap,l3_lap,alg_conn,clustering_c,clustering_r,deg_assort,Q,N.olap,N.temp,N.nodf,H2,H3,H4,H17,cent_between,cent_close,cent_eigen,diam,mean_path_length,deg_het_row,deg_het_col
configuration,US_House_2002,legislature,105.707549,11.777874,11.517603,0.003948609569818649,0.008636244042304415,0.009292441105493035,105.98573051949656,98.83297199555889,97.05507246376811,11.420506909794891,9.267150072908928,107.7075486052082,13.777874102856757,13.517603404152908,-9.777874102856664,NA,NA,-0.3744151232745642,0.05726261140393861,0.15764710120512668,47.81442786468292,68.6382333957126,1803567,183861772,73449869,2560786331,0.007460461212466904,0.3650308943850043,0.45212086349189645,3,1.9234917425008426,1.1438486548743771,1.014075064259898
