randomization,name,type,l1,l2,l3,ipr1,ipr2,ipr3,l1_cm,l1_er,l1_reg,l2_mp,l3_mp,l1_lap,l2_lap,l3_lap,alg_conn,clustering_c,clustering_r,deg_assort,Q,N.olap,N.temp,N.nodf,H2,H3,H4,H17,cent_between,cent_close,cent_eigen,diam,mean_path_length,deg_het_row,deg_het_col
configuration,US_House_1950,legislature,51.167818,9.206675,8.505752,0.014056057837716804,0.019484765075115602,0.03462957961872337,51.71763639678592,47.5483510123835,30.26829268292683,8.21021442461708,6.262984670027764,53.16781775952045,11.20667450529744,10.505752421590397,-7.20667450529745,NA,NA,-0.7693327519227032,0.08993365356180012,0.3173454349842544,34.51386655210055,71.00814754702809,304942,9214642,15053521,656816834,0.07514395792923516,0.7453272167964541,0.7228917606467683,3,1.9617388418782147,1.150551100162192,1.0554631722472896
