randomization,name,type,l1,l2,l3,ipr1,ipr2,ipr3,l1_cm,l1_er,l1_reg,l2_mp,l3_mp,l1_lap,l2_lap,l3_lap,alg_conn,clustering_c,clustering_r,deg_assort,Q,N.olap,N.temp,N.nodf,H2,H3,H4,H17,cent_between,cent_close,cent_eigen,diam,mean_path_length,deg_het_row,deg_het_col
configuration,US_House_1955,legislature,59.244928,8.298064,8.127334,0.00893892721735527,0.022469525938756823,0.02313776093774959,59.29650056612966,55.67310438142709,48.25125628140703,7.965933885546059,6.083553998516572,61.24492843990867,10.298063816146213,10.127333701310251,-6.298063816146178,NA,NA,-0.7090324043507099,0.06403925861944249,0.24365574005510188,46.95118517401444,67.62870484352838,332384,16188876,10767339,314892665,0.025525061839108448,0.5317383421934551,0.5441706647399875,3,1.8957413329272625,1.1458648242978262,1.0048314502277071
