randomization,name,type,l1,l2,l3,ipr1,ipr2,ipr3,l1_cm,l1_er,l1_reg,l2_mp,l3_mp,l1_lap,l2_lap,l3_lap,alg_conn,clustering_c,clustering_r,deg_assort,Q,N.olap,N.temp,N.nodf,H2,H3,H4,H17,cent_between,cent_close,cent_eigen,diam,mean_path_length,deg_het_row,deg_het_col
configuration,US_House_1991,legislature,103.1492,11.554153,11.187519,0.004007888062498937,0.009843688393634776,0.009650978118201595,103.41894813873843,95.06737059781159,94.3262839879154,10.927060578831213,8.831160838815363,105.14920041578567,13.554152985415538,13.187518905125232,-9.554152985415472,NA,NA,-0.25989093946575376,0.05646996193066559,0.17326557594726633,44.3070402893683,70.87297851439088,1618920,163186406,61453489,1919031102,0.005952098222445011,0.32532159029795704,0.4248389274337158,4,1.926540327748787,1.178692480764347,1.0130593542465511
