randomization,name,type,l1,l2,l3,ipr1,ipr2,ipr3,l1_cm,l1_er,l1_reg,l2_mp,l3_mp,l1_lap,l2_lap,l3_lap,alg_conn,clustering_c,clustering_r,deg_assort,Q,N.olap,N.temp,N.nodf,H2,H3,H4,H17,cent_between,cent_close,cent_eigen,diam,mean_path_length,deg_het_row,deg_het_col
configuration,US_House_2015,legislature,87.019698,6.756381,6.638275,0.0074608913336501595,0.0213337133005045,0.024720333024531103,87.0713557498827,74.56386432330359,46.352617079889804,6.1640875096867225,4.794201877958308,89.0196982913771,8.756381407464602,8.638275053128268,-4.756381407464591,NA,NA,-0.9915339772563855,0.06206663107172256,0.04994317645764664,31.626686526053287,74.35229808850326,1029134,61661525,63212917,3217673852,0.06427997242805333,0.31727825995840514,0.6506266437740882,4,2.0721428245285605,1.0016178767332808,1.3816857614061115
