randomization,name,type,l1,l2,l3,ipr1,ipr2,ipr3,l1_cm,l1_er,l1_reg,l2_mp,l3_mp,l1_lap,l2_lap,l3_lap,alg_conn,clustering_c,clustering_r,deg_assort,Q,N.olap,N.temp,N.nodf,H2,H3,H4,H17,cent_between,cent_close,cent_eigen,diam,mean_path_length,deg_het_row,deg_het_col
configuration,US_House_1971,legislature,52.12729,8.106462,7.806594,0.011988829705204953,0.0362183250653583,0.033111539819070085,52.27242057495539,48.86831988492515,36.288557213930346,7.5267201421994985,5.677575906711343,54.127289712095,10.106462261859912,9.80659360581665,-6.106462261859915,NA,NA,-0.7928038427882197,0.07086773244743894,0.3132450694488787,39.17761327253453,70.53278209519026,261329,9403265,10074441,341676390,0.04465073597442171,0.6094848181410435,0.6293018347708088,3,1.9196019900497512,1.1478002247866996,1.0162551955327759
