randomization,name,type,l1,l2,l3,ipr1,ipr2,ipr3,l1_cm,l1_er,l1_reg,l2_mp,l3_mp,l1_lap,l2_lap,l3_lap,alg_conn,clustering_c,clustering_r,deg_assort,Q,N.olap,N.temp,N.nodf,H2,H3,H4,H17,cent_between,cent_close,cent_eigen,diam,mean_path_length,deg_het_row,deg_het_col
configuration,US_House_1957,legislature,59.238428999999996,9.892646,9.516798,0.008986985566691223,0.01660667962029314,0.017350372593023248,59.622521553917274,56.1400815187828,39.89855072463768,9.703475040091586,7.585711812684886,61.23842913875434,11.892646173246503,11.51679760265149,-7.8926461732463515,NA,NA,-0.8118172122499344,0.0794666888507453,0.15445964549800822,45.41184150947649,67.0684000459127,454535,18509626,20163132,797245303,0.0579027343786075,0.6296111515157665,0.68763915348493,3,1.9688010540184453,1.0838414362616535,1.0632800409657779
