randomization,name,type,l1,l2,l3,ipr1,ipr2,ipr3,l1_cm,l1_er,l1_reg,l2_mp,l3_mp,l1_lap,l2_lap,l3_lap,alg_conn,clustering_c,clustering_r,deg_assort,Q,N.olap,N.temp,N.nodf,H2,H3,H4,H17,cent_between,cent_close,cent_eigen,diam,mean_path_length,deg_het_row,deg_het_col
configuration,US_House_1994,legislature,108.95691,11.740285,11.458097,0.0036168600880754458,0.010061426800650934,0.009315468465889168,109.0293955959475,101.60303694477678,97.91501416430594,11.333456268310098,9.1956144390698,110.95691049762125,13.740285388436407,13.45809651718273,-9.74028538843627,NA,NA,-0.49309833363684036,0.05186521031059257,0.05974593152411861,49.21784288060294,70.87743276872317,1900037,201452321,74030560,2238706897,0.0055375803930933125,0.18041356339334966,0.321048709856465,4,1.9136299253154778,1.0040966623475271,1.1563515556515611
