randomization,name,type,l1,l2,l3,ipr1,ipr2,ipr3,l1_cm,l1_er,l1_reg,l2_mp,l3_mp,l1_lap,l2_lap,l3_lap,alg_conn,clustering_c,clustering_r,deg_assort,Q,N.olap,N.temp,N.nodf,H2,H3,H4,H17,cent_between,cent_close,cent_eigen,diam,mean_path_length,deg_het_row,deg_het_col
configuration,US_House_1943,legislature,43.626713,9.170707,7.224979,0.018539889566386296,0.03289311032344236,0.04571316089821985,44.33415984031935,39.8568344975671,19.295019157088124,7.2055353405752385,5.38981549597103,45.62671323663165,11.170706645766021,9.224979385856148,-7.170706645765999,NA,NA,-0.8696548741880621,0.10302407258682672,0.307347707558371,21.52867625408189,76.81610238812678,214210,4419771,11293739,498596742,0.19276807403754356,0.8199062916840735,0.7907736273063117,4,1.975950486295314,1.079187435847127,1.1915365839348273
