randomization,name,type,l1,l2,l3,ipr1,ipr2,ipr3,l1_cm,l1_er,l1_reg,l2_mp,l3_mp,l1_lap,l2_lap,l3_lap,alg_conn,clustering_c,clustering_r,deg_assort,Q,N.olap,N.temp,N.nodf,H2,H3,H4,H17,cent_between,cent_close,cent_eigen,diam,mean_path_length,deg_het_row,deg_het_col
configuration,US_House_1966,legislature,56.528208,7.881826,7.852234,0.011776530968485537,0.028619663586186887,0.05020200667266505,56.62650760991677,54.42352922188688,38.89655172413793,6.966759433736672,5.2215468771772695,58.52820770064097,9.881825777105522,9.852234256983719,-5.881825777105608,NA,NA,-0.8452929517095148,0.06436762053020793,0.27369737713504605,33.43337490319805,73.44688202492533,315179,11997220,13473354,498318955,0.039384620050965845,0.6633921146227618,0.6137936726677636,3,1.8749451299809783,1.0876359748667839,1.0085370197573522
