randomization,name,type,l1,l2,l3,ipr1,ipr2,ipr3,l1_cm,l1_er,l1_reg,l2_mp,l3_mp,l1_lap,l2_lap,l3_lap,alg_conn,clustering_c,clustering_r,deg_assort,Q,N.olap,N.temp,N.nodf,H2,H3,H4,H17,cent_between,cent_close,cent_eigen,diam,mean_path_length,deg_het_row,deg_het_col
configuration,US_House_1960,legislature,67.951776,9.425045,8.874388,0.007615912555281113,0.01660517932116972,0.018802286691491775,68.23670668264785,64.14702555436652,55.20175438596491,8.452440808098231,6.537160383236204,69.9517755152634,11.425044831858006,10.874387858700779,-7.4250448318579805,NA,NA,-0.735547672531653,0.06790976387469878,0.2585749923765108,39.2239922340317,74.56514414718347,501435,28145759,18502896,614304474,0.023508946524639474,0.5367999115929712,0.5424610141264652,3,1.8902929128989876,1.1207130505446854,1.0225797537887689
