randomization,name,type,l1,l2,l3,ipr1,ipr2,ipr3,l1_cm,l1_er,l1_reg,l2_mp,l3_mp,l1_lap,l2_lap,l3_lap,alg_conn,clustering_c,clustering_r,deg_assort,Q,N.olap,N.temp,N.nodf,H2,H3,H4,H17,cent_between,cent_close,cent_eigen,diam,mean_path_length,deg_het_row,deg_het_col
configuration,US_House_1961,legislature,67.454727,10.41548,8.857529,0.009007417345289991,0.014408563373772288,0.0279196204864827,67.84118704314406,64.25932417127714,47.501976284584984,8.368944063432728,6.458600087737726,69.45472711129113,12.415479910828518,10.857529350986159,-8.41547991082849,NA,NA,-0.8164790163273701,0.07521466364187974,0.2665129824200456,32.9325402671019,77.32697975990853,552403,26358199,26714393,1140968667,0.03602936315026932,0.6598876188065445,0.6227485474048248,3,1.9009975531714662,1.0934294181958881,1.0330550382890744
