randomization,name,type,l1,l2,l3,ipr1,ipr2,ipr3,l1_cm,l1_er,l1_reg,l2_mp,l3_mp,l1_lap,l2_lap,l3_lap,alg_conn,clustering_c,clustering_r,deg_assort,Q,N.olap,N.temp,N.nodf,H2,H3,H4,H17,cent_between,cent_close,cent_eigen,diam,mean_path_length,deg_het_row,deg_het_col
configuration,US_House_1951,legislature,55.143401,9.663224,9.065231,0.011230790777970043,0.023635567457086823,0.02688962335433872,55.61553042511242,50.69470176405924,29.04823151125402,9.25424343231831,7.1849481335475165,57.14340062783222,11.66322443861767,11.065230806610286,-7.663224438617656,NA,NA,-0.8826817646515969,0.08307660593348466,0.1692234232733899,37.271157716134404,69.91507783059912,410835,13003356,21519125,956136320,0.09761976023687872,0.5209759010905544,0.7451178828623359,4,1.988051032050617,1.0604912276643241,1.1690471080422378
