randomization,name,type,l1,l2,l3,ipr1,ipr2,ipr3,l1_cm,l1_er,l1_reg,l2_mp,l3_mp,l1_lap,l2_lap,l3_lap,alg_conn,clustering_c,clustering_r,deg_assort,Q,N.olap,N.temp,N.nodf,H2,H3,H4,H17,cent_between,cent_close,cent_eigen,diam,mean_path_length,deg_het_row,deg_het_col
configuration,US_House_1973,legislature,69.322878,9.576677,9.256249,0.0056705817131685755,0.014671625255243941,0.013995155434910266,69.39833575458131,65.31468595062599,64.25217391304348,9.52963178240727,7.485104068730445,71.32287763140721,11.576676889860737,11.256248752853354,-7.576676889860668,NA,NA,-0.3590252501276453,0.06608862217127494,0.11808027726443399,52.134102997191704,65.40429042448726,515757,34498759,13222112,282956444,0.010991982006626936,0.3596437466754518,0.45602592697832334,4,1.9316878678564648,1.1364724104320063,1.0066404357092906
