randomization,name,type,l1,l2,l3,ipr1,ipr2,ipr3,l1_cm,l1_er,l1_reg,l2_mp,l3_mp,l1_lap,l2_lap,l3_lap,alg_conn,clustering_c,clustering_r,deg_assort,Q,N.olap,N.temp,N.nodf,H2,H3,H4,H17,cent_between,cent_close,cent_eigen,diam,mean_path_length,deg_het_row,deg_het_col
configuration,US_House_1958,legislature,58.191737,8.266311,7.906487,0.009359966623771768,0.02567500785732392,0.01919073866167764,58.32040141519548,55.539375373570614,46.460732984293195,7.5061255995386365,5.681047486408484,60.19173660984563,10.266310840400822,9.906486633086951,-6.266310840400857,NA,NA,-0.7737247476220588,0.07080133169541927,0.251365584213356,38.52248388830511,74.61223877177635,310251,14426554,10258749,302743727,0.02740543867878972,0.54987705001559,0.5413880610218608,3,1.8674014880132268,1.1035508818041009,1.0126043780533205
