randomization,name,type,l1,l2,l3,ipr1,ipr2,ipr3,l1_cm,l1_er,l1_reg,l2_mp,l3_mp,l1_lap,l2_lap,l3_lap,alg_conn,clustering_c,clustering_r,deg_assort,Q,N.olap,N.temp,N.nodf,H2,H3,H4,H17,cent_between,cent_close,cent_eigen,diam,mean_path_length,deg_het_row,deg_het_col
configuration,US_House_1941,legislature,47.14777,8.294373,7.885059,0.015184183800911659,0.02943522940986654,0.057746164989949264,47.27548720824344,45.42274973239931,28.52132701421801,7.71351184693126,5.787951248599707,49.14776990651304,10.29437268969454,9.88505925687121,-6.294372689694449,NA,NA,-0.8337851245339652,0.09362258835422728,0.1976426955193161,41.91743529763946,68.38496403398138,227006,6245262,9982835,379287700,0.07187265113416287,0.7628597133501296,0.7059029081070879,3,1.930941096817874,1.0888358520318075,1.017461739076556
