randomization,name,type,l1,l2,l3,ipr1,ipr2,ipr3,l1_cm,l1_er,l1_reg,l2_mp,l3_mp,l1_lap,l2_lap,l3_lap,alg_conn,clustering_c,clustering_r,deg_assort,Q,N.olap,N.temp,N.nodf,H2,H3,H4,H17,cent_between,cent_close,cent_eigen,diam,mean_path_length,deg_het_row,deg_het_col
configuration,US_House_1993,legislature,119.32383,12.483219,12.252318,0.0032550028815901233,0.007394788365391384,0.007734785630964794,119.47826995526697,112.36090494023784,111.72774869109948,12.181811477892355,9.973768765232595,121.32383011309462,14.48321863605966,14.252317958352167,-10.483218636059622,NA,NA,-0.0278406581980063,0.050418160242300454,0.09255972217127503,51.24200120271004,69.11892438264682,2528358,299085312,104684582,3393033385,0.00306776857547438,0.255600363338549,0.37573826303353647,3,1.912836157260447,1.007195642645647,1.1309001228821711
