randomization,name,type,l1,l2,l3,ipr1,ipr2,ipr3,l1_cm,l1_er,l1_reg,l2_mp,l3_mp,l1_lap,l2_lap,l3_lap,alg_conn,clustering_c,clustering_r,deg_assort,Q,N.olap,N.temp,N.nodf,H2,H3,H4,H17,cent_between,cent_close,cent_eigen,diam,mean_path_length,deg_het_row,deg_het_col
configuration,US_Senate_1974,legislature,32.356333,6.189844,5.8526300000000004,0.011883088042616745,0.02806753990079624,0.027593393021617764,32.38329805752045,30.466127574321543,29.96153846153846,6.273231539736612,4.513009378852143,34.356332680587386,8.18984417757721,7.852629679360282,-4.189844177577189,NA,NA,-0.029800337997274398,0.0931191647594043,0.09040662686543374,49.86797705423034,67.11641687350864,48899,1532241,523139,4246962,0.011676212385319703,0.25908437683026364,0.38139550808620365,4,1.9212098581030619,1.0100438170789383,1.1497311486863937
