randomization,name,type,l1,l2,l3,ipr1,ipr2,ipr3,l1_cm,l1_er,l1_reg,l2_mp,l3_mp,l1_lap,l2_lap,l3_lap,alg_conn,clustering_c,clustering_r,deg_assort,Q,N.olap,N.temp,N.nodf,H2,H3,H4,H17,cent_between,cent_close,cent_eigen,diam,mean_path_length,deg_het_row,deg_het_col
configuration,US_Senate_1962,legislature,18.914351,4.701703,4.476209,0.020658005752537553,0.041333739425069946,0.03953814218035422,18.94824310653092,17.212841182903745,16.727272727272727,4.837944598788676,3.2475000753699645,20.914351008693483,6.701702984050768,6.476209474534273,-2.7017029840507982,1,0.9948255015386709,-0.10478176085602003,0.13355912623398455,0.1486836505156426,44.90961042689827,63.260705732508015,9934,177025,61851,295140,0.023868288392106494,0.2491514773668883,0.40493787553689675,4,2.01025641025641,1.022894349926486,1.2533081285444236
