randomization,name,type,l1,l2,l3,ipr1,ipr2,ipr3,l1_cm,l1_er,l1_reg,l2_mp,l3_mp,l1_lap,l2_lap,l3_lap,alg_conn,clustering_c,clustering_r,deg_assort,Q,N.olap,N.temp,N.nodf,H2,H3,H4,H17,cent_between,cent_close,cent_eigen,diam,mean_path_length,deg_het_row,deg_het_col
configuration,US_Senate_1981,legislature,58.081145,7.465584,7.309084,0.008261994716062485,0.02381878759031509,0.02029957004162435,58.162207027902646,52.15365327154887,42.289855072463766,7.223007480410085,5.479357089782691,60.08114457204729,9.46558399262894,9.309084348024282,-5.465583992628988,NA,NA,-0.9294660091342202,0.08775108965703587,0.047512887528186686,37.733366162939134,73.88502954917602,288401,14197624,7961389,181763610,0.030592012400685657,0.15985043119472828,0.4711056642358804,4,1.944936916654941,1.0045221012970524,1.2606933067420103
