randomization,name,type,l1,l2,l3,ipr1,ipr2,ipr3,l1_cm,l1_er,l1_reg,l2_mp,l3_mp,l1_lap,l2_lap,l3_lap,alg_conn,clustering_c,clustering_r,deg_assort,Q,N.olap,N.temp,N.nodf,H2,H3,H4,H17,cent_between,cent_close,cent_eigen,diam,mean_path_length,deg_het_row,deg_het_col
configuration,US_Senate_1973,legislature,38.590651,6.476229,5.817873,0.011366350664983186,0.02703131329092455,0.025950228717857956,38.61873183115221,36.121055232628336,33.09243697478992,6.00612237024692,4.332750667188437,40.59065131834025,8.476228642197963,7.817873014948081,-4.47622864219797,NA,NA,-0.790918342553083,0.09382483997660508,0.042640298801144866,42.28064023520143,74.38246986561484,78109,2775522,1142943,13191744,0.022504932251964423,0.1562011956006099,0.34220768745943825,4,1.872382851445663,1.003839089431129,1.1626689048458314
