randomization,name,type,l1,l2,l3,ipr1,ipr2,ipr3,l1_cm,l1_er,l1_reg,l2_mp,l3_mp,l1_lap,l2_lap,l3_lap,alg_conn,clustering_c,clustering_r,deg_assort,Q,N.olap,N.temp,N.nodf,H2,H3,H4,H17,cent_between,cent_close,cent_eigen,diam,mean_path_length,deg_het_row,deg_het_col
configuration,US_Senate_1960,legislature,26.824466,5.498841,5.248063,0.01624240532246139,0.03221577852222133,0.035856396792085674,26.919206524252857,25.324596109845153,24.675,5.166012971520155,3.559550061481977,28.82446602288155,7.498841449207576,7.248062764850012,-3.498841449207581,1,1,-0.39858360396683856,0.09823039230985299,0.1818392698400746,37.861938701846405,73.04571397480039,26166,658644,251802,1976713,0.0241841643937681,0.33566111123722503,0.4030057826591637,3,1.870253164556962,1.1431301960953386,1.0177269036481351
