randomization,name,type,l1,l2,l3,ipr1,ipr2,ipr3,l1_cm,l1_er,l1_reg,l2_mp,l3_mp,l1_lap,l2_lap,l3_lap,alg_conn,clustering_c,clustering_r,deg_assort,Q,N.olap,N.temp,N.nodf,H2,H3,H4,H17,cent_between,cent_close,cent_eigen,diam,mean_path_length,deg_het_row,deg_het_col
configuration,US_Senate_1947,legislature,17.437627,4.95919,4.508714,0.020652187848129264,0.04038665344200782,0.04096462724347343,17.481366536973017,16.60210616924032,16.12903225806452,5.0103594262693125,3.35442568680625,19.43762672751207,6.9591904112343785,6.5087138818635895,-2.959190411234405,0.9961079455780111,1,-0.11726124653076457,0.1358199999999999,0.10100539932880227,51.73617398446275,60.85338873123691,8263,135221,46554,200616,0.034744337105128496,0.26225787187734056,0.4246110707962051,4,1.9841353781068218,1.1265599999999998,1.041664
