randomization,name,type,l1,l2,l3,ipr1,ipr2,ipr3,l1_cm,l1_er,l1_reg,l2_mp,l3_mp,l1_lap,l2_lap,l3_lap,alg_conn,clustering_c,clustering_r,deg_assort,Q,N.olap,N.temp,N.nodf,H2,H3,H4,H17,cent_between,cent_close,cent_eigen,diam,mean_path_length,deg_het_row,deg_het_col
configuration,US_Senate_1968,legislature,22.786206,5.040163,4.721406,0.017479038852212612,0.038620740884224215,0.03355580283136936,22.80800282963532,21.183689498750045,19.792207792207794,5.191620542869522,3.553347826180171,24.786205783893283,7.040163384989999,6.721406426658972,-3.040163384990017,1,0.9977045781962549,-0.5481324800158219,0.11920760504633934,0.04547094550380347,46.79028457890232,67.05257630836954,17036,360971,133382,792779,0.03321548392155458,0.1903133483231501,0.34483696041194645,4,1.9596719070403281,1.005983011966024,1.2022857379048093
