randomization,name,type,l1,l2,l3,ipr1,ipr2,ipr3,l1_cm,l1_er,l1_reg,l2_mp,l3_mp,l1_lap,l2_lap,l3_lap,alg_conn,clustering_c,clustering_r,deg_assort,Q,N.olap,N.temp,N.nodf,H2,H3,H4,H17,cent_between,cent_close,cent_eigen,diam,mean_path_length,deg_het_row,deg_het_col
configuration,US_Senate_1957,legislature,28.356213,5.347897,5.03083,0.016501719908501553,0.03597362614000112,0.03749704766921153,28.529175060610736,26.181633872201086,25.49397590361446,4.8958354449454635,3.371406255982042,30.356212705927017,7.347896628876002,7.0308304926411695,-3.3478966288759984,NA,NA,-0.4200324928453467,0.12695365812853865,0.27513009860558957,32.3953932078371,74.94915016354868,29979,793044,317944,2796841,0.02208053928420765,0.33526754720252055,0.398985340435637,4,1.8724654716426683,1.1964294009812715,1.021008358317759
