randomization,name,type,l1,l2,l3,ipr1,ipr2,ipr3,l1_cm,l1_er,l1_reg,l2_mp,l3_mp,l1_lap,l2_lap,l3_lap,alg_conn,clustering_c,clustering_r,deg_assort,Q,N.olap,N.temp,N.nodf,H2,H3,H4,H17,cent_between,cent_close,cent_eigen,diam,mean_path_length,deg_het_row,deg_het_col
configuration,US_Senate_2006,legislature,66.498504,8.814734,8.497687,0.006392816657970144,0.013636784269279518,0.015672849501234168,66.57128880884224,62.66290441938968,55.69642857142857,8.736653417321593,6.775322833979004,68.49850425139067,10.814733533900304,10.497687305747574,-6.814733533900267,NA,NA,-0.867476060103575,0.07186517406597,0.028719586771444164,47.85050109776768,72.40163219715305,445956,26710412,12465534,283888155,0.013971879652418777,0.16399971985018594,0.40023108360037235,4,1.902706598334401,1.005635083547651,1.1374949489425599
