randomization,name,type,l1,l2,l3,ipr1,ipr2,ipr3,l1_cm,l1_er,l1_reg,l2_mp,l3_mp,l1_lap,l2_lap,l3_lap,alg_conn,clustering_c,clustering_r,deg_assort,Q,N.olap,N.temp,N.nodf,H2,H3,H4,H17,cent_between,cent_close,cent_eigen,diam,mean_path_length,deg_het_row,deg_het_col
configuration,US_Senate_2003,legislature,77.044042,10.14941,10.05099,0.005826750459559766,0.015062394641484187,0.01496123360947885,77.08873799505814,73.54785393424656,58.30976430976431,10.16356969196024,8.045835618218401,79.04404162497201,12.149409865551132,12.050989787185436,-8.149409865551297,NA,NA,-0.9603805732281695,0.06814280305858429,0.0040774558227454636,56.912729795232956,67.5477317768688,803523,49806730,33179657,1143808726,0.013138323193202597,0.1292822591988364,0.4709279178407192,3,1.9254709254709255,1.003178013643711,1.1094234875830242
