randomization,name,type,l1,l2,l3,ipr1,ipr2,ipr3,l1_cm,l1_er,l1_reg,l2_mp,l3_mp,l1_lap,l2_lap,l3_lap,alg_conn,clustering_c,clustering_r,deg_assort,Q,N.olap,N.temp,N.nodf,H2,H3,H4,H17,cent_between,cent_close,cent_eigen,diam,mean_path_length,deg_het_row,deg_het_col
configuration,US_Senate_1943,legislature,14.087461,3.605688,3.334476,0.030097997278869738,0.06143491263949591,0.06238092308087399,14.17561557740145,13.274680279156083,12.883720930232558,3.7623047572309822,2.324652233611137,16.087461307448468,5.605688319002978,5.334475741319967,-1.6056883190030038,1,1,-0.12892340335243216,0.13852421910366675,0.1678552287839217,37.07226237839944,72.06710523037054,3652,47600,16250,54277,0.03295926142938469,0.27784388247815006,0.3737382285524778,3,1.8981173864894796,1.0381081468545141,1.1655306337890496
