randomization,name,type,l1,l2,l3,ipr1,ipr2,ipr3,l1_cm,l1_er,l1_reg,l2_mp,l3_mp,l1_lap,l2_lap,l3_lap,alg_conn,clustering_c,clustering_r,deg_assort,Q,N.olap,N.temp,N.nodf,H2,H3,H4,H17,cent_between,cent_close,cent_eigen,diam,mean_path_length,deg_het_row,deg_het_col
configuration,US_Senate_1978,legislature,38.490991,6.350923,6.099376,0.010837271643134083,0.028778135723161204,0.027778966942341547,38.653644414851335,35.63268069032988,33.65573770491803,6.265032800186037,4.554703098001164,40.490991061277164,8.350922565082243,8.099376442372277,-4.35092256508224,NA,NA,-0.6107479175143565,0.07965647727410761,0.17805335762614638,34.04952162145027,74.98157097365102,79976,2889808,1135036,12836977,0.023687167216866062,0.16191977040002795,0.3669391077163469,4,1.910445739059748,1.048768046191417,1.1482041060460864
