randomization,name,type,l1,l2,l3,ipr1,ipr2,ipr3,l1_cm,l1_er,l1_reg,l2_mp,l3_mp,l1_lap,l2_lap,l3_lap,alg_conn,clustering_c,clustering_r,deg_assort,Q,N.olap,N.temp,N.nodf,H2,H3,H4,H17,cent_between,cent_close,cent_eigen,diam,mean_path_length,deg_het_row,deg_het_col
configuration,US_Senate_2008,legislature,61.292054,7.771364,7.57035,0.007029039706259786,0.015933454075092918,0.016467661569922312,61.35002960597217,57.184072072356024,52.33160621761658,7.767113916169848,5.928902869642567,63.29205422567426,9.771364083589493,9.570350082411137,-5.771364083589414,NA,NA,-0.8112721763158569,0.06447198435216883,0.031569605911968224,43.37680653700314,75.99570422899586,322618,18334128,7697841,146471028,0.012224187198406258,0.1398224866969448,0.3484873061833049,4,1.8821243523316062,1.0048496421919422,1.1611879619645133
