randomization,name,type,l1,l2,l3,ipr1,ipr2,ipr3,l1_cm,l1_er,l1_reg,l2_mp,l3_mp,l1_lap,l2_lap,l3_lap,alg_conn,clustering_c,clustering_r,deg_assort,Q,N.olap,N.temp,N.nodf,H2,H3,H4,H17,cent_between,cent_close,cent_eigen,diam,mean_path_length,deg_het_row,deg_het_col
configuration,US_Senate_2015,legislature,78.188366,10.655368,10.407218,0.005687810078539842,0.01586564824095294,0.015510776432620657,78.24305786097523,74.66151544127722,57.86666666666667,10.539967000400328,8.381101988502625,80.18836573489942,12.655367554210494,12.40721761434554,-8.655367554210292,NA,NA,-0.9644139235501937,0.06392463189720307,0.002108906492697235,55.05828116952214,67.93207905462971,877799,53985668,38450485,1410840187,0.01733662763829608,0.16862967452571664,0.5150790300544801,4,1.9469012233343443,1.0045292965523047,1.1081612283470164
