randomization,name,type,l1,l2,l3,ipr1,ipr2,ipr3,l1_cm,l1_er,l1_reg,l2_mp,l3_mp,l1_lap,l2_lap,l3_lap,alg_conn,clustering_c,clustering_r,deg_assort,Q,N.olap,N.temp,N.nodf,H2,H3,H4,H17,cent_between,cent_close,cent_eigen,diam,mean_path_length,deg_het_row,deg_het_col
configuration,US_Senate_1987,legislature,64.734379,8.817495,7.904288,0.007139798628169437,0.015294585095722808,0.01712196136553908,65.00986977705017,61.23378815289125,53.213592233009706,7.7292810086099095,5.9075292866614095,66.73437928726324,10.817495419988623,9.904288374594321,-6.817495419988632,NA,NA,-0.8791733955250404,0.06727933491139793,0.09684428412164829,35.55579364709395,80.16436758819472,394019,22256346,11611435,286882714,0.01578468847912984,0.22373236833536878,0.42182263271099085,4,1.8649775041439736,1.0235328885399033,1.1145626524710384
