randomization,name,type,l1,l2,l3,ipr1,ipr2,ipr3,l1_cm,l1_er,l1_reg,l2_mp,l3_mp,l1_lap,l2_lap,l3_lap,alg_conn,clustering_c,clustering_r,deg_assort,Q,N.olap,N.temp,N.nodf,H2,H3,H4,H17,cent_between,cent_close,cent_eigen,diam,mean_path_length,deg_het_row,deg_het_col
configuration,US_Senate_2016,legislature,32.591624,6.131395,5.397464,0.015331363300463339,0.03584275928560373,0.03681904332336213,32.65104413642706,31.38160816863056,28.346938775510203,5.500180358380919,3.8635381873473773,34.591623587196494,8.131395053701207,7.397464089622812,-4.131395053701194,NA,NA,-0.6995099713033245,0.09430278475066421,0.19328963221138992,43.63983149014338,70.5578176658174,49163,1377723,736328,9753493,0.03410402354900934,0.45573390573006156,0.4701639799578996,3,1.8365243004418261,1.0955185788160706,1.0092923883583915
