randomization,name,type,l1,l2,l3,ipr1,ipr2,ipr3,l1_cm,l1_er,l1_reg,l2_mp,l3_mp,l1_lap,l2_lap,l3_lap,alg_conn,clustering_c,clustering_r,deg_assort,Q,N.olap,N.temp,N.nodf,H2,H3,H4,H17,cent_between,cent_close,cent_eigen,diam,mean_path_length,deg_het_row,deg_het_col
configuration,US_Senate_2000,legislature,71.537554,8.932418,8.778582,0.006238708369254001,0.01489367376010546,0.015798713192550544,71.61868465997878,67.04281110173294,58.18487394957983,8.608560745787633,6.687522169869277,73.53755351047305,10.932417817221754,10.778581661816691,-6.932417817221815,NA,NA,-0.9041546743751298,0.06515295684123677,0.012964241645623039,45.020642344103805,75.38417161945691,543621,34371197,17109411,442074863,0.011956144187413883,0.13900221349155242,0.3947365445770325,4,1.8924582491224338,1.0047959007609562,1.149645144560352
