randomization,name,type,l1,l2,l3,ipr1,ipr2,ipr3,l1_cm,l1_er,l1_reg,l2_mp,l3_mp,l1_lap,l2_lap,l3_lap,alg_conn,clustering_c,clustering_r,deg_assort,Q,N.olap,N.temp,N.nodf,H2,H3,H4,H17,cent_between,cent_close,cent_eigen,diam,mean_path_length,deg_het_row,deg_het_col
configuration,US_Senate_1970,legislature,24.678954,5.453138,5.313615,0.018811642753670546,0.029393393677477613,0.03734578936803343,24.775892251801626,23.178053702568413,20.727272727272727,5.579303459154354,3.8826547534080706,26.678953713231113,7.453137877304685,7.313614835483645,-3.4531378773046293,0.9996073101639383,1,-0.6582758626924692,0.12073391481357437,0.21042473353255745,43.71457319723332,62.40498189430833,24601,506726,292442,3139107,0.06404952002258416,0.523539654130013,0.5629428660817677,4,1.9456635318704285,1.1678593413357954,1.0186932517697753
