randomization,name,type,l1,l2,l3,ipr1,ipr2,ipr3,l1_cm,l1_er,l1_reg,l2_mp,l3_mp,l1_lap,l2_lap,l3_lap,alg_conn,clustering_c,clustering_r,deg_assort,Q,N.olap,N.temp,N.nodf,H2,H3,H4,H17,cent_between,cent_close,cent_eigen,diam,mean_path_length,deg_het_row,deg_het_col
configuration,US_Senate_1972,legislature,34.551507,6.50195,6.219391,0.011457021999943884,0.02525706360303711,0.02416340893194906,34.624033986654354,32.101800202066194,31.309734513274336,6.408291529805849,4.648266726214709,36.551506777839066,8.501949945902256,8.219390654017092,-4.501949945902211,NA,NA,-0.12723778502404767,0.09762522371969601,0.095270517323072,44.672993397260726,68.08421536752977,59646,1994091,695060,6189910,0.017912051945617003,0.23762763864296632,0.37189419655237044,4,1.943426042983565,1.0110434686186733,1.1821822410389855
