randomization,name,type,l1,l2,l3,ipr1,ipr2,ipr3,l1_cm,l1_er,l1_reg,l2_mp,l3_mp,l1_lap,l2_lap,l3_lap,alg_conn,clustering_c,clustering_r,deg_assort,Q,N.olap,N.temp,N.nodf,H2,H3,H4,H17,cent_between,cent_close,cent_eigen,diam,mean_path_length,deg_het_row,deg_het_col
configuration,US_Senate_1977,legislature,37.816541,7.091994,6.517304,0.010340716104781171,0.020364338013353224,0.02569087133912804,37.84583016601328,35.49152058755268,33.296875,6.868950556173865,5.0481686477927425,39.816540707523934,9.0919938107861,8.517304003892264,-5.091993810786102,NA,NA,-0.6419639038704441,0.08880723323423481,0.038617626269136764,50.41584441130384,67.82369540494842,81090,2884776,1105849,11705037,0.012971990383839074,0.17101590178164444,0.3297238279320859,4,1.9320866141732282,1.005239849457,1.1596620335636634
