randomization,name,type,l1,l2,l3,ipr1,ipr2,ipr3,l1_cm,l1_er,l1_reg,l2_mp,l3_mp,l1_lap,l2_lap,l3_lap,alg_conn,clustering_c,clustering_r,deg_assort,Q,N.olap,N.temp,N.nodf,H2,H3,H4,H17,cent_between,cent_close,cent_eigen,diam,mean_path_length,deg_het_row,deg_het_col
configuration,US_Senate_1986,legislature,59.848396,8.93929,8.4893439999999991,0.0071975766845782255,0.0163800876122627,0.014444715775255856,60.12407343738929,56.72319229103382,50.208955223880594,8.231791540594976,6.31228216638017,61.84839558829175,10.939290101819708,10.489343609480317,-6.939290101819719,NA,NA,-0.8399373838215567,0.07279034482038663,0.07976354166903764,40.60257072449154,74.27260683213116,329457,17479682,8659988,189991644,0.016075528749865054,0.20769093717712042,0.4210944184724132,3,1.897412935323383,1.0268765565281377,1.1101958690314664
