randomization,name,type,l1,l2,l3,ipr1,ipr2,ipr3,l1_cm,l1_er,l1_reg,l2_mp,l3_mp,l1_lap,l2_lap,l3_lap,alg_conn,clustering_c,clustering_r,deg_assort,Q,N.olap,N.temp,N.nodf,H2,H3,H4,H17,cent_between,cent_close,cent_eigen,diam,mean_path_length,deg_het_row,deg_het_col
configuration,US_Senate_1952,legislature,17.385359,5.050642,4.789412,0.018685374734614648,0.040525746745690025,0.040937724752540275,17.407839496202076,16.716326417921785,15.297297297297296,5.559860948688706,3.8171084636303148,19.3853586530384,7.050641634844045,6.7894116273811616,-3.0506416348440473,1,0.9958828328693371,-0.6339899361962544,0.15153358092940777,0.030430537982619514,58.69491417163902,53.07017394403352,9709,151120,60389,296051,0.03590509858188383,0.229797230202641,0.4630567907027806,4,2.0455386893743057,1.0293236274644457,1.12574760578856
