randomization,name,type,l1,l2,l3,ipr1,ipr2,ipr3,l1_cm,l1_er,l1_reg,l2_mp,l3_mp,l1_lap,l2_lap,l3_lap,alg_conn,clustering_c,clustering_r,deg_assort,Q,N.olap,N.temp,N.nodf,H2,H3,H4,H17,cent_between,cent_close,cent_eigen,diam,mean_path_length,deg_het_row,deg_het_col
configuration,US_Senate_2013,legislature,67.721398,9.668169,9.215844,0.005658112424513993,0.014214288586629188,0.013395306448664478,67.78478636490608,65.02226033137403,60.775330396475766,9.434284943940932,7.379922428505372,69.72139844135798,11.668168720663582,11.215844336193271,-7.6681687206635445,NA,NA,-0.7857691955806098,0.06609357825129629,0.027955707471708096,56.56570959968347,68.40869994863355,483766,30684981,12523171,258576431,0.007791826887873226,0.14716525846509965,0.32110484886329965,3,1.906592335581459,1.0078210844496214,1.092293865606286
