randomization,name,type,l1,l2,l3,ipr1,ipr2,ipr3,l1_cm,l1_er,l1_reg,l2_mp,l3_mp,l1_lap,l2_lap,l3_lap,alg_conn,clustering_c,clustering_r,deg_assort,Q,N.olap,N.temp,N.nodf,H2,H3,H4,H17,cent_between,cent_close,cent_eigen,diam,mean_path_length,deg_het_row,deg_het_col
configuration,US_Senate_2012,legislature,57.487256,9.068279,8.538254,0.006470830511552041,0.013697514181225265,0.015643210741535716,57.54913310450425,52.75723431450586,50.65700483091788,8.844782371080436,6.860828523589403,59.487255836522294,11.068278611513445,10.538254272184695,-7.068278611513477,NA,NA,-0.3633590485270707,0.07303218381971875,0.07103584650685335,50.28401326618273,64.21241041277302,300469,16732485,6086396,95218440,0.010247242410939092,0.22070399451034053,0.39961311224359114,4,1.983209042727827,1.0070066083406524,1.2038429921675353
