randomization,name,type,l1,l2,l3,ipr1,ipr2,ipr3,l1_cm,l1_er,l1_reg,l2_mp,l3_mp,l1_lap,l2_lap,l3_lap,alg_conn,clustering_c,clustering_r,deg_assort,Q,N.olap,N.temp,N.nodf,H2,H3,H4,H17,cent_between,cent_close,cent_eigen,diam,mean_path_length,deg_het_row,deg_het_col
configuration,US_Senate_1961,legislature,23.998176,5.627688,5.316283,0.017556400091579626,0.03435369259546874,0.02884374692795114,24.27994089180432,22.40222951075118,19.717391304347824,5.687671456306838,3.978027308923717,25.998175591029263,7.62768831400065,7.316282811817141,-3.6276883140006357,1,0.9996235401581944,-0.6899364817152817,0.12373741681645278,0.12690846679406323,40.43374134818405,64.38670370291696,23408,479235,253905,2374487,0.055377001744615066,0.28683063490546984,0.509155421883181,4,1.978021978021978,1.094267421464075,1.1237623822553726
