randomization,name,type,l1,l2,l3,ipr1,ipr2,ipr3,l1_cm,l1_er,l1_reg,l2_mp,l3_mp,l1_lap,l2_lap,l3_lap,alg_conn,clustering_c,clustering_r,deg_assort,Q,N.olap,N.temp,N.nodf,H2,H3,H4,H17,cent_between,cent_close,cent_eigen,diam,mean_path_length,deg_het_row,deg_het_col
configuration,US_Senate_1998,legislature,77.088994,10.204738,9.5803,0.005964657349233018,0.0121061927508485,0.012796807200690671,77.4077973554181,72.28346751790251,59.61594202898551,9.277294400568863,7.287236373735758,79.08899445874451,12.204738028661126,11.580299622498531,-8.204738028661003,NA,NA,-0.9010257339047124,0.06494888395836411,0.07189645738710759,39.359377204137495,75.80507913654176,737833,47575721,28691101,943943013,0.015361248174513585,0.19921314901852666,0.4724557386728154,4,1.916600790513834,1.0226601659615002,1.1353333098219511
